ID,DMS_Score,DMS_Score_Bin,mutated_sequence,Alignment,Align_score,Insertion_pos,Deletion_pos,Insertions,Deletions,NumberOfInsertionSites,NumberOfDeletionSites
1,-0.116542061902226,1,AYFQGQLNAMAHQIQEMFPQVPYHLVLQDLQLTRSVEITTDNILEGRI,"YFQGQLNAMAHQIQEMFPQVPYHLVLQDLQLTRSVEITTDNILEGRI
YFQGQLNAMAHQIQEMFPQVPYHLVLQDLQLTRSVEITTDNILEGRI",188.272323608398,,,None,None,0,0
2,0.185852344795759,1,FQGQLNAMAHQIQEMFPQVPYHLVLQDLQLTRSVEITTDNILEGRI,"FQGQLNAMAHQIQEMFPQVPYHLVLQDLQLTRSVEITTDNILEGRI
FQGQLNAMAHQIQEMFPQVPYHLVLQDLQLTRSVEITTDNILEGRI",183.968658447266,,,None,None,0,0
3,0.189352746075611,1,GYFQGQLNAMAHQIQEMFPQVPYHLVLQDLQLTRSVEITTDNILEGRI,"YFQGQLNAMAHQIQEMFPQVPYHLVLQDLQLTRSVEITTDNILEGRI
YFQGQLNAMAHQIQEMFPQVPYHLVLQDLQLTRSVEITTDNILEGRI",188.272323608398,,,None,None,0,0
4,-1.39990774407815,1,YAFQGQLNAMAHQIQEMFPQVPYHLVLQDLQLTRSVEITTDNILEGRI,"YAFQGQLNAMAHQIQEMFPQVPYHLVLQDLQLTRSVEITTDNILEGRI
Y-FQGQLNAMAHQIQEMFPQVPYHLVLQDLQLTRSVEITTDNILEGRI",188.272323608398,2,,'A' inserted at '2',None,1,0
5,-0.28285938369823,1,YFAQGQLNAMAHQIQEMFPQVPYHLVLQDLQLTRSVEITTDNILEGRI,"YFAQGQLNAMAHQIQEMFPQVPYHLVLQDLQLTRSVEITTDNILEGRI
YF-QGQLNAMAHQIQEMFPQVPYHLVLQDLQLTRSVEITTDNILEGRI",188.272323608398,3,,'A' inserted at '3',None,1,0
6,0.206734258386152,1,YFGQGQLNAMAHQIQEMFPQVPYHLVLQDLQLTRSVEITTDNILEGRI,"YFGQGQLNAMAHQIQEMFPQVPYHLVLQDLQLTRSVEITTDNILEGRI
YF-QGQLNAMAHQIQEMFPQVPYHLVLQDLQLTRSVEITTDNILEGRI",188.272323608398,3,,'G' inserted at '3',None,1,0
7,0.123061023872007,1,YFGQLNAMAHQIQEMFPQVPYHLVLQDLQLTRSVEITTDNILEGRI,"YF-GQLNAMAHQIQEMFPQVPYHLVLQDLQLTRSVEITTDNILEGRI
YFQGQLNAMAHQIQEMFPQVPYHLVLQDLQLTRSVEITTDNILEGRI",183.968658447266,,3,None,'Q' deleted in '3',0,1
8,-0.23163652937247,1,YFQAGQLNAMAHQIQEMFPQVPYHLVLQDLQLTRSVEITTDNILEGRI,"YFQAGQLNAMAHQIQEMFPQVPYHLVLQDLQLTRSVEITTDNILEGRI
YFQ-GQLNAMAHQIQEMFPQVPYHLVLQDLQLTRSVEITTDNILEGRI",188.272323608398,4,,'A' inserted at '4',None,1,0
9,-0.0363679499744105,1,YFQGAQLNAMAHQIQEMFPQVPYHLVLQDLQLTRSVEITTDNILEGRI,"YFQGAQLNAMAHQIQEMFPQVPYHLVLQDLQLTRSVEITTDNILEGRI
YFQG-QLNAMAHQIQEMFPQVPYHLVLQDLQLTRSVEITTDNILEGRI",188.272323608398,5,,'A' inserted at '5',None,1,0
10,-0.406890059758264,1,YFQGGQLNAMAHQIQEMFPQVPYHLVLQDLQLTRSVEITTDNILEGRI,"YFQGGQLNAMAHQIQEMFPQVPYHLVLQDLQLTRSVEITTDNILEGRI
YFQG-QLNAMAHQIQEMFPQVPYHLVLQDLQLTRSVEITTDNILEGRI",188.272323608398,5,,'G' inserted at '5',None,1,0
11,-0.0164880903416801,1,YFQGLNAMAHQIQEMFPQVPYHLVLQDLQLTRSVEITTDNILEGRI,"YFQG-LNAMAHQIQEMFPQVPYHLVLQDLQLTRSVEITTDNILEGRI
YFQGQLNAMAHQIQEMFPQVPYHLVLQDLQLTRSVEITTDNILEGRI",183.968658447266,,5,None,'Q' deleted in '5',0,1
12,-0.165295416714898,1,YFQGQALNAMAHQIQEMFPQVPYHLVLQDLQLTRSVEITTDNILEGRI,"YFQGQALNAMAHQIQEMFPQVPYHLVLQDLQLTRSVEITTDNILEGRI
YFQGQ-LNAMAHQIQEMFPQVPYHLVLQDLQLTRSVEITTDNILEGRI",188.272323608398,6,,'A' inserted at '6',None,1,0
13,-0.386422347268844,1,YFQGQGLNAMAHQIQEMFPQVPYHLVLQDLQLTRSVEITTDNILEGRI,"YFQGQGLNAMAHQIQEMFPQVPYHLVLQDLQLTRSVEITTDNILEGRI
YFQGQ-LNAMAHQIQEMFPQVPYHLVLQDLQLTRSVEITTDNILEGRI",188.272323608398,6,,'G' inserted at '6',None,1,0
14,-0.695819621503156,1,YFQGQLAMAHQIQEMFPQVPYHLVLQDLQLTRSVEITTDNILEGRI,"YFQGQL-AMAHQIQEMFPQVPYHLVLQDLQLTRSVEITTDNILEGRI
YFQGQLNAMAHQIQEMFPQVPYHLVLQDLQLTRSVEITTDNILEGRI",183.968658447266,,7,None,'N' deleted in '7',0,1
15,-1.23341502536686,1,YFQGQLANAMAHQIQEMFPQVPYHLVLQDLQLTRSVEITTDNILEGRI,"YFQGQLANAMAHQIQEMFPQVPYHLVLQDLQLTRSVEITTDNILEGRI
YFQGQL-NAMAHQIQEMFPQVPYHLVLQDLQLTRSVEITTDNILEGRI",188.272323608398,7,,'A' inserted at '7',None,1,0
16,-2.02304849589405,0,YFQGQLGNAMAHQIQEMFPQVPYHLVLQDLQLTRSVEITTDNILEGRI,"YFQGQLGNAMAHQIQEMFPQVPYHLVLQDLQLTRSVEITTDNILEGRI
YFQGQL-NAMAHQIQEMFPQVPYHLVLQDLQLTRSVEITTDNILEGRI",188.272323608398,7,,'G' inserted at '7',None,1,0
17,-1.89246379476613,0,YFQGQLNAAHQIQEMFPQVPYHLVLQDLQLTRSVEITTDNILEGRI,"YFQGQLNA-AHQIQEMFPQVPYHLVLQDLQLTRSVEITTDNILEGRI
YFQGQLNAMAHQIQEMFPQVPYHLVLQDLQLTRSVEITTDNILEGRI",183.968658447266,,9,None,'M' deleted in '9',0,1
18,-1.38460185536899,1,YFQGQLNAAMAHQIQEMFPQVPYHLVLQDLQLTRSVEITTDNILEGRI,"YFQGQLNAAMAHQIQEMFPQVPYHLVLQDLQLTRSVEITTDNILEGRI
YFQGQLNA-MAHQIQEMFPQVPYHLVLQDLQLTRSVEITTDNILEGRI",188.272323608398,9,,'A' inserted at '9',None,1,0
19,-2.09774128824358,0,YFQGQLNAGMAHQIQEMFPQVPYHLVLQDLQLTRSVEITTDNILEGRI,"YFQGQLNAGMAHQIQEMFPQVPYHLVLQDLQLTRSVEITTDNILEGRI
YFQGQLNA-MAHQIQEMFPQVPYHLVLQDLQLTRSVEITTDNILEGRI",188.272323608398,9,,'G' inserted at '9',None,1,0
20,-1.77009575702132,0,YFQGQLNAMAAHQIQEMFPQVPYHLVLQDLQLTRSVEITTDNILEGRI,"YFQGQLNAMAAHQIQEMFPQVPYHLVLQDLQLTRSVEITTDNILEGRI
YFQGQLNAMA-HQIQEMFPQVPYHLVLQDLQLTRSVEITTDNILEGRI",188.272323608398,11,,'A' inserted at '11',None,1,0
21,-2.95217708395196,0,YFQGQLNAMAGHQIQEMFPQVPYHLVLQDLQLTRSVEITTDNILEGRI,"YFQGQLNAMAGHQIQEMFPQVPYHLVLQDLQLTRSVEITTDNILEGRI
YFQGQLNAMA-HQIQEMFPQVPYHLVLQDLQLTRSVEITTDNILEGRI",188.272323608398,11,,'G' inserted at '11',None,1,0
22,-3.17661375195842,0,YFQGQLNAMAHAQIQEMFPQVPYHLVLQDLQLTRSVEITTDNILEGRI,"YFQGQLNAMAHAQIQEMFPQVPYHLVLQDLQLTRSVEITTDNILEGRI
YFQGQLNAMAH-QIQEMFPQVPYHLVLQDLQLTRSVEITTDNILEGRI",188.272323608398,12,,'A' inserted at '12',None,1,0
23,-2.23939002712942,0,YFQGQLNAMAHIQEMFPQVPYHLVLQDLQLTRSVEITTDNILEGRI,"YFQGQLNAMAH-IQEMFPQVPYHLVLQDLQLTRSVEITTDNILEGRI
YFQGQLNAMAHQIQEMFPQVPYHLVLQDLQLTRSVEITTDNILEGRI",183.968658447266,,12,None,'Q' deleted in '12',0,1
24,-2.73266620558717,0,YFQGQLNAMAHQAIQEMFPQVPYHLVLQDLQLTRSVEITTDNILEGRI,"YFQGQLNAMAHQAIQEMFPQVPYHLVLQDLQLTRSVEITTDNILEGRI
YFQGQLNAMAHQ-IQEMFPQVPYHLVLQDLQLTRSVEITTDNILEGRI",188.272323608398,13,,'A' inserted at '13',None,1,0
25,-2.28087462241539,0,YFQGQLNAMAHQIAQEMFPQVPYHLVLQDLQLTRSVEITTDNILEGRI,"YFQGQLNAMAHQIAQEMFPQVPYHLVLQDLQLTRSVEITTDNILEGRI
YFQGQLNAMAHQI-QEMFPQVPYHLVLQDLQLTRSVEITTDNILEGRI",188.272323608398,14,,'A' inserted at '14',None,1,0
26,-3.02988611474478,0,YFQGQLNAMAHQIGQEMFPQVPYHLVLQDLQLTRSVEITTDNILEGRI,"YFQGQLNAMAHQIGQEMFPQVPYHLVLQDLQLTRSVEITTDNILEGRI
YFQGQLNAMAHQI-QEMFPQVPYHLVLQDLQLTRSVEITTDNILEGRI",188.272323608398,14,,'G' inserted at '14',None,1,0
27,-2.49952168412642,0,YFQGQLNAMAHQIQAEMFPQVPYHLVLQDLQLTRSVEITTDNILEGRI,"YFQGQLNAMAHQIQAEMFPQVPYHLVLQDLQLTRSVEITTDNILEGRI
YFQGQLNAMAHQIQ-EMFPQVPYHLVLQDLQLTRSVEITTDNILEGRI",188.272323608398,15,,'A' inserted at '15',None,1,0
28,-2.73812624470537,0,YFQGQLNAMAHQIQEAMFPQVPYHLVLQDLQLTRSVEITTDNILEGRI,"YFQGQLNAMAHQIQEAMFPQVPYHLVLQDLQLTRSVEITTDNILEGRI
YFQGQLNAMAHQIQE-MFPQVPYHLVLQDLQLTRSVEITTDNILEGRI",188.272323608398,16,,'A' inserted at '16',None,1,0
29,-3.05109774706352,0,YFQGQLNAMAHQIQEFPQVPYHLVLQDLQLTRSVEITTDNILEGRI,"YFQGQLNAMAHQIQE-FPQVPYHLVLQDLQLTRSVEITTDNILEGRI
YFQGQLNAMAHQIQEMFPQVPYHLVLQDLQLTRSVEITTDNILEGRI",183.968658447266,,16,None,'M' deleted in '16',0,1
30,-3.06284950201097,0,YFQGQLNAMAHQIQEGMFPQVPYHLVLQDLQLTRSVEITTDNILEGRI,"YFQGQLNAMAHQIQEGMFPQVPYHLVLQDLQLTRSVEITTDNILEGRI
YFQGQLNAMAHQIQE-MFPQVPYHLVLQDLQLTRSVEITTDNILEGRI",188.272323608398,16,,'G' inserted at '16',None,1,0
31,-2.91095615884777,0,YFQGQLNAMAHQIQEMAFPQVPYHLVLQDLQLTRSVEITTDNILEGRI,"YFQGQLNAMAHQIQEMAFPQVPYHLVLQDLQLTRSVEITTDNILEGRI
YFQGQLNAMAHQIQEM-FPQVPYHLVLQDLQLTRSVEITTDNILEGRI",188.272323608398,17,,'A' inserted at '17',None,1,0
32,-1.94779246538928,0,YFQGQLNAMAHQIQEMFAPQVPYHLVLQDLQLTRSVEITTDNILEGRI,"YFQGQLNAMAHQIQEMFAPQVPYHLVLQDLQLTRSVEITTDNILEGRI
YFQGQLNAMAHQIQEMF-PQVPYHLVLQDLQLTRSVEITTDNILEGRI",188.272323608398,18,,'A' inserted at '18',None,1,0
33,-1.55440457684098,0,YFQGQLNAMAHQIQEMFGPQVPYHLVLQDLQLTRSVEITTDNILEGRI,"YFQGQLNAMAHQIQEMFGPQVPYHLVLQDLQLTRSVEITTDNILEGRI
YFQGQLNAMAHQIQEMF-PQVPYHLVLQDLQLTRSVEITTDNILEGRI",188.272323608398,18,,'G' inserted at '18',None,1,0
34,-2.37289177498549,0,YFQGQLNAMAHQIQEMFPAQVPYHLVLQDLQLTRSVEITTDNILEGRI,"YFQGQLNAMAHQIQEMFPAQVPYHLVLQDLQLTRSVEITTDNILEGRI
YFQGQLNAMAHQIQEMFP-QVPYHLVLQDLQLTRSVEITTDNILEGRI",188.272323608398,19,,'A' inserted at '19',None,1,0
35,-1.57581165442236,0,YFQGQLNAMAHQIQEMFPGQVPYHLVLQDLQLTRSVEITTDNILEGRI,"YFQGQLNAMAHQIQEMFPGQVPYHLVLQDLQLTRSVEITTDNILEGRI
YFQGQLNAMAHQIQEMFP-QVPYHLVLQDLQLTRSVEITTDNILEGRI",188.272323608398,19,,'G' inserted at '19',None,1,0
36,-2.51198436931735,0,YFQGQLNAMAHQIQEMFPQAVPYHLVLQDLQLTRSVEITTDNILEGRI,"YFQGQLNAMAHQIQEMFPQAVPYHLVLQDLQLTRSVEITTDNILEGRI
YFQGQLNAMAHQIQEMFPQ-VPYHLVLQDLQLTRSVEITTDNILEGRI",188.272323608398,20,,'A' inserted at '20',None,1,0
37,-1.93424316808652,0,YFQGQLNAMAHQIQEMFPQGVPYHLVLQDLQLTRSVEITTDNILEGRI,"YFQGQLNAMAHQIQEMFPQGVPYHLVLQDLQLTRSVEITTDNILEGRI
YFQGQLNAMAHQIQEMFPQ-VPYHLVLQDLQLTRSVEITTDNILEGRI",188.272323608398,20,,'G' inserted at '20',None,1,0
38,-3.05398923915544,0,YFQGQLNAMAHQIQEMFPQVAPYHLVLQDLQLTRSVEITTDNILEGRI,"YFQGQLNAMAHQIQEMFPQVAPYHLVLQDLQLTRSVEITTDNILEGRI
YFQGQLNAMAHQIQEMFPQV-PYHLVLQDLQLTRSVEITTDNILEGRI",188.272323608398,21,,'A' inserted at '21',None,1,0
39,-2.26879670114245,0,YFQGQLNAMAHQIQEMFPQVGPYHLVLQDLQLTRSVEITTDNILEGRI,"YFQGQLNAMAHQIQEMFPQVGPYHLVLQDLQLTRSVEITTDNILEGRI
YFQGQLNAMAHQIQEMFPQV-PYHLVLQDLQLTRSVEITTDNILEGRI",188.272323608398,21,,'G' inserted at '21',None,1,0
40,-2.21178122614603,0,YFQGQLNAMAHQIQEMFPQVPAYHLVLQDLQLTRSVEITTDNILEGRI,"YFQGQLNAMAHQIQEMFPQVPAYHLVLQDLQLTRSVEITTDNILEGRI
YFQGQLNAMAHQIQEMFPQVP-YHLVLQDLQLTRSVEITTDNILEGRI",188.272323608398,22,,'A' inserted at '22',None,1,0
41,-2.27536620141402,0,YFQGQLNAMAHQIQEMFPQVPGYHLVLQDLQLTRSVEITTDNILEGRI,"YFQGQLNAMAHQIQEMFPQVPGYHLVLQDLQLTRSVEITTDNILEGRI
YFQGQLNAMAHQIQEMFPQVP-YHLVLQDLQLTRSVEITTDNILEGRI",188.272323608398,22,,'G' inserted at '22',None,1,0
42,-1.5098923824545,0,YFQGQLNAMAHQIQEMFPQVPHLVLQDLQLTRSVEITTDNILEGRI,"YFQGQLNAMAHQIQEMFPQVP-HLVLQDLQLTRSVEITTDNILEGRI
YFQGQLNAMAHQIQEMFPQVPYHLVLQDLQLTRSVEITTDNILEGRI",183.968658447266,,22,None,'Y' deleted in '22',0,1
43,-2.18175872539696,0,YFQGQLNAMAHQIQEMFPQVPYAHLVLQDLQLTRSVEITTDNILEGRI,"YFQGQLNAMAHQIQEMFPQVPYAHLVLQDLQLTRSVEITTDNILEGRI
YFQGQLNAMAHQIQEMFPQVPY-HLVLQDLQLTRSVEITTDNILEGRI",188.272323608398,23,,'A' inserted at '23',None,1,0
44,-2.79922371016479,0,YFQGQLNAMAHQIQEMFPQVPYGHLVLQDLQLTRSVEITTDNILEGRI,"YFQGQLNAMAHQIQEMFPQVPYGHLVLQDLQLTRSVEITTDNILEGRI
YFQGQLNAMAHQIQEMFPQVPY-HLVLQDLQLTRSVEITTDNILEGRI",188.272323608398,23,,'G' inserted at '23',None,1,0
45,-2.77286363879223,0,YFQGQLNAMAHQIQEMFPQVPYHLAVLQDLQLTRSVEITTDNILEGRI,"YFQGQLNAMAHQIQEMFPQVPYHLAVLQDLQLTRSVEITTDNILEGRI
YFQGQLNAMAHQIQEMFPQVPYHL-VLQDLQLTRSVEITTDNILEGRI",188.272323608398,25,,'A' inserted at '25',None,1,0
46,-2.94470873374128,0,YFQGQLNAMAHQIQEMFPQVPYHLVALQDLQLTRSVEITTDNILEGRI,"YFQGQLNAMAHQIQEMFPQVPYHLVALQDLQLTRSVEITTDNILEGRI
YFQGQLNAMAHQIQEMFPQVPYHLV-LQDLQLTRSVEITTDNILEGRI",188.272323608398,26,,'A' inserted at '26',None,1,0
47,-2.90684698511796,0,YFQGQLNAMAHQIQEMFPQVPYHLVLAQDLQLTRSVEITTDNILEGRI,"YFQGQLNAMAHQIQEMFPQVPYHLVLAQDLQLTRSVEITTDNILEGRI
YFQGQLNAMAHQIQEMFPQVPYHLVL-QDLQLTRSVEITTDNILEGRI",188.272323608398,27,,'A' inserted at '27',None,1,0
48,-1.42742269116019,1,YFQGQLNAMAHQIQEMFPQVPYHLVLDLQLTRSVEITTDNILEGRI,"YFQGQLNAMAHQIQEMFPQVPYHLVL-DLQLTRSVEITTDNILEGRI
YFQGQLNAMAHQIQEMFPQVPYHLVLQDLQLTRSVEITTDNILEGRI",183.968658447266,,27,None,'Q' deleted in '27',0,1
49,-2.31661659522671,0,YFQGQLNAMAHQIQEMFPQVPYHLVLQADLQLTRSVEITTDNILEGRI,"YFQGQLNAMAHQIQEMFPQVPYHLVLQADLQLTRSVEITTDNILEGRI
YFQGQLNAMAHQIQEMFPQVPYHLVLQ-DLQLTRSVEITTDNILEGRI",188.272323608398,28,,'A' inserted at '28',None,1,0
50,-2.55257067275083,0,YFQGQLNAMAHQIQEMFPQVPYHLVLQDALQLTRSVEITTDNILEGRI,"YFQGQLNAMAHQIQEMFPQVPYHLVLQDALQLTRSVEITTDNILEGRI
YFQGQLNAMAHQIQEMFPQVPYHLVLQD-LQLTRSVEITTDNILEGRI",188.272323608398,29,,'A' inserted at '29',None,1,0
51,-2.34579122647049,0,YFQGQLNAMAHQIQEMFPQVPYHLVLQDLAQLTRSVEITTDNILEGRI,"YFQGQLNAMAHQIQEMFPQVPYHLVLQDLAQLTRSVEITTDNILEGRI
YFQGQLNAMAHQIQEMFPQVPYHLVLQDL-QLTRSVEITTDNILEGRI",188.272323608398,30,,'A' inserted at '30',None,1,0
52,-3.03149475258017,0,YFQGQLNAMAHQIQEMFPQVPYHLVLQDLGQLTRSVEITTDNILEGRI,"YFQGQLNAMAHQIQEMFPQVPYHLVLQDLGQLTRSVEITTDNILEGRI
YFQGQLNAMAHQIQEMFPQVPYHLVLQDL-QLTRSVEITTDNILEGRI",188.272323608398,30,,'G' inserted at '30',None,1,0
53,-2.22161361809634,0,YFQGQLNAMAHQIQEMFPQVPYHLVLQDLLTRSVEITTDNILEGRI,"YFQGQLNAMAHQIQEMFPQVPYHLVLQDL-LTRSVEITTDNILEGRI
YFQGQLNAMAHQIQEMFPQVPYHLVLQDLQLTRSVEITTDNILEGRI",183.968658447266,,30,None,'Q' deleted in '30',0,1
54,-1.95225093235023,0,YFQGQLNAMAHQIQEMFPQVPYHLVLQDLQALTRSVEITTDNILEGRI,"YFQGQLNAMAHQIQEMFPQVPYHLVLQDLQALTRSVEITTDNILEGRI
YFQGQLNAMAHQIQEMFPQVPYHLVLQDLQ-LTRSVEITTDNILEGRI",188.272323608398,31,,'A' inserted at '31',None,1,0
55,-2.71640118132426,0,YFQGQLNAMAHQIQEMFPQVPYHLVLQDLQGLTRSVEITTDNILEGRI,"YFQGQLNAMAHQIQEMFPQVPYHLVLQDLQGLTRSVEITTDNILEGRI
YFQGQLNAMAHQIQEMFPQVPYHLVLQDLQ-LTRSVEITTDNILEGRI",188.272323608398,31,,'G' inserted at '31',None,1,0
56,-3.31270507093526,0,YFQGQLNAMAHQIQEMFPQVPYHLVLQDLQLATRSVEITTDNILEGRI,"YFQGQLNAMAHQIQEMFPQVPYHLVLQDLQLATRSVEITTDNILEGRI
YFQGQLNAMAHQIQEMFPQVPYHLVLQDLQL-TRSVEITTDNILEGRI",188.272323608398,32,,'A' inserted at '32',None,1,0
57,-2.84134408986808,0,YFQGQLNAMAHQIQEMFPQVPYHLVLQDLQLGTRSVEITTDNILEGRI,"YFQGQLNAMAHQIQEMFPQVPYHLVLQDLQLGTRSVEITTDNILEGRI
YFQGQLNAMAHQIQEMFPQVPYHLVLQDLQL-TRSVEITTDNILEGRI",188.272323608398,32,,'G' inserted at '32',None,1,0
58,-2.57246363878939,0,YFQGQLNAMAHQIQEMFPQVPYHLVLQDLQLRSVEITTDNILEGRI,"YFQGQLNAMAHQIQEMFPQVPYHLVLQDLQL-RSVEITTDNILEGRI
YFQGQLNAMAHQIQEMFPQVPYHLVLQDLQLTRSVEITTDNILEGRI",183.968673706055,,32,None,'T' deleted in '32',0,1
59,-2.70541825823523,0,YFQGQLNAMAHQIQEMFPQVPYHLVLQDLQLTARSVEITTDNILEGRI,"YFQGQLNAMAHQIQEMFPQVPYHLVLQDLQLTARSVEITTDNILEGRI
YFQGQLNAMAHQIQEMFPQVPYHLVLQDLQLT-RSVEITTDNILEGRI",188.272338867188,33,,'A' inserted at '33',None,1,0
60,-2.54288483295888,0,YFQGQLNAMAHQIQEMFPQVPYHLVLQDLQLTGRSVEITTDNILEGRI,"YFQGQLNAMAHQIQEMFPQVPYHLVLQDLQLTGRSVEITTDNILEGRI
YFQGQLNAMAHQIQEMFPQVPYHLVLQDLQLT-RSVEITTDNILEGRI",188.272338867188,33,,'G' inserted at '33',None,1,0
61,-2.99963255910856,0,YFQGQLNAMAHQIQEMFPQVPYHLVLQDLQLTRASVEITTDNILEGRI,"YFQGQLNAMAHQIQEMFPQVPYHLVLQDLQLTRASVEITTDNILEGRI
YFQGQLNAMAHQIQEMFPQVPYHLVLQDLQLTR-SVEITTDNILEGRI",188.272338867188,34,,'A' inserted at '34',None,1,0
62,-2.04730416758023,0,YFQGQLNAMAHQIQEMFPQVPYHLVLQDLQLTRGSVEITTDNILEGRI,"YFQGQLNAMAHQIQEMFPQVPYHLVLQDLQLTRGSVEITTDNILEGRI
YFQGQLNAMAHQIQEMFPQVPYHLVLQDLQLTR-SVEITTDNILEGRI",188.272338867188,34,,'G' inserted at '34',None,1,0
63,-2.40714445109898,0,YFQGQLNAMAHQIQEMFPQVPYHLVLQDLQLTRSAVEITTDNILEGRI,"YFQGQLNAMAHQIQEMFPQVPYHLVLQDLQLTRSAVEITTDNILEGRI
YFQGQLNAMAHQIQEMFPQVPYHLVLQDLQLTRS-VEITTDNILEGRI",188.272338867188,35,,'A' inserted at '35',None,1,0
64,-3.14555068239939,0,YFQGQLNAMAHQIQEMFPQVPYHLVLQDLQLTRSEITTDNILEGRI,"YFQGQLNAMAHQIQEMFPQVPYHLVLQDLQLTRS-EITTDNILEGRI
YFQGQLNAMAHQIQEMFPQVPYHLVLQDLQLTRSVEITTDNILEGRI",183.968673706055,,35,None,'V' deleted in '35',0,1
65,-2.45287540738778,0,YFQGQLNAMAHQIQEMFPQVPYHLVLQDLQLTRSGVEITTDNILEGRI,"YFQGQLNAMAHQIQEMFPQVPYHLVLQDLQLTRSGVEITTDNILEGRI
YFQGQLNAMAHQIQEMFPQVPYHLVLQDLQLTRS-VEITTDNILEGRI",188.272338867188,35,,'G' inserted at '35',None,1,0
66,-2.94175380441944,0,YFQGQLNAMAHQIQEMFPQVPYHLVLQDLQLTRSVAEITTDNILEGRI,"YFQGQLNAMAHQIQEMFPQVPYHLVLQDLQLTRSVAEITTDNILEGRI
YFQGQLNAMAHQIQEMFPQVPYHLVLQDLQLTRSV-EITTDNILEGRI",188.272338867188,36,,'A' inserted at '36',None,1,0
67,-3.31601612943134,0,YFQGQLNAMAHQIQEMFPQVPYHLVLQDLQLTRSVEAITTDNILEGRI,"YFQGQLNAMAHQIQEMFPQVPYHLVLQDLQLTRSVEAITTDNILEGRI
YFQGQLNAMAHQIQEMFPQVPYHLVLQDLQLTRSVE-ITTDNILEGRI",188.272338867188,37,,'A' inserted at '37',None,1,0
68,-3.04838120601446,0,YFQGQLNAMAHQIQEMFPQVPYHLVLQDLQLTRSVEGITTDNILEGRI,"YFQGQLNAMAHQIQEMFPQVPYHLVLQDLQLTRSVEGITTDNILEGRI
YFQGQLNAMAHQIQEMFPQVPYHLVLQDLQLTRSVE-ITTDNILEGRI",188.272338867188,37,,'G' inserted at '37',None,1,0
69,-2.74247367712522,0,YFQGQLNAMAHQIQEMFPQVPYHLVLQDLQLTRSVEIGTTDNILEGRI,"YFQGQLNAMAHQIQEMFPQVPYHLVLQDLQLTRSVEIGTTDNILEGRI
YFQGQLNAMAHQIQEMFPQVPYHLVLQDLQLTRSVEI-TTDNILEGRI",188.272338867188,38,,'G' inserted at '38',None,1,0
70,-3.21113751170067,0,YFQGQLNAMAHQIQEMFPQVPYHLVLQDLQLTRSVEITATDNILEGRI,"YFQGQLNAMAHQIQEMFPQVPYHLVLQDLQLTRSVEITATDNILEGRI
YFQGQLNAMAHQIQEMFPQVPYHLVLQDLQLTRSVEIT-TDNILEGRI",188.272338867188,39,,'A' inserted at '39',None,1,0
71,-2.70141688095344,0,YFQGQLNAMAHQIQEMFPQVPYHLVLQDLQLTRSVEITDNILEGRI,"YFQGQLNAMAHQIQEMFPQVPYHLVLQDLQLTRSVEIT-DNILEGRI
YFQGQLNAMAHQIQEMFPQVPYHLVLQDLQLTRSVEITTDNILEGRI",183.968673706055,,39,None,'T' deleted in '39',0,1
72,-2.753722044544,0,YFQGQLNAMAHQIQEMFPQVPYHLVLQDLQLTRSVEITGTDNILEGRI,"YFQGQLNAMAHQIQEMFPQVPYHLVLQDLQLTRSVEITGTDNILEGRI
YFQGQLNAMAHQIQEMFPQVPYHLVLQDLQLTRSVEIT-TDNILEGRI",188.272338867188,39,,'G' inserted at '39',None,1,0
73,-3.08405986056533,0,YFQGQLNAMAHQIQEMFPQVPYHLVLQDLQLTRSVEITTDANILEGRI,"YFQGQLNAMAHQIQEMFPQVPYHLVLQDLQLTRSVEITTDANILEGRI
YFQGQLNAMAHQIQEMFPQVPYHLVLQDLQLTRSVEITTD-NILEGRI",188.272338867188,41,,'A' inserted at '41',None,1,0
74,-3.02223142183116,0,YFQGQLNAMAHQIQEMFPQVPYHLVLQDLQLTRSVEITTDGNILEGRI,"YFQGQLNAMAHQIQEMFPQVPYHLVLQDLQLTRSVEITTDGNILEGRI
YFQGQLNAMAHQIQEMFPQVPYHLVLQDLQLTRSVEITTD-NILEGRI",188.272338867188,41,,'G' inserted at '41',None,1,0
75,-1.87192056076979,0,YFQGQLNAMAHQIQEMFPQVPYHLVLQDLQLTRSVEITTDILEGRI,"YFQGQLNAMAHQIQEMFPQVPYHLVLQDLQLTRSVEITTD-ILEGRI
YFQGQLNAMAHQIQEMFPQVPYHLVLQDLQLTRSVEITTDNILEGRI",183.968673706055,,41,None,'N' deleted in '41',0,1
76,-2.97204586445547,0,YFQGQLNAMAHQIQEMFPQVPYHLVLQDLQLTRSVEITTDNAILEGRI,"YFQGQLNAMAHQIQEMFPQVPYHLVLQDLQLTRSVEITTDNAILEGRI
YFQGQLNAMAHQIQEMFPQVPYHLVLQDLQLTRSVEITTDN-ILEGRI",188.272338867188,42,,'A' inserted at '42',None,1,0
77,-2.8571277832483,0,YFQGQLNAMAHQIQEMFPQVPYHLVLQDLQLTRSVEITTDNGILEGRI,"YFQGQLNAMAHQIQEMFPQVPYHLVLQDLQLTRSVEITTDNGILEGRI
YFQGQLNAMAHQIQEMFPQVPYHLVLQDLQLTRSVEITTDN-ILEGRI",188.272338867188,42,,'G' inserted at '42',None,1,0
78,-2.57001425496193,0,YFQGQLNAMAHQIQEMFPQVPYHLVLQDLQLTRSVEITTDNIALEGRI,"YFQGQLNAMAHQIQEMFPQVPYHLVLQDLQLTRSVEITTDNIALEGRI
YFQGQLNAMAHQIQEMFPQVPYHLVLQDLQLTRSVEITTDNI-LEGRI",188.272323608398,43,,'A' inserted at '43',None,1,0
79,-2.2746470446624,0,YFQGQLNAMAHQIQEMFPQVPYHLVLQDLQLTRSVEITTDNIEGRI,"YFQGQLNAMAHQIQEMFPQVPYHLVLQDLQLTRSVEITTDNI-EGRI
YFQGQLNAMAHQIQEMFPQVPYHLVLQDLQLTRSVEITTDNILEGRI",183.968658447266,,43,None,'L' deleted in '43',0,1
80,-2.80352840649299,0,YFQGQLNAMAHQIQEMFPQVPYHLVLQDLQLTRSVEITTDNIGLEGRI,"YFQGQLNAMAHQIQEMFPQVPYHLVLQDLQLTRSVEITTDNIGLEGRI
YFQGQLNAMAHQIQEMFPQVPYHLVLQDLQLTRSVEITTDNI-LEGRI",188.272323608398,43,,'G' inserted at '43',None,1,0
81,-2.06994143902765,0,YFQGQLNAMAHQIQEMFPQVPYHLVLQDLQLTRSVEITTDNILAEGRI,"YFQGQLNAMAHQIQEMFPQVPYHLVLQDLQLTRSVEITTDNILAEGRI
YFQGQLNAMAHQIQEMFPQVPYHLVLQDLQLTRSVEITTDNIL-EGRI",188.272323608398,44,,'A' inserted at '44',None,1,0
82,-1.99419524002144,0,YFQGQLNAMAHQIQEMFPQVPYHLVLQDLQLTRSVEITTDNILEAGRI,"YFQGQLNAMAHQIQEMFPQVPYHLVLQDLQLTRSVEITTDNILEAGRI
YFQGQLNAMAHQIQEMFPQVPYHLVLQDLQLTRSVEITTDNILE-GRI",188.272323608398,45,,'A' inserted at '45',None,1,0
83,-1.41360753900008,1,YFQGQLNAMAHQIQEMFPQVPYHLVLQDLQLTRSVEITTDNILEGARI,"YFQGQLNAMAHQIQEMFPQVPYHLVLQDLQLTRSVEITTDNILEGARI
YFQGQLNAMAHQIQEMFPQVPYHLVLQDLQLTRSVEITTDNILEG-RI",188.272323608398,46,,'A' inserted at '46',None,1,0
84,-2.25147053520236,0,YFQGQLNAMAHQIQEMFPQVPYHLVLQDLQLTRSVEITTDNILEGGRI,"YFQGQLNAMAHQIQEMFPQVPYHLVLQDLQLTRSVEITTDNILEGGRI
YFQGQLNAMAHQIQEMFPQVPYHLVLQDLQLTRSVEITTDNILEG-RI",188.272323608398,46,,'G' inserted at '46',None,1,0
85,-1.65846500703074,0,YFQGQLNAMAHQIQEMFPQVPYHLVLQDLQLTRSVEITTDNILEGI,"YFQGQLNAMAHQIQEMFPQVPYHLVLQDLQLTRSVEITTDNILEG-I
YFQGQLNAMAHQIQEMFPQVPYHLVLQDLQLTRSVEITTDNILEGRI",183.968658447266,,46,None,'R' deleted in '46',0,1
86,-2.0527865476638,0,YFQGQLNAMAHQIQEMFPQVPYHLVLQDLQLTRSVEITTDNILEGR,"YFQGQLNAMAHQIQEMFPQVPYHLVLQDLQLTRSVEITTDNILEGR
YFQGQLNAMAHQIQEMFPQVPYHLVLQDLQLTRSVEITTDNILEGR",183.968658447266,,,None,None,0,0
87,-1.84921321567097,0,YFQGQLNAMAHQIQEMFPQVPYHLVLQDLQLTRSVEITTDNILEGRAI,"YFQGQLNAMAHQIQEMFPQVPYHLVLQDLQLTRSVEITTDNILEGRAI
YFQGQLNAMAHQIQEMFPQVPYHLVLQDLQLTRSVEITTDNILEGR-I",188.272323608398,47,,'A' inserted at '47',None,1,0
88,-1.89285801200023,0,YFQGQLNAMAHQIQEMFPQVPYHLVLQDLQLTRSVEITTDNILEGRGI,"YFQGQLNAMAHQIQEMFPQVPYHLVLQDLQLTRSVEITTDNILEGRGI
YFQGQLNAMAHQIQEMFPQVPYHLVLQDLQLTRSVEITTDNILEGR-I",188.272323608398,47,,'G' inserted at '47',None,1,0
89,-1.07624205736459,1,YFQGQLNAMAHQIQEMFPQVPYHLVLQDLQLTRSVEITTDNILERI,"YFQGQLNAMAHQIQEMFPQVPYHLVLQDLQLTRSVEITTDNILE-RI
YFQGQLNAMAHQIQEMFPQVPYHLVLQDLQLTRSVEITTDNILEGRI",183.968658447266,,45,None,'G' deleted in '45',0,1
90,-2.30762023734278,0,YFQGQLNAMAHQIQEMFPQVPYHLVLQDLQLTRSVEITTDNILGEGRI,"YFQGQLNAMAHQIQEMFPQVPYHLVLQDLQLTRSVEITTDNILGEGRI
YFQGQLNAMAHQIQEMFPQVPYHLVLQDLQLTRSVEITTDNIL-EGRI",188.272323608398,44,,'G' inserted at '44',None,1,0
91,-1.02510269423347,1,YFQGQLNAMAHQIQEMFPQVPYHLVLQDLQLTRSVEITTDNILGRI,"YFQGQLNAMAHQIQEMFPQVPYHLVLQDLQLTRSVEITTDNIL-GRI
YFQGQLNAMAHQIQEMFPQVPYHLVLQDLQLTRSVEITTDNILEGRI",183.968658447266,,44,None,'E' deleted in '44',0,1
92,-1.94081989737978,0,YFQGQLNAMAHQIQEMFPQVPYHLVLQDLQLTRSVEITTDNLEGRI,"YFQGQLNAMAHQIQEMFPQVPYHLVLQDLQLTRSVEITTDN-LEGRI
YFQGQLNAMAHQIQEMFPQVPYHLVLQDLQLTRSVEITTDNILEGRI",183.968658447266,,42,None,'I' deleted in '42',0,1
93,-2.8962099910617,0,YFQGQLNAMAHQIQEMFPQVPYHLVLQDLQLTRSVEITTGDNILEGRI,"YFQGQLNAMAHQIQEMFPQVPYHLVLQDLQLTRSVEITTGDNILEGRI
YFQGQLNAMAHQIQEMFPQVPYHLVLQDLQLTRSVEITT-DNILEGRI",188.272338867188,40,,'G' inserted at '40',None,1,0
94,-1.96935330212273,0,YFQGQLNAMAHQIQEMFPQVPYHLVLQDLQLTRSVEITTNILEGRI,"YFQGQLNAMAHQIQEMFPQVPYHLVLQDLQLTRSVEITT-NILEGRI
YFQGQLNAMAHQIQEMFPQVPYHLVLQDLQLTRSVEITTDNILEGRI",183.968673706055,,40,None,'D' deleted in '40',0,1
95,-2.96852876197691,0,YFQGQLNAMAHQIQEMFPQVPYHLVLQDLQLTRSVITTDNILEGRI,"YFQGQLNAMAHQIQEMFPQVPYHLVLQDLQLTRSV-ITTDNILEGRI
YFQGQLNAMAHQIQEMFPQVPYHLVLQDLQLTRSVEITTDNILEGRI",183.968673706055,,36,None,'E' deleted in '36',0,1
96,-2.5283694433495,0,YFQGQLNAMAHQIQEMFPQVPYHLVLQDLQLTRVEITTDNILEGRI,"YFQGQLNAMAHQIQEMFPQVPYHLVLQDLQLTR-VEITTDNILEGRI
YFQGQLNAMAHQIQEMFPQVPYHLVLQDLQLTRSVEITTDNILEGRI",183.968673706055,,34,None,'S' deleted in '34',0,1
97,-2.6703727553692,0,YFQGQLNAMAHQIQEMFPQVPYHLVLQDLQLTSVEITTDNILEGRI,"YFQGQLNAMAHQIQEMFPQVPYHLVLQDLQLT-SVEITTDNILEGRI
YFQGQLNAMAHQIQEMFPQVPYHLVLQDLQLTRSVEITTDNILEGRI",183.968673706055,,33,None,'R' deleted in '33',0,1
98,-2.89213175566628,0,YFQGQLNAMAHQIQEMFPQVPYHLVLQGDLQLTRSVEITTDNILEGRI,"YFQGQLNAMAHQIQEMFPQVPYHLVLQGDLQLTRSVEITTDNILEGRI
YFQGQLNAMAHQIQEMFPQVPYHLVLQ-DLQLTRSVEITTDNILEGRI",188.272323608398,28,,'G' inserted at '28',None,1,0
99,-0.562595920637455,1,YFQGQLNAMAHQIQEMFPQVPYHLVLQLQLTRSVEITTDNILEGRI,"YFQGQLNAMAHQIQEMFPQVPYHLVLQ-LQLTRSVEITTDNILEGRI
YFQGQLNAMAHQIQEMFPQVPYHLVLQDLQLTRSVEITTDNILEGRI",183.968658447266,,28,None,'D' deleted in '28',0,1
100,-3.18094486750216,0,YFQGQLNAMAHQIQEMFPQVPYHVLQDLQLTRSVEITTDNILEGRI,"YFQGQLNAMAHQIQEMFPQVPYH-VLQDLQLTRSVEITTDNILEGRI
YFQGQLNAMAHQIQEMFPQVPYHLVLQDLQLTRSVEITTDNILEGRI",183.968658447266,,24,None,'L' deleted in '24',0,1
101,-3.3404778652107,0,YFQGQLNAMAHQIQEMFPQVPYLVLQDLQLTRSVEITTDNILEGRI,"YFQGQLNAMAHQIQEMFPQVPY-LVLQDLQLTRSVEITTDNILEGRI
YFQGQLNAMAHQIQEMFPQVPYHLVLQDLQLTRSVEITTDNILEGRI",183.968658447266,,23,None,'H' deleted in '23',0,1
102,-2.21161376442592,0,YFQGQLNAMAHQIQEMFPQVYHLVLQDLQLTRSVEITTDNILEGRI,"YFQGQLNAMAHQIQEMFPQV-YHLVLQDLQLTRSVEITTDNILEGRI
YFQGQLNAMAHQIQEMFPQVPYHLVLQDLQLTRSVEITTDNILEGRI",183.968658447266,,21,None,'P' deleted in '21',0,1
103,-2.65922812381162,0,YFQGQLNAMAHQIQEMFPVPYHLVLQDLQLTRSVEITTDNILEGRI,"YFQGQLNAMAHQIQEMFP-VPYHLVLQDLQLTRSVEITTDNILEGRI
YFQGQLNAMAHQIQEMFPQVPYHLVLQDLQLTRSVEITTDNILEGRI",183.968658447266,,19,None,'Q' deleted in '19',0,1
104,-1.44211416619006,1,YFQGQLNAMAHQIQEMFQVPYHLVLQDLQLTRSVEITTDNILEGRI,"YFQGQLNAMAHQIQEMF-QVPYHLVLQDLQLTRSVEITTDNILEGRI
YFQGQLNAMAHQIQEMFPQVPYHLVLQDLQLTRSVEITTDNILEGRI",183.968658447266,,18,None,'P' deleted in '18',0,1
105,-2.84158416378814,0,YFQGQLNAMAHQIQEMGFPQVPYHLVLQDLQLTRSVEITTDNILEGRI,"YFQGQLNAMAHQIQEMGFPQVPYHLVLQDLQLTRSVEITTDNILEGRI
YFQGQLNAMAHQIQEM-FPQVPYHLVLQDLQLTRSVEITTDNILEGRI",188.272323608398,17,,'G' inserted at '17',None,1,0
106,-2.7191504400469,0,YFQGQLNAMAHQIQGEMFPQVPYHLVLQDLQLTRSVEITTDNILEGRI,"YFQGQLNAMAHQIQGEMFPQVPYHLVLQDLQLTRSVEITTDNILEGRI
YFQGQLNAMAHQIQ-EMFPQVPYHLVLQDLQLTRSVEITTDNILEGRI",188.272323608398,15,,'G' inserted at '15',None,1,0
107,-2.79806474055425,0,YFQGQLNAMAHQIQMFPQVPYHLVLQDLQLTRSVEITTDNILEGRI,"YFQGQLNAMAHQIQ-MFPQVPYHLVLQDLQLTRSVEITTDNILEGRI
YFQGQLNAMAHQIQEMFPQVPYHLVLQDLQLTRSVEITTDNILEGRI",183.968658447266,,15,None,'E' deleted in '15',0,1
108,-3.1155078462791,0,YFQGQLNAMAHQQEMFPQVPYHLVLQDLQLTRSVEITTDNILEGRI,"YFQGQLNAMAHQ-QEMFPQVPYHLVLQDLQLTRSVEITTDNILEGRI
YFQGQLNAMAHQIQEMFPQVPYHLVLQDLQLTRSVEITTDNILEGRI",183.968658447266,,13,None,'I' deleted in '13',0,1
109,-2.17548296416052,0,YFQGQLNAMAQIQEMFPQVPYHLVLQDLQLTRSVEITTDNILEGRI,"YFQGQLNAMA-QIQEMFPQVPYHLVLQDLQLTRSVEITTDNILEGRI
YFQGQLNAMAHQIQEMFPQVPYHLVLQDLQLTRSVEITTDNILEGRI",183.968658447266,,11,None,'H' deleted in '11',0,1
110,-2.46170527214604,0,YFQGQLNAMGAHQIQEMFPQVPYHLVLQDLQLTRSVEITTDNILEGRI,"YFQGQLNAMGAHQIQEMFPQVPYHLVLQDLQLTRSVEITTDNILEGRI
YFQGQLNAM-AHQIQEMFPQVPYHLVLQDLQLTRSVEITTDNILEGRI",188.272323608398,10,,'G' inserted at '10',None,1,0
111,-2.37442083797599,0,YFQGQLNAMHQIQEMFPQVPYHLVLQDLQLTRSVEITTDNILEGRI,"YFQGQLNAM-HQIQEMFPQVPYHLVLQDLQLTRSVEITTDNILEGRI
YFQGQLNAMAHQIQEMFPQVPYHLVLQDLQLTRSVEITTDNILEGRI",183.968658447266,,10,None,'A' deleted in '10',0,1
112,-1.97963336928063,0,YFQGQLNGAMAHQIQEMFPQVPYHLVLQDLQLTRSVEITTDNILEGRI,"YFQGQLNGAMAHQIQEMFPQVPYHLVLQDLQLTRSVEITTDNILEGRI
YFQGQLN-AMAHQIQEMFPQVPYHLVLQDLQLTRSVEITTDNILEGRI",188.272323608398,8,,'G' inserted at '8',None,1,0
113,-1.32377469242796,1,YFQGQLNMAHQIQEMFPQVPYHLVLQDLQLTRSVEITTDNILEGRI,"YFQGQLN-MAHQIQEMFPQVPYHLVLQDLQLTRSVEITTDNILEGRI
YFQGQLNAMAHQIQEMFPQVPYHLVLQDLQLTRSVEITTDNILEGRI",183.968658447266,,8,None,'A' deleted in '8',0,1
114,-1.35043449143048,1,YFQGQNAMAHQIQEMFPQVPYHLVLQDLQLTRSVEITTDNILEGRI,"YFQGQ-NAMAHQIQEMFPQVPYHLVLQDLQLTRSVEITTDNILEGRI
YFQGQLNAMAHQIQEMFPQVPYHLVLQDLQLTRSVEITTDNILEGRI",183.968658447266,,6,None,'L' deleted in '6',0,1
115,0.617241122477412,1,YFQQLNAMAHQIQEMFPQVPYHLVLQDLQLTRSVEITTDNILEGRI,"YFQ-QLNAMAHQIQEMFPQVPYHLVLQDLQLTRSVEITTDNILEGRI
YFQGQLNAMAHQIQEMFPQVPYHLVLQDLQLTRSVEITTDNILEGRI",183.968658447266,,4,None,'G' deleted in '4',0,1
116,-1.083961649047,1,YGFQGQLNAMAHQIQEMFPQVPYHLVLQDLQLTRSVEITTDNILEGRI,"YGFQGQLNAMAHQIQEMFPQVPYHLVLQDLQLTRSVEITTDNILEGRI
Y-FQGQLNAMAHQIQEMFPQVPYHLVLQDLQLTRSVEITTDNILEGRI",188.272323608398,2,,'G' inserted at '2',None,1,0
117,-0.0192526858363102,1,YQGQLNAMAHQIQEMFPQVPYHLVLQDLQLTRSVEITTDNILEGRI,"Y-QGQLNAMAHQIQEMFPQVPYHLVLQDLQLTRSVEITTDNILEGRI
YFQGQLNAMAHQIQEMFPQVPYHLVLQDLQLTRSVEITTDNILEGRI",183.968658447266,,2,None,'F' deleted in '2',0,1
