ID,DMS_Score,DMS_Score_Bin,mutated_sequence,Alignment,Align_score,Insertion_pos,Deletion_pos,Insertions,Deletions,NumberOfInsertionSites,NumberOfDeletionSites
1,0.0290614218663798,1,AAVESIEKKRIRKGRVEYLVKWRGWSPKYNTWEPEENILDPRLLIAFQNRE,"AAVESIEKKRIRKGRVEYLVKWRGWSPKYNTWEPEENILDPRLLIAFQNRE
A-VESIEKKRIRKGRVEYLVKWRGWSPKYNTWEPEENILDPRLLIAFQNRE",201.183319091797,2,,'A' inserted at '2',None,1,0
2,-0.52601554157273,1,AESIEKKRIRKGRVEYLVKWRGWSPKYNTWEPEENILDPRLLIAFQNRE,"A-ESIEKKRIRKGRVEYLVKWRGWSPKYNTWEPEENILDPRLLIAFQNRE
AVESIEKKRIRKGRVEYLVKWRGWSPKYNTWEPEENILDPRLLIAFQNRE",196.879653930664,,2,None,'V' deleted in '2',0,1
3,-0.198120004541666,1,AGVESIEKKRIRKGRVEYLVKWRGWSPKYNTWEPEENILDPRLLIAFQNRE,"AGVESIEKKRIRKGRVEYLVKWRGWSPKYNTWEPEENILDPRLLIAFQNRE
A-VESIEKKRIRKGRVEYLVKWRGWSPKYNTWEPEENILDPRLLIAFQNRE",201.183319091797,2,,'G' inserted at '2',None,1,0
4,0.556366521920575,1,AVAESIEKKRIRKGRVEYLVKWRGWSPKYNTWEPEENILDPRLLIAFQNRE,"AVAESIEKKRIRKGRVEYLVKWRGWSPKYNTWEPEENILDPRLLIAFQNRE
AV-ESIEKKRIRKGRVEYLVKWRGWSPKYNTWEPEENILDPRLLIAFQNRE",201.183319091797,3,,'A' inserted at '3',None,1,0
5,-2.00938499069373,0,AVEASIEKKRIRKGRVEYLVKWRGWSPKYNTWEPEENILDPRLLIAFQNRE,"AVEASIEKKRIRKGRVEYLVKWRGWSPKYNTWEPEENILDPRLLIAFQNRE
AVE-SIEKKRIRKGRVEYLVKWRGWSPKYNTWEPEENILDPRLLIAFQNRE",201.183319091797,4,,'A' inserted at '4',None,1,0
6,-2.09540492219546,0,AVEGSIEKKRIRKGRVEYLVKWRGWSPKYNTWEPEENILDPRLLIAFQNRE,"AVEGSIEKKRIRKGRVEYLVKWRGWSPKYNTWEPEENILDPRLLIAFQNRE
AVE-SIEKKRIRKGRVEYLVKWRGWSPKYNTWEPEENILDPRLLIAFQNRE",201.183319091797,4,,'G' inserted at '4',None,1,0
7,-2.07504961294427,0,AVEIEKKRIRKGRVEYLVKWRGWSPKYNTWEPEENILDPRLLIAFQNRE,"AVE-IEKKRIRKGRVEYLVKWRGWSPKYNTWEPEENILDPRLLIAFQNRE
AVESIEKKRIRKGRVEYLVKWRGWSPKYNTWEPEENILDPRLLIAFQNRE",196.879653930664,,4,None,'S' deleted in '4',0,1
8,-2.68449422376022,0,AVESAIEKKRIRKGRVEYLVKWRGWSPKYNTWEPEENILDPRLLIAFQNRE,"AVESAIEKKRIRKGRVEYLVKWRGWSPKYNTWEPEENILDPRLLIAFQNRE
AVES-IEKKRIRKGRVEYLVKWRGWSPKYNTWEPEENILDPRLLIAFQNRE",201.183319091797,5,,'A' inserted at '5',None,1,0
9,-3.40172264919204,0,AVESEKKRIRKGRVEYLVKWRGWSPKYNTWEPEENILDPRLLIAFQNRE,"AVES-EKKRIRKGRVEYLVKWRGWSPKYNTWEPEENILDPRLLIAFQNRE
AVESIEKKRIRKGRVEYLVKWRGWSPKYNTWEPEENILDPRLLIAFQNRE",196.879653930664,,5,None,'I' deleted in '5',0,1
10,-2.91189988312082,0,AVESGIEKKRIRKGRVEYLVKWRGWSPKYNTWEPEENILDPRLLIAFQNRE,"AVESGIEKKRIRKGRVEYLVKWRGWSPKYNTWEPEENILDPRLLIAFQNRE
AVES-IEKKRIRKGRVEYLVKWRGWSPKYNTWEPEENILDPRLLIAFQNRE",201.183319091797,5,,'G' inserted at '5',None,1,0
11,-2.78415556960329,0,AVESIAEKKRIRKGRVEYLVKWRGWSPKYNTWEPEENILDPRLLIAFQNRE,"AVESIAEKKRIRKGRVEYLVKWRGWSPKYNTWEPEENILDPRLLIAFQNRE
AVESI-EKKRIRKGRVEYLVKWRGWSPKYNTWEPEENILDPRLLIAFQNRE",201.183319091797,6,,'A' inserted at '6',None,1,0
12,-2.08433861813987,0,AVESIEAKKRIRKGRVEYLVKWRGWSPKYNTWEPEENILDPRLLIAFQNRE,"AVESIEAKKRIRKGRVEYLVKWRGWSPKYNTWEPEENILDPRLLIAFQNRE
AVESIE-KKRIRKGRVEYLVKWRGWSPKYNTWEPEENILDPRLLIAFQNRE",201.183319091797,7,,'A' inserted at '7',None,1,0
13,-3.0422771881621,0,AVESIEGKKRIRKGRVEYLVKWRGWSPKYNTWEPEENILDPRLLIAFQNRE,"AVESIEGKKRIRKGRVEYLVKWRGWSPKYNTWEPEENILDPRLLIAFQNRE
AVESIE-KKRIRKGRVEYLVKWRGWSPKYNTWEPEENILDPRLLIAFQNRE",201.183319091797,7,,'G' inserted at '7',None,1,0
14,-3.20414914339078,0,AVESIEKAKRIRKGRVEYLVKWRGWSPKYNTWEPEENILDPRLLIAFQNRE,"AVESIEKAKRIRKGRVEYLVKWRGWSPKYNTWEPEENILDPRLLIAFQNRE
AVESIEK-KRIRKGRVEYLVKWRGWSPKYNTWEPEENILDPRLLIAFQNRE",201.183319091797,8,,'A' inserted at '8',None,1,0
15,-2.64962830069732,0,AVESIEKKARIRKGRVEYLVKWRGWSPKYNTWEPEENILDPRLLIAFQNRE,"AVESIEKKARIRKGRVEYLVKWRGWSPKYNTWEPEENILDPRLLIAFQNRE
AVESIEKK-RIRKGRVEYLVKWRGWSPKYNTWEPEENILDPRLLIAFQNRE",201.183319091797,9,,'A' inserted at '9',None,1,0
16,-2.36319850843711,0,AVESIEKKRAIRKGRVEYLVKWRGWSPKYNTWEPEENILDPRLLIAFQNRE,"AVESIEKKRAIRKGRVEYLVKWRGWSPKYNTWEPEENILDPRLLIAFQNRE
AVESIEKKR-IRKGRVEYLVKWRGWSPKYNTWEPEENILDPRLLIAFQNRE",201.183319091797,10,,'A' inserted at '10',None,1,0
17,-3.22506159342778,0,AVESIEKKRGIRKGRVEYLVKWRGWSPKYNTWEPEENILDPRLLIAFQNRE,"AVESIEKKRGIRKGRVEYLVKWRGWSPKYNTWEPEENILDPRLLIAFQNRE
AVESIEKKR-IRKGRVEYLVKWRGWSPKYNTWEPEENILDPRLLIAFQNRE",201.183319091797,10,,'G' inserted at '10',None,1,0
18,-1.89449636899187,0,AVESIEKKRIARKGRVEYLVKWRGWSPKYNTWEPEENILDPRLLIAFQNRE,"AVESIEKKRIARKGRVEYLVKWRGWSPKYNTWEPEENILDPRLLIAFQNRE
AVESIEKKRI-RKGRVEYLVKWRGWSPKYNTWEPEENILDPRLLIAFQNRE",201.183319091797,11,,'A' inserted at '11',None,1,0
19,-0.785193459033057,1,AVESIEKKRIGRKGRVEYLVKWRGWSPKYNTWEPEENILDPRLLIAFQNRE,"AVESIEKKRIGRKGRVEYLVKWRGWSPKYNTWEPEENILDPRLLIAFQNRE
AVESIEKKRI-RKGRVEYLVKWRGWSPKYNTWEPEENILDPRLLIAFQNRE",201.183319091797,11,,'G' inserted at '11',None,1,0
20,-2.64805601880322,0,AVESIEKKRIKGRVEYLVKWRGWSPKYNTWEPEENILDPRLLIAFQNRE,"AVESIEKKRI-KGRVEYLVKWRGWSPKYNTWEPEENILDPRLLIAFQNRE
AVESIEKKRIRKGRVEYLVKWRGWSPKYNTWEPEENILDPRLLIAFQNRE",196.879653930664,,11,None,'R' deleted in '11',0,1
21,-1.30935132552424,1,AVESIEKKRIRAKGRVEYLVKWRGWSPKYNTWEPEENILDPRLLIAFQNRE,"AVESIEKKRIRAKGRVEYLVKWRGWSPKYNTWEPEENILDPRLLIAFQNRE
AVESIEKKRIR-KGRVEYLVKWRGWSPKYNTWEPEENILDPRLLIAFQNRE",201.183319091797,12,,'A' inserted at '12',None,1,0
22,-1.19347810689297,1,AVESIEKKRIRGKGRVEYLVKWRGWSPKYNTWEPEENILDPRLLIAFQNRE,"AVESIEKKRIRGKGRVEYLVKWRGWSPKYNTWEPEENILDPRLLIAFQNRE
AVESIEKKRIR-KGRVEYLVKWRGWSPKYNTWEPEENILDPRLLIAFQNRE",201.183319091797,12,,'G' inserted at '12',None,1,0
23,-1.77959057322206,0,AVESIEKKRIRGRVEYLVKWRGWSPKYNTWEPEENILDPRLLIAFQNRE,"AVESIEKKRIR-GRVEYLVKWRGWSPKYNTWEPEENILDPRLLIAFQNRE
AVESIEKKRIRKGRVEYLVKWRGWSPKYNTWEPEENILDPRLLIAFQNRE",196.879653930664,,12,None,'K' deleted in '12',0,1
24,-1.54727199233039,1,AVESIEKKRIRKAGRVEYLVKWRGWSPKYNTWEPEENILDPRLLIAFQNRE,"AVESIEKKRIRKAGRVEYLVKWRGWSPKYNTWEPEENILDPRLLIAFQNRE
AVESIEKKRIRK-GRVEYLVKWRGWSPKYNTWEPEENILDPRLLIAFQNRE",201.183319091797,13,,'A' inserted at '13',None,1,0
25,-1.73149340408584,0,AVESIEKKRIRKGARVEYLVKWRGWSPKYNTWEPEENILDPRLLIAFQNRE,"AVESIEKKRIRKGARVEYLVKWRGWSPKYNTWEPEENILDPRLLIAFQNRE
AVESIEKKRIRKG-RVEYLVKWRGWSPKYNTWEPEENILDPRLLIAFQNRE",201.183319091797,14,,'A' inserted at '14',None,1,0
26,-0.527922188632696,1,AVESIEKKRIRKGGRVEYLVKWRGWSPKYNTWEPEENILDPRLLIAFQNRE,"AVESIEKKRIRKGGRVEYLVKWRGWSPKYNTWEPEENILDPRLLIAFQNRE
AVESIEKKRIRKG-RVEYLVKWRGWSPKYNTWEPEENILDPRLLIAFQNRE",201.183319091797,14,,'G' inserted at '14',None,1,0
27,-2.64230474190119,0,AVESIEKKRIRKGRAVEYLVKWRGWSPKYNTWEPEENILDPRLLIAFQNRE,"AVESIEKKRIRKGRAVEYLVKWRGWSPKYNTWEPEENILDPRLLIAFQNRE
AVESIEKKRIRKGR-VEYLVKWRGWSPKYNTWEPEENILDPRLLIAFQNRE",201.183319091797,15,,'A' inserted at '15',None,1,0
28,-1.66278103098511,0,AVESIEKKRIRKGRGVEYLVKWRGWSPKYNTWEPEENILDPRLLIAFQNRE,"AVESIEKKRIRKGRGVEYLVKWRGWSPKYNTWEPEENILDPRLLIAFQNRE
AVESIEKKRIRKGR-VEYLVKWRGWSPKYNTWEPEENILDPRLLIAFQNRE",201.183319091797,15,,'G' inserted at '15',None,1,0
29,-2.87431565580422,0,AVESIEKKRIRKGRVAEYLVKWRGWSPKYNTWEPEENILDPRLLIAFQNRE,"AVESIEKKRIRKGRVAEYLVKWRGWSPKYNTWEPEENILDPRLLIAFQNRE
AVESIEKKRIRKGRV-EYLVKWRGWSPKYNTWEPEENILDPRLLIAFQNRE",201.183319091797,16,,'A' inserted at '16',None,1,0
30,-2.49886195136686,0,AVESIEKKRIRKGRVEAYLVKWRGWSPKYNTWEPEENILDPRLLIAFQNRE,"AVESIEKKRIRKGRVEAYLVKWRGWSPKYNTWEPEENILDPRLLIAFQNRE
AVESIEKKRIRKGRVE-YLVKWRGWSPKYNTWEPEENILDPRLLIAFQNRE",201.183319091797,17,,'A' inserted at '17',None,1,0
31,-3.62261554359086,0,AVESIEKKRIRKGRVEGYLVKWRGWSPKYNTWEPEENILDPRLLIAFQNRE,"AVESIEKKRIRKGRVEGYLVKWRGWSPKYNTWEPEENILDPRLLIAFQNRE
AVESIEKKRIRKGRVE-YLVKWRGWSPKYNTWEPEENILDPRLLIAFQNRE",201.183319091797,17,,'G' inserted at '17',None,1,0
32,-3.21421303891234,0,AVESIEKKRIRKGRVEYLAVKWRGWSPKYNTWEPEENILDPRLLIAFQNRE,"AVESIEKKRIRKGRVEYLAVKWRGWSPKYNTWEPEENILDPRLLIAFQNRE
AVESIEKKRIRKGRVEYL-VKWRGWSPKYNTWEPEENILDPRLLIAFQNRE",201.183319091797,19,,'A' inserted at '19',None,1,0
33,-2.75273554750835,0,AVESIEKKRIRKGRVEYLVAKWRGWSPKYNTWEPEENILDPRLLIAFQNRE,"AVESIEKKRIRKGRVEYLVAKWRGWSPKYNTWEPEENILDPRLLIAFQNRE
AVESIEKKRIRKGRVEYLV-KWRGWSPKYNTWEPEENILDPRLLIAFQNRE",201.183319091797,20,,'A' inserted at '20',None,1,0
34,-2.3474116050386,0,AVESIEKKRIRKGRVEYLVKRGWSPKYNTWEPEENILDPRLLIAFQNRE,"AVESIEKKRIRKGRVEYLVK-RGWSPKYNTWEPEENILDPRLLIAFQNRE
AVESIEKKRIRKGRVEYLVKWRGWSPKYNTWEPEENILDPRLLIAFQNRE",196.879653930664,,21,None,'W' deleted in '21',0,1
35,-2.06030997695563,0,AVESIEKKRIRKGRVEYLVKWARGWSPKYNTWEPEENILDPRLLIAFQNRE,"AVESIEKKRIRKGRVEYLVKWARGWSPKYNTWEPEENILDPRLLIAFQNRE
AVESIEKKRIRKGRVEYLVKW-RGWSPKYNTWEPEENILDPRLLIAFQNRE",201.183319091797,22,,'A' inserted at '22',None,1,0
36,-1.98413773440213,0,AVESIEKKRIRKGRVEYLVKWGRGWSPKYNTWEPEENILDPRLLIAFQNRE,"AVESIEKKRIRKGRVEYLVKWGRGWSPKYNTWEPEENILDPRLLIAFQNRE
AVESIEKKRIRKGRVEYLVKW-RGWSPKYNTWEPEENILDPRLLIAFQNRE",201.183319091797,22,,'G' inserted at '22',None,1,0
37,-2.27363518114919,0,AVESIEKKRIRKGRVEYLVKWGWSPKYNTWEPEENILDPRLLIAFQNRE,"AVESIEKKRIRKGRVEYLVKW-GWSPKYNTWEPEENILDPRLLIAFQNRE
AVESIEKKRIRKGRVEYLVKWRGWSPKYNTWEPEENILDPRLLIAFQNRE",196.879653930664,,22,None,'R' deleted in '22',0,1
38,-1.01563544958572,1,AVESIEKKRIRKGRVEYLVKWRAGWSPKYNTWEPEENILDPRLLIAFQNRE,"AVESIEKKRIRKGRVEYLVKWRAGWSPKYNTWEPEENILDPRLLIAFQNRE
AVESIEKKRIRKGRVEYLVKWR-GWSPKYNTWEPEENILDPRLLIAFQNRE",201.183319091797,23,,'A' inserted at '23',None,1,0
39,-1.52914052389745,1,AVESIEKKRIRKGRVEYLVKWRGAWSPKYNTWEPEENILDPRLLIAFQNRE,"AVESIEKKRIRKGRVEYLVKWRGAWSPKYNTWEPEENILDPRLLIAFQNRE
AVESIEKKRIRKGRVEYLVKWRG-WSPKYNTWEPEENILDPRLLIAFQNRE",201.183319091797,24,,'A' inserted at '24',None,1,0
40,-1.65965145750959,0,AVESIEKKRIRKGRVEYLVKWRGGWSPKYNTWEPEENILDPRLLIAFQNRE,"AVESIEKKRIRKGRVEYLVKWRGGWSPKYNTWEPEENILDPRLLIAFQNRE
AVESIEKKRIRKGRVEYLVKWRG-WSPKYNTWEPEENILDPRLLIAFQNRE",201.183319091797,24,,'G' inserted at '24',None,1,0
41,-0.921058377523415,1,AVESIEKKRIRKGRVEYLVKWRGSPKYNTWEPEENILDPRLLIAFQNRE,"AVESIEKKRIRKGRVEYLVKWRG-SPKYNTWEPEENILDPRLLIAFQNRE
AVESIEKKRIRKGRVEYLVKWRGWSPKYNTWEPEENILDPRLLIAFQNRE",196.879653930664,,24,None,'W' deleted in '24',0,1
42,-0.621424929386168,1,AVESIEKKRIRKGRVEYLVKWRGWASPKYNTWEPEENILDPRLLIAFQNRE,"AVESIEKKRIRKGRVEYLVKWRGWASPKYNTWEPEENILDPRLLIAFQNRE
AVESIEKKRIRKGRVEYLVKWRGW-SPKYNTWEPEENILDPRLLIAFQNRE",201.183319091797,25,,'A' inserted at '25',None,1,0
43,-1.04659330302727,1,AVESIEKKRIRKGRVEYLVKWRGWGSPKYNTWEPEENILDPRLLIAFQNRE,"AVESIEKKRIRKGRVEYLVKWRGWGSPKYNTWEPEENILDPRLLIAFQNRE
AVESIEKKRIRKGRVEYLVKWRGW-SPKYNTWEPEENILDPRLLIAFQNRE",201.183319091797,25,,'G' inserted at '25',None,1,0
44,-0.776783405513753,1,AVESIEKKRIRKGRVEYLVKWRGWPKYNTWEPEENILDPRLLIAFQNRE,"AVESIEKKRIRKGRVEYLVKWRGW-PKYNTWEPEENILDPRLLIAFQNRE
AVESIEKKRIRKGRVEYLVKWRGWSPKYNTWEPEENILDPRLLIAFQNRE",196.879653930664,,25,None,'S' deleted in '25',0,1
45,-1.27773503550957,1,AVESIEKKRIRKGRVEYLVKWRGWSAPKYNTWEPEENILDPRLLIAFQNRE,"AVESIEKKRIRKGRVEYLVKWRGWSAPKYNTWEPEENILDPRLLIAFQNRE
AVESIEKKRIRKGRVEYLVKWRGWS-PKYNTWEPEENILDPRLLIAFQNRE",201.183319091797,26,,'A' inserted at '26',None,1,0
46,-1.23692457542644,1,AVESIEKKRIRKGRVEYLVKWRGWSGPKYNTWEPEENILDPRLLIAFQNRE,"AVESIEKKRIRKGRVEYLVKWRGWSGPKYNTWEPEENILDPRLLIAFQNRE
AVESIEKKRIRKGRVEYLVKWRGWS-PKYNTWEPEENILDPRLLIAFQNRE",201.183319091797,26,,'G' inserted at '26',None,1,0
47,-1.46503822402094,1,AVESIEKKRIRKGRVEYLVKWRGWSKYNTWEPEENILDPRLLIAFQNRE,"AVESIEKKRIRKGRVEYLVKWRGWS-KYNTWEPEENILDPRLLIAFQNRE
AVESIEKKRIRKGRVEYLVKWRGWSPKYNTWEPEENILDPRLLIAFQNRE",196.879653930664,,26,None,'P' deleted in '26',0,1
48,-1.70652283691108,0,AVESIEKKRIRKGRVEYLVKWRGWSPAKYNTWEPEENILDPRLLIAFQNRE,"AVESIEKKRIRKGRVEYLVKWRGWSPAKYNTWEPEENILDPRLLIAFQNRE
AVESIEKKRIRKGRVEYLVKWRGWSP-KYNTWEPEENILDPRLLIAFQNRE",201.183319091797,27,,'A' inserted at '27',None,1,0
49,-2.10757569822811,0,AVESIEKKRIRKGRVEYLVKWRGWSPGKYNTWEPEENILDPRLLIAFQNRE,"AVESIEKKRIRKGRVEYLVKWRGWSPGKYNTWEPEENILDPRLLIAFQNRE
AVESIEKKRIRKGRVEYLVKWRGWSP-KYNTWEPEENILDPRLLIAFQNRE",201.183319091797,27,,'G' inserted at '27',None,1,0
50,-1.89479648324635,0,AVESIEKKRIRKGRVEYLVKWRGWSPKAYNTWEPEENILDPRLLIAFQNRE,"AVESIEKKRIRKGRVEYLVKWRGWSPKAYNTWEPEENILDPRLLIAFQNRE
AVESIEKKRIRKGRVEYLVKWRGWSPK-YNTWEPEENILDPRLLIAFQNRE",201.183319091797,28,,'A' inserted at '28',None,1,0
51,-1.33508235011096,1,AVESIEKKRIRKGRVEYLVKWRGWSPKGYNTWEPEENILDPRLLIAFQNRE,"AVESIEKKRIRKGRVEYLVKWRGWSPKGYNTWEPEENILDPRLLIAFQNRE
AVESIEKKRIRKGRVEYLVKWRGWSPK-YNTWEPEENILDPRLLIAFQNRE",201.183319091797,28,,'G' inserted at '28',None,1,0
52,-1.68223219899302,0,AVESIEKKRIRKGRVEYLVKWRGWSPKNTWEPEENILDPRLLIAFQNRE,"AVESIEKKRIRKGRVEYLVKWRGWSPK-NTWEPEENILDPRLLIAFQNRE
AVESIEKKRIRKGRVEYLVKWRGWSPKYNTWEPEENILDPRLLIAFQNRE",196.879653930664,,28,None,'Y' deleted in '28',0,1
53,-2.35540839677623,0,AVESIEKKRIRKGRVEYLVKWRGWSPKYANTWEPEENILDPRLLIAFQNRE,"AVESIEKKRIRKGRVEYLVKWRGWSPKYANTWEPEENILDPRLLIAFQNRE
AVESIEKKRIRKGRVEYLVKWRGWSPKY-NTWEPEENILDPRLLIAFQNRE",201.183319091797,29,,'A' inserted at '29',None,1,0
54,-2.04897008197173,0,AVESIEKKRIRKGRVEYLVKWRGWSPKYGNTWEPEENILDPRLLIAFQNRE,"AVESIEKKRIRKGRVEYLVKWRGWSPKYGNTWEPEENILDPRLLIAFQNRE
AVESIEKKRIRKGRVEYLVKWRGWSPKY-NTWEPEENILDPRLLIAFQNRE",201.183319091797,29,,'G' inserted at '29',None,1,0
55,-1.66589509010186,0,AVESIEKKRIRKGRVEYLVKWRGWSPKYNATWEPEENILDPRLLIAFQNRE,"AVESIEKKRIRKGRVEYLVKWRGWSPKYNATWEPEENILDPRLLIAFQNRE
AVESIEKKRIRKGRVEYLVKWRGWSPKYN-TWEPEENILDPRLLIAFQNRE",201.183319091797,30,,'A' inserted at '30',None,1,0
56,-2.30100494775131,0,AVESIEKKRIRKGRVEYLVKWRGWSPKYNGTWEPEENILDPRLLIAFQNRE,"AVESIEKKRIRKGRVEYLVKWRGWSPKYNGTWEPEENILDPRLLIAFQNRE
AVESIEKKRIRKGRVEYLVKWRGWSPKYN-TWEPEENILDPRLLIAFQNRE",201.183319091797,30,,'G' inserted at '30',None,1,0
57,-2.76968672946393,0,AVESIEKKRIRKGRVEYLVKWRGWSPKYNTAWEPEENILDPRLLIAFQNRE,"AVESIEKKRIRKGRVEYLVKWRGWSPKYNTAWEPEENILDPRLLIAFQNRE
AVESIEKKRIRKGRVEYLVKWRGWSPKYNT-WEPEENILDPRLLIAFQNRE",201.183319091797,31,,'A' inserted at '31',None,1,0
58,-3.31404256468753,0,AVESIEKKRIRKGRVEYLVKWRGWSPKYNTEPEENILDPRLLIAFQNRE,"AVESIEKKRIRKGRVEYLVKWRGWSPKYNT-EPEENILDPRLLIAFQNRE
AVESIEKKRIRKGRVEYLVKWRGWSPKYNTWEPEENILDPRLLIAFQNRE",196.879653930664,,31,None,'W' deleted in '31',0,1
59,-2.69641538164397,0,AVESIEKKRIRKGRVEYLVKWRGWSPKYNTGWEPEENILDPRLLIAFQNRE,"AVESIEKKRIRKGRVEYLVKWRGWSPKYNTGWEPEENILDPRLLIAFQNRE
AVESIEKKRIRKGRVEYLVKWRGWSPKYNT-WEPEENILDPRLLIAFQNRE",201.183319091797,31,,'G' inserted at '31',None,1,0
60,-3.03645453274665,0,AVESIEKKRIRKGRVEYLVKWRGWSPKYNTWAEPEENILDPRLLIAFQNRE,"AVESIEKKRIRKGRVEYLVKWRGWSPKYNTWAEPEENILDPRLLIAFQNRE
AVESIEKKRIRKGRVEYLVKWRGWSPKYNTW-EPEENILDPRLLIAFQNRE",201.183319091797,32,,'A' inserted at '32',None,1,0
61,-2.05649987809097,0,AVESIEKKRIRKGRVEYLVKWRGWSPKYNTWEAPEENILDPRLLIAFQNRE,"AVESIEKKRIRKGRVEYLVKWRGWSPKYNTWEAPEENILDPRLLIAFQNRE
AVESIEKKRIRKGRVEYLVKWRGWSPKYNTWE-PEENILDPRLLIAFQNRE",201.183319091797,33,,'A' inserted at '33',None,1,0
62,-0.469989901378351,1,AVESIEKKRIRKGRVEYLVKWRGWSPKYNTWEEENILDPRLLIAFQNRE,"AVESIEKKRIRKGRVEYLVKWRGWSPKYNTWE-EENILDPRLLIAFQNRE
AVESIEKKRIRKGRVEYLVKWRGWSPKYNTWEPEENILDPRLLIAFQNRE",196.879653930664,,33,None,'P' deleted in '33',0,1
63,-2.82146110346074,0,AVESIEKKRIRKGRVEYLVKWRGWSPKYNTWEGPEENILDPRLLIAFQNRE,"AVESIEKKRIRKGRVEYLVKWRGWSPKYNTWEGPEENILDPRLLIAFQNRE
AVESIEKKRIRKGRVEYLVKWRGWSPKYNTWE-PEENILDPRLLIAFQNRE",201.183319091797,33,,'G' inserted at '33',None,1,0
64,-2.11903794567562,0,AVESIEKKRIRKGRVEYLVKWRGWSPKYNTWEPAEENILDPRLLIAFQNRE,"AVESIEKKRIRKGRVEYLVKWRGWSPKYNTWEPAEENILDPRLLIAFQNRE
AVESIEKKRIRKGRVEYLVKWRGWSPKYNTWEP-EENILDPRLLIAFQNRE",201.183319091797,34,,'A' inserted at '34',None,1,0
65,-2.63520021449705,0,AVESIEKKRIRKGRVEYLVKWRGWSPKYNTWEPEAENILDPRLLIAFQNRE,"AVESIEKKRIRKGRVEYLVKWRGWSPKYNTWEPEAENILDPRLLIAFQNRE
AVESIEKKRIRKGRVEYLVKWRGWSPKYNTWEPE-ENILDPRLLIAFQNRE",201.183319091797,35,,'A' inserted at '35',None,1,0
66,-1.68340782133949,0,AVESIEKKRIRKGRVEYLVKWRGWSPKYNTWEPEEANILDPRLLIAFQNRE,"AVESIEKKRIRKGRVEYLVKWRGWSPKYNTWEPEEANILDPRLLIAFQNRE
AVESIEKKRIRKGRVEYLVKWRGWSPKYNTWEPEE-NILDPRLLIAFQNRE",201.183334350586,36,,'A' inserted at '36',None,1,0
67,-1.83155057935554,0,AVESIEKKRIRKGRVEYLVKWRGWSPKYNTWEPEEGNILDPRLLIAFQNRE,"AVESIEKKRIRKGRVEYLVKWRGWSPKYNTWEPEEGNILDPRLLIAFQNRE
AVESIEKKRIRKGRVEYLVKWRGWSPKYNTWEPEE-NILDPRLLIAFQNRE",201.183334350586,36,,'G' inserted at '36',None,1,0
68,0.308256010239038,1,AVESIEKKRIRKGRVEYLVKWRGWSPKYNTWEPEEILDPRLLIAFQNRE,"AVESIEKKRIRKGRVEYLVKWRGWSPKYNTWEPEE-ILDPRLLIAFQNRE
AVESIEKKRIRKGRVEYLVKWRGWSPKYNTWEPEENILDPRLLIAFQNRE",196.879669189453,,36,None,'N' deleted in '36',0,1
69,-1.09338817031105,1,AVESIEKKRIRKGRVEYLVKWRGWSPKYNTWEPEENAILDPRLLIAFQNRE,"AVESIEKKRIRKGRVEYLVKWRGWSPKYNTWEPEENAILDPRLLIAFQNRE
AVESIEKKRIRKGRVEYLVKWRGWSPKYNTWEPEEN-ILDPRLLIAFQNRE",201.183334350586,37,,'A' inserted at '37',None,1,0
70,-1.37930818694816,1,AVESIEKKRIRKGRVEYLVKWRGWSPKYNTWEPEENGILDPRLLIAFQNRE,"AVESIEKKRIRKGRVEYLVKWRGWSPKYNTWEPEENGILDPRLLIAFQNRE
AVESIEKKRIRKGRVEYLVKWRGWSPKYNTWEPEEN-ILDPRLLIAFQNRE",201.183334350586,37,,'G' inserted at '37',None,1,0
71,-0.482442191353341,1,AVESIEKKRIRKGRVEYLVKWRGWSPKYNTWEPEENIALDPRLLIAFQNRE,"AVESIEKKRIRKGRVEYLVKWRGWSPKYNTWEPEENIALDPRLLIAFQNRE
AVESIEKKRIRKGRVEYLVKWRGWSPKYNTWEPEENI-LDPRLLIAFQNRE",201.183334350586,38,,'A' inserted at '38',None,1,0
72,0.805668528778732,1,AVESIEKKRIRKGRVEYLVKWRGWSPKYNTWEPEENIDPRLLIAFQNRE,"AVESIEKKRIRKGRVEYLVKWRGWSPKYNTWEPEENI-DPRLLIAFQNRE
AVESIEKKRIRKGRVEYLVKWRGWSPKYNTWEPEENILDPRLLIAFQNRE",196.879669189453,,38,None,'L' deleted in '38',0,1
73,-1.06728663966594,1,AVESIEKKRIRKGRVEYLVKWRGWSPKYNTWEPEENIGLDPRLLIAFQNRE,"AVESIEKKRIRKGRVEYLVKWRGWSPKYNTWEPEENIGLDPRLLIAFQNRE
AVESIEKKRIRKGRVEYLVKWRGWSPKYNTWEPEENI-LDPRLLIAFQNRE",201.183334350586,38,,'G' inserted at '38',None,1,0
74,-0.514560454843991,1,AVESIEKKRIRKGRVEYLVKWRGWSPKYNTWEPEENILADPRLLIAFQNRE,"AVESIEKKRIRKGRVEYLVKWRGWSPKYNTWEPEENILADPRLLIAFQNRE
AVESIEKKRIRKGRVEYLVKWRGWSPKYNTWEPEENIL-DPRLLIAFQNRE",201.183334350586,39,,'A' inserted at '39',None,1,0
75,-0.716666031127691,1,AVESIEKKRIRKGRVEYLVKWRGWSPKYNTWEPEENILDAPRLLIAFQNRE,"AVESIEKKRIRKGRVEYLVKWRGWSPKYNTWEPEENILDAPRLLIAFQNRE
AVESIEKKRIRKGRVEYLVKWRGWSPKYNTWEPEENILD-PRLLIAFQNRE",201.183334350586,40,,'A' inserted at '40',None,1,0
76,-1.49438984749393,1,AVESIEKKRIRKGRVEYLVKWRGWSPKYNTWEPEENILDGPRLLIAFQNRE,"AVESIEKKRIRKGRVEYLVKWRGWSPKYNTWEPEENILDGPRLLIAFQNRE
AVESIEKKRIRKGRVEYLVKWRGWSPKYNTWEPEENILD-PRLLIAFQNRE",201.183334350586,40,,'G' inserted at '40',None,1,0
77,-1.23029157193419,1,AVESIEKKRIRKGRVEYLVKWRGWSPKYNTWEPEENILDPARLLIAFQNRE,"AVESIEKKRIRKGRVEYLVKWRGWSPKYNTWEPEENILDPARLLIAFQNRE
AVESIEKKRIRKGRVEYLVKWRGWSPKYNTWEPEENILDP-RLLIAFQNRE",201.183334350586,41,,'A' inserted at '41',None,1,0
78,-1.56722530390636,1,AVESIEKKRIRKGRVEYLVKWRGWSPKYNTWEPEENILDPGRLLIAFQNRE,"AVESIEKKRIRKGRVEYLVKWRGWSPKYNTWEPEENILDPGRLLIAFQNRE
AVESIEKKRIRKGRVEYLVKWRGWSPKYNTWEPEENILDP-RLLIAFQNRE",201.183334350586,41,,'G' inserted at '41',None,1,0
79,-1.2485987522649,1,AVESIEKKRIRKGRVEYLVKWRGWSPKYNTWEPEENILDPLLIAFQNRE,"AVESIEKKRIRKGRVEYLVKWRGWSPKYNTWEPEENILDP-LLIAFQNRE
AVESIEKKRIRKGRVEYLVKWRGWSPKYNTWEPEENILDPRLLIAFQNRE",196.879669189453,,41,None,'R' deleted in '41',0,1
80,-1.33258674087191,1,AVESIEKKRIRKGRVEYLVKWRGWSPKYNTWEPEENILDPRALLIAFQNRE,"AVESIEKKRIRKGRVEYLVKWRGWSPKYNTWEPEENILDPRALLIAFQNRE
AVESIEKKRIRKGRVEYLVKWRGWSPKYNTWEPEENILDPR-LLIAFQNRE",201.183334350586,42,,'A' inserted at '42',None,1,0
81,-1.20985074279764,1,AVESIEKKRIRKGRVEYLVKWRGWSPKYNTWEPEENILDPRGLLIAFQNRE,"AVESIEKKRIRKGRVEYLVKWRGWSPKYNTWEPEENILDPRGLLIAFQNRE
AVESIEKKRIRKGRVEYLVKWRGWSPKYNTWEPEENILDPR-LLIAFQNRE",201.183334350586,42,,'G' inserted at '42',None,1,0
82,-1.65694280319291,0,AVESIEKKRIRKGRVEYLVKWRGWSPKYNTWEPEENILDPRLALIAFQNRE,"AVESIEKKRIRKGRVEYLVKWRGWSPKYNTWEPEENILDPRLALIAFQNRE
AVESIEKKRIRKGRVEYLVKWRGWSPKYNTWEPEENILDPRL-LIAFQNRE",201.183334350586,43,,'A' inserted at '43',None,1,0
83,-2.08148935168499,0,AVESIEKKRIRKGRVEYLVKWRGWSPKYNTWEPEENILDPRLGLIAFQNRE,"AVESIEKKRIRKGRVEYLVKWRGWSPKYNTWEPEENILDPRLGLIAFQNRE
AVESIEKKRIRKGRVEYLVKWRGWSPKYNTWEPEENILDPRL-LIAFQNRE",201.183334350586,43,,'G' inserted at '43',None,1,0
84,-2.06825265378724,0,AVESIEKKRIRKGRVEYLVKWRGWSPKYNTWEPEENILDPRLIAFQNRE,"AVESIEKKRIRKGRVEYLVKWRGWSPKYNTWEPEENILDPRL-IAFQNRE
AVESIEKKRIRKGRVEYLVKWRGWSPKYNTWEPEENILDPRLLIAFQNRE",196.879669189453,,43,None,'L' deleted in '43',0,1
85,-2.0194053529174,0,AVESIEKKRIRKGRVEYLVKWRGWSPKYNTWEPEENILDPRLLAFQNRE,"AVESIEKKRIRKGRVEYLVKWRGWSPKYNTWEPEENILDPRLL-AFQNRE
AVESIEKKRIRKGRVEYLVKWRGWSPKYNTWEPEENILDPRLLIAFQNRE",196.879669189453,,44,None,'I' deleted in '44',0,1
86,-1.80172976646643,0,AVESIEKKRIRKGRVEYLVKWRGWSPKYNTWEPEENILDPRLLAIAFQNRE,"AVESIEKKRIRKGRVEYLVKWRGWSPKYNTWEPEENILDPRLLAIAFQNRE
AVESIEKKRIRKGRVEYLVKWRGWSPKYNTWEPEENILDPRLL-IAFQNRE",201.183334350586,44,,'A' inserted at '44',None,1,0
87,-2.07795330664156,0,AVESIEKKRIRKGRVEYLVKWRGWSPKYNTWEPEENILDPRLLGIAFQNRE,"AVESIEKKRIRKGRVEYLVKWRGWSPKYNTWEPEENILDPRLLGIAFQNRE
AVESIEKKRIRKGRVEYLVKWRGWSPKYNTWEPEENILDPRLL-IAFQNRE",201.183334350586,44,,'G' inserted at '44',None,1,0
88,-1.82795929627398,0,AVESIEKKRIRKGRVEYLVKWRGWSPKYNTWEPEENILDPRLLIAAFQNRE,"AVESIEKKRIRKGRVEYLVKWRGWSPKYNTWEPEENILDPRLLIAAFQNRE
AVESIEKKRIRKGRVEYLVKWRGWSPKYNTWEPEENILDPRLLI-AFQNRE",201.183334350586,45,,'A' inserted at '45',None,1,0
89,-0.786926934267968,1,AVESIEKKRIRKGRVEYLVKWRGWSPKYNTWEPEENILDPRLLIAFAQNRE,"AVESIEKKRIRKGRVEYLVKWRGWSPKYNTWEPEENILDPRLLIAFAQNRE
AVESIEKKRIRKGRVEYLVKWRGWSPKYNTWEPEENILDPRLLIAF-QNRE",201.183319091797,47,,'A' inserted at '47',None,1,0
90,-1.07863749505427,1,AVESIEKKRIRKGRVEYLVKWRGWSPKYNTWEPEENILDPRLLIAFGQNRE,"AVESIEKKRIRKGRVEYLVKWRGWSPKYNTWEPEENILDPRLLIAFGQNRE
AVESIEKKRIRKGRVEYLVKWRGWSPKYNTWEPEENILDPRLLIAF-QNRE",201.183319091797,47,,'G' inserted at '47',None,1,0
91,-0.427186809767541,1,AVESIEKKRIRKGRVEYLVKWRGWSPKYNTWEPEENILDPRLLIAFNRE,"AVESIEKKRIRKGRVEYLVKWRGWSPKYNTWEPEENILDPRLLIAF-NRE
AVESIEKKRIRKGRVEYLVKWRGWSPKYNTWEPEENILDPRLLIAFQNRE",196.879653930664,,47,None,'Q' deleted in '47',0,1
92,-0.682443142333596,1,AVESIEKKRIRKGRVEYLVKWRGWSPKYNTWEPEENILDPRLLIAFQANRE,"AVESIEKKRIRKGRVEYLVKWRGWSPKYNTWEPEENILDPRLLIAFQANRE
AVESIEKKRIRKGRVEYLVKWRGWSPKYNTWEPEENILDPRLLIAFQ-NRE",201.183319091797,48,,'A' inserted at '48',None,1,0
93,-0.780385694119527,1,AVESIEKKRIRKGRVEYLVKWRGWSPKYNTWEPEENILDPRLLIAFQGNRE,"AVESIEKKRIRKGRVEYLVKWRGWSPKYNTWEPEENILDPRLLIAFQGNRE
AVESIEKKRIRKGRVEYLVKWRGWSPKYNTWEPEENILDPRLLIAFQ-NRE",201.183319091797,48,,'G' inserted at '48',None,1,0
94,-0.647047971879563,1,AVESIEKKRIRKGRVEYLVKWRGWSPKYNTWEPEENILDPRLLIAFQNARE,"AVESIEKKRIRKGRVEYLVKWRGWSPKYNTWEPEENILDPRLLIAFQNARE
AVESIEKKRIRKGRVEYLVKWRGWSPKYNTWEPEENILDPRLLIAFQN-RE",201.183319091797,49,,'A' inserted at '49',None,1,0
95,-0.458050578732071,1,AVESIEKKRIRKGRVEYLVKWRGWSPKYNTWEPEENILDPRLLIAFQNE,"AVESIEKKRIRKGRVEYLVKWRGWSPKYNTWEPEENILDPRLLIAFQN-E
AVESIEKKRIRKGRVEYLVKWRGWSPKYNTWEPEENILDPRLLIAFQNRE",196.879653930664,,49,None,'R' deleted in '49',0,1
96,-0.716576933349207,1,AVESIEKKRIRKGRVEYLVKWRGWSPKYNTWEPEENILDPRLLIAFQNGRE,"AVESIEKKRIRKGRVEYLVKWRGWSPKYNTWEPEENILDPRLLIAFQNGRE
AVESIEKKRIRKGRVEYLVKWRGWSPKYNTWEPEENILDPRLLIAFQN-RE",201.183319091797,49,,'G' inserted at '49',None,1,0
97,-0.367499694082333,1,AVESIEKKRIRKGRVEYLVKWRGWSPKYNTWEPEENILDPRLLIAFQNR,"AVESIEKKRIRKGRVEYLVKWRGWSPKYNTWEPEENILDPRLLIAFQNR
AVESIEKKRIRKGRVEYLVKWRGWSPKYNTWEPEENILDPRLLIAFQNR",196.879653930664,,,None,None,0,0
98,-0.0890370260648194,1,AVESIEKKRIRKGRVEYLVKWRGWSPKYNTWEPEENILDPRLLIAFQNRAE,"AVESIEKKRIRKGRVEYLVKWRGWSPKYNTWEPEENILDPRLLIAFQNRAE
AVESIEKKRIRKGRVEYLVKWRGWSPKYNTWEPEENILDPRLLIAFQNR-E",201.183319091797,50,,'A' inserted at '50',None,1,0
99,-0.335359994852813,1,AVESIEKKRIRKGRVEYLVKWRGWSPKYNTWEPEENILDPRLLIAFQNRGE,"AVESIEKKRIRKGRVEYLVKWRGWSPKYNTWEPEENILDPRLLIAFQNRGE
AVESIEKKRIRKGRVEYLVKWRGWSPKYNTWEPEENILDPRLLIAFQNR-E",201.183319091797,50,,'G' inserted at '50',None,1,0
100,-0.700875589978525,1,AVESIEKKRIRKGRVEYLVKWRGWSPKYNTWEPEENILDPRLLIAFQRE,"AVESIEKKRIRKGRVEYLVKWRGWSPKYNTWEPEENILDPRLLIAFQ-RE
AVESIEKKRIRKGRVEYLVKWRGWSPKYNTWEPEENILDPRLLIAFQNRE",196.879653930664,,48,None,'N' deleted in '48',0,1
101,-2.04017395065357,0,AVESIEKKRIRKGRVEYLVKWRGWSPKYNTWEPEENILDPRLLIAGFQNRE,"AVESIEKKRIRKGRVEYLVKWRGWSPKYNTWEPEENILDPRLLIAGFQNRE
AVESIEKKRIRKGRVEYLVKWRGWSPKYNTWEPEENILDPRLLIA-FQNRE",201.183319091797,46,,'G' inserted at '46',None,1,0
102,-2.06432118662569,0,AVESIEKKRIRKGRVEYLVKWRGWSPKYNTWEPEENILDPRLLIAQNRE,"AVESIEKKRIRKGRVEYLVKWRGWSPKYNTWEPEENILDPRLLIA-QNRE
AVESIEKKRIRKGRVEYLVKWRGWSPKYNTWEPEENILDPRLLIAFQNRE",196.879653930664,,46,None,'F' deleted in '46',0,1
103,-1.93347407154754,0,AVESIEKKRIRKGRVEYLVKWRGWSPKYNTWEPEENILDPRLLIFQNRE,"AVESIEKKRIRKGRVEYLVKWRGWSPKYNTWEPEENILDPRLLI-FQNRE
AVESIEKKRIRKGRVEYLVKWRGWSPKYNTWEPEENILDPRLLIAFQNRE",196.879653930664,,45,None,'A' deleted in '45',0,1
104,-1.74651138248304,0,AVESIEKKRIRKGRVEYLVKWRGWSPKYNTWEPEENILDPRLLIGAFQNRE,"AVESIEKKRIRKGRVEYLVKWRGWSPKYNTWEPEENILDPRLLIGAFQNRE
AVESIEKKRIRKGRVEYLVKWRGWSPKYNTWEPEENILDPRLLI-AFQNRE",201.183334350586,45,,'G' inserted at '45',None,1,0
105,-0.962046683829029,1,AVESIEKKRIRKGRVEYLVKWRGWSPKYNTWEPEENILDRLLIAFQNRE,"AVESIEKKRIRKGRVEYLVKWRGWSPKYNTWEPEENILD-RLLIAFQNRE
AVESIEKKRIRKGRVEYLVKWRGWSPKYNTWEPEENILDPRLLIAFQNRE",196.879669189453,,40,None,'P' deleted in '40',0,1
106,-0.648467958262202,1,AVESIEKKRIRKGRVEYLVKWRGWSPKYNTWEPEENILGDPRLLIAFQNRE,"AVESIEKKRIRKGRVEYLVKWRGWSPKYNTWEPEENILGDPRLLIAFQNRE
AVESIEKKRIRKGRVEYLVKWRGWSPKYNTWEPEENIL-DPRLLIAFQNRE",201.183334350586,39,,'G' inserted at '39',None,1,0
107,-0.255231359152267,1,AVESIEKKRIRKGRVEYLVKWRGWSPKYNTWEPEENILPRLLIAFQNRE,"AVESIEKKRIRKGRVEYLVKWRGWSPKYNTWEPEENIL-PRLLIAFQNRE
AVESIEKKRIRKGRVEYLVKWRGWSPKYNTWEPEENILDPRLLIAFQNRE",196.879669189453,,39,None,'D' deleted in '39',0,1
108,0.610392566618903,1,AVESIEKKRIRKGRVEYLVKWRGWSPKYNTWEPEENLDPRLLIAFQNRE,"AVESIEKKRIRKGRVEYLVKWRGWSPKYNTWEPEEN-LDPRLLIAFQNRE
AVESIEKKRIRKGRVEYLVKWRGWSPKYNTWEPEENILDPRLLIAFQNRE",196.879669189453,,37,None,'I' deleted in '37',0,1
109,-2.03252222329932,0,AVESIEKKRIRKGRVEYLVKWRGWSPKYNTWEPEGENILDPRLLIAFQNRE,"AVESIEKKRIRKGRVEYLVKWRGWSPKYNTWEPEGENILDPRLLIAFQNRE
AVESIEKKRIRKGRVEYLVKWRGWSPKYNTWEPE-ENILDPRLLIAFQNRE",201.183319091797,35,,'G' inserted at '35',None,1,0
110,-0.0329976423811566,1,AVESIEKKRIRKGRVEYLVKWRGWSPKYNTWEPENILDPRLLIAFQNRE,"AVESIEKKRIRKGRVEYLVKWRGWSPKYNTWEPE-NILDPRLLIAFQNRE
AVESIEKKRIRKGRVEYLVKWRGWSPKYNTWEPEENILDPRLLIAFQNRE",196.879669189453,,35,None,'E' deleted in '35',0,1
111,-2.35151827055073,0,AVESIEKKRIRKGRVEYLVKWRGWSPKYNTWEPGEENILDPRLLIAFQNRE,"AVESIEKKRIRKGRVEYLVKWRGWSPKYNTWEPGEENILDPRLLIAFQNRE
AVESIEKKRIRKGRVEYLVKWRGWSPKYNTWEP-EENILDPRLLIAFQNRE",201.183319091797,34,,'G' inserted at '34',None,1,0
112,-3.2780856406662,0,AVESIEKKRIRKGRVEYLVKWRGWSPKYNTWGEPEENILDPRLLIAFQNRE,"AVESIEKKRIRKGRVEYLVKWRGWSPKYNTWGEPEENILDPRLLIAFQNRE
AVESIEKKRIRKGRVEYLVKWRGWSPKYNTW-EPEENILDPRLLIAFQNRE",201.183319091797,32,,'G' inserted at '32',None,1,0
113,-3.02725548540787,0,AVESIEKKRIRKGRVEYLVKWRGWSPKYNTWPEENILDPRLLIAFQNRE,"AVESIEKKRIRKGRVEYLVKWRGWSPKYNTW-PEENILDPRLLIAFQNRE
AVESIEKKRIRKGRVEYLVKWRGWSPKYNTWEPEENILDPRLLIAFQNRE",196.879653930664,,32,None,'E' deleted in '32',0,1
114,-1.83692248816751,0,AVESIEKKRIRKGRVEYLVKWRGWSPKYNWEPEENILDPRLLIAFQNRE,"AVESIEKKRIRKGRVEYLVKWRGWSPKYN-WEPEENILDPRLLIAFQNRE
AVESIEKKRIRKGRVEYLVKWRGWSPKYNTWEPEENILDPRLLIAFQNRE",196.879653930664,,30,None,'T' deleted in '30',0,1
115,0.189556944977251,1,AVESIEKKRIRKGRVEYLVKWRGWSPKYTWEPEENILDPRLLIAFQNRE,"AVESIEKKRIRKGRVEYLVKWRGWSPKY-TWEPEENILDPRLLIAFQNRE
AVESIEKKRIRKGRVEYLVKWRGWSPKYNTWEPEENILDPRLLIAFQNRE",196.879653930664,,29,None,'N' deleted in '29',0,1
116,-1.6266851217075,1,AVESIEKKRIRKGRVEYLVKWRGWSPYNTWEPEENILDPRLLIAFQNRE,"AVESIEKKRIRKGRVEYLVKWRGWSP-YNTWEPEENILDPRLLIAFQNRE
AVESIEKKRIRKGRVEYLVKWRGWSPKYNTWEPEENILDPRLLIAFQNRE",196.879653930664,,27,None,'K' deleted in '27',0,1
117,-1.63009724697694,1,AVESIEKKRIRKGRVEYLVKWRWSPKYNTWEPEENILDPRLLIAFQNRE,"AVESIEKKRIRKGRVEYLVKWR-WSPKYNTWEPEENILDPRLLIAFQNRE
AVESIEKKRIRKGRVEYLVKWRGWSPKYNTWEPEENILDPRLLIAFQNRE",196.879653930664,,23,None,'G' deleted in '23',0,1
118,-2.49681209259327,0,AVESIEKKRIRKGRVEYLVWRGWSPKYNTWEPEENILDPRLLIAFQNRE,"AVESIEKKRIRKGRVEYLV-WRGWSPKYNTWEPEENILDPRLLIAFQNRE
AVESIEKKRIRKGRVEYLVKWRGWSPKYNTWEPEENILDPRLLIAFQNRE",196.879653930664,,20,None,'K' deleted in '20',0,1
119,-2.53158177653616,0,AVESIEKKRIRKGRVYLVKWRGWSPKYNTWEPEENILDPRLLIAFQNRE,"AVESIEKKRIRKGRV-YLVKWRGWSPKYNTWEPEENILDPRLLIAFQNRE
AVESIEKKRIRKGRVEYLVKWRGWSPKYNTWEPEENILDPRLLIAFQNRE",196.879653930664,,16,None,'E' deleted in '16',0,1
120,-2.5751364900924,0,AVESIEKKRIRKGVEYLVKWRGWSPKYNTWEPEENILDPRLLIAFQNRE,"AVESIEKKRIRKG-VEYLVKWRGWSPKYNTWEPEENILDPRLLIAFQNRE
AVESIEKKRIRKGRVEYLVKWRGWSPKYNTWEPEENILDPRLLIAFQNRE",196.879653930664,,14,None,'R' deleted in '14',0,1
121,-2.96510037580891,0,AVESIEKKRIRKRVEYLVKWRGWSPKYNTWEPEENILDPRLLIAFQNRE,"AVESIEKKRIRK-RVEYLVKWRGWSPKYNTWEPEENILDPRLLIAFQNRE
AVESIEKKRIRKGRVEYLVKWRGWSPKYNTWEPEENILDPRLLIAFQNRE",196.879653930664,,13,None,'G' deleted in '13',0,1
122,-2.49351684782108,0,AVESIEKKRRKGRVEYLVKWRGWSPKYNTWEPEENILDPRLLIAFQNRE,"AVESIEKKR-RKGRVEYLVKWRGWSPKYNTWEPEENILDPRLLIAFQNRE
AVESIEKKRIRKGRVEYLVKWRGWSPKYNTWEPEENILDPRLLIAFQNRE",196.879653930664,,10,None,'I' deleted in '10',0,1
123,-2.70279765803752,0,AVESIEKRIRKGRVEYLVKWRGWSPKYNTWEPEENILDPRLLIAFQNRE,"AVESIEK-RIRKGRVEYLVKWRGWSPKYNTWEPEENILDPRLLIAFQNRE
AVESIEKKRIRKGRVEYLVKWRGWSPKYNTWEPEENILDPRLLIAFQNRE",196.879653930664,,8,None,'K' deleted in '8',0,1
124,-3.46344834385217,0,AVESIGEKKRIRKGRVEYLVKWRGWSPKYNTWEPEENILDPRLLIAFQNRE,"AVESIGEKKRIRKGRVEYLVKWRGWSPKYNTWEPEENILDPRLLIAFQNRE
AVESI-EKKRIRKGRVEYLVKWRGWSPKYNTWEPEENILDPRLLIAFQNRE",201.183319091797,6,,'G' inserted at '6',None,1,0
125,-2.73811343463906,0,AVESIKKRIRKGRVEYLVKWRGWSPKYNTWEPEENILDPRLLIAFQNRE,"AVESI-KKRIRKGRVEYLVKWRGWSPKYNTWEPEENILDPRLLIAFQNRE
AVESIEKKRIRKGRVEYLVKWRGWSPKYNTWEPEENILDPRLLIAFQNRE",196.879653930664,,6,None,'E' deleted in '6',0,1
126,-0.673117238687331,1,AVGESIEKKRIRKGRVEYLVKWRGWSPKYNTWEPEENILDPRLLIAFQNRE,"AVGESIEKKRIRKGRVEYLVKWRGWSPKYNTWEPEENILDPRLLIAFQNRE
AV-ESIEKKRIRKGRVEYLVKWRGWSPKYNTWEPEENILDPRLLIAFQNRE",201.183319091797,3,,'G' inserted at '3',None,1,0
127,-1.61807588949186,1,AVSIEKKRIRKGRVEYLVKWRGWSPKYNTWEPEENILDPRLLIAFQNRE,"AV-SIEKKRIRKGRVEYLVKWRGWSPKYNTWEPEENILDPRLLIAFQNRE
AVESIEKKRIRKGRVEYLVKWRGWSPKYNTWEPEENILDPRLLIAFQNRE",196.879653930664,,3,None,'E' deleted in '3',0,1
128,0.0037621994597114,1,GAVESIEKKRIRKGRVEYLVKWRGWSPKYNTWEPEENILDPRLLIAFQNRE,"AVESIEKKRIRKGRVEYLVKWRGWSPKYNTWEPEENILDPRLLIAFQNRE
AVESIEKKRIRKGRVEYLVKWRGWSPKYNTWEPEENILDPRLLIAFQNRE",201.183319091797,,,None,None,0,0
129,-0.20344340829924,1,VESIEKKRIRKGRVEYLVKWRGWSPKYNTWEPEENILDPRLLIAFQNRE,"VESIEKKRIRKGRVEYLVKWRGWSPKYNTWEPEENILDPRLLIAFQNRE
VESIEKKRIRKGRVEYLVKWRGWSPKYNTWEPEENILDPRLLIAFQNRE",196.879653930664,,,None,None,0,0
