ID,DMS_Score,DMS_Score_Bin,mutated_sequence,Alignment,Align_score,Insertion_pos,Deletion_pos,Insertions,Deletions,NumberOfInsertionSites,NumberOfDeletionSites
1,-0.0479543897550596,1,AKLPPGWEKRMSRSSGRVYYFNHITNASQWERPSGNSSSG,"KLPPGWEKRMSRSSGRVYYFNHITNASQWERPSGNSSSG
KLPPGWEKRMSRSSGRVYYFNHITNASQWERPSGNSSSG",153.843002319336,,,None,None,0,0
2,-0.0309565923494106,1,GKLPPGWEKRMSRSSGRVYYFNHITNASQWERPSGNSSSG,"KLPPGWEKRMSRSSGRVYYFNHITNASQWERPSGNSSSG
KLPPGWEKRMSRSSGRVYYFNHITNASQWERPSGNSSSG",153.843002319336,,,None,None,0,0
3,-0.206119212732629,1,KALPPGWEKRMSRSSGRVYYFNHITNASQWERPSGNSSSG,"KALPPGWEKRMSRSSGRVYYFNHITNASQWERPSGNSSSG
K-LPPGWEKRMSRSSGRVYYFNHITNASQWERPSGNSSSG",153.843002319336,2,,'A' inserted at '2',None,1,0
4,0.414555075047373,1,KGLPPGWEKRMSRSSGRVYYFNHITNASQWERPSGNSSSG,"KGLPPGWEKRMSRSSGRVYYFNHITNASQWERPSGNSSSG
K-LPPGWEKRMSRSSGRVYYFNHITNASQWERPSGNSSSG",153.843002319336,2,,'G' inserted at '2',None,1,0
5,-1.90915181026672,0,KLAPPGWEKRMSRSSGRVYYFNHITNASQWERPSGNSSSG,"KLAPPGWEKRMSRSSGRVYYFNHITNASQWERPSGNSSSG
KL-PPGWEKRMSRSSGRVYYFNHITNASQWERPSGNSSSG",153.843002319336,3,,'A' inserted at '3',None,1,0
6,-2.0902051656368,0,KLGPPGWEKRMSRSSGRVYYFNHITNASQWERPSGNSSSG,"KLGPPGWEKRMSRSSGRVYYFNHITNASQWERPSGNSSSG
KL-PPGWEKRMSRSSGRVYYFNHITNASQWERPSGNSSSG",153.843002319336,3,,'G' inserted at '3',None,1,0
7,-1.86299645268193,0,KLPAPGWEKRMSRSSGRVYYFNHITNASQWERPSGNSSSG,"KLPAPGWEKRMSRSSGRVYYFNHITNASQWERPSGNSSSG
KLP-PGWEKRMSRSSGRVYYFNHITNASQWERPSGNSSSG",153.843002319336,4,,'A' inserted at '4',None,1,0
8,-1.60857972892806,0,KLPGPGWEKRMSRSSGRVYYFNHITNASQWERPSGNSSSG,"KLPGPGWEKRMSRSSGRVYYFNHITNASQWERPSGNSSSG
KLP-PGWEKRMSRSSGRVYYFNHITNASQWERPSGNSSSG",153.843002319336,4,,'G' inserted at '4',None,1,0
9,-1.88345107817802,0,KLPGWEKRMSRSSGRVYYFNHITNASQWERPSGNSSSG,"KLP-GWEKRMSRSSGRVYYFNHITNASQWERPSGNSSSG
KLPPGWEKRMSRSSGRVYYFNHITNASQWERPSGNSSSG",149.539337158203,,4,None,'P' deleted in '4',0,1
10,-1.43623405308094,0,KLPPAGWEKRMSRSSGRVYYFNHITNASQWERPSGNSSSG,"KLPPAGWEKRMSRSSGRVYYFNHITNASQWERPSGNSSSG
KLPP-GWEKRMSRSSGRVYYFNHITNASQWERPSGNSSSG",153.843002319336,5,,'A' inserted at '5',None,1,0
11,-1.60583438255307,0,KLPPGAWEKRMSRSSGRVYYFNHITNASQWERPSGNSSSG,"KLPPGAWEKRMSRSSGRVYYFNHITNASQWERPSGNSSSG
KLPPG-WEKRMSRSSGRVYYFNHITNASQWERPSGNSSSG",153.843002319336,6,,'A' inserted at '6',None,1,0
12,-1.63508111709422,0,KLPPGEKRMSRSSGRVYYFNHITNASQWERPSGNSSSG,"KLPPG-EKRMSRSSGRVYYFNHITNASQWERPSGNSSSG
KLPPGWEKRMSRSSGRVYYFNHITNASQWERPSGNSSSG",149.539337158203,,6,None,'W' deleted in '6',0,1
13,-1.59061140380002,0,KLPPGGWEKRMSRSSGRVYYFNHITNASQWERPSGNSSSG,"KLPPGGWEKRMSRSSGRVYYFNHITNASQWERPSGNSSSG
KLPPG-WEKRMSRSSGRVYYFNHITNASQWERPSGNSSSG",153.843002319336,6,,'G' inserted at '6',None,1,0
14,-1.81922160287527,0,KLPPGWAEKRMSRSSGRVYYFNHITNASQWERPSGNSSSG,"KLPPGWAEKRMSRSSGRVYYFNHITNASQWERPSGNSSSG
KLPPGW-EKRMSRSSGRVYYFNHITNASQWERPSGNSSSG",153.843002319336,7,,'A' inserted at '7',None,1,0
15,-1.60889809583131,0,KLPPGWEAKRMSRSSGRVYYFNHITNASQWERPSGNSSSG,"KLPPGWEAKRMSRSSGRVYYFNHITNASQWERPSGNSSSG
KLPPGWE-KRMSRSSGRVYYFNHITNASQWERPSGNSSSG",153.843002319336,8,,'A' inserted at '8',None,1,0
16,-2.0140113878304,0,KLPPGWEGKRMSRSSGRVYYFNHITNASQWERPSGNSSSG,"KLPPGWEGKRMSRSSGRVYYFNHITNASQWERPSGNSSSG
KLPPGWE-KRMSRSSGRVYYFNHITNASQWERPSGNSSSG",153.843002319336,8,,'G' inserted at '8',None,1,0
17,-2.23157940184651,0,KLPPGWEKARMSRSSGRVYYFNHITNASQWERPSGNSSSG,"KLPPGWEKARMSRSSGRVYYFNHITNASQWERPSGNSSSG
KLPPGWEK-RMSRSSGRVYYFNHITNASQWERPSGNSSSG",153.843002319336,9,,'A' inserted at '9',None,1,0
18,-1.62492230102449,0,KLPPGWEKGRMSRSSGRVYYFNHITNASQWERPSGNSSSG,"KLPPGWEKGRMSRSSGRVYYFNHITNASQWERPSGNSSSG
KLPPGWEK-RMSRSSGRVYYFNHITNASQWERPSGNSSSG",153.843002319336,9,,'G' inserted at '9',None,1,0
19,-1.18294726378231,0,KLPPGWEKMSRSSGRVYYFNHITNASQWERPSGNSSSG,"KLPPGWEK-MSRSSGRVYYFNHITNASQWERPSGNSSSG
KLPPGWEKRMSRSSGRVYYFNHITNASQWERPSGNSSSG",149.539337158203,,9,None,'R' deleted in '9',0,1
20,-1.64611682156685,0,KLPPGWEKRAMSRSSGRVYYFNHITNASQWERPSGNSSSG,"KLPPGWEKRAMSRSSGRVYYFNHITNASQWERPSGNSSSG
KLPPGWEKR-MSRSSGRVYYFNHITNASQWERPSGNSSSG",153.843002319336,10,,'A' inserted at '10',None,1,0
21,-1.98595000574392,0,KLPPGWEKRGMSRSSGRVYYFNHITNASQWERPSGNSSSG,"KLPPGWEKRGMSRSSGRVYYFNHITNASQWERPSGNSSSG
KLPPGWEKR-MSRSSGRVYYFNHITNASQWERPSGNSSSG",153.843002319336,10,,'G' inserted at '10',None,1,0
22,-1.50932344656099,0,KLPPGWEKRMASRSSGRVYYFNHITNASQWERPSGNSSSG,"KLPPGWEKRMASRSSGRVYYFNHITNASQWERPSGNSSSG
KLPPGWEKRM-SRSSGRVYYFNHITNASQWERPSGNSSSG",153.843002319336,11,,'A' inserted at '11',None,1,0
23,-1.73551379980286,0,KLPPGWEKRMGSRSSGRVYYFNHITNASQWERPSGNSSSG,"KLPPGWEKRMGSRSSGRVYYFNHITNASQWERPSGNSSSG
KLPPGWEKRM-SRSSGRVYYFNHITNASQWERPSGNSSSG",153.843002319336,11,,'G' inserted at '11',None,1,0
24,-0.68017108628594,1,KLPPGWEKRMRSSGRVYYFNHITNASQWERPSGNSSSG,"KLPPGWEKRM-RSSGRVYYFNHITNASQWERPSGNSSSG
KLPPGWEKRMSRSSGRVYYFNHITNASQWERPSGNSSSG",149.539337158203,,11,None,'S' deleted in '11',0,1
25,-1.31890498390132,0,KLPPGWEKRMSARSSGRVYYFNHITNASQWERPSGNSSSG,"KLPPGWEKRMSARSSGRVYYFNHITNASQWERPSGNSSSG
KLPPGWEKRMS-RSSGRVYYFNHITNASQWERPSGNSSSG",153.843002319336,12,,'A' inserted at '12',None,1,0
26,-1.35329212472945,0,KLPPGWEKRMSGRSSGRVYYFNHITNASQWERPSGNSSSG,"KLPPGWEKRMSGRSSGRVYYFNHITNASQWERPSGNSSSG
KLPPGWEKRMS-RSSGRVYYFNHITNASQWERPSGNSSSG",153.843002319336,12,,'G' inserted at '12',None,1,0
27,-1.23658906050298,0,KLPPGWEKRMSRASSGRVYYFNHITNASQWERPSGNSSSG,"KLPPGWEKRMSRASSGRVYYFNHITNASQWERPSGNSSSG
KLPPGWEKRMSR-SSGRVYYFNHITNASQWERPSGNSSSG",153.843002319336,13,,'A' inserted at '13',None,1,0
28,-0.587848676824165,1,KLPPGWEKRMSRGSSGRVYYFNHITNASQWERPSGNSSSG,"KLPPGWEKRMSRGSSGRVYYFNHITNASQWERPSGNSSSG
KLPPGWEKRMSR-SSGRVYYFNHITNASQWERPSGNSSSG",153.843002319336,13,,'G' inserted at '13',None,1,0
29,-0.261921737532231,1,KLPPGWEKRMSRSASGRVYYFNHITNASQWERPSGNSSSG,"KLPPGWEKRMSRSASGRVYYFNHITNASQWERPSGNSSSG
KLPPGWEKRMSRS-SGRVYYFNHITNASQWERPSGNSSSG",153.843002319336,14,,'A' inserted at '14',None,1,0
30,1.17633895676051,1,KLPPGWEKRMSRSGRVYYFNHITNASQWERPSGNSSSG,"KLPPGWEKRMSRS-GRVYYFNHITNASQWERPSGNSSSG
KLPPGWEKRMSRSSGRVYYFNHITNASQWERPSGNSSSG",149.539337158203,,14,None,'S' deleted in '14',0,1
31,-0.618128909533047,1,KLPPGWEKRMSRSGSGRVYYFNHITNASQWERPSGNSSSG,"KLPPGWEKRMSRSGSGRVYYFNHITNASQWERPSGNSSSG
KLPPGWEKRMSRS-SGRVYYFNHITNASQWERPSGNSSSG",153.843002319336,14,,'G' inserted at '14',None,1,0
32,-1.21548811140282,0,KLPPGWEKRMSRSSAGRVYYFNHITNASQWERPSGNSSSG,"KLPPGWEKRMSRSSAGRVYYFNHITNASQWERPSGNSSSG
KLPPGWEKRMSRSS-GRVYYFNHITNASQWERPSGNSSSG",153.843002319336,15,,'A' inserted at '15',None,1,0
33,-1.42839243066677,0,KLPPGWEKRMSRSSGARVYYFNHITNASQWERPSGNSSSG,"KLPPGWEKRMSRSSGARVYYFNHITNASQWERPSGNSSSG
KLPPGWEKRMSRSSG-RVYYFNHITNASQWERPSGNSSSG",153.843002319336,16,,'A' inserted at '16',None,1,0
34,-0.990345030676017,0,KLPPGWEKRMSRSSGGRVYYFNHITNASQWERPSGNSSSG,"KLPPGWEKRMSRSSGGRVYYFNHITNASQWERPSGNSSSG
KLPPGWEKRMSRSSG-RVYYFNHITNASQWERPSGNSSSG",153.843002319336,16,,'G' inserted at '16',None,1,0
35,-1.81808527072072,0,KLPPGWEKRMSRSSGRAVYYFNHITNASQWERPSGNSSSG,"KLPPGWEKRMSRSSGRAVYYFNHITNASQWERPSGNSSSG
KLPPGWEKRMSRSSGR-VYYFNHITNASQWERPSGNSSSG",153.843002319336,17,,'A' inserted at '17',None,1,0
36,-1.90035192629017,0,KLPPGWEKRMSRSSGRGVYYFNHITNASQWERPSGNSSSG,"KLPPGWEKRMSRSSGRGVYYFNHITNASQWERPSGNSSSG
KLPPGWEKRMSRSSGR-VYYFNHITNASQWERPSGNSSSG",153.843002319336,17,,'G' inserted at '17',None,1,0
37,-1.85708615066537,0,KLPPGWEKRMSRSSGRVAYYFNHITNASQWERPSGNSSSG,"KLPPGWEKRMSRSSGRVAYYFNHITNASQWERPSGNSSSG
KLPPGWEKRMSRSSGRV-YYFNHITNASQWERPSGNSSSG",153.843002319336,18,,'A' inserted at '18',None,1,0
38,-2.69962638590944,0,KLPPGWEKRMSRSSGRVYAYFNHITNASQWERPSGNSSSG,"KLPPGWEKRMSRSSGRVYAYFNHITNASQWERPSGNSSSG
KLPPGWEKRMSRSSGRVY-YFNHITNASQWERPSGNSSSG",153.843002319336,19,,'A' inserted at '19',None,1,0
39,-2.62887775006463,0,KLPPGWEKRMSRSSGRVYFNHITNASQWERPSGNSSSG,"KLPPGWEKRMSRSSGRVY-FNHITNASQWERPSGNSSSG
KLPPGWEKRMSRSSGRVYYFNHITNASQWERPSGNSSSG",149.539337158203,,19,None,'Y' deleted in '19',0,1
40,-2.79497621771867,0,KLPPGWEKRMSRSSGRVYYAFNHITNASQWERPSGNSSSG,"KLPPGWEKRMSRSSGRVYYAFNHITNASQWERPSGNSSSG
KLPPGWEKRMSRSSGRVYY-FNHITNASQWERPSGNSSSG",153.843002319336,20,,'A' inserted at '20',None,1,0
41,-1.63253779132392,0,KLPPGWEKRMSRSSGRVYYFANHITNASQWERPSGNSSSG,"KLPPGWEKRMSRSSGRVYYFANHITNASQWERPSGNSSSG
KLPPGWEKRMSRSSGRVYYF-NHITNASQWERPSGNSSSG",153.843002319336,21,,'A' inserted at '21',None,1,0
42,-2.01348707082815,0,KLPPGWEKRMSRSSGRVYYFGNHITNASQWERPSGNSSSG,"KLPPGWEKRMSRSSGRVYYFGNHITNASQWERPSGNSSSG
KLPPGWEKRMSRSSGRVYYF-NHITNASQWERPSGNSSSG",153.843002319336,21,,'G' inserted at '21',None,1,0
43,-1.74225030510797,0,KLPPGWEKRMSRSSGRVYYFHITNASQWERPSGNSSSG,"KLPPGWEKRMSRSSGRVYYF-HITNASQWERPSGNSSSG
KLPPGWEKRMSRSSGRVYYFNHITNASQWERPSGNSSSG",149.539337158203,,21,None,'N' deleted in '21',0,1
44,-1.93784480870569,0,KLPPGWEKRMSRSSGRVYYFNAHITNASQWERPSGNSSSG,"KLPPGWEKRMSRSSGRVYYFNAHITNASQWERPSGNSSSG
KLPPGWEKRMSRSSGRVYYFN-HITNASQWERPSGNSSSG",153.843002319336,22,,'A' inserted at '22',None,1,0
45,-2.01438401612402,0,KLPPGWEKRMSRSSGRVYYFNGHITNASQWERPSGNSSSG,"KLPPGWEKRMSRSSGRVYYFNGHITNASQWERPSGNSSSG
KLPPGWEKRMSRSSGRVYYFN-HITNASQWERPSGNSSSG",153.843002319336,22,,'G' inserted at '22',None,1,0
46,-2.24314122803178,0,KLPPGWEKRMSRSSGRVYYFNHAITNASQWERPSGNSSSG,"KLPPGWEKRMSRSSGRVYYFNHAITNASQWERPSGNSSSG
KLPPGWEKRMSRSSGRVYYFNH-ITNASQWERPSGNSSSG",153.843002319336,23,,'A' inserted at '23',None,1,0
47,-2.0828187251988,0,KLPPGWEKRMSRSSGRVYYFNHGITNASQWERPSGNSSSG,"KLPPGWEKRMSRSSGRVYYFNHGITNASQWERPSGNSSSG
KLPPGWEKRMSRSSGRVYYFNH-ITNASQWERPSGNSSSG",153.843002319336,23,,'G' inserted at '23',None,1,0
48,-2.15088213738391,0,KLPPGWEKRMSRSSGRVYYFNHIATNASQWERPSGNSSSG,"KLPPGWEKRMSRSSGRVYYFNHIATNASQWERPSGNSSSG
KLPPGWEKRMSRSSGRVYYFNHI-TNASQWERPSGNSSSG",153.843002319336,24,,'A' inserted at '24',None,1,0
49,-2.48706964785728,0,KLPPGWEKRMSRSSGRVYYFNHIGTNASQWERPSGNSSSG,"KLPPGWEKRMSRSSGRVYYFNHIGTNASQWERPSGNSSSG
KLPPGWEKRMSRSSGRVYYFNHI-TNASQWERPSGNSSSG",153.843002319336,24,,'G' inserted at '24',None,1,0
50,-1.70937998325205,0,KLPPGWEKRMSRSSGRVYYFNHINASQWERPSGNSSSG,"KLPPGWEKRMSRSSGRVYYFNHI-NASQWERPSGNSSSG
KLPPGWEKRMSRSSGRVYYFNHITNASQWERPSGNSSSG",149.539352416992,,24,None,'T' deleted in '24',0,1
51,-2.30794448910356,0,KLPPGWEKRMSRSSGRVYYFNHITANASQWERPSGNSSSG,"KLPPGWEKRMSRSSGRVYYFNHITANASQWERPSGNSSSG
KLPPGWEKRMSRSSGRVYYFNHIT-NASQWERPSGNSSSG",153.843017578125,25,,'A' inserted at '25',None,1,0
52,-2.38462017567558,0,KLPPGWEKRMSRSSGRVYYFNHITASQWERPSGNSSSG,"KLPPGWEKRMSRSSGRVYYFNHIT-ASQWERPSGNSSSG
KLPPGWEKRMSRSSGRVYYFNHITNASQWERPSGNSSSG",149.539352416992,,25,None,'N' deleted in '25',0,1
53,-1.95308547393294,0,KLPPGWEKRMSRSSGRVYYFNHITGNASQWERPSGNSSSG,"KLPPGWEKRMSRSSGRVYYFNHITGNASQWERPSGNSSSG
KLPPGWEKRMSRSSGRVYYFNHIT-NASQWERPSGNSSSG",153.843017578125,25,,'G' inserted at '25',None,1,0
54,-1.99507481530486,0,KLPPGWEKRMSRSSGRVYYFNHITNAASQWERPSGNSSSG,"KLPPGWEKRMSRSSGRVYYFNHITNAASQWERPSGNSSSG
KLPPGWEKRMSRSSGRVYYFNHITNA-SQWERPSGNSSSG",153.843017578125,27,,'A' inserted at '27',None,1,0
55,-2.14464610735111,0,KLPPGWEKRMSRSSGRVYYFNHITNAGSQWERPSGNSSSG,"KLPPGWEKRMSRSSGRVYYFNHITNAGSQWERPSGNSSSG
KLPPGWEKRMSRSSGRVYYFNHITNA-SQWERPSGNSSSG",153.843017578125,27,,'G' inserted at '27',None,1,0
56,-2.00025208337347,0,KLPPGWEKRMSRSSGRVYYFNHITNAQWERPSGNSSSG,"KLPPGWEKRMSRSSGRVYYFNHITNA-QWERPSGNSSSG
KLPPGWEKRMSRSSGRVYYFNHITNASQWERPSGNSSSG",149.539352416992,,27,None,'S' deleted in '27',0,1
57,-2.16983970003963,0,KLPPGWEKRMSRSSGRVYYFNHITNASAQWERPSGNSSSG,"KLPPGWEKRMSRSSGRVYYFNHITNASAQWERPSGNSSSG
KLPPGWEKRMSRSSGRVYYFNHITNAS-QWERPSGNSSSG",153.843017578125,28,,'A' inserted at '28',None,1,0
58,-1.8496595709615,0,KLPPGWEKRMSRSSGRVYYFNHITNASGQWERPSGNSSSG,"KLPPGWEKRMSRSSGRVYYFNHITNASGQWERPSGNSSSG
KLPPGWEKRMSRSSGRVYYFNHITNAS-QWERPSGNSSSG",153.843017578125,28,,'G' inserted at '28',None,1,0
59,-2.57847832550118,0,KLPPGWEKRMSRSSGRVYYFNHITNASQAWERPSGNSSSG,"KLPPGWEKRMSRSSGRVYYFNHITNASQAWERPSGNSSSG
KLPPGWEKRMSRSSGRVYYFNHITNASQ-WERPSGNSSSG",153.843017578125,29,,'A' inserted at '29',None,1,0
60,-2.8588368603951,0,KLPPGWEKRMSRSSGRVYYFNHITNASQERPSGNSSSG,"KLPPGWEKRMSRSSGRVYYFNHITNASQ-ERPSGNSSSG
KLPPGWEKRMSRSSGRVYYFNHITNASQWERPSGNSSSG",149.539352416992,,29,None,'W' deleted in '29',0,1
61,-2.02503023419154,0,KLPPGWEKRMSRSSGRVYYFNHITNASQGWERPSGNSSSG,"KLPPGWEKRMSRSSGRVYYFNHITNASQGWERPSGNSSSG
KLPPGWEKRMSRSSGRVYYFNHITNASQ-WERPSGNSSSG",153.843017578125,29,,'G' inserted at '29',None,1,0
62,-2.04810286320387,0,KLPPGWEKRMSRSSGRVYYFNHITNASQWAERPSGNSSSG,"KLPPGWEKRMSRSSGRVYYFNHITNASQWAERPSGNSSSG
KLPPGWEKRMSRSSGRVYYFNHITNASQW-ERPSGNSSSG",153.843017578125,30,,'A' inserted at '30',None,1,0
63,-2.38846269842562,0,KLPPGWEKRMSRSSGRVYYFNHITNASQWEARPSGNSSSG,"KLPPGWEKRMSRSSGRVYYFNHITNASQWEARPSGNSSSG
KLPPGWEKRMSRSSGRVYYFNHITNASQWE-RPSGNSSSG",153.843017578125,31,,'A' inserted at '31',None,1,0
64,-2.11871086495962,0,KLPPGWEKRMSRSSGRVYYFNHITNASQWEGRPSGNSSSG,"KLPPGWEKRMSRSSGRVYYFNHITNASQWEGRPSGNSSSG
KLPPGWEKRMSRSSGRVYYFNHITNASQWE-RPSGNSSSG",153.843017578125,31,,'G' inserted at '31',None,1,0
65,-2.24521083739756,0,KLPPGWEKRMSRSSGRVYYFNHITNASQWEPSGNSSSG,"KLPPGWEKRMSRSSGRVYYFNHITNASQWE-PSGNSSSG
KLPPGWEKRMSRSSGRVYYFNHITNASQWERPSGNSSSG",149.539352416992,,31,None,'R' deleted in '31',0,1
66,-1.68297422462773,0,KLPPGWEKRMSRSSGRVYYFNHITNASQWERAPSGNSSSG,"KLPPGWEKRMSRSSGRVYYFNHITNASQWERAPSGNSSSG
KLPPGWEKRMSRSSGRVYYFNHITNASQWER-PSGNSSSG",153.843017578125,32,,'A' inserted at '32',None,1,0
67,-1.99759262869319,0,KLPPGWEKRMSRSSGRVYYFNHITNASQWERGPSGNSSSG,"KLPPGWEKRMSRSSGRVYYFNHITNASQWERGPSGNSSSG
KLPPGWEKRMSRSSGRVYYFNHITNASQWER-PSGNSSSG",153.843017578125,32,,'G' inserted at '32',None,1,0
68,-0.137193191678999,1,KLPPGWEKRMSRSSGRVYYFNHITNASQWERPASGNSSSG,"KLPPGWEKRMSRSSGRVYYFNHITNASQWERPASGNSSSG
KLPPGWEKRMSRSSGRVYYFNHITNASQWERP-SGNSSSG",153.843017578125,33,,'A' inserted at '33',None,1,0
69,-0.101485041758361,1,KLPPGWEKRMSRSSGRVYYFNHITNASQWERPGNSSSG,"KLPPGWEKRMSRSSGRVYYFNHITNASQWERP-GNSSSG
KLPPGWEKRMSRSSGRVYYFNHITNASQWERPSGNSSSG",149.539352416992,,33,None,'S' deleted in '33',0,1
70,-0.0193531413988976,1,KLPPGWEKRMSRSSGRVYYFNHITNASQWERPGSGNSSSG,"KLPPGWEKRMSRSSGRVYYFNHITNASQWERPGSGNSSSG
KLPPGWEKRMSRSSGRVYYFNHITNASQWERP-SGNSSSG",153.843017578125,33,,'G' inserted at '33',None,1,0
71,-0.050401561203194,1,KLPPGWEKRMSRSSGRVYYFNHITNASQWERPSAGNSSSG,"KLPPGWEKRMSRSSGRVYYFNHITNASQWERPSAGNSSSG
KLPPGWEKRMSRSSGRVYYFNHITNASQWERPS-GNSSSG",153.843017578125,34,,'A' inserted at '34',None,1,0
72,-0.142400168146996,1,KLPPGWEKRMSRSSGRVYYFNHITNASQWERPSGANSSSG,"KLPPGWEKRMSRSSGRVYYFNHITNASQWERPSGANSSSG
KLPPGWEKRMSRSSGRVYYFNHITNASQWERPSG-NSSSG",153.843002319336,35,,'A' inserted at '35',None,1,0
73,-0.0597032155602046,1,KLPPGWEKRMSRSSGRVYYFNHITNASQWERPSGGNSSSG,"KLPPGWEKRMSRSSGRVYYFNHITNASQWERPSGGNSSSG
KLPPGWEKRMSRSSGRVYYFNHITNASQWERPS-GNSSSG",153.843017578125,34,,'G' inserted at '34',None,1,0
74,0.0113077151233413,1,KLPPGWEKRMSRSSGRVYYFNHITNASQWERPSGNASSSG,"KLPPGWEKRMSRSSGRVYYFNHITNASQWERPSGNASSSG
KLPPGWEKRMSRSSGRVYYFNHITNASQWERPSGN-SSSG",153.843002319336,36,,'A' inserted at '36',None,1,0
75,-0.0751465138743538,1,KLPPGWEKRMSRSSGRVYYFNHITNASQWERPSGNGSSSG,"KLPPGWEKRMSRSSGRVYYFNHITNASQWERPSGNGSSSG
KLPPGWEKRMSRSSGRVYYFNHITNASQWERPSGN-SSSG",153.843002319336,36,,'G' inserted at '36',None,1,0
76,-0.0918882510709582,1,KLPPGWEKRMSRSSGRVYYFNHITNASQWERPSGNSASSG,"KLPPGWEKRMSRSSGRVYYFNHITNASQWERPSGNSASSG
KLPPGWEKRMSRSSGRVYYFNHITNASQWERPSGNS-SSG",153.843002319336,37,,'A' inserted at '37',None,1,0
77,-0.123483849545138,1,KLPPGWEKRMSRSSGRVYYFNHITNASQWERPSGNSGSSG,"KLPPGWEKRMSRSSGRVYYFNHITNASQWERPSGNSGSSG
KLPPGWEKRMSRSSGRVYYFNHITNASQWERPSGNS-SSG",153.843002319336,37,,'G' inserted at '37',None,1,0
78,-0.0386256592584102,1,KLPPGWEKRMSRSSGRVYYFNHITNASQWERPSGNSSASG,"KLPPGWEKRMSRSSGRVYYFNHITNASQWERPSGNSSASG
KLPPGWEKRMSRSSGRVYYFNHITNASQWERPSGNSS-SG",153.843002319336,38,,'A' inserted at '38',None,1,0
79,-0.0962379641011161,1,KLPPGWEKRMSRSSGRVYYFNHITNASQWERPSGNSSG,"KLPPGWEKRMSRSSGRVYYFNHITNASQWERPSGNSS-G
KLPPGWEKRMSRSSGRVYYFNHITNASQWERPSGNSSSG",149.539337158203,,38,None,'S' deleted in '38',0,1
80,-0.0798483094445328,1,KLPPGWEKRMSRSSGRVYYFNHITNASQWERPSGNSSGSG,"KLPPGWEKRMSRSSGRVYYFNHITNASQWERPSGNSSGSG
KLPPGWEKRMSRSSGRVYYFNHITNASQWERPSGNSS-SG",153.843002319336,38,,'G' inserted at '38',None,1,0
81,-0.0142743922946499,1,KLPPGWEKRMSRSSGRVYYFNHITNASQWERPSGNSSS,"KLPPGWEKRMSRSSGRVYYFNHITNASQWERPSGNSSS
KLPPGWEKRMSRSSGRVYYFNHITNASQWERPSGNSSS",149.539337158203,,,None,None,0,0
82,-0.0517155566020899,1,KLPPGWEKRMSRSSGRVYYFNHITNASQWERPSGNSSSAG,"KLPPGWEKRMSRSSGRVYYFNHITNASQWERPSGNSSSAG
KLPPGWEKRMSRSSGRVYYFNHITNASQWERPSGNSSS-G",153.843002319336,39,,'A' inserted at '39',None,1,0
83,-0.0702911434869939,1,KLPPGWEKRMSRSSGRVYYFNHITNASQWERPSGNSSSGG,"KLPPGWEKRMSRSSGRVYYFNHITNASQWERPSGNSSSG
KLPPGWEKRMSRSSGRVYYFNHITNASQWERPSGNSSSG",153.843002319336,,,None,None,0,0
84,-0.114399968922332,1,KLPPGWEKRMSRSSGRVYYFNHITNASQWERPSGSSSG,"KLPPGWEKRMSRSSGRVYYFNHITNASQWERPSG-SSSG
KLPPGWEKRMSRSSGRVYYFNHITNASQWERPSGNSSSG",149.539337158203,,35,None,'N' deleted in '35',0,1
85,-0.0743440609433663,1,KLPPGWEKRMSRSSGRVYYFNHITNASQWERPSNSSSG,"KLPPGWEKRMSRSSGRVYYFNHITNASQWERPS-NSSSG
KLPPGWEKRMSRSSGRVYYFNHITNASQWERPSGNSSSG",149.539337158203,,34,None,'G' deleted in '34',0,1
86,-1.82787714965879,0,KLPPGWEKRMSRSSGRVYYFNHITNASQWERSGNSSSG,"KLPPGWEKRMSRSSGRVYYFNHITNASQWER-SGNSSSG
KLPPGWEKRMSRSSGRVYYFNHITNASQWERPSGNSSSG",149.539352416992,,32,None,'P' deleted in '32',0,1
87,-1.81563839844337,0,KLPPGWEKRMSRSSGRVYYFNHITNASQWGERPSGNSSSG,"KLPPGWEKRMSRSSGRVYYFNHITNASQWGERPSGNSSSG
KLPPGWEKRMSRSSGRVYYFNHITNASQW-ERPSGNSSSG",153.843017578125,30,,'G' inserted at '30',None,1,0
88,-1.97425402388765,0,KLPPGWEKRMSRSSGRVYYFNHITNASQWRPSGNSSSG,"KLPPGWEKRMSRSSGRVYYFNHITNASQW-RPSGNSSSG
KLPPGWEKRMSRSSGRVYYFNHITNASQWERPSGNSSSG",149.539352416992,,30,None,'E' deleted in '30',0,1
89,-1.98588420237372,0,KLPPGWEKRMSRSSGRVYYFNHITNASWERPSGNSSSG,"KLPPGWEKRMSRSSGRVYYFNHITNAS-WERPSGNSSSG
KLPPGWEKRMSRSSGRVYYFNHITNASQWERPSGNSSSG",149.539352416992,,28,None,'Q' deleted in '28',0,1
90,-2.31393061653722,0,KLPPGWEKRMSRSSGRVYYFNHITNGASQWERPSGNSSSG,"KLPPGWEKRMSRSSGRVYYFNHITNGASQWERPSGNSSSG
KLPPGWEKRMSRSSGRVYYFNHITN-ASQWERPSGNSSSG",153.843017578125,26,,'G' inserted at '26',None,1,0
91,-1.71134472926332,0,KLPPGWEKRMSRSSGRVYYFNHITNSQWERPSGNSSSG,"KLPPGWEKRMSRSSGRVYYFNHITN-SQWERPSGNSSSG
KLPPGWEKRMSRSSGRVYYFNHITNASQWERPSGNSSSG",149.539352416992,,26,None,'A' deleted in '26',0,1
92,-2.21679385756947,0,KLPPGWEKRMSRSSGRVYYFNHTNASQWERPSGNSSSG,"KLPPGWEKRMSRSSGRVYYFNH-TNASQWERPSGNSSSG
KLPPGWEKRMSRSSGRVYYFNHITNASQWERPSGNSSSG",149.539337158203,,23,None,'I' deleted in '23',0,1
93,-1.95322894520498,0,KLPPGWEKRMSRSSGRVYYFNITNASQWERPSGNSSSG,"KLPPGWEKRMSRSSGRVYYFN-ITNASQWERPSGNSSSG
KLPPGWEKRMSRSSGRVYYFNHITNASQWERPSGNSSSG",149.539337158203,,22,None,'H' deleted in '22',0,1
94,-2.84958468506599,0,KLPPGWEKRMSRSSGRVYYGFNHITNASQWERPSGNSSSG,"KLPPGWEKRMSRSSGRVYYGFNHITNASQWERPSGNSSSG
KLPPGWEKRMSRSSGRVYY-FNHITNASQWERPSGNSSSG",153.843002319336,20,,'G' inserted at '20',None,1,0
95,-1.74338032821331,0,KLPPGWEKRMSRSSGRVYYNHITNASQWERPSGNSSSG,"KLPPGWEKRMSRSSGRVYY-NHITNASQWERPSGNSSSG
KLPPGWEKRMSRSSGRVYYFNHITNASQWERPSGNSSSG",149.539337158203,,20,None,'F' deleted in '20',0,1
96,-2.06465780689014,0,KLPPGWEKRMSRSSGRYYFNHITNASQWERPSGNSSSG,"KLPPGWEKRMSRSSGR-YYFNHITNASQWERPSGNSSSG
KLPPGWEKRMSRSSGRVYYFNHITNASQWERPSGNSSSG",149.539337158203,,17,None,'V' deleted in '17',0,1
97,-1.50781433618337,0,KLPPGWEKRMSRSSGVYYFNHITNASQWERPSGNSSSG,"KLPPGWEKRMSRSSG-VYYFNHITNASQWERPSGNSSSG
KLPPGWEKRMSRSSGRVYYFNHITNASQWERPSGNSSSG",149.539337158203,,16,None,'R' deleted in '16',0,1
98,-0.68173953692727,1,KLPPGWEKRMSRSSRVYYFNHITNASQWERPSGNSSSG,"KLPPGWEKRMSRSS-RVYYFNHITNASQWERPSGNSSSG
KLPPGWEKRMSRSSGRVYYFNHITNASQWERPSGNSSSG",149.539337158203,,15,None,'G' deleted in '15',0,1
99,1.16265085258615,1,KLPPGWEKRMSSSGRVYYFNHITNASQWERPSGNSSSG,"KLPPGWEKRMS-SSGRVYYFNHITNASQWERPSGNSSSG
KLPPGWEKRMSRSSGRVYYFNHITNASQWERPSGNSSSG",149.539337158203,,12,None,'R' deleted in '12',0,1
100,-1.17633251408337,0,KLPPGWEKRSRSSGRVYYFNHITNASQWERPSGNSSSG,"KLPPGWEKR-SRSSGRVYYFNHITNASQWERPSGNSSSG
KLPPGWEKRMSRSSGRVYYFNHITNASQWERPSGNSSSG",149.539337158203,,10,None,'M' deleted in '10',0,1
101,-1.30172227348614,0,KLPPGWERMSRSSGRVYYFNHITNASQWERPSGNSSSG,"KLPPGWE-RMSRSSGRVYYFNHITNASQWERPSGNSSSG
KLPPGWEKRMSRSSGRVYYFNHITNASQWERPSGNSSSG",149.539337158203,,8,None,'K' deleted in '8',0,1
102,-1.75241075146525,0,KLPPGWGEKRMSRSSGRVYYFNHITNASQWERPSGNSSSG,"KLPPGWGEKRMSRSSGRVYYFNHITNASQWERPSGNSSSG
KLPPGW-EKRMSRSSGRVYYFNHITNASQWERPSGNSSSG",153.843002319336,7,,'G' inserted at '7',None,1,0
103,-1.45238021551342,0,KLPPGWKRMSRSSGRVYYFNHITNASQWERPSGNSSSG,"KLPPGW-KRMSRSSGRVYYFNHITNASQWERPSGNSSSG
KLPPGWEKRMSRSSGRVYYFNHITNASQWERPSGNSSSG",149.539337158203,,7,None,'E' deleted in '7',0,1
104,-2.19616436223722,0,KLPPWEKRMSRSSGRVYYFNHITNASQWERPSGNSSSG,"KLPP-WEKRMSRSSGRVYYFNHITNASQWERPSGNSSSG
KLPPGWEKRMSRSSGRVYYFNHITNASQWERPSGNSSSG",149.539337158203,,5,None,'G' deleted in '5',0,1
105,-0.978429736290384,0,KPPGWEKRMSRSSGRVYYFNHITNASQWERPSGNSSSG,"K-PPGWEKRMSRSSGRVYYFNHITNASQWERPSGNSSSG
KLPPGWEKRMSRSSGRVYYFNHITNASQWERPSGNSSSG",149.539337158203,,2,None,'L' deleted in '2',0,1
106,0.080358771425737,1,LPPGWEKRMSRSSGRVYYFNHITNASQWERPSGNSSSG,"LPPGWEKRMSRSSGRVYYFNHITNASQWERPSGNSSSG
LPPGWEKRMSRSSGRVYYFNHITNASQWERPSGNSSSG",149.539337158203,,,None,None,0,0
