ID,DMS_Score,DMS_Score_Bin,mutated_sequence,Alignment,Align_score,Insertion_pos,Deletion_pos,Insertions,Deletions,NumberOfInsertionSites,NumberOfDeletionSites
1,-0.0627221092685772,1,ATHFTSQQLQELEATFQRNHYPDMSTREEIAVWTNLTEARVRVWFKNRRAKWR,"THFTSQQLQELEATFQRNHYPDMSTREEIAVWTNLTEARVRVWFKNRRAKWR
THFTSQQLQELEATFQRNHYPDMSTREEIAVWTNLTEARVRVWFKNRRAKWR",209.790649414063,,,None,None,0,0
2,-0.0035650793151544,1,GTHFTSQQLQELEATFQRNHYPDMSTREEIAVWTNLTEARVRVWFKNRRAKWR,"THFTSQQLQELEATFQRNHYPDMSTREEIAVWTNLTEARVRVWFKNRRAKWR
THFTSQQLQELEATFQRNHYPDMSTREEIAVWTNLTEARVRVWFKNRRAKWR",209.790649414063,,,None,None,0,0
3,0.0031097155477932,1,TAHFTSQQLQELEATFQRNHYPDMSTREEIAVWTNLTEARVRVWFKNRRAKWR,"TAHFTSQQLQELEATFQRNHYPDMSTREEIAVWTNLTEARVRVWFKNRRAKWR
T-HFTSQQLQELEATFQRNHYPDMSTREEIAVWTNLTEARVRVWFKNRRAKWR",209.790649414063,2,,'A' inserted at '2',None,1,0
4,-0.0812639448209449,1,TFTSQQLQELEATFQRNHYPDMSTREEIAVWTNLTEARVRVWFKNRRAKWR,"T-FTSQQLQELEATFQRNHYPDMSTREEIAVWTNLTEARVRVWFKNRRAKWR
THFTSQQLQELEATFQRNHYPDMSTREEIAVWTNLTEARVRVWFKNRRAKWR",205.48698425293,,2,None,'H' deleted in '2',0,1
5,-0.0363882359411489,1,TGHFTSQQLQELEATFQRNHYPDMSTREEIAVWTNLTEARVRVWFKNRRAKWR,"TGHFTSQQLQELEATFQRNHYPDMSTREEIAVWTNLTEARVRVWFKNRRAKWR
T-HFTSQQLQELEATFQRNHYPDMSTREEIAVWTNLTEARVRVWFKNRRAKWR",209.790649414063,2,,'G' inserted at '2',None,1,0
6,0.0139665730808675,1,THAFTSQQLQELEATFQRNHYPDMSTREEIAVWTNLTEARVRVWFKNRRAKWR,"THAFTSQQLQELEATFQRNHYPDMSTREEIAVWTNLTEARVRVWFKNRRAKWR
TH-FTSQQLQELEATFQRNHYPDMSTREEIAVWTNLTEARVRVWFKNRRAKWR",209.790649414063,3,,'A' inserted at '3',None,1,0
7,-1.39157934383936,0,THFATSQQLQELEATFQRNHYPDMSTREEIAVWTNLTEARVRVWFKNRRAKWR,"THFATSQQLQELEATFQRNHYPDMSTREEIAVWTNLTEARVRVWFKNRRAKWR
THF-TSQQLQELEATFQRNHYPDMSTREEIAVWTNLTEARVRVWFKNRRAKWR",209.790649414063,4,,'A' inserted at '4',None,1,0
8,-1.94746466206472,0,THFGTSQQLQELEATFQRNHYPDMSTREEIAVWTNLTEARVRVWFKNRRAKWR,"THFGTSQQLQELEATFQRNHYPDMSTREEIAVWTNLTEARVRVWFKNRRAKWR
THF-TSQQLQELEATFQRNHYPDMSTREEIAVWTNLTEARVRVWFKNRRAKWR",209.790649414063,4,,'G' inserted at '4',None,1,0
9,-1.88846880209543,0,THFSQQLQELEATFQRNHYPDMSTREEIAVWTNLTEARVRVWFKNRRAKWR,"THF-SQQLQELEATFQRNHYPDMSTREEIAVWTNLTEARVRVWFKNRRAKWR
THFTSQQLQELEATFQRNHYPDMSTREEIAVWTNLTEARVRVWFKNRRAKWR",205.48698425293,,4,None,'T' deleted in '4',0,1
10,-1.61080149657546,0,THFTASQQLQELEATFQRNHYPDMSTREEIAVWTNLTEARVRVWFKNRRAKWR,"THFTASQQLQELEATFQRNHYPDMSTREEIAVWTNLTEARVRVWFKNRRAKWR
THFT-SQQLQELEATFQRNHYPDMSTREEIAVWTNLTEARVRVWFKNRRAKWR",209.790649414063,5,,'A' inserted at '5',None,1,0
11,-2.02014599053751,0,THFTGSQQLQELEATFQRNHYPDMSTREEIAVWTNLTEARVRVWFKNRRAKWR,"THFTGSQQLQELEATFQRNHYPDMSTREEIAVWTNLTEARVRVWFKNRRAKWR
THFT-SQQLQELEATFQRNHYPDMSTREEIAVWTNLTEARVRVWFKNRRAKWR",209.790649414063,5,,'G' inserted at '5',None,1,0
12,-1.97377765521141,0,THFTQQLQELEATFQRNHYPDMSTREEIAVWTNLTEARVRVWFKNRRAKWR,"THFT-QQLQELEATFQRNHYPDMSTREEIAVWTNLTEARVRVWFKNRRAKWR
THFTSQQLQELEATFQRNHYPDMSTREEIAVWTNLTEARVRVWFKNRRAKWR",205.48698425293,,5,None,'S' deleted in '5',0,1
13,-1.412614854707,0,THFTSAQQLQELEATFQRNHYPDMSTREEIAVWTNLTEARVRVWFKNRRAKWR,"THFTSAQQLQELEATFQRNHYPDMSTREEIAVWTNLTEARVRVWFKNRRAKWR
THFTS-QQLQELEATFQRNHYPDMSTREEIAVWTNLTEARVRVWFKNRRAKWR",209.790649414063,6,,'A' inserted at '6',None,1,0
14,-1.91476585842774,0,THFTSGQQLQELEATFQRNHYPDMSTREEIAVWTNLTEARVRVWFKNRRAKWR,"THFTSGQQLQELEATFQRNHYPDMSTREEIAVWTNLTEARVRVWFKNRRAKWR
THFTS-QQLQELEATFQRNHYPDMSTREEIAVWTNLTEARVRVWFKNRRAKWR",209.790649414063,6,,'G' inserted at '6',None,1,0
15,-1.23844723206323,0,THFTSQAQLQELEATFQRNHYPDMSTREEIAVWTNLTEARVRVWFKNRRAKWR,"THFTSQAQLQELEATFQRNHYPDMSTREEIAVWTNLTEARVRVWFKNRRAKWR
THFTSQ-QLQELEATFQRNHYPDMSTREEIAVWTNLTEARVRVWFKNRRAKWR",209.790649414063,7,,'A' inserted at '7',None,1,0
16,-1.93491986885321,0,THFTSQGQLQELEATFQRNHYPDMSTREEIAVWTNLTEARVRVWFKNRRAKWR,"THFTSQGQLQELEATFQRNHYPDMSTREEIAVWTNLTEARVRVWFKNRRAKWR
THFTSQ-QLQELEATFQRNHYPDMSTREEIAVWTNLTEARVRVWFKNRRAKWR",209.790649414063,7,,'G' inserted at '7',None,1,0
17,-2.0091153707014,0,THFTSQLQELEATFQRNHYPDMSTREEIAVWTNLTEARVRVWFKNRRAKWR,"THFTSQ-LQELEATFQRNHYPDMSTREEIAVWTNLTEARVRVWFKNRRAKWR
THFTSQQLQELEATFQRNHYPDMSTREEIAVWTNLTEARVRVWFKNRRAKWR",205.48698425293,,7,None,'Q' deleted in '7',0,1
18,-1.41872406844915,0,THFTSQQALQELEATFQRNHYPDMSTREEIAVWTNLTEARVRVWFKNRRAKWR,"THFTSQQALQELEATFQRNHYPDMSTREEIAVWTNLTEARVRVWFKNRRAKWR
THFTSQQ-LQELEATFQRNHYPDMSTREEIAVWTNLTEARVRVWFKNRRAKWR",209.790649414063,8,,'A' inserted at '8',None,1,0
19,-2.12088205294482,0,THFTSQQGLQELEATFQRNHYPDMSTREEIAVWTNLTEARVRVWFKNRRAKWR,"THFTSQQGLQELEATFQRNHYPDMSTREEIAVWTNLTEARVRVWFKNRRAKWR
THFTSQQ-LQELEATFQRNHYPDMSTREEIAVWTNLTEARVRVWFKNRRAKWR",209.790649414063,8,,'G' inserted at '8',None,1,0
20,-1.33140758584773,0,THFTSQQLAQELEATFQRNHYPDMSTREEIAVWTNLTEARVRVWFKNRRAKWR,"THFTSQQLAQELEATFQRNHYPDMSTREEIAVWTNLTEARVRVWFKNRRAKWR
THFTSQQL-QELEATFQRNHYPDMSTREEIAVWTNLTEARVRVWFKNRRAKWR",209.790649414063,9,,'A' inserted at '9',None,1,0
21,-2.17717814814347,0,THFTSQQLELEATFQRNHYPDMSTREEIAVWTNLTEARVRVWFKNRRAKWR,"THFTSQQL-ELEATFQRNHYPDMSTREEIAVWTNLTEARVRVWFKNRRAKWR
THFTSQQLQELEATFQRNHYPDMSTREEIAVWTNLTEARVRVWFKNRRAKWR",205.48698425293,,9,None,'Q' deleted in '9',0,1
22,-2.05677242553427,0,THFTSQQLGQELEATFQRNHYPDMSTREEIAVWTNLTEARVRVWFKNRRAKWR,"THFTSQQLGQELEATFQRNHYPDMSTREEIAVWTNLTEARVRVWFKNRRAKWR
THFTSQQL-QELEATFQRNHYPDMSTREEIAVWTNLTEARVRVWFKNRRAKWR",209.790649414063,9,,'G' inserted at '9',None,1,0
23,-1.15162620850517,1,THFTSQQLQAELEATFQRNHYPDMSTREEIAVWTNLTEARVRVWFKNRRAKWR,"THFTSQQLQAELEATFQRNHYPDMSTREEIAVWTNLTEARVRVWFKNRRAKWR
THFTSQQLQ-ELEATFQRNHYPDMSTREEIAVWTNLTEARVRVWFKNRRAKWR",209.790649414063,10,,'A' inserted at '10',None,1,0
24,-0.666487879097881,1,THFTSQQLQEALEATFQRNHYPDMSTREEIAVWTNLTEARVRVWFKNRRAKWR,"THFTSQQLQEALEATFQRNHYPDMSTREEIAVWTNLTEARVRVWFKNRRAKWR
THFTSQQLQE-LEATFQRNHYPDMSTREEIAVWTNLTEARVRVWFKNRRAKWR",209.790649414063,11,,'A' inserted at '11',None,1,0
25,-2.86598165732243,0,THFTSQQLQEEATFQRNHYPDMSTREEIAVWTNLTEARVRVWFKNRRAKWR,"THFTSQQLQE-EATFQRNHYPDMSTREEIAVWTNLTEARVRVWFKNRRAKWR
THFTSQQLQELEATFQRNHYPDMSTREEIAVWTNLTEARVRVWFKNRRAKWR",205.48698425293,,11,None,'L' deleted in '11',0,1
26,-2.00792293449083,0,THFTSQQLQEGLEATFQRNHYPDMSTREEIAVWTNLTEARVRVWFKNRRAKWR,"THFTSQQLQEGLEATFQRNHYPDMSTREEIAVWTNLTEARVRVWFKNRRAKWR
THFTSQQLQE-LEATFQRNHYPDMSTREEIAVWTNLTEARVRVWFKNRRAKWR",209.790649414063,11,,'G' inserted at '11',None,1,0
27,-2.58565997838845,0,THFTSQQLQELAEATFQRNHYPDMSTREEIAVWTNLTEARVRVWFKNRRAKWR,"THFTSQQLQELAEATFQRNHYPDMSTREEIAVWTNLTEARVRVWFKNRRAKWR
THFTSQQLQEL-EATFQRNHYPDMSTREEIAVWTNLTEARVRVWFKNRRAKWR",209.790649414063,12,,'A' inserted at '12',None,1,0
28,-2.98170583591708,0,THFTSQQLQELEAFQRNHYPDMSTREEIAVWTNLTEARVRVWFKNRRAKWR,"THFTSQQLQELEA-FQRNHYPDMSTREEIAVWTNLTEARVRVWFKNRRAKWR
THFTSQQLQELEATFQRNHYPDMSTREEIAVWTNLTEARVRVWFKNRRAKWR",205.48698425293,,14,None,'T' deleted in '14',0,1
29,-2.74692809501153,0,THFTSQQLQELEATFAQRNHYPDMSTREEIAVWTNLTEARVRVWFKNRRAKWR,"THFTSQQLQELEATFAQRNHYPDMSTREEIAVWTNLTEARVRVWFKNRRAKWR
THFTSQQLQELEATF-QRNHYPDMSTREEIAVWTNLTEARVRVWFKNRRAKWR",209.790649414063,16,,'A' inserted at '16',None,1,0
30,-3.27704074655206,0,THFTSQQLQELEATFGQRNHYPDMSTREEIAVWTNLTEARVRVWFKNRRAKWR,"THFTSQQLQELEATFGQRNHYPDMSTREEIAVWTNLTEARVRVWFKNRRAKWR
THFTSQQLQELEATF-QRNHYPDMSTREEIAVWTNLTEARVRVWFKNRRAKWR",209.790649414063,16,,'G' inserted at '16',None,1,0
31,-2.74212364690904,0,THFTSQQLQELEATFQARNHYPDMSTREEIAVWTNLTEARVRVWFKNRRAKWR,"THFTSQQLQELEATFQARNHYPDMSTREEIAVWTNLTEARVRVWFKNRRAKWR
THFTSQQLQELEATFQ-RNHYPDMSTREEIAVWTNLTEARVRVWFKNRRAKWR",209.790649414063,17,,'A' inserted at '17',None,1,0
32,-2.27421279914072,0,THFTSQQLQELEATFQGRNHYPDMSTREEIAVWTNLTEARVRVWFKNRRAKWR,"THFTSQQLQELEATFQGRNHYPDMSTREEIAVWTNLTEARVRVWFKNRRAKWR
THFTSQQLQELEATFQ-RNHYPDMSTREEIAVWTNLTEARVRVWFKNRRAKWR",209.790649414063,17,,'G' inserted at '17',None,1,0
33,-3.34163256873596,0,THFTSQQLQELEATFQNHYPDMSTREEIAVWTNLTEARVRVWFKNRRAKWR,"THFTSQQLQELEATFQ-NHYPDMSTREEIAVWTNLTEARVRVWFKNRRAKWR
THFTSQQLQELEATFQRNHYPDMSTREEIAVWTNLTEARVRVWFKNRRAKWR",205.48698425293,,17,None,'R' deleted in '17',0,1
34,-2.32079755429754,0,THFTSQQLQELEATFQRANHYPDMSTREEIAVWTNLTEARVRVWFKNRRAKWR,"THFTSQQLQELEATFQRANHYPDMSTREEIAVWTNLTEARVRVWFKNRRAKWR
THFTSQQLQELEATFQR-NHYPDMSTREEIAVWTNLTEARVRVWFKNRRAKWR",209.790649414063,18,,'A' inserted at '18',None,1,0
35,-0.500249571119715,1,THFTSQQLQELEATFQRGNHYPDMSTREEIAVWTNLTEARVRVWFKNRRAKWR,"THFTSQQLQELEATFQRGNHYPDMSTREEIAVWTNLTEARVRVWFKNRRAKWR
THFTSQQLQELEATFQR-NHYPDMSTREEIAVWTNLTEARVRVWFKNRRAKWR",209.790649414063,18,,'G' inserted at '18',None,1,0
36,-2.43920579466241,0,THFTSQQLQELEATFQRHYPDMSTREEIAVWTNLTEARVRVWFKNRRAKWR,"THFTSQQLQELEATFQR-HYPDMSTREEIAVWTNLTEARVRVWFKNRRAKWR
THFTSQQLQELEATFQRNHYPDMSTREEIAVWTNLTEARVRVWFKNRRAKWR",205.48698425293,,18,None,'N' deleted in '18',0,1
37,-1.91260753045979,0,THFTSQQLQELEATFQRNGHYPDMSTREEIAVWTNLTEARVRVWFKNRRAKWR,"THFTSQQLQELEATFQRNGHYPDMSTREEIAVWTNLTEARVRVWFKNRRAKWR
THFTSQQLQELEATFQRN-HYPDMSTREEIAVWTNLTEARVRVWFKNRRAKWR",209.790649414063,19,,'G' inserted at '19',None,1,0
38,-2.49925139403694,0,THFTSQQLQELEATFQRNHAYPDMSTREEIAVWTNLTEARVRVWFKNRRAKWR,"THFTSQQLQELEATFQRNHAYPDMSTREEIAVWTNLTEARVRVWFKNRRAKWR
THFTSQQLQELEATFQRNH-YPDMSTREEIAVWTNLTEARVRVWFKNRRAKWR",209.790649414063,20,,'A' inserted at '20',None,1,0
39,-2.18350380601348,0,THFTSQQLQELEATFQRNHGYPDMSTREEIAVWTNLTEARVRVWFKNRRAKWR,"THFTSQQLQELEATFQRNHGYPDMSTREEIAVWTNLTEARVRVWFKNRRAKWR
THFTSQQLQELEATFQRNH-YPDMSTREEIAVWTNLTEARVRVWFKNRRAKWR",209.790649414063,20,,'G' inserted at '20',None,1,0
40,-3.34077310371622,0,THFTSQQLQELEATFQRNHPDMSTREEIAVWTNLTEARVRVWFKNRRAKWR,"THFTSQQLQELEATFQRNH-PDMSTREEIAVWTNLTEARVRVWFKNRRAKWR
THFTSQQLQELEATFQRNHYPDMSTREEIAVWTNLTEARVRVWFKNRRAKWR",205.48698425293,,20,None,'Y' deleted in '20',0,1
41,-2.52958067665534,0,THFTSQQLQELEATFQRNHYAPDMSTREEIAVWTNLTEARVRVWFKNRRAKWR,"THFTSQQLQELEATFQRNHYAPDMSTREEIAVWTNLTEARVRVWFKNRRAKWR
THFTSQQLQELEATFQRNHY-PDMSTREEIAVWTNLTEARVRVWFKNRRAKWR",209.790649414063,21,,'A' inserted at '21',None,1,0
42,-2.83855843085597,0,THFTSQQLQELEATFQRNHYDMSTREEIAVWTNLTEARVRVWFKNRRAKWR,"THFTSQQLQELEATFQRNHY-DMSTREEIAVWTNLTEARVRVWFKNRRAKWR
THFTSQQLQELEATFQRNHYPDMSTREEIAVWTNLTEARVRVWFKNRRAKWR",205.48698425293,,21,None,'P' deleted in '21',0,1
43,-2.77209207857401,0,THFTSQQLQELEATFQRNHYGPDMSTREEIAVWTNLTEARVRVWFKNRRAKWR,"THFTSQQLQELEATFQRNHYGPDMSTREEIAVWTNLTEARVRVWFKNRRAKWR
THFTSQQLQELEATFQRNHY-PDMSTREEIAVWTNLTEARVRVWFKNRRAKWR",209.790649414063,21,,'G' inserted at '21',None,1,0
44,-2.88036157804997,0,THFTSQQLQELEATFQRNHYPDAMSTREEIAVWTNLTEARVRVWFKNRRAKWR,"THFTSQQLQELEATFQRNHYPDAMSTREEIAVWTNLTEARVRVWFKNRRAKWR
THFTSQQLQELEATFQRNHYPD-MSTREEIAVWTNLTEARVRVWFKNRRAKWR",209.790649414063,23,,'A' inserted at '23',None,1,0
45,-2.23000137833734,0,THFTSQQLQELEATFQRNHYPDGMSTREEIAVWTNLTEARVRVWFKNRRAKWR,"THFTSQQLQELEATFQRNHYPDGMSTREEIAVWTNLTEARVRVWFKNRRAKWR
THFTSQQLQELEATFQRNHYPD-MSTREEIAVWTNLTEARVRVWFKNRRAKWR",209.790649414063,23,,'G' inserted at '23',None,1,0
46,-3.07816598970252,0,THFTSQQLQELEATFQRNHYPDMASTREEIAVWTNLTEARVRVWFKNRRAKWR,"THFTSQQLQELEATFQRNHYPDMASTREEIAVWTNLTEARVRVWFKNRRAKWR
THFTSQQLQELEATFQRNHYPDM-STREEIAVWTNLTEARVRVWFKNRRAKWR",209.790649414063,24,,'A' inserted at '24',None,1,0
47,-2.00438220702548,0,THFTSQQLQELEATFQRNHYPDMGSTREEIAVWTNLTEARVRVWFKNRRAKWR,"THFTSQQLQELEATFQRNHYPDMGSTREEIAVWTNLTEARVRVWFKNRRAKWR
THFTSQQLQELEATFQRNHYPDM-STREEIAVWTNLTEARVRVWFKNRRAKWR",209.790649414063,24,,'G' inserted at '24',None,1,0
48,-2.37317264783214,0,THFTSQQLQELEATFQRNHYPDMSATREEIAVWTNLTEARVRVWFKNRRAKWR,"THFTSQQLQELEATFQRNHYPDMSATREEIAVWTNLTEARVRVWFKNRRAKWR
THFTSQQLQELEATFQRNHYPDMS-TREEIAVWTNLTEARVRVWFKNRRAKWR",209.790649414063,25,,'A' inserted at '25',None,1,0
49,-2.78759289512552,0,THFTSQQLQELEATFQRNHYPDMSGTREEIAVWTNLTEARVRVWFKNRRAKWR,"THFTSQQLQELEATFQRNHYPDMSGTREEIAVWTNLTEARVRVWFKNRRAKWR
THFTSQQLQELEATFQRNHYPDMS-TREEIAVWTNLTEARVRVWFKNRRAKWR",209.790649414063,25,,'G' inserted at '25',None,1,0
50,-2.69842459792164,0,THFTSQQLQELEATFQRNHYPDMSREEIAVWTNLTEARVRVWFKNRRAKWR,"THFTSQQLQELEATFQRNHYPDMS-REEIAVWTNLTEARVRVWFKNRRAKWR
THFTSQQLQELEATFQRNHYPDMSTREEIAVWTNLTEARVRVWFKNRRAKWR",205.48698425293,,25,None,'T' deleted in '25',0,1
51,-2.46893950474541,0,THFTSQQLQELEATFQRNHYPDMSTAREEIAVWTNLTEARVRVWFKNRRAKWR,"THFTSQQLQELEATFQRNHYPDMSTAREEIAVWTNLTEARVRVWFKNRRAKWR
THFTSQQLQELEATFQRNHYPDMST-REEIAVWTNLTEARVRVWFKNRRAKWR",209.790649414063,26,,'A' inserted at '26',None,1,0
52,-2.40933090218677,0,THFTSQQLQELEATFQRNHYPDMSTEEIAVWTNLTEARVRVWFKNRRAKWR,"THFTSQQLQELEATFQRNHYPDMST-EEIAVWTNLTEARVRVWFKNRRAKWR
THFTSQQLQELEATFQRNHYPDMSTREEIAVWTNLTEARVRVWFKNRRAKWR",205.48698425293,,26,None,'R' deleted in '26',0,1
53,-3.17478334589084,0,THFTSQQLQELEATFQRNHYPDMSTGREEIAVWTNLTEARVRVWFKNRRAKWR,"THFTSQQLQELEATFQRNHYPDMSTGREEIAVWTNLTEARVRVWFKNRRAKWR
THFTSQQLQELEATFQRNHYPDMST-REEIAVWTNLTEARVRVWFKNRRAKWR",209.790649414063,26,,'G' inserted at '26',None,1,0
54,-2.65107729474192,0,THFTSQQLQELEATFQRNHYPDMSTREAEIAVWTNLTEARVRVWFKNRRAKWR,"THFTSQQLQELEATFQRNHYPDMSTREAEIAVWTNLTEARVRVWFKNRRAKWR
THFTSQQLQELEATFQRNHYPDMSTRE-EIAVWTNLTEARVRVWFKNRRAKWR",209.790649414063,28,,'A' inserted at '28',None,1,0
55,-2.58133897321237,0,THFTSQQLQELEATFQRNHYPDMSTREEAIAVWTNLTEARVRVWFKNRRAKWR,"THFTSQQLQELEATFQRNHYPDMSTREEAIAVWTNLTEARVRVWFKNRRAKWR
THFTSQQLQELEATFQRNHYPDMSTREE-IAVWTNLTEARVRVWFKNRRAKWR",209.790649414063,29,,'A' inserted at '29',None,1,0
56,-3.19251955667609,0,THFTSQQLQELEATFQRNHYPDMSTREEAVWTNLTEARVRVWFKNRRAKWR,"THFTSQQLQELEATFQRNHYPDMSTREE-AVWTNLTEARVRVWFKNRRAKWR
THFTSQQLQELEATFQRNHYPDMSTREEIAVWTNLTEARVRVWFKNRRAKWR",205.48698425293,,29,None,'I' deleted in '29',0,1
57,-1.0344448710722,1,THFTSQQLQELEATFQRNHYPDMSTREEIAAVWTNLTEARVRVWFKNRRAKWR,"THFTSQQLQELEATFQRNHYPDMSTREEIAAVWTNLTEARVRVWFKNRRAKWR
THFTSQQLQELEATFQRNHYPDMSTREEIA-VWTNLTEARVRVWFKNRRAKWR",209.790649414063,31,,'A' inserted at '31',None,1,0
58,-1.79098719862389,0,THFTSQQLQELEATFQRNHYPDMSTREEIAGVWTNLTEARVRVWFKNRRAKWR,"THFTSQQLQELEATFQRNHYPDMSTREEIAGVWTNLTEARVRVWFKNRRAKWR
THFTSQQLQELEATFQRNHYPDMSTREEIA-VWTNLTEARVRVWFKNRRAKWR",209.790649414063,31,,'G' inserted at '31',None,1,0
59,-1.60662504659643,0,THFTSQQLQELEATFQRNHYPDMSTREEIAVAWTNLTEARVRVWFKNRRAKWR,"THFTSQQLQELEATFQRNHYPDMSTREEIAVAWTNLTEARVRVWFKNRRAKWR
THFTSQQLQELEATFQRNHYPDMSTREEIAV-WTNLTEARVRVWFKNRRAKWR",209.790649414063,32,,'A' inserted at '32',None,1,0
60,-1.98925907011827,0,THFTSQQLQELEATFQRNHYPDMSTREEIAVGWTNLTEARVRVWFKNRRAKWR,"THFTSQQLQELEATFQRNHYPDMSTREEIAVGWTNLTEARVRVWFKNRRAKWR
THFTSQQLQELEATFQRNHYPDMSTREEIAV-WTNLTEARVRVWFKNRRAKWR",209.790649414063,32,,'G' inserted at '32',None,1,0
61,-2.46616070768045,0,THFTSQQLQELEATFQRNHYPDMSTREEIAVWATNLTEARVRVWFKNRRAKWR,"THFTSQQLQELEATFQRNHYPDMSTREEIAVWATNLTEARVRVWFKNRRAKWR
THFTSQQLQELEATFQRNHYPDMSTREEIAVW-TNLTEARVRVWFKNRRAKWR",209.790649414063,33,,'A' inserted at '33',None,1,0
62,-2.2631890099014,0,THFTSQQLQELEATFQRNHYPDMSTREEIAVWGTNLTEARVRVWFKNRRAKWR,"THFTSQQLQELEATFQRNHYPDMSTREEIAVWGTNLTEARVRVWFKNRRAKWR
THFTSQQLQELEATFQRNHYPDMSTREEIAVW-TNLTEARVRVWFKNRRAKWR",209.790649414063,33,,'G' inserted at '33',None,1,0
63,-3.20800564007564,0,THFTSQQLQELEATFQRNHYPDMSTREEIAVWNLTEARVRVWFKNRRAKWR,"THFTSQQLQELEATFQRNHYPDMSTREEIAVW-NLTEARVRVWFKNRRAKWR
THFTSQQLQELEATFQRNHYPDMSTREEIAVWTNLTEARVRVWFKNRRAKWR",205.48698425293,,33,None,'T' deleted in '33',0,1
64,-2.74843482775312,0,THFTSQQLQELEATFQRNHYPDMSTREEIAVWTANLTEARVRVWFKNRRAKWR,"THFTSQQLQELEATFQRNHYPDMSTREEIAVWTANLTEARVRVWFKNRRAKWR
THFTSQQLQELEATFQRNHYPDMSTREEIAVWT-NLTEARVRVWFKNRRAKWR",209.790649414063,34,,'A' inserted at '34',None,1,0
65,-2.60799287528981,0,THFTSQQLQELEATFQRNHYPDMSTREEIAVWTGNLTEARVRVWFKNRRAKWR,"THFTSQQLQELEATFQRNHYPDMSTREEIAVWTGNLTEARVRVWFKNRRAKWR
THFTSQQLQELEATFQRNHYPDMSTREEIAVWT-NLTEARVRVWFKNRRAKWR",209.790649414063,34,,'G' inserted at '34',None,1,0
66,-2.28519852556217,0,THFTSQQLQELEATFQRNHYPDMSTREEIAVWTLTEARVRVWFKNRRAKWR,"THFTSQQLQELEATFQRNHYPDMSTREEIAVWT-LTEARVRVWFKNRRAKWR
THFTSQQLQELEATFQRNHYPDMSTREEIAVWTNLTEARVRVWFKNRRAKWR",205.48698425293,,34,None,'N' deleted in '34',0,1
67,-2.69210087123581,0,THFTSQQLQELEATFQRNHYPDMSTREEIAVWTNALTEARVRVWFKNRRAKWR,"THFTSQQLQELEATFQRNHYPDMSTREEIAVWTNALTEARVRVWFKNRRAKWR
THFTSQQLQELEATFQRNHYPDMSTREEIAVWTN-LTEARVRVWFKNRRAKWR",209.790649414063,35,,'A' inserted at '35',None,1,0
68,-2.24595460572808,0,THFTSQQLQELEATFQRNHYPDMSTREEIAVWTNGLTEARVRVWFKNRRAKWR,"THFTSQQLQELEATFQRNHYPDMSTREEIAVWTNGLTEARVRVWFKNRRAKWR
THFTSQQLQELEATFQRNHYPDMSTREEIAVWTN-LTEARVRVWFKNRRAKWR",209.790649414063,35,,'G' inserted at '35',None,1,0
69,-2.80066467103094,0,THFTSQQLQELEATFQRNHYPDMSTREEIAVWTNLATEARVRVWFKNRRAKWR,"THFTSQQLQELEATFQRNHYPDMSTREEIAVWTNLATEARVRVWFKNRRAKWR
THFTSQQLQELEATFQRNHYPDMSTREEIAVWTNL-TEARVRVWFKNRRAKWR",209.790649414063,36,,'A' inserted at '36',None,1,0
70,-2.49653474012847,0,THFTSQQLQELEATFQRNHYPDMSTREEIAVWTNLEARVRVWFKNRRAKWR,"THFTSQQLQELEATFQRNHYPDMSTREEIAVWTNL-EARVRVWFKNRRAKWR
THFTSQQLQELEATFQRNHYPDMSTREEIAVWTNLTEARVRVWFKNRRAKWR",205.48698425293,,36,None,'T' deleted in '36',0,1
71,-2.17390643242655,0,THFTSQQLQELEATFQRNHYPDMSTREEIAVWTNLGTEARVRVWFKNRRAKWR,"THFTSQQLQELEATFQRNHYPDMSTREEIAVWTNLGTEARVRVWFKNRRAKWR
THFTSQQLQELEATFQRNHYPDMSTREEIAVWTNL-TEARVRVWFKNRRAKWR",209.790649414063,36,,'G' inserted at '36',None,1,0
72,-2.1310589072211,0,THFTSQQLQELEATFQRNHYPDMSTREEIAVWTNLTARVRVWFKNRRAKWR,"THFTSQQLQELEATFQRNHYPDMSTREEIAVWTNLT-ARVRVWFKNRRAKWR
THFTSQQLQELEATFQRNHYPDMSTREEIAVWTNLTEARVRVWFKNRRAKWR",205.486999511719,,37,None,'E' deleted in '37',0,1
73,-2.68970508656316,0,THFTSQQLQELEATFQRNHYPDMSTREEIAVWTNLTEAARVRVWFKNRRAKWR,"THFTSQQLQELEATFQRNHYPDMSTREEIAVWTNLTEAARVRVWFKNRRAKWR
THFTSQQLQELEATFQRNHYPDMSTREEIAVWTNLTEA-RVRVWFKNRRAKWR",209.790664672852,39,,'A' inserted at '39',None,1,0
74,-3.34109907067259,0,THFTSQQLQELEATFQRNHYPDMSTREEIAVWTNLTEARAVRVWFKNRRAKWR,"THFTSQQLQELEATFQRNHYPDMSTREEIAVWTNLTEARAVRVWFKNRRAKWR
THFTSQQLQELEATFQRNHYPDMSTREEIAVWTNLTEAR-VRVWFKNRRAKWR",209.790664672852,40,,'A' inserted at '40',None,1,0
75,-2.47318565617368,0,THFTSQQLQELEATFQRNHYPDMSTREEIAVWTNLTEARVRVWFAKNRRAKWR,"THFTSQQLQELEATFQRNHYPDMSTREEIAVWTNLTEARVRVWFAKNRRAKWR
THFTSQQLQELEATFQRNHYPDMSTREEIAVWTNLTEARVRVWF-KNRRAKWR",209.790664672852,45,,'A' inserted at '45',None,1,0
76,-2.4081679413387,0,THFTSQQLQELEATFQRNHYPDMSTREEIAVWTNLTEARVRVWFGKNRRAKWR,"THFTSQQLQELEATFQRNHYPDMSTREEIAVWTNLTEARVRVWFGKNRRAKWR
THFTSQQLQELEATFQRNHYPDMSTREEIAVWTNLTEARVRVWF-KNRRAKWR",209.790664672852,45,,'G' inserted at '45',None,1,0
77,-1.64368710769979,0,THFTSQQLQELEATFQRNHYPDMSTREEIAVWTNLTEARVRVWFKNARRAKWR,"THFTSQQLQELEATFQRNHYPDMSTREEIAVWTNLTEARVRVWFKNARRAKWR
THFTSQQLQELEATFQRNHYPDMSTREEIAVWTNLTEARVRVWFKN-RRAKWR",209.790664672852,47,,'A' inserted at '47',None,1,0
78,-3.19806242057136,0,THFTSQQLQELEATFQRNHYPDMSTREEIAVWTNLTEARVRVWFKNGRRAKWR,"THFTSQQLQELEATFQRNHYPDMSTREEIAVWTNLTEARVRVWFKNGRRAKWR
THFTSQQLQELEATFQRNHYPDMSTREEIAVWTNLTEARVRVWFKN-RRAKWR",209.790664672852,47,,'G' inserted at '47',None,1,0
79,-2.01502581242224,0,THFTSQQLQELEATFQRNHYPDMSTREEIAVWTNLTEARVRVWFKNRAKWR,"THFTSQQLQELEATFQRNHYPDMSTREEIAVWTNLTEARVRVWFKN-RAKWR
THFTSQQLQELEATFQRNHYPDMSTREEIAVWTNLTEARVRVWFKNRRAKWR",205.48698425293,,47,None,'R' deleted in '47',0,1
80,-2.21555657281755,0,THFTSQQLQELEATFQRNHYPDMSTREEIAVWTNLTEARVRVWFKNRARAKWR,"THFTSQQLQELEATFQRNHYPDMSTREEIAVWTNLTEARVRVWFKNRARAKWR
THFTSQQLQELEATFQRNHYPDMSTREEIAVWTNLTEARVRVWFKNR-RAKWR",209.790649414063,48,,'A' inserted at '48',None,1,0
81,-0.932146777739887,1,THFTSQQLQELEATFQRNHYPDMSTREEIAVWTNLTEARVRVWFKNRRAAKWR,"THFTSQQLQELEATFQRNHYPDMSTREEIAVWTNLTEARVRVWFKNRRAAKWR
THFTSQQLQELEATFQRNHYPDMSTREEIAVWTNLTEARVRVWFKNRRA-KWR",209.790649414063,50,,'A' inserted at '50',None,1,0
82,-1.08569955902547,1,THFTSQQLQELEATFQRNHYPDMSTREEIAVWTNLTEARVRVWFKNRRAGKWR,"THFTSQQLQELEATFQRNHYPDMSTREEIAVWTNLTEARVRVWFKNRRAGKWR
THFTSQQLQELEATFQRNHYPDMSTREEIAVWTNLTEARVRVWFKNRRA-KWR",209.790649414063,50,,'G' inserted at '50',None,1,0
83,-0.677729525217985,1,THFTSQQLQELEATFQRNHYPDMSTREEIAVWTNLTEARVRVWFKNRRAKAWR,"THFTSQQLQELEATFQRNHYPDMSTREEIAVWTNLTEARVRVWFKNRRAKAWR
THFTSQQLQELEATFQRNHYPDMSTREEIAVWTNLTEARVRVWFKNRRAK-WR",209.790649414063,51,,'A' inserted at '51',None,1,0
84,-0.953999143398064,1,THFTSQQLQELEATFQRNHYPDMSTREEIAVWTNLTEARVRVWFKNRRAKGWR,"THFTSQQLQELEATFQRNHYPDMSTREEIAVWTNLTEARVRVWFKNRRAKGWR
THFTSQQLQELEATFQRNHYPDMSTREEIAVWTNLTEARVRVWFKNRRAK-WR",209.790649414063,51,,'G' inserted at '51',None,1,0
85,-1.04493171441217,1,THFTSQQLQELEATFQRNHYPDMSTREEIAVWTNLTEARVRVWFKNRRAKR,"THFTSQQLQELEATFQRNHYPDMSTREEIAVWTNLTEARVRVWFKNRRAK-R
THFTSQQLQELEATFQRNHYPDMSTREEIAVWTNLTEARVRVWFKNRRAKWR",205.48698425293,,51,None,'W' deleted in '51',0,1
86,-0.571106785688297,1,THFTSQQLQELEATFQRNHYPDMSTREEIAVWTNLTEARVRVWFKNRRAKW,"THFTSQQLQELEATFQRNHYPDMSTREEIAVWTNLTEARVRVWFKNRRAKW
THFTSQQLQELEATFQRNHYPDMSTREEIAVWTNLTEARVRVWFKNRRAKW",205.48698425293,,,None,None,0,0
87,-0.401718594771998,1,THFTSQQLQELEATFQRNHYPDMSTREEIAVWTNLTEARVRVWFKNRRAKWAR,"THFTSQQLQELEATFQRNHYPDMSTREEIAVWTNLTEARVRVWFKNRRAKWAR
THFTSQQLQELEATFQRNHYPDMSTREEIAVWTNLTEARVRVWFKNRRAKW-R",209.790649414063,52,,'A' inserted at '52',None,1,0
88,-0.837854079561298,1,THFTSQQLQELEATFQRNHYPDMSTREEIAVWTNLTEARVRVWFKNRRAKWGR,"THFTSQQLQELEATFQRNHYPDMSTREEIAVWTNLTEARVRVWFKNRRAKWGR
THFTSQQLQELEATFQRNHYPDMSTREEIAVWTNLTEARVRVWFKNRRAKW-R",209.790649414063,52,,'G' inserted at '52',None,1,0
89,-1.12008118634816,1,THFTSQQLQELEATFQRNHYPDMSTREEIAVWTNLTEARVRVWFKNRRAWR,"THFTSQQLQELEATFQRNHYPDMSTREEIAVWTNLTEARVRVWFKNRRA-WR
THFTSQQLQELEATFQRNHYPDMSTREEIAVWTNLTEARVRVWFKNRRAKWR",205.48698425293,,50,None,'K' deleted in '50',0,1
90,-1.3107395960401,0,THFTSQQLQELEATFQRNHYPDMSTREEIAVWTNLTEARVRVWFKNRRGAKWR,"THFTSQQLQELEATFQRNHYPDMSTREEIAVWTNLTEARVRVWFKNRRGAKWR
THFTSQQLQELEATFQRNHYPDMSTREEIAVWTNLTEARVRVWFKNRR-AKWR",209.790649414063,49,,'G' inserted at '49',None,1,0
91,-0.992793588091115,1,THFTSQQLQELEATFQRNHYPDMSTREEIAVWTNLTEARVRVWFKNRRKWR,"THFTSQQLQELEATFQRNHYPDMSTREEIAVWTNLTEARVRVWFKNRR-KWR
THFTSQQLQELEATFQRNHYPDMSTREEIAVWTNLTEARVRVWFKNRRAKWR",205.48698425293,,49,None,'A' deleted in '49',0,1
92,-2.12342773418132,0,THFTSQQLQELEATFQRNHYPDMSTREEIAVWTNLTEARVRVWFKRRAKWR,"THFTSQQLQELEATFQRNHYPDMSTREEIAVWTNLTEARVRVWFK-RRAKWR
THFTSQQLQELEATFQRNHYPDMSTREEIAVWTNLTEARVRVWFKNRRAKWR",205.486999511719,,46,None,'N' deleted in '46',0,1
93,-2.17590306974097,0,THFTSQQLQELEATFQRNHYPDMSTREEIAVWTNLTEARVRVWFNRRAKWR,"THFTSQQLQELEATFQRNHYPDMSTREEIAVWTNLTEARVRVWF-NRRAKWR
THFTSQQLQELEATFQRNHYPDMSTREEIAVWTNLTEARVRVWFKNRRAKWR",205.486999511719,,45,None,'K' deleted in '45',0,1
94,-3.09785688211791,0,THFTSQQLQELEATFQRNHYPDMSTREEIAVWTNLTEARVVWFKNRRAKWR,"THFTSQQLQELEATFQRNHYPDMSTREEIAVWTNLTEARV-VWFKNRRAKWR
THFTSQQLQELEATFQRNHYPDMSTREEIAVWTNLTEARVRVWFKNRRAKWR",205.486999511719,,41,None,'R' deleted in '41',0,1
95,-1.93911724829316,0,THFTSQQLQELEATFQRNHYPDMSTREEIAVWTNLTEAVRVWFKNRRAKWR,"THFTSQQLQELEATFQRNHYPDMSTREEIAVWTNLTEA-VRVWFKNRRAKWR
THFTSQQLQELEATFQRNHYPDMSTREEIAVWTNLTEARVRVWFKNRRAKWR",205.486999511719,,39,None,'R' deleted in '39',0,1
96,-2.4963111513262,0,THFTSQQLQELEATFQRNHYPDMSTREEIAVWTNLTERVRVWFKNRRAKWR,"THFTSQQLQELEATFQRNHYPDMSTREEIAVWTNLTE-RVRVWFKNRRAKWR
THFTSQQLQELEATFQRNHYPDMSTREEIAVWTNLTEARVRVWFKNRRAKWR",205.486999511719,,38,None,'A' deleted in '38',0,1
97,-2.89245381493328,0,THFTSQQLQELEATFQRNHYPDMSTREEIAVWTNLTGEARVRVWFKNRRAKWR,"THFTSQQLQELEATFQRNHYPDMSTREEIAVWTNLTGEARVRVWFKNRRAKWR
THFTSQQLQELEATFQRNHYPDMSTREEIAVWTNLT-EARVRVWFKNRRAKWR",209.790649414063,37,,'G' inserted at '37',None,1,0
98,-2.6160831597188,0,THFTSQQLQELEATFQRNHYPDMSTREEIAWTNLTEARVRVWFKNRRAKWR,"THFTSQQLQELEATFQRNHYPDMSTREEIA-WTNLTEARVRVWFKNRRAKWR
THFTSQQLQELEATFQRNHYPDMSTREEIAVWTNLTEARVRVWFKNRRAKWR",205.48698425293,,31,None,'V' deleted in '31',0,1
99,-3.03114090307405,0,THFTSQQLQELEATFQRNHYPDMSTREEIGAVWTNLTEARVRVWFKNRRAKWR,"THFTSQQLQELEATFQRNHYPDMSTREEIGAVWTNLTEARVRVWFKNRRAKWR
THFTSQQLQELEATFQRNHYPDMSTREEI-AVWTNLTEARVRVWFKNRRAKWR",209.790649414063,30,,'G' inserted at '30',None,1,0
100,-2.13817974942825,0,THFTSQQLQELEATFQRNHYPDMSTREEIVWTNLTEARVRVWFKNRRAKWR,"THFTSQQLQELEATFQRNHYPDMSTREEI-VWTNLTEARVRVWFKNRRAKWR
THFTSQQLQELEATFQRNHYPDMSTREEIAVWTNLTEARVRVWFKNRRAKWR",205.48698425293,,30,None,'A' deleted in '30',0,1
101,-2.76118780987068,0,THFTSQQLQELEATFQRNHYPDMSTREGEIAVWTNLTEARVRVWFKNRRAKWR,"THFTSQQLQELEATFQRNHYPDMSTREGEIAVWTNLTEARVRVWFKNRRAKWR
THFTSQQLQELEATFQRNHYPDMSTRE-EIAVWTNLTEARVRVWFKNRRAKWR",209.790649414063,28,,'G' inserted at '28',None,1,0
102,-2.4660002299884,0,THFTSQQLQELEATFQRNHYPDMSTREIAVWTNLTEARVRVWFKNRRAKWR,"THFTSQQLQELEATFQRNHYPDMSTRE-IAVWTNLTEARVRVWFKNRRAKWR
THFTSQQLQELEATFQRNHYPDMSTREEIAVWTNLTEARVRVWFKNRRAKWR",205.48698425293,,28,None,'E' deleted in '28',0,1
103,-3.35176010540326,0,THFTSQQLQELEATFQRNHYPDMSTRGEEIAVWTNLTEARVRVWFKNRRAKWR,"THFTSQQLQELEATFQRNHYPDMSTRGEEIAVWTNLTEARVRVWFKNRRAKWR
THFTSQQLQELEATFQRNHYPDMSTR-EEIAVWTNLTEARVRVWFKNRRAKWR",209.790649414063,27,,'G' inserted at '27',None,1,0
104,-1.93587570505894,0,THFTSQQLQELEATFQRNHYPDMTREEIAVWTNLTEARVRVWFKNRRAKWR,"THFTSQQLQELEATFQRNHYPDM-TREEIAVWTNLTEARVRVWFKNRRAKWR
THFTSQQLQELEATFQRNHYPDMSTREEIAVWTNLTEARVRVWFKNRRAKWR",205.48698425293,,24,None,'S' deleted in '24',0,1
105,-3.07292035194421,0,THFTSQQLQELEATFQRNHYPDSTREEIAVWTNLTEARVRVWFKNRRAKWR,"THFTSQQLQELEATFQRNHYPD-STREEIAVWTNLTEARVRVWFKNRRAKWR
THFTSQQLQELEATFQRNHYPDMSTREEIAVWTNLTEARVRVWFKNRRAKWR",205.48698425293,,23,None,'M' deleted in '23',0,1
106,-2.56593202526469,0,THFTSQQLQELEATFQRNHYPGDMSTREEIAVWTNLTEARVRVWFKNRRAKWR,"THFTSQQLQELEATFQRNHYPGDMSTREEIAVWTNLTEARVRVWFKNRRAKWR
THFTSQQLQELEATFQRNHYP-DMSTREEIAVWTNLTEARVRVWFKNRRAKWR",209.790649414063,22,,'G' inserted at '22',None,1,0
107,-2.92383626689009,0,THFTSQQLQELEATFQRNHYPMSTREEIAVWTNLTEARVRVWFKNRRAKWR,"THFTSQQLQELEATFQRNHYP-MSTREEIAVWTNLTEARVRVWFKNRRAKWR
THFTSQQLQELEATFQRNHYPDMSTREEIAVWTNLTEARVRVWFKNRRAKWR",205.48698425293,,22,None,'D' deleted in '22',0,1
108,-2.94694791754495,0,THFTSQQLQELEATFQRNYPDMSTREEIAVWTNLTEARVRVWFKNRRAKWR,"THFTSQQLQELEATFQRN-YPDMSTREEIAVWTNLTEARVRVWFKNRRAKWR
THFTSQQLQELEATFQRNHYPDMSTREEIAVWTNLTEARVRVWFKNRRAKWR",205.48698425293,,19,None,'H' deleted in '19',0,1
109,-2.84721032616073,0,THFTSQQLQELEATFRNHYPDMSTREEIAVWTNLTEARVRVWFKNRRAKWR,"THFTSQQLQELEATF-RNHYPDMSTREEIAVWTNLTEARVRVWFKNRRAKWR
THFTSQQLQELEATFQRNHYPDMSTREEIAVWTNLTEARVRVWFKNRRAKWR",205.48698425293,,16,None,'Q' deleted in '16',0,1
110,-2.85798325033547,0,THFTSQQLQELEATQRNHYPDMSTREEIAVWTNLTEARVRVWFKNRRAKWR,"THFTSQQLQELEAT-QRNHYPDMSTREEIAVWTNLTEARVRVWFKNRRAKWR
THFTSQQLQELEATFQRNHYPDMSTREEIAVWTNLTEARVRVWFKNRRAKWR",205.48698425293,,15,None,'F' deleted in '15',0,1
111,-2.86745909416928,0,THFTSQQLQELETFQRNHYPDMSTREEIAVWTNLTEARVRVWFKNRRAKWR,"THFTSQQLQELE-TFQRNHYPDMSTREEIAVWTNLTEARVRVWFKNRRAKWR
THFTSQQLQELEATFQRNHYPDMSTREEIAVWTNLTEARVRVWFKNRRAKWR",205.48698425293,,13,None,'A' deleted in '13',0,1
112,-2.81831256102419,0,THFTSQQLQELGEATFQRNHYPDMSTREEIAVWTNLTEARVRVWFKNRRAKWR,"THFTSQQLQELGEATFQRNHYPDMSTREEIAVWTNLTEARVRVWFKNRRAKWR
THFTSQQLQEL-EATFQRNHYPDMSTREEIAVWTNLTEARVRVWFKNRRAKWR",209.790649414063,12,,'G' inserted at '12',None,1,0
113,-1.93512831643307,0,THFTSQQLQGELEATFQRNHYPDMSTREEIAVWTNLTEARVRVWFKNRRAKWR,"THFTSQQLQGELEATFQRNHYPDMSTREEIAVWTNLTEARVRVWFKNRRAKWR
THFTSQQLQ-ELEATFQRNHYPDMSTREEIAVWTNLTEARVRVWFKNRRAKWR",209.790649414063,10,,'G' inserted at '10',None,1,0
114,-1.65130786238913,0,THFTSQQLQLEATFQRNHYPDMSTREEIAVWTNLTEARVRVWFKNRRAKWR,"THFTSQQLQ-LEATFQRNHYPDMSTREEIAVWTNLTEARVRVWFKNRRAKWR
THFTSQQLQELEATFQRNHYPDMSTREEIAVWTNLTEARVRVWFKNRRAKWR",205.48698425293,,10,None,'E' deleted in '10',0,1
115,-2.23137431981771,0,THFTSQQQELEATFQRNHYPDMSTREEIAVWTNLTEARVRVWFKNRRAKWR,"THFTSQQ-QELEATFQRNHYPDMSTREEIAVWTNLTEARVRVWFKNRRAKWR
THFTSQQLQELEATFQRNHYPDMSTREEIAVWTNLTEARVRVWFKNRRAKWR",205.48698425293,,8,None,'L' deleted in '8',0,1
116,0.173042787196599,1,THGFTSQQLQELEATFQRNHYPDMSTREEIAVWTNLTEARVRVWFKNRRAKWR,"THGFTSQQLQELEATFQRNHYPDMSTREEIAVWTNLTEARVRVWFKNRRAKWR
TH-FTSQQLQELEATFQRNHYPDMSTREEIAVWTNLTEARVRVWFKNRRAKWR",209.790649414063,3,,'G' inserted at '3',None,1,0
117,-1.85879229958652,0,THTSQQLQELEATFQRNHYPDMSTREEIAVWTNLTEARVRVWFKNRRAKWR,"TH-TSQQLQELEATFQRNHYPDMSTREEIAVWTNLTEARVRVWFKNRRAKWR
THFTSQQLQELEATFQRNHYPDMSTREEIAVWTNLTEARVRVWFKNRRAKWR",205.48698425293,,3,None,'F' deleted in '3',0,1
