ID,DMS_Score,DMS_Score_Bin,mutated_sequence,Alignment,Align_score,Insertion_pos,Deletion_pos,Insertions,Deletions,NumberOfInsertionSites,NumberOfDeletionSites
1,-0.130912985125491,1,ASEYETMLTEIMSMGYERERVVAALRASYNNPHRAVEYLLTGIPG,"SEYETMLTEIMSMGYERERVVAALRASYNNPHRAVEYLLTGIPG
SEYETMLTEIMSMGYERERVVAALRASYNNPHRAVEYLLTGIPG",175.361328125,,,None,None,0,0
2,-0.17686634466505,1,EYETMLTEIMSMGYERERVVAALRASYNNPHRAVEYLLTGIPG,"EYETMLTEIMSMGYERERVVAALRASYNNPHRAVEYLLTGIPG
EYETMLTEIMSMGYERERVVAALRASYNNPHRAVEYLLTGIPG",171.057662963867,,,None,None,0,0
3,-0.196949304697993,1,GSEYETMLTEIMSMGYERERVVAALRASYNNPHRAVEYLLTGIPG,"SEYETMLTEIMSMGYERERVVAALRASYNNPHRAVEYLLTGIPG
SEYETMLTEIMSMGYERERVVAALRASYNNPHRAVEYLLTGIPG",175.361328125,,,None,None,0,0
4,-0.0642833733712757,1,SAEYETMLTEIMSMGYERERVVAALRASYNNPHRAVEYLLTGIPG,"SAEYETMLTEIMSMGYERERVVAALRASYNNPHRAVEYLLTGIPG
S-EYETMLTEIMSMGYERERVVAALRASYNNPHRAVEYLLTGIPG",175.361328125,2,,'A' inserted at '2',None,1,0
5,-0.0665365554825601,1,SEAYETMLTEIMSMGYERERVVAALRASYNNPHRAVEYLLTGIPG,"SEAYETMLTEIMSMGYERERVVAALRASYNNPHRAVEYLLTGIPG
SE-YETMLTEIMSMGYERERVVAALRASYNNPHRAVEYLLTGIPG",175.361328125,3,,'A' inserted at '3',None,1,0
6,-1.71864224283281,0,SEETMLTEIMSMGYERERVVAALRASYNNPHRAVEYLLTGIPG,"SE-ETMLTEIMSMGYERERVVAALRASYNNPHRAVEYLLTGIPG
SEYETMLTEIMSMGYERERVVAALRASYNNPHRAVEYLLTGIPG",171.057662963867,,3,None,'Y' deleted in '3',0,1
7,-0.412438551580942,1,SEGYETMLTEIMSMGYERERVVAALRASYNNPHRAVEYLLTGIPG,"SEGYETMLTEIMSMGYERERVVAALRASYNNPHRAVEYLLTGIPG
SE-YETMLTEIMSMGYERERVVAALRASYNNPHRAVEYLLTGIPG",175.361328125,3,,'G' inserted at '3',None,1,0
8,-1.42041657814277,0,SEYAETMLTEIMSMGYERERVVAALRASYNNPHRAVEYLLTGIPG,"SEYAETMLTEIMSMGYERERVVAALRASYNNPHRAVEYLLTGIPG
SEY-ETMLTEIMSMGYERERVVAALRASYNNPHRAVEYLLTGIPG",175.361328125,4,,'A' inserted at '4',None,1,0
9,-1.65457700161954,0,SEYEATMLTEIMSMGYERERVVAALRASYNNPHRAVEYLLTGIPG,"SEYEATMLTEIMSMGYERERVVAALRASYNNPHRAVEYLLTGIPG
SEYE-TMLTEIMSMGYERERVVAALRASYNNPHRAVEYLLTGIPG",175.361328125,5,,'A' inserted at '5',None,1,0
10,-1.71472681506411,0,SEYEGTMLTEIMSMGYERERVVAALRASYNNPHRAVEYLLTGIPG,"SEYEGTMLTEIMSMGYERERVVAALRASYNNPHRAVEYLLTGIPG
SEYE-TMLTEIMSMGYERERVVAALRASYNNPHRAVEYLLTGIPG",175.361328125,5,,'G' inserted at '5',None,1,0
11,-1.66425442606911,0,SEYEMLTEIMSMGYERERVVAALRASYNNPHRAVEYLLTGIPG,"SEYE-MLTEIMSMGYERERVVAALRASYNNPHRAVEYLLTGIPG
SEYETMLTEIMSMGYERERVVAALRASYNNPHRAVEYLLTGIPG",171.057662963867,,5,None,'T' deleted in '5',0,1
12,-1.54643251607106,0,SEYETAMLTEIMSMGYERERVVAALRASYNNPHRAVEYLLTGIPG,"SEYETAMLTEIMSMGYERERVVAALRASYNNPHRAVEYLLTGIPG
SEYET-MLTEIMSMGYERERVVAALRASYNNPHRAVEYLLTGIPG",175.361328125,6,,'A' inserted at '6',None,1,0
13,-2.00160700262572,0,SEYETGMLTEIMSMGYERERVVAALRASYNNPHRAVEYLLTGIPG,"SEYETGMLTEIMSMGYERERVVAALRASYNNPHRAVEYLLTGIPG
SEYET-MLTEIMSMGYERERVVAALRASYNNPHRAVEYLLTGIPG",175.361328125,6,,'G' inserted at '6',None,1,0
14,-2.3821650815986,0,SEYETLTEIMSMGYERERVVAALRASYNNPHRAVEYLLTGIPG,"SEYET-LTEIMSMGYERERVVAALRASYNNPHRAVEYLLTGIPG
SEYETMLTEIMSMGYERERVVAALRASYNNPHRAVEYLLTGIPG",171.057662963867,,6,None,'M' deleted in '6',0,1
15,-2.17630516458152,0,SEYETMALTEIMSMGYERERVVAALRASYNNPHRAVEYLLTGIPG,"SEYETMALTEIMSMGYERERVVAALRASYNNPHRAVEYLLTGIPG
SEYETM-LTEIMSMGYERERVVAALRASYNNPHRAVEYLLTGIPG",175.361328125,7,,'A' inserted at '7',None,1,0
16,-2.25144288170544,0,SEYETMGLTEIMSMGYERERVVAALRASYNNPHRAVEYLLTGIPG,"SEYETMGLTEIMSMGYERERVVAALRASYNNPHRAVEYLLTGIPG
SEYETM-LTEIMSMGYERERVVAALRASYNNPHRAVEYLLTGIPG",175.361328125,7,,'G' inserted at '7',None,1,0
17,-2.30229323550404,0,SEYETMLATEIMSMGYERERVVAALRASYNNPHRAVEYLLTGIPG,"SEYETMLATEIMSMGYERERVVAALRASYNNPHRAVEYLLTGIPG
SEYETML-TEIMSMGYERERVVAALRASYNNPHRAVEYLLTGIPG",175.361328125,8,,'A' inserted at '8',None,1,0
18,-1.98737056866444,0,SEYETMLEIMSMGYERERVVAALRASYNNPHRAVEYLLTGIPG,"SEYETML-EIMSMGYERERVVAALRASYNNPHRAVEYLLTGIPG
SEYETMLTEIMSMGYERERVVAALRASYNNPHRAVEYLLTGIPG",171.057662963867,,8,None,'T' deleted in '8',0,1
19,-3.18817361652044,0,SEYETMLGTEIMSMGYERERVVAALRASYNNPHRAVEYLLTGIPG,"SEYETMLGTEIMSMGYERERVVAALRASYNNPHRAVEYLLTGIPG
SEYETML-TEIMSMGYERERVVAALRASYNNPHRAVEYLLTGIPG",175.361328125,8,,'G' inserted at '8',None,1,0
20,-1.95829359950016,0,SEYETMLTAEIMSMGYERERVVAALRASYNNPHRAVEYLLTGIPG,"SEYETMLTAEIMSMGYERERVVAALRASYNNPHRAVEYLLTGIPG
SEYETMLT-EIMSMGYERERVVAALRASYNNPHRAVEYLLTGIPG",175.361328125,9,,'A' inserted at '9',None,1,0
21,-1.20108744740053,0,SEYETMLTEAIMSMGYERERVVAALRASYNNPHRAVEYLLTGIPG,"SEYETMLTEAIMSMGYERERVVAALRASYNNPHRAVEYLLTGIPG
SEYETMLTE-IMSMGYERERVVAALRASYNNPHRAVEYLLTGIPG",175.361328125,10,,'A' inserted at '10',None,1,0
22,-1.99529888555255,0,SEYETMLTEGIMSMGYERERVVAALRASYNNPHRAVEYLLTGIPG,"SEYETMLTEGIMSMGYERERVVAALRASYNNPHRAVEYLLTGIPG
SEYETMLTE-IMSMGYERERVVAALRASYNNPHRAVEYLLTGIPG",175.361328125,10,,'G' inserted at '10',None,1,0
23,-1.67547370710672,0,SEYETMLTEIAMSMGYERERVVAALRASYNNPHRAVEYLLTGIPG,"SEYETMLTEIAMSMGYERERVVAALRASYNNPHRAVEYLLTGIPG
SEYETMLTEI-MSMGYERERVVAALRASYNNPHRAVEYLLTGIPG",175.361328125,11,,'A' inserted at '11',None,1,0
24,-2.11555082341837,0,SEYETMLTEIGMSMGYERERVVAALRASYNNPHRAVEYLLTGIPG,"SEYETMLTEIGMSMGYERERVVAALRASYNNPHRAVEYLLTGIPG
SEYETMLTEI-MSMGYERERVVAALRASYNNPHRAVEYLLTGIPG",175.361328125,11,,'G' inserted at '11',None,1,0
25,-1.22469642004552,0,SEYETMLTEIMASMGYERERVVAALRASYNNPHRAVEYLLTGIPG,"SEYETMLTEIMASMGYERERVVAALRASYNNPHRAVEYLLTGIPG
SEYETMLTEIM-SMGYERERVVAALRASYNNPHRAVEYLLTGIPG",175.361328125,12,,'A' inserted at '12',None,1,0
26,-1.71251340183337,0,SEYETMLTEIMGSMGYERERVVAALRASYNNPHRAVEYLLTGIPG,"SEYETMLTEIMGSMGYERERVVAALRASYNNPHRAVEYLLTGIPG
SEYETMLTEIM-SMGYERERVVAALRASYNNPHRAVEYLLTGIPG",175.361328125,12,,'G' inserted at '12',None,1,0
27,-2.46973989150733,0,SEYETMLTEIMMGYERERVVAALRASYNNPHRAVEYLLTGIPG,"SEYETMLTEIM-MGYERERVVAALRASYNNPHRAVEYLLTGIPG
SEYETMLTEIMSMGYERERVVAALRASYNNPHRAVEYLLTGIPG",171.057662963867,,12,None,'S' deleted in '12',0,1
28,-1.18150954296532,0,SEYETMLTEIMSAMGYERERVVAALRASYNNPHRAVEYLLTGIPG,"SEYETMLTEIMSAMGYERERVVAALRASYNNPHRAVEYLLTGIPG
SEYETMLTEIMS-MGYERERVVAALRASYNNPHRAVEYLLTGIPG",175.361328125,13,,'A' inserted at '13',None,1,0
29,-1.61970569212823,0,SEYETMLTEIMSGMGYERERVVAALRASYNNPHRAVEYLLTGIPG,"SEYETMLTEIMSGMGYERERVVAALRASYNNPHRAVEYLLTGIPG
SEYETMLTEIMS-MGYERERVVAALRASYNNPHRAVEYLLTGIPG",175.361328125,13,,'G' inserted at '13',None,1,0
30,-2.405418618323,0,SEYETMLTEIMSGYERERVVAALRASYNNPHRAVEYLLTGIPG,"SEYETMLTEIMS-GYERERVVAALRASYNNPHRAVEYLLTGIPG
SEYETMLTEIMSMGYERERVVAALRASYNNPHRAVEYLLTGIPG",171.057662963867,,13,None,'M' deleted in '13',0,1
31,-1.83812397374846,0,SEYETMLTEIMSMAGYERERVVAALRASYNNPHRAVEYLLTGIPG,"SEYETMLTEIMSMAGYERERVVAALRASYNNPHRAVEYLLTGIPG
SEYETMLTEIMSM-GYERERVVAALRASYNNPHRAVEYLLTGIPG",175.361328125,14,,'A' inserted at '14',None,1,0
32,-1.41136759336041,0,SEYETMLTEIMSMGAYERERVVAALRASYNNPHRAVEYLLTGIPG,"SEYETMLTEIMSMGAYERERVVAALRASYNNPHRAVEYLLTGIPG
SEYETMLTEIMSMG-YERERVVAALRASYNNPHRAVEYLLTGIPG",175.361328125,15,,'A' inserted at '15',None,1,0
33,-3.34771586797265,0,SEYETMLTEIMSMGERERVVAALRASYNNPHRAVEYLLTGIPG,"SEYETMLTEIMSMG-ERERVVAALRASYNNPHRAVEYLLTGIPG
SEYETMLTEIMSMGYERERVVAALRASYNNPHRAVEYLLTGIPG",171.057662963867,,15,None,'Y' deleted in '15',0,1
34,-1.10105845864676,0,SEYETMLTEIMSMGGYERERVVAALRASYNNPHRAVEYLLTGIPG,"SEYETMLTEIMSMGGYERERVVAALRASYNNPHRAVEYLLTGIPG
SEYETMLTEIMSMG-YERERVVAALRASYNNPHRAVEYLLTGIPG",175.361328125,15,,'G' inserted at '15',None,1,0
35,-2.14742180710881,0,SEYETMLTEIMSMGYAERERVVAALRASYNNPHRAVEYLLTGIPG,"SEYETMLTEIMSMGYAERERVVAALRASYNNPHRAVEYLLTGIPG
SEYETMLTEIMSMGY-ERERVVAALRASYNNPHRAVEYLLTGIPG",175.361328125,16,,'A' inserted at '16',None,1,0
36,-2.00530982596434,0,SEYETMLTEIMSMGYEARERVVAALRASYNNPHRAVEYLLTGIPG,"SEYETMLTEIMSMGYEARERVVAALRASYNNPHRAVEYLLTGIPG
SEYETMLTEIMSMGYE-RERVVAALRASYNNPHRAVEYLLTGIPG",175.361328125,17,,'A' inserted at '17',None,1,0
37,-2.68347942913411,0,SEYETMLTEIMSMGYEERVVAALRASYNNPHRAVEYLLTGIPG,"SEYETMLTEIMSMGYE-ERVVAALRASYNNPHRAVEYLLTGIPG
SEYETMLTEIMSMGYERERVVAALRASYNNPHRAVEYLLTGIPG",171.057662963867,,17,None,'R' deleted in '17',0,1
38,-2.691759375767,0,SEYETMLTEIMSMGYEGRERVVAALRASYNNPHRAVEYLLTGIPG,"SEYETMLTEIMSMGYEGRERVVAALRASYNNPHRAVEYLLTGIPG
SEYETMLTEIMSMGYE-RERVVAALRASYNNPHRAVEYLLTGIPG",175.361328125,17,,'G' inserted at '17',None,1,0
39,-2.55423973323372,0,SEYETMLTEIMSMGYERAERVVAALRASYNNPHRAVEYLLTGIPG,"SEYETMLTEIMSMGYERAERVVAALRASYNNPHRAVEYLLTGIPG
SEYETMLTEIMSMGYER-ERVVAALRASYNNPHRAVEYLLTGIPG",175.361328125,18,,'A' inserted at '18',None,1,0
40,-2.89424552735803,0,SEYETMLTEIMSMGYEREARVVAALRASYNNPHRAVEYLLTGIPG,"SEYETMLTEIMSMGYEREARVVAALRASYNNPHRAVEYLLTGIPG
SEYETMLTEIMSMGYERE-RVVAALRASYNNPHRAVEYLLTGIPG",175.361328125,19,,'A' inserted at '19',None,1,0
41,-3.56154506844624,0,SEYETMLTEIMSMGYEREGRVVAALRASYNNPHRAVEYLLTGIPG,"SEYETMLTEIMSMGYEREGRVVAALRASYNNPHRAVEYLLTGIPG
SEYETMLTEIMSMGYERE-RVVAALRASYNNPHRAVEYLLTGIPG",175.361328125,19,,'G' inserted at '19',None,1,0
42,-2.88939793333319,0,SEYETMLTEIMSMGYERERAVVAALRASYNNPHRAVEYLLTGIPG,"SEYETMLTEIMSMGYERERAVVAALRASYNNPHRAVEYLLTGIPG
SEYETMLTEIMSMGYERER-VVAALRASYNNPHRAVEYLLTGIPG",175.361328125,20,,'A' inserted at '20',None,1,0
43,-3.04152424807496,0,SEYETMLTEIMSMGYERERGVVAALRASYNNPHRAVEYLLTGIPG,"SEYETMLTEIMSMGYERERGVVAALRASYNNPHRAVEYLLTGIPG
SEYETMLTEIMSMGYERER-VVAALRASYNNPHRAVEYLLTGIPG",175.361328125,20,,'G' inserted at '20',None,1,0
44,-3.49970219914972,0,SEYETMLTEIMSMGYERERVAALRASYNNPHRAVEYLLTGIPG,"SEYETMLTEIMSMGYERERV-AALRASYNNPHRAVEYLLTGIPG
SEYETMLTEIMSMGYERERVVAALRASYNNPHRAVEYLLTGIPG",171.057662963867,,21,None,'V' deleted in '21',0,1
45,-3.52230286080011,0,SEYETMLTEIMSMGYERERVAVAALRASYNNPHRAVEYLLTGIPG,"SEYETMLTEIMSMGYERERVAVAALRASYNNPHRAVEYLLTGIPG
SEYETMLTEIMSMGYERERV-VAALRASYNNPHRAVEYLLTGIPG",175.361328125,21,,'A' inserted at '21',None,1,0
46,-3.28644691917245,0,SEYETMLTEIMSMGYERERVVAAALRASYNNPHRAVEYLLTGIPG,"SEYETMLTEIMSMGYERERVVAAALRASYNNPHRAVEYLLTGIPG
SEYETMLTEIMSMGYERERVVAA-LRASYNNPHRAVEYLLTGIPG",175.361328125,24,,'A' inserted at '24',None,1,0
47,-3.41174170612951,0,SEYETMLTEIMSMGYERERVVAAGLRASYNNPHRAVEYLLTGIPG,"SEYETMLTEIMSMGYERERVVAAGLRASYNNPHRAVEYLLTGIPG
SEYETMLTEIMSMGYERERVVAA-LRASYNNPHRAVEYLLTGIPG",175.361328125,24,,'G' inserted at '24',None,1,0
48,-2.4847940983359,0,SEYETMLTEIMSMGYERERVVAALARASYNNPHRAVEYLLTGIPG,"SEYETMLTEIMSMGYERERVVAALARASYNNPHRAVEYLLTGIPG
SEYETMLTEIMSMGYERERVVAAL-RASYNNPHRAVEYLLTGIPG",175.361328125,25,,'A' inserted at '25',None,1,0
49,-1.73040713899493,0,SEYETMLTEIMSMGYERERVVAALASYNNPHRAVEYLLTGIPG,"SEYETMLTEIMSMGYERERVVAAL-ASYNNPHRAVEYLLTGIPG
SEYETMLTEIMSMGYERERVVAALRASYNNPHRAVEYLLTGIPG",171.057662963867,,25,None,'R' deleted in '25',0,1
50,-3.21955199199099,0,SEYETMLTEIMSMGYERERVVAALGRASYNNPHRAVEYLLTGIPG,"SEYETMLTEIMSMGYERERVVAALGRASYNNPHRAVEYLLTGIPG
SEYETMLTEIMSMGYERERVVAAL-RASYNNPHRAVEYLLTGIPG",175.361328125,25,,'G' inserted at '25',None,1,0
51,-2.30942333997704,0,SEYETMLTEIMSMGYERERVVAALRAASYNNPHRAVEYLLTGIPG,"SEYETMLTEIMSMGYERERVVAALRAASYNNPHRAVEYLLTGIPG
SEYETMLTEIMSMGYERERVVAALRA-SYNNPHRAVEYLLTGIPG",175.361328125,27,,'A' inserted at '27',None,1,0
52,-2.42614536398028,0,SEYETMLTEIMSMGYERERVVAALRAGSYNNPHRAVEYLLTGIPG,"SEYETMLTEIMSMGYERERVVAALRAGSYNNPHRAVEYLLTGIPG
SEYETMLTEIMSMGYERERVVAALRA-SYNNPHRAVEYLLTGIPG",175.361328125,27,,'G' inserted at '27',None,1,0
53,-2.61274586843483,0,SEYETMLTEIMSMGYERERVVAALRASAYNNPHRAVEYLLTGIPG,"SEYETMLTEIMSMGYERERVVAALRASAYNNPHRAVEYLLTGIPG
SEYETMLTEIMSMGYERERVVAALRAS-YNNPHRAVEYLLTGIPG",175.361328125,28,,'A' inserted at '28',None,1,0
54,-1.25843986030929,0,SEYETMLTEIMSMGYERERVVAALRASGYNNPHRAVEYLLTGIPG,"SEYETMLTEIMSMGYERERVVAALRASGYNNPHRAVEYLLTGIPG
SEYETMLTEIMSMGYERERVVAALRAS-YNNPHRAVEYLLTGIPG",175.361328125,28,,'G' inserted at '28',None,1,0
55,-2.07427168810083,0,SEYETMLTEIMSMGYERERVVAALRASNNPHRAVEYLLTGIPG,"SEYETMLTEIMSMGYERERVVAALRAS-NNPHRAVEYLLTGIPG
SEYETMLTEIMSMGYERERVVAALRASYNNPHRAVEYLLTGIPG",171.057662963867,,28,None,'Y' deleted in '28',0,1
56,-2.3637102736513,0,SEYETMLTEIMSMGYERERVVAALRASYANNPHRAVEYLLTGIPG,"SEYETMLTEIMSMGYERERVVAALRASYANNPHRAVEYLLTGIPG
SEYETMLTEIMSMGYERERVVAALRASY-NNPHRAVEYLLTGIPG",175.361328125,29,,'A' inserted at '29',None,1,0
57,-2.22210063528497,0,SEYETMLTEIMSMGYERERVVAALRASYGNNPHRAVEYLLTGIPG,"SEYETMLTEIMSMGYERERVVAALRASYGNNPHRAVEYLLTGIPG
SEYETMLTEIMSMGYERERVVAALRASY-NNPHRAVEYLLTGIPG",175.361328125,29,,'G' inserted at '29',None,1,0
58,-2.59474510455822,0,SEYETMLTEIMSMGYERERVVAALRASYNANPHRAVEYLLTGIPG,"SEYETMLTEIMSMGYERERVVAALRASYNANPHRAVEYLLTGIPG
SEYETMLTEIMSMGYERERVVAALRASYN-NPHRAVEYLLTGIPG",175.361343383789,30,,'A' inserted at '30',None,1,0
59,-2.02798725544031,0,SEYETMLTEIMSMGYERERVVAALRASYNGNPHRAVEYLLTGIPG,"SEYETMLTEIMSMGYERERVVAALRASYNGNPHRAVEYLLTGIPG
SEYETMLTEIMSMGYERERVVAALRASYN-NPHRAVEYLLTGIPG",175.361343383789,30,,'G' inserted at '30',None,1,0
60,-2.70935303697558,0,SEYETMLTEIMSMGYERERVVAALRASYNNAPHRAVEYLLTGIPG,"SEYETMLTEIMSMGYERERVVAALRASYNNAPHRAVEYLLTGIPG
SEYETMLTEIMSMGYERERVVAALRASYNN-PHRAVEYLLTGIPG",175.361343383789,31,,'A' inserted at '31',None,1,0
61,-2.44444979515813,0,SEYETMLTEIMSMGYERERVVAALRASYNNGPHRAVEYLLTGIPG,"SEYETMLTEIMSMGYERERVVAALRASYNNGPHRAVEYLLTGIPG
SEYETMLTEIMSMGYERERVVAALRASYNN-PHRAVEYLLTGIPG",175.361343383789,31,,'G' inserted at '31',None,1,0
62,-2.27406400166884,0,SEYETMLTEIMSMGYERERVVAALRASYNNHRAVEYLLTGIPG,"SEYETMLTEIMSMGYERERVVAALRASYNN-HRAVEYLLTGIPG
SEYETMLTEIMSMGYERERVVAALRASYNNPHRAVEYLLTGIPG",171.057678222656,,31,None,'P' deleted in '31',0,1
63,-2.51999133915467,0,SEYETMLTEIMSMGYERERVVAALRASYNNPAHRAVEYLLTGIPG,"SEYETMLTEIMSMGYERERVVAALRASYNNPAHRAVEYLLTGIPG
SEYETMLTEIMSMGYERERVVAALRASYNNP-HRAVEYLLTGIPG",175.361343383789,32,,'A' inserted at '32',None,1,0
64,-2.50821970681372,0,SEYETMLTEIMSMGYERERVVAALRASYNNPGHRAVEYLLTGIPG,"SEYETMLTEIMSMGYERERVVAALRASYNNPGHRAVEYLLTGIPG
SEYETMLTEIMSMGYERERVVAALRASYNNP-HRAVEYLLTGIPG",175.361343383789,32,,'G' inserted at '32',None,1,0
65,-2.67685057657906,0,SEYETMLTEIMSMGYERERVVAALRASYNNPHARAVEYLLTGIPG,"SEYETMLTEIMSMGYERERVVAALRASYNNPHARAVEYLLTGIPG
SEYETMLTEIMSMGYERERVVAALRASYNNPH-RAVEYLLTGIPG",175.361343383789,33,,'A' inserted at '33',None,1,0
66,-1.9693301330509,0,SEYETMLTEIMSMGYERERVVAALRASYNNPHAVEYLLTGIPG,"SEYETMLTEIMSMGYERERVVAALRASYNNPH-AVEYLLTGIPG
SEYETMLTEIMSMGYERERVVAALRASYNNPHRAVEYLLTGIPG",171.057678222656,,33,None,'R' deleted in '33',0,1
67,-2.79019684439188,0,SEYETMLTEIMSMGYERERVVAALRASYNNPHGRAVEYLLTGIPG,"SEYETMLTEIMSMGYERERVVAALRASYNNPHGRAVEYLLTGIPG
SEYETMLTEIMSMGYERERVVAALRASYNNPH-RAVEYLLTGIPG",175.361343383789,33,,'G' inserted at '33',None,1,0
68,-2.44108418500238,0,SEYETMLTEIMSMGYERERVVAALRASYNNPHRAAVEYLLTGIPG,"SEYETMLTEIMSMGYERERVVAALRASYNNPHRAAVEYLLTGIPG
SEYETMLTEIMSMGYERERVVAALRASYNNPHRA-VEYLLTGIPG",175.361343383789,35,,'A' inserted at '35',None,1,0
69,-2.49489896225393,0,SEYETMLTEIMSMGYERERVVAALRASYNNPHRAEYLLTGIPG,"SEYETMLTEIMSMGYERERVVAALRASYNNPHRA-EYLLTGIPG
SEYETMLTEIMSMGYERERVVAALRASYNNPHRAVEYLLTGIPG",171.057678222656,,35,None,'V' deleted in '35',0,1
70,-3.03547205926263,0,SEYETMLTEIMSMGYERERVVAALRASYNNPHRAGVEYLLTGIPG,"SEYETMLTEIMSMGYERERVVAALRASYNNPHRAGVEYLLTGIPG
SEYETMLTEIMSMGYERERVVAALRASYNNPHRA-VEYLLTGIPG",175.361343383789,35,,'G' inserted at '35',None,1,0
71,-2.22826099878552,0,SEYETMLTEIMSMGYERERVVAALRASYNNPHRAVAEYLLTGIPG,"SEYETMLTEIMSMGYERERVVAALRASYNNPHRAVAEYLLTGIPG
SEYETMLTEIMSMGYERERVVAALRASYNNPHRAV-EYLLTGIPG",175.361343383789,36,,'A' inserted at '36',None,1,0
72,-2.62996301663605,0,SEYETMLTEIMSMGYERERVVAALRASYNNPHRAVEAYLLTGIPG,"SEYETMLTEIMSMGYERERVVAALRASYNNPHRAVEAYLLTGIPG
SEYETMLTEIMSMGYERERVVAALRASYNNPHRAVE-YLLTGIPG",175.361343383789,37,,'A' inserted at '37',None,1,0
73,-2.84247749809231,0,SEYETMLTEIMSMGYERERVVAALRASYNNPHRAVEGYLLTGIPG,"SEYETMLTEIMSMGYERERVVAALRASYNNPHRAVEGYLLTGIPG
SEYETMLTEIMSMGYERERVVAALRASYNNPHRAVE-YLLTGIPG",175.361343383789,37,,'G' inserted at '37',None,1,0
74,-0.31676541232792,1,SEYETMLTEIMSMGYERERVVAALRASYNNPHRAVELLTGIPG,"SEYETMLTEIMSMGYERERVVAALRASYNNPHRAVE-LLTGIPG
SEYETMLTEIMSMGYERERVVAALRASYNNPHRAVEYLLTGIPG",171.057678222656,,37,None,'Y' deleted in '37',0,1
75,-2.73569079771815,0,SEYETMLTEIMSMGYERERVVAALRASYNNPHRAVEYALLTGIPG,"SEYETMLTEIMSMGYERERVVAALRASYNNPHRAVEYALLTGIPG
SEYETMLTEIMSMGYERERVVAALRASYNNPHRAVEY-LLTGIPG",175.361343383789,38,,'A' inserted at '38',None,1,0
76,-2.81079434960959,0,SEYETMLTEIMSMGYERERVVAALRASYNNPHRAVEYGLLTGIPG,"SEYETMLTEIMSMGYERERVVAALRASYNNPHRAVEYGLLTGIPG
SEYETMLTEIMSMGYERERVVAALRASYNNPHRAVEY-LLTGIPG",175.361343383789,38,,'G' inserted at '38',None,1,0
77,-0.544230652458428,1,SEYETMLTEIMSMGYERERVVAALRASYNNPHRAVEYLALTGIPG,"SEYETMLTEIMSMGYERERVVAALRASYNNPHRAVEYLALTGIPG
SEYETMLTEIMSMGYERERVVAALRASYNNPHRAVEYL-LTGIPG",175.361343383789,39,,'A' inserted at '39',None,1,0
78,-1.00139714004013,0,SEYETMLTEIMSMGYERERVVAALRASYNNPHRAVEYLGLTGIPG,"SEYETMLTEIMSMGYERERVVAALRASYNNPHRAVEYLGLTGIPG
SEYETMLTEIMSMGYERERVVAALRASYNNPHRAVEYL-LTGIPG",175.361343383789,39,,'G' inserted at '39',None,1,0
79,-0.0044899984331863,1,SEYETMLTEIMSMGYERERVVAALRASYNNPHRAVEYLLATGIPG,"SEYETMLTEIMSMGYERERVVAALRASYNNPHRAVEYLLATGIPG
SEYETMLTEIMSMGYERERVVAALRASYNNPHRAVEYLL-TGIPG",175.361328125,40,,'A' inserted at '40',None,1,0
80,-0.348161451079259,1,SEYETMLTEIMSMGYERERVVAALRASYNNPHRAVEYLLGIPG,"SEYETMLTEIMSMGYERERVVAALRASYNNPHRAVEYLL-GIPG
SEYETMLTEIMSMGYERERVVAALRASYNNPHRAVEYLLTGIPG",171.057662963867,,40,None,'T' deleted in '40',0,1
81,-0.416053337045024,1,SEYETMLTEIMSMGYERERVVAALRASYNNPHRAVEYLLGTGIPG,"SEYETMLTEIMSMGYERERVVAALRASYNNPHRAVEYLLGTGIPG
SEYETMLTEIMSMGYERERVVAALRASYNNPHRAVEYLL-TGIPG",175.361328125,40,,'G' inserted at '40',None,1,0
82,-0.558189134737857,1,SEYETMLTEIMSMGYERERVVAALRASYNNPHRAVEYLLTAGIPG,"SEYETMLTEIMSMGYERERVVAALRASYNNPHRAVEYLLTAGIPG
SEYETMLTEIMSMGYERERVVAALRASYNNPHRAVEYLLT-GIPG",175.361328125,41,,'A' inserted at '41',None,1,0
83,-0.0897861386636749,1,SEYETMLTEIMSMGYERERVVAALRASYNNPHRAVEYLLTGAIPG,"SEYETMLTEIMSMGYERERVVAALRASYNNPHRAVEYLLTGAIPG
SEYETMLTEIMSMGYERERVVAALRASYNNPHRAVEYLLTG-IPG",175.361328125,42,,'A' inserted at '42',None,1,0
84,-0.222719316796427,1,SEYETMLTEIMSMGYERERVVAALRASYNNPHRAVEYLLTGGIPG,"SEYETMLTEIMSMGYERERVVAALRASYNNPHRAVEYLLTGGIPG
SEYETMLTEIMSMGYERERVVAALRASYNNPHRAVEYLLTG-IPG",175.361328125,42,,'G' inserted at '42',None,1,0
85,-0.149274000916173,1,SEYETMLTEIMSMGYERERVVAALRASYNNPHRAVEYLLTGIAPG,"SEYETMLTEIMSMGYERERVVAALRASYNNPHRAVEYLLTGIAPG
SEYETMLTEIMSMGYERERVVAALRASYNNPHRAVEYLLTGI-PG",175.361328125,43,,'A' inserted at '43',None,1,0
86,-0.452536364620891,1,SEYETMLTEIMSMGYERERVVAALRASYNNPHRAVEYLLTGIG,"SEYETMLTEIMSMGYERERVVAALRASYNNPHRAVEYLLTGI-G
SEYETMLTEIMSMGYERERVVAALRASYNNPHRAVEYLLTGIPG",171.057662963867,,43,None,'P' deleted in '43',0,1
87,-0.306313079081069,1,SEYETMLTEIMSMGYERERVVAALRASYNNPHRAVEYLLTGIGPG,"SEYETMLTEIMSMGYERERVVAALRASYNNPHRAVEYLLTGIGPG
SEYETMLTEIMSMGYERERVVAALRASYNNPHRAVEYLLTGI-PG",175.361328125,43,,'G' inserted at '43',None,1,0
88,-0.0754777389749383,1,SEYETMLTEIMSMGYERERVVAALRASYNNPHRAVEYLLTGIP,"SEYETMLTEIMSMGYERERVVAALRASYNNPHRAVEYLLTGIP
SEYETMLTEIMSMGYERERVVAALRASYNNPHRAVEYLLTGIP",171.057662963867,,,None,None,0,0
89,-0.153503066582428,1,SEYETMLTEIMSMGYERERVVAALRASYNNPHRAVEYLLTGIPAG,"SEYETMLTEIMSMGYERERVVAALRASYNNPHRAVEYLLTGIPAG
SEYETMLTEIMSMGYERERVVAALRASYNNPHRAVEYLLTGIP-G",175.361328125,44,,'A' inserted at '44',None,1,0
90,-0.168308908954498,1,SEYETMLTEIMSMGYERERVVAALRASYNNPHRAVEYLLTGIPGG,"SEYETMLTEIMSMGYERERVVAALRASYNNPHRAVEYLLTGIPG
SEYETMLTEIMSMGYERERVVAALRASYNNPHRAVEYLLTGIPG",175.361328125,,,None,None,0,0
91,-0.5637808505913,1,SEYETMLTEIMSMGYERERVVAALRASYNNPHRAVEYLLTGPG,"SEYETMLTEIMSMGYERERVVAALRASYNNPHRAVEYLLTG-PG
SEYETMLTEIMSMGYERERVVAALRASYNNPHRAVEYLLTGIPG",171.057662963867,,42,None,'I' deleted in '42',0,1
92,-0.873037387263895,0,SEYETMLTEIMSMGYERERVVAALRASYNNPHRAVEYLLTIPG,"SEYETMLTEIMSMGYERERVVAALRASYNNPHRAVEYLLT-IPG
SEYETMLTEIMSMGYERERVVAALRASYNNPHRAVEYLLTGIPG",171.057662963867,,41,None,'G' deleted in '41',0,1
93,-0.812463569530843,0,SEYETMLTEIMSMGYERERVVAALRASYNNPHRAVEYLTGIPG,"SEYETMLTEIMSMGYERERVVAALRASYNNPHRAVEY-LTGIPG
SEYETMLTEIMSMGYERERVVAALRASYNNPHRAVEYLLTGIPG",171.057678222656,,38,None,'L' deleted in '38',0,1
94,-2.74142027886562,0,SEYETMLTEIMSMGYERERVVAALRASYNNPHRAVGEYLLTGIPG,"SEYETMLTEIMSMGYERERVVAALRASYNNPHRAVGEYLLTGIPG
SEYETMLTEIMSMGYERERVVAALRASYNNPHRAV-EYLLTGIPG",175.361343383789,36,,'G' inserted at '36',None,1,0
95,-1.1747900235441,0,SEYETMLTEIMSMGYERERVVAALRASYNNPHRAVYLLTGIPG,"SEYETMLTEIMSMGYERERVVAALRASYNNPHRAV-YLLTGIPG
SEYETMLTEIMSMGYERERVVAALRASYNNPHRAVEYLLTGIPG",171.057678222656,,36,None,'E' deleted in '36',0,1
96,-2.57737875637981,0,SEYETMLTEIMSMGYERERVVAALRASYNNPHRGAVEYLLTGIPG,"SEYETMLTEIMSMGYERERVVAALRASYNNPHRGAVEYLLTGIPG
SEYETMLTEIMSMGYERERVVAALRASYNNPHR-AVEYLLTGIPG",175.361343383789,34,,'G' inserted at '34',None,1,0
97,-2.78360618636813,0,SEYETMLTEIMSMGYERERVVAALRASYNNPHRVEYLLTGIPG,"SEYETMLTEIMSMGYERERVVAALRASYNNPHR-VEYLLTGIPG
SEYETMLTEIMSMGYERERVVAALRASYNNPHRAVEYLLTGIPG",171.057678222656,,34,None,'A' deleted in '34',0,1
98,-2.52484314314856,0,SEYETMLTEIMSMGYERERVVAALRASYNNPRAVEYLLTGIPG,"SEYETMLTEIMSMGYERERVVAALRASYNNP-RAVEYLLTGIPG
SEYETMLTEIMSMGYERERVVAALRASYNNPHRAVEYLLTGIPG",171.057678222656,,32,None,'H' deleted in '32',0,1
99,-2.33008909072403,0,SEYETMLTEIMSMGYERERVVAALRASYNPHRAVEYLLTGIPG,"SEYETMLTEIMSMGYERERVVAALRASYN-PHRAVEYLLTGIPG
SEYETMLTEIMSMGYERERVVAALRASYNNPHRAVEYLLTGIPG",171.057678222656,,30,None,'N' deleted in '30',0,1
100,-1.43199308879659,0,SEYETMLTEIMSMGYERERVVAALRAYNNPHRAVEYLLTGIPG,"SEYETMLTEIMSMGYERERVVAALRA-YNNPHRAVEYLLTGIPG
SEYETMLTEIMSMGYERERVVAALRASYNNPHRAVEYLLTGIPG",171.057662963867,,27,None,'S' deleted in '27',0,1
101,-3.00979482373055,0,SEYETMLTEIMSMGYERERVVAALRGASYNNPHRAVEYLLTGIPG,"SEYETMLTEIMSMGYERERVVAALRGASYNNPHRAVEYLLTGIPG
SEYETMLTEIMSMGYERERVVAALR-ASYNNPHRAVEYLLTGIPG",175.361328125,26,,'G' inserted at '26',None,1,0
102,-1.77239984589976,0,SEYETMLTEIMSMGYERERVVAALRSYNNPHRAVEYLLTGIPG,"SEYETMLTEIMSMGYERERVVAALR-SYNNPHRAVEYLLTGIPG
SEYETMLTEIMSMGYERERVVAALRASYNNPHRAVEYLLTGIPG",171.057662963867,,26,None,'A' deleted in '26',0,1
103,-3.62775669056272,0,SEYETMLTEIMSMGYERERVVAGALRASYNNPHRAVEYLLTGIPG,"SEYETMLTEIMSMGYERERVVAGALRASYNNPHRAVEYLLTGIPG
SEYETMLTEIMSMGYERERVVA-ALRASYNNPHRAVEYLLTGIPG",175.361328125,23,,'G' inserted at '23',None,1,0
104,-3.78660942817464,0,SEYETMLTEIMSMGYERERVVALRASYNNPHRAVEYLLTGIPG,"SEYETMLTEIMSMGYERERVVA-LRASYNNPHRAVEYLLTGIPG
SEYETMLTEIMSMGYERERVVAALRASYNNPHRAVEYLLTGIPG",171.057662963867,,23,None,'A' deleted in '23',0,1
105,-3.54543202495749,0,SEYETMLTEIMSMGYERERVVGAALRASYNNPHRAVEYLLTGIPG,"SEYETMLTEIMSMGYERERVVGAALRASYNNPHRAVEYLLTGIPG
SEYETMLTEIMSMGYERERVV-AALRASYNNPHRAVEYLLTGIPG",175.361328125,22,,'G' inserted at '22',None,1,0
106,-2.86458905546705,0,SEYETMLTEIMSMGYEREVVAALRASYNNPHRAVEYLLTGIPG,"SEYETMLTEIMSMGYERE-VVAALRASYNNPHRAVEYLLTGIPG
SEYETMLTEIMSMGYERERVVAALRASYNNPHRAVEYLLTGIPG",171.057662963867,,19,None,'R' deleted in '19',0,1
107,-3.51268040109094,0,SEYETMLTEIMSMGYERGERVVAALRASYNNPHRAVEYLLTGIPG,"SEYETMLTEIMSMGYERGERVVAALRASYNNPHRAVEYLLTGIPG
SEYETMLTEIMSMGYER-ERVVAALRASYNNPHRAVEYLLTGIPG",175.361328125,18,,'G' inserted at '18',None,1,0
108,-2.98841161207167,0,SEYETMLTEIMSMGYERRVVAALRASYNNPHRAVEYLLTGIPG,"SEYETMLTEIMSMGYER-RVVAALRASYNNPHRAVEYLLTGIPG
SEYETMLTEIMSMGYERERVVAALRASYNNPHRAVEYLLTGIPG",171.057662963867,,18,None,'E' deleted in '18',0,1
109,-2.19895200875239,0,SEYETMLTEIMSMGYGERERVVAALRASYNNPHRAVEYLLTGIPG,"SEYETMLTEIMSMGYGERERVVAALRASYNNPHRAVEYLLTGIPG
SEYETMLTEIMSMGY-ERERVVAALRASYNNPHRAVEYLLTGIPG",175.361328125,16,,'G' inserted at '16',None,1,0
110,-2.66117973481819,0,SEYETMLTEIMSMGYRERVVAALRASYNNPHRAVEYLLTGIPG,"SEYETMLTEIMSMGY-RERVVAALRASYNNPHRAVEYLLTGIPG
SEYETMLTEIMSMGYERERVVAALRASYNNPHRAVEYLLTGIPG",171.057662963867,,16,None,'E' deleted in '16',0,1
111,-2.34649175812527,0,SEYETMLTEIMSMYERERVVAALRASYNNPHRAVEYLLTGIPG,"SEYETMLTEIMSM-YERERVVAALRASYNNPHRAVEYLLTGIPG
SEYETMLTEIMSMGYERERVVAALRASYNNPHRAVEYLLTGIPG",171.057662963867,,14,None,'G' deleted in '14',0,1
112,-2.94842255817131,0,SEYETMLTEISMGYERERVVAALRASYNNPHRAVEYLLTGIPG,"SEYETMLTEI-SMGYERERVVAALRASYNNPHRAVEYLLTGIPG
SEYETMLTEIMSMGYERERVVAALRASYNNPHRAVEYLLTGIPG",171.057662963867,,11,None,'M' deleted in '11',0,1
113,-2.9077296866601,0,SEYETMLTEMSMGYERERVVAALRASYNNPHRAVEYLLTGIPG,"SEYETMLTE-MSMGYERERVVAALRASYNNPHRAVEYLLTGIPG
SEYETMLTEIMSMGYERERVVAALRASYNNPHRAVEYLLTGIPG",171.057662963867,,10,None,'I' deleted in '10',0,1
114,-2.58700721633241,0,SEYETMLTGEIMSMGYERERVVAALRASYNNPHRAVEYLLTGIPG,"SEYETMLTGEIMSMGYERERVVAALRASYNNPHRAVEYLLTGIPG
SEYETMLT-EIMSMGYERERVVAALRASYNNPHRAVEYLLTGIPG",175.361328125,9,,'G' inserted at '9',None,1,0
115,-1.8163396947232,0,SEYETMLTIMSMGYERERVVAALRASYNNPHRAVEYLLTGIPG,"SEYETMLT-IMSMGYERERVVAALRASYNNPHRAVEYLLTGIPG
SEYETMLTEIMSMGYERERVVAALRASYNNPHRAVEYLLTGIPG",171.057662963867,,9,None,'E' deleted in '9',0,1
116,-2.53938071465324,0,SEYETMTEIMSMGYERERVVAALRASYNNPHRAVEYLLTGIPG,"SEYETM-TEIMSMGYERERVVAALRASYNNPHRAVEYLLTGIPG
SEYETMLTEIMSMGYERERVVAALRASYNNPHRAVEYLLTGIPG",171.057662963867,,7,None,'L' deleted in '7',0,1
117,-1.76020836480051,0,SEYGETMLTEIMSMGYERERVVAALRASYNNPHRAVEYLLTGIPG,"SEYGETMLTEIMSMGYERERVVAALRASYNNPHRAVEYLLTGIPG
SEY-ETMLTEIMSMGYERERVVAALRASYNNPHRAVEYLLTGIPG",175.361328125,4,,'G' inserted at '4',None,1,0
118,-1.79634240827479,0,SEYTMLTEIMSMGYERERVVAALRASYNNPHRAVEYLLTGIPG,"SEY-TMLTEIMSMGYERERVVAALRASYNNPHRAVEYLLTGIPG
SEYETMLTEIMSMGYERERVVAALRASYNNPHRAVEYLLTGIPG",171.057662963867,,4,None,'E' deleted in '4',0,1
119,-0.373438891546646,1,SGEYETMLTEIMSMGYERERVVAALRASYNNPHRAVEYLLTGIPG,"SGEYETMLTEIMSMGYERERVVAALRASYNNPHRAVEYLLTGIPG
S-EYETMLTEIMSMGYERERVVAALRASYNNPHRAVEYLLTGIPG",175.361328125,2,,'G' inserted at '2',None,1,0
120,-0.23914929966672,1,SYETMLTEIMSMGYERERVVAALRASYNNPHRAVEYLLTGIPG,"S-YETMLTEIMSMGYERERVVAALRASYNNPHRAVEYLLTGIPG
SEYETMLTEIMSMGYERERVVAALRASYNNPHRAVEYLLTGIPG",171.057662963867,,2,None,'E' deleted in '2',0,1
