ID,DMS_Score,DMS_Score_Bin,mutated_sequence,Alignment,Align_score,Insertion_pos,Deletion_pos,Insertions,Deletions,NumberOfInsertionSites,NumberOfDeletionSites
1,0.112129044644985,1,ARPMNAFMVWARIHRPALAKANPAANNAEISVQLGLEWNKLSEEQKKPYYDEAQKIKE,"RPMNAFMVWARIHRPALAKANPAANNAEISVQLGLEWNKLSEEQKKPYYDEAQKIKE
RPMNAFMVWARIHRPALAKANPAANNAEISVQLGLEWNKLSEEQKKPYYDEAQKIKE",231.308975219727,,,None,None,0,0
2,0.034949110028811,1,GRPMNAFMVWARIHRPALAKANPAANNAEISVQLGLEWNKLSEEQKKPYYDEAQKIKE,"RPMNAFMVWARIHRPALAKANPAANNAEISVQLGLEWNKLSEEQKKPYYDEAQKIKE
RPMNAFMVWARIHRPALAKANPAANNAEISVQLGLEWNKLSEEQKKPYYDEAQKIKE",231.308975219727,,,None,None,0,0
3,0.119050181757813,1,PMNAFMVWARIHRPALAKANPAANNAEISVQLGLEWNKLSEEQKKPYYDEAQKIKE,"PMNAFMVWARIHRPALAKANPAANNAEISVQLGLEWNKLSEEQKKPYYDEAQKIKE
PMNAFMVWARIHRPALAKANPAANNAEISVQLGLEWNKLSEEQKKPYYDEAQKIKE",227.005310058594,,,None,None,0,0
4,-0.100318060854395,1,RAPMNAFMVWARIHRPALAKANPAANNAEISVQLGLEWNKLSEEQKKPYYDEAQKIKE,"RAPMNAFMVWARIHRPALAKANPAANNAEISVQLGLEWNKLSEEQKKPYYDEAQKIKE
R-PMNAFMVWARIHRPALAKANPAANNAEISVQLGLEWNKLSEEQKKPYYDEAQKIKE",231.308975219727,2,,'A' inserted at '2',None,1,0
5,0.0220811039559256,1,RGPMNAFMVWARIHRPALAKANPAANNAEISVQLGLEWNKLSEEQKKPYYDEAQKIKE,"RGPMNAFMVWARIHRPALAKANPAANNAEISVQLGLEWNKLSEEQKKPYYDEAQKIKE
R-PMNAFMVWARIHRPALAKANPAANNAEISVQLGLEWNKLSEEQKKPYYDEAQKIKE",231.308975219727,2,,'G' inserted at '2',None,1,0
6,0.117398249206907,1,RMNAFMVWARIHRPALAKANPAANNAEISVQLGLEWNKLSEEQKKPYYDEAQKIKE,"R-MNAFMVWARIHRPALAKANPAANNAEISVQLGLEWNKLSEEQKKPYYDEAQKIKE
RPMNAFMVWARIHRPALAKANPAANNAEISVQLGLEWNKLSEEQKKPYYDEAQKIKE",227.005310058594,,2,None,'P' deleted in '2',0,1
7,0.112568977729651,1,RPAMNAFMVWARIHRPALAKANPAANNAEISVQLGLEWNKLSEEQKKPYYDEAQKIKE,"RPAMNAFMVWARIHRPALAKANPAANNAEISVQLGLEWNKLSEEQKKPYYDEAQKIKE
RP-MNAFMVWARIHRPALAKANPAANNAEISVQLGLEWNKLSEEQKKPYYDEAQKIKE",231.308975219727,3,,'A' inserted at '3',None,1,0
8,-0.0354527153066621,1,RPGMNAFMVWARIHRPALAKANPAANNAEISVQLGLEWNKLSEEQKKPYYDEAQKIKE,"RPGMNAFMVWARIHRPALAKANPAANNAEISVQLGLEWNKLSEEQKKPYYDEAQKIKE
RP-MNAFMVWARIHRPALAKANPAANNAEISVQLGLEWNKLSEEQKKPYYDEAQKIKE",231.308975219727,3,,'G' inserted at '3',None,1,0
9,-0.30796239744311,1,RPMAFMVWARIHRPALAKANPAANNAEISVQLGLEWNKLSEEQKKPYYDEAQKIKE,"RPM-AFMVWARIHRPALAKANPAANNAEISVQLGLEWNKLSEEQKKPYYDEAQKIKE
RPMNAFMVWARIHRPALAKANPAANNAEISVQLGLEWNKLSEEQKKPYYDEAQKIKE",227.005310058594,,4,None,'N' deleted in '4',0,1
10,-0.223666573794093,1,RPMANAFMVWARIHRPALAKANPAANNAEISVQLGLEWNKLSEEQKKPYYDEAQKIKE,"RPMANAFMVWARIHRPALAKANPAANNAEISVQLGLEWNKLSEEQKKPYYDEAQKIKE
RPM-NAFMVWARIHRPALAKANPAANNAEISVQLGLEWNKLSEEQKKPYYDEAQKIKE",231.308975219727,4,,'A' inserted at '4',None,1,0
11,-0.412633964078741,0,RPMGNAFMVWARIHRPALAKANPAANNAEISVQLGLEWNKLSEEQKKPYYDEAQKIKE,"RPMGNAFMVWARIHRPALAKANPAANNAEISVQLGLEWNKLSEEQKKPYYDEAQKIKE
RPM-NAFMVWARIHRPALAKANPAANNAEISVQLGLEWNKLSEEQKKPYYDEAQKIKE",231.308975219727,4,,'G' inserted at '4',None,1,0
12,-0.149679545239409,1,RPMNAAFMVWARIHRPALAKANPAANNAEISVQLGLEWNKLSEEQKKPYYDEAQKIKE,"RPMNAAFMVWARIHRPALAKANPAANNAEISVQLGLEWNKLSEEQKKPYYDEAQKIKE
RPMNA-FMVWARIHRPALAKANPAANNAEISVQLGLEWNKLSEEQKKPYYDEAQKIKE",231.308975219727,6,,'A' inserted at '6',None,1,0
13,-3.45633296756857,0,RPMNAFMVWAARIHRPALAKANPAANNAEISVQLGLEWNKLSEEQKKPYYDEAQKIKE,"RPMNAFMVWAARIHRPALAKANPAANNAEISVQLGLEWNKLSEEQKKPYYDEAQKIKE
RPMNAFMVWA-RIHRPALAKANPAANNAEISVQLGLEWNKLSEEQKKPYYDEAQKIKE",231.308975219727,11,,'A' inserted at '11',None,1,0
14,-3.69117996801814,0,RPMNAFMVWARAIHRPALAKANPAANNAEISVQLGLEWNKLSEEQKKPYYDEAQKIKE,"RPMNAFMVWARAIHRPALAKANPAANNAEISVQLGLEWNKLSEEQKKPYYDEAQKIKE
RPMNAFMVWAR-IHRPALAKANPAANNAEISVQLGLEWNKLSEEQKKPYYDEAQKIKE",231.308975219727,12,,'A' inserted at '12',None,1,0
15,-2.14894873955193,0,RPMNAFMVWARIHARPALAKANPAANNAEISVQLGLEWNKLSEEQKKPYYDEAQKIKE,"RPMNAFMVWARIHARPALAKANPAANNAEISVQLGLEWNKLSEEQKKPYYDEAQKIKE
RPMNAFMVWARIH-RPALAKANPAANNAEISVQLGLEWNKLSEEQKKPYYDEAQKIKE",231.308975219727,14,,'A' inserted at '14',None,1,0
16,-1.52201628357565,0,RPMNAFMVWARIHGRPALAKANPAANNAEISVQLGLEWNKLSEEQKKPYYDEAQKIKE,"RPMNAFMVWARIHGRPALAKANPAANNAEISVQLGLEWNKLSEEQKKPYYDEAQKIKE
RPMNAFMVWARIH-RPALAKANPAANNAEISVQLGLEWNKLSEEQKKPYYDEAQKIKE",231.308975219727,14,,'G' inserted at '14',None,1,0
17,-2.6087824488224,0,RPMNAFMVWARIHPALAKANPAANNAEISVQLGLEWNKLSEEQKKPYYDEAQKIKE,"RPMNAFMVWARIH-PALAKANPAANNAEISVQLGLEWNKLSEEQKKPYYDEAQKIKE
RPMNAFMVWARIHRPALAKANPAANNAEISVQLGLEWNKLSEEQKKPYYDEAQKIKE",227.005310058594,,14,None,'R' deleted in '14',0,1
18,-1.69090099879318,0,RPMNAFMVWARIHRALAKANPAANNAEISVQLGLEWNKLSEEQKKPYYDEAQKIKE,"RPMNAFMVWARIHR-ALAKANPAANNAEISVQLGLEWNKLSEEQKKPYYDEAQKIKE
RPMNAFMVWARIHRPALAKANPAANNAEISVQLGLEWNKLSEEQKKPYYDEAQKIKE",227.005310058594,,15,None,'P' deleted in '15',0,1
19,-2.21347837543389,0,RPMNAFMVWARIHRAPALAKANPAANNAEISVQLGLEWNKLSEEQKKPYYDEAQKIKE,"RPMNAFMVWARIHRAPALAKANPAANNAEISVQLGLEWNKLSEEQKKPYYDEAQKIKE
RPMNAFMVWARIHR-PALAKANPAANNAEISVQLGLEWNKLSEEQKKPYYDEAQKIKE",231.308975219727,15,,'A' inserted at '15',None,1,0
20,-2.19216513661095,0,RPMNAFMVWARIHRGPALAKANPAANNAEISVQLGLEWNKLSEEQKKPYYDEAQKIKE,"RPMNAFMVWARIHRGPALAKANPAANNAEISVQLGLEWNKLSEEQKKPYYDEAQKIKE
RPMNAFMVWARIHR-PALAKANPAANNAEISVQLGLEWNKLSEEQKKPYYDEAQKIKE",231.308975219727,15,,'G' inserted at '15',None,1,0
21,-2.8098260283578,0,RPMNAFMVWARIHRPAAKANPAANNAEISVQLGLEWNKLSEEQKKPYYDEAQKIKE,"RPMNAFMVWARIHRPA-AKANPAANNAEISVQLGLEWNKLSEEQKKPYYDEAQKIKE
RPMNAFMVWARIHRPALAKANPAANNAEISVQLGLEWNKLSEEQKKPYYDEAQKIKE",227.005310058594,,17,None,'L' deleted in '17',0,1
22,-2.040530348932,0,RPMNAFMVWARIHRPAALAKANPAANNAEISVQLGLEWNKLSEEQKKPYYDEAQKIKE,"RPMNAFMVWARIHRPAALAKANPAANNAEISVQLGLEWNKLSEEQKKPYYDEAQKIKE
RPMNAFMVWARIHRPA-LAKANPAANNAEISVQLGLEWNKLSEEQKKPYYDEAQKIKE",231.308975219727,17,,'A' inserted at '17',None,1,0
23,-3.09208524867797,0,RPMNAFMVWARIHRPAGLAKANPAANNAEISVQLGLEWNKLSEEQKKPYYDEAQKIKE,"RPMNAFMVWARIHRPAGLAKANPAANNAEISVQLGLEWNKLSEEQKKPYYDEAQKIKE
RPMNAFMVWARIHRPA-LAKANPAANNAEISVQLGLEWNKLSEEQKKPYYDEAQKIKE",231.308975219727,17,,'G' inserted at '17',None,1,0
24,-1.51753206676739,0,RPMNAFMVWARIHRPALAAKANPAANNAEISVQLGLEWNKLSEEQKKPYYDEAQKIKE,"RPMNAFMVWARIHRPALAAKANPAANNAEISVQLGLEWNKLSEEQKKPYYDEAQKIKE
RPMNAFMVWARIHRPALA-KANPAANNAEISVQLGLEWNKLSEEQKKPYYDEAQKIKE",231.308975219727,19,,'A' inserted at '19',None,1,0
25,-1.59932836793188,0,RPMNAFMVWARIHRPALAANPAANNAEISVQLGLEWNKLSEEQKKPYYDEAQKIKE,"RPMNAFMVWARIHRPALA-ANPAANNAEISVQLGLEWNKLSEEQKKPYYDEAQKIKE
RPMNAFMVWARIHRPALAKANPAANNAEISVQLGLEWNKLSEEQKKPYYDEAQKIKE",227.005310058594,,19,None,'K' deleted in '19',0,1
26,-1.8354096891117,0,RPMNAFMVWARIHRPALAGKANPAANNAEISVQLGLEWNKLSEEQKKPYYDEAQKIKE,"RPMNAFMVWARIHRPALAGKANPAANNAEISVQLGLEWNKLSEEQKKPYYDEAQKIKE
RPMNAFMVWARIHRPALA-KANPAANNAEISVQLGLEWNKLSEEQKKPYYDEAQKIKE",231.308975219727,19,,'G' inserted at '19',None,1,0
27,-1.7865459661024,0,RPMNAFMVWARIHRPALAKAANPAANNAEISVQLGLEWNKLSEEQKKPYYDEAQKIKE,"RPMNAFMVWARIHRPALAKAANPAANNAEISVQLGLEWNKLSEEQKKPYYDEAQKIKE
RPMNAFMVWARIHRPALAKA-NPAANNAEISVQLGLEWNKLSEEQKKPYYDEAQKIKE",231.308975219727,21,,'A' inserted at '21',None,1,0
28,-1.88456986423839,0,RPMNAFMVWARIHRPALAKAGNPAANNAEISVQLGLEWNKLSEEQKKPYYDEAQKIKE,"RPMNAFMVWARIHRPALAKAGNPAANNAEISVQLGLEWNKLSEEQKKPYYDEAQKIKE
RPMNAFMVWARIHRPALAKA-NPAANNAEISVQLGLEWNKLSEEQKKPYYDEAQKIKE",231.308975219727,21,,'G' inserted at '21',None,1,0
29,-1.57197969045669,0,RPMNAFMVWARIHRPALAKANAANNAEISVQLGLEWNKLSEEQKKPYYDEAQKIKE,"RPMNAFMVWARIHRPALAKAN-AANNAEISVQLGLEWNKLSEEQKKPYYDEAQKIKE
RPMNAFMVWARIHRPALAKANPAANNAEISVQLGLEWNKLSEEQKKPYYDEAQKIKE",227.005310058594,,22,None,'P' deleted in '22',0,1
30,-2.15242347920364,0,RPMNAFMVWARIHRPALAKANAPAANNAEISVQLGLEWNKLSEEQKKPYYDEAQKIKE,"RPMNAFMVWARIHRPALAKANAPAANNAEISVQLGLEWNKLSEEQKKPYYDEAQKIKE
RPMNAFMVWARIHRPALAKAN-PAANNAEISVQLGLEWNKLSEEQKKPYYDEAQKIKE",231.308975219727,22,,'A' inserted at '22',None,1,0
31,-1.3850614063109,0,RPMNAFMVWARIHRPALAKANGPAANNAEISVQLGLEWNKLSEEQKKPYYDEAQKIKE,"RPMNAFMVWARIHRPALAKANGPAANNAEISVQLGLEWNKLSEEQKKPYYDEAQKIKE
RPMNAFMVWARIHRPALAKAN-PAANNAEISVQLGLEWNKLSEEQKKPYYDEAQKIKE",231.308975219727,22,,'G' inserted at '22',None,1,0
32,-1.71408026034499,0,RPMNAFMVWARIHRPALAKANPAAANNAEISVQLGLEWNKLSEEQKKPYYDEAQKIKE,"RPMNAFMVWARIHRPALAKANPAAANNAEISVQLGLEWNKLSEEQKKPYYDEAQKIKE
RPMNAFMVWARIHRPALAKANPAA-NNAEISVQLGLEWNKLSEEQKKPYYDEAQKIKE",231.308975219727,25,,'A' inserted at '25',None,1,0
33,-1.88457077471716,0,RPMNAFMVWARIHRPALAKANPAAGNNAEISVQLGLEWNKLSEEQKKPYYDEAQKIKE,"RPMNAFMVWARIHRPALAKANPAAGNNAEISVQLGLEWNKLSEEQKKPYYDEAQKIKE
RPMNAFMVWARIHRPALAKANPAA-NNAEISVQLGLEWNKLSEEQKKPYYDEAQKIKE",231.308975219727,25,,'G' inserted at '25',None,1,0
34,-1.85745074032554,0,RPMNAFMVWARIHRPALAKANPAANAEISVQLGLEWNKLSEEQKKPYYDEAQKIKE,"RPMNAFMVWARIHRPALAKANPAAN-AEISVQLGLEWNKLSEEQKKPYYDEAQKIKE
RPMNAFMVWARIHRPALAKANPAANNAEISVQLGLEWNKLSEEQKKPYYDEAQKIKE",227.005310058594,,26,None,'N' deleted in '26',0,1
35,-1.97155803296542,0,RPMNAFMVWARIHRPALAKANPAANANAEISVQLGLEWNKLSEEQKKPYYDEAQKIKE,"RPMNAFMVWARIHRPALAKANPAANANAEISVQLGLEWNKLSEEQKKPYYDEAQKIKE
RPMNAFMVWARIHRPALAKANPAAN-NAEISVQLGLEWNKLSEEQKKPYYDEAQKIKE",231.308975219727,26,,'A' inserted at '26',None,1,0
36,-1.87799634015187,0,RPMNAFMVWARIHRPALAKANPAANGNAEISVQLGLEWNKLSEEQKKPYYDEAQKIKE,"RPMNAFMVWARIHRPALAKANPAANGNAEISVQLGLEWNKLSEEQKKPYYDEAQKIKE
RPMNAFMVWARIHRPALAKANPAAN-NAEISVQLGLEWNKLSEEQKKPYYDEAQKIKE",231.308975219727,26,,'G' inserted at '26',None,1,0
37,-1.6525972880812,0,RPMNAFMVWARIHRPALAKANPAANNAAEISVQLGLEWNKLSEEQKKPYYDEAQKIKE,"RPMNAFMVWARIHRPALAKANPAANNAAEISVQLGLEWNKLSEEQKKPYYDEAQKIKE
RPMNAFMVWARIHRPALAKANPAANNA-EISVQLGLEWNKLSEEQKKPYYDEAQKIKE",231.308975219727,28,,'A' inserted at '28',None,1,0
38,-1.57364041039124,0,RPMNAFMVWARIHRPALAKANPAANNAEAISVQLGLEWNKLSEEQKKPYYDEAQKIKE,"RPMNAFMVWARIHRPALAKANPAANNAEAISVQLGLEWNKLSEEQKKPYYDEAQKIKE
RPMNAFMVWARIHRPALAKANPAANNAE-ISVQLGLEWNKLSEEQKKPYYDEAQKIKE",231.308975219727,29,,'A' inserted at '29',None,1,0
39,-2.14949754238185,0,RPMNAFMVWARIHRPALAKANPAANNAEGISVQLGLEWNKLSEEQKKPYYDEAQKIKE,"RPMNAFMVWARIHRPALAKANPAANNAEGISVQLGLEWNKLSEEQKKPYYDEAQKIKE
RPMNAFMVWARIHRPALAKANPAANNAE-ISVQLGLEWNKLSEEQKKPYYDEAQKIKE",231.308975219727,29,,'G' inserted at '29',None,1,0
40,-2.81557438058085,0,RPMNAFMVWARIHRPALAKANPAANNAEIASVQLGLEWNKLSEEQKKPYYDEAQKIKE,"RPMNAFMVWARIHRPALAKANPAANNAEIASVQLGLEWNKLSEEQKKPYYDEAQKIKE
RPMNAFMVWARIHRPALAKANPAANNAEI-SVQLGLEWNKLSEEQKKPYYDEAQKIKE",231.308975219727,30,,'A' inserted at '30',None,1,0
41,-2.96707169453412,0,RPMNAFMVWARIHRPALAKANPAANNAEIGSVQLGLEWNKLSEEQKKPYYDEAQKIKE,"RPMNAFMVWARIHRPALAKANPAANNAEIGSVQLGLEWNKLSEEQKKPYYDEAQKIKE
RPMNAFMVWARIHRPALAKANPAANNAEI-SVQLGLEWNKLSEEQKKPYYDEAQKIKE",231.308975219727,30,,'G' inserted at '30',None,1,0
42,-2.42382861889878,0,RPMNAFMVWARIHRPALAKANPAANNAEISAVQLGLEWNKLSEEQKKPYYDEAQKIKE,"RPMNAFMVWARIHRPALAKANPAANNAEISAVQLGLEWNKLSEEQKKPYYDEAQKIKE
RPMNAFMVWARIHRPALAKANPAANNAEIS-VQLGLEWNKLSEEQKKPYYDEAQKIKE",231.308975219727,31,,'A' inserted at '31',None,1,0
43,-3.43402417019566,0,RPMNAFMVWARIHRPALAKANPAANNAEISGVQLGLEWNKLSEEQKKPYYDEAQKIKE,"RPMNAFMVWARIHRPALAKANPAANNAEISGVQLGLEWNKLSEEQKKPYYDEAQKIKE
RPMNAFMVWARIHRPALAKANPAANNAEIS-VQLGLEWNKLSEEQKKPYYDEAQKIKE",231.308975219727,31,,'G' inserted at '31',None,1,0
44,-2.30210659658375,0,RPMNAFMVWARIHRPALAKANPAANNAEISQLGLEWNKLSEEQKKPYYDEAQKIKE,"RPMNAFMVWARIHRPALAKANPAANNAEIS-QLGLEWNKLSEEQKKPYYDEAQKIKE
RPMNAFMVWARIHRPALAKANPAANNAEISVQLGLEWNKLSEEQKKPYYDEAQKIKE",227.005310058594,,31,None,'V' deleted in '31',0,1
45,-2.23208802900891,0,RPMNAFMVWARIHRPALAKANPAANNAEISVAQLGLEWNKLSEEQKKPYYDEAQKIKE,"RPMNAFMVWARIHRPALAKANPAANNAEISVAQLGLEWNKLSEEQKKPYYDEAQKIKE
RPMNAFMVWARIHRPALAKANPAANNAEISV-QLGLEWNKLSEEQKKPYYDEAQKIKE",231.308975219727,32,,'A' inserted at '32',None,1,0
46,-2.82943082697672,0,RPMNAFMVWARIHRPALAKANPAANNAEISVGQLGLEWNKLSEEQKKPYYDEAQKIKE,"RPMNAFMVWARIHRPALAKANPAANNAEISVGQLGLEWNKLSEEQKKPYYDEAQKIKE
RPMNAFMVWARIHRPALAKANPAANNAEISV-QLGLEWNKLSEEQKKPYYDEAQKIKE",231.308975219727,32,,'G' inserted at '32',None,1,0
47,-2.66634021503399,0,RPMNAFMVWARIHRPALAKANPAANNAEISVLGLEWNKLSEEQKKPYYDEAQKIKE,"RPMNAFMVWARIHRPALAKANPAANNAEISV-LGLEWNKLSEEQKKPYYDEAQKIKE
RPMNAFMVWARIHRPALAKANPAANNAEISVQLGLEWNKLSEEQKKPYYDEAQKIKE",227.005310058594,,32,None,'Q' deleted in '32',0,1
48,-2.5549054977485,0,RPMNAFMVWARIHRPALAKANPAANNAEISVQALGLEWNKLSEEQKKPYYDEAQKIKE,"RPMNAFMVWARIHRPALAKANPAANNAEISVQALGLEWNKLSEEQKKPYYDEAQKIKE
RPMNAFMVWARIHRPALAKANPAANNAEISVQ-LGLEWNKLSEEQKKPYYDEAQKIKE",231.308975219727,33,,'A' inserted at '33',None,1,0
49,-3.35357278925484,0,RPMNAFMVWARIHRPALAKANPAANNAEISVQGLGLEWNKLSEEQKKPYYDEAQKIKE,"RPMNAFMVWARIHRPALAKANPAANNAEISVQGLGLEWNKLSEEQKKPYYDEAQKIKE
RPMNAFMVWARIHRPALAKANPAANNAEISVQ-LGLEWNKLSEEQKKPYYDEAQKIKE",231.308975219727,33,,'G' inserted at '33',None,1,0
50,-2.82851669768537,0,RPMNAFMVWARIHRPALAKANPAANNAEISVQLGEWNKLSEEQKKPYYDEAQKIKE,"RPMNAFMVWARIHRPALAKANPAANNAEISVQLG-EWNKLSEEQKKPYYDEAQKIKE
RPMNAFMVWARIHRPALAKANPAANNAEISVQLGLEWNKLSEEQKKPYYDEAQKIKE",227.005310058594,,35,None,'L' deleted in '35',0,1
51,-1.89825488315584,0,RPMNAFMVWARIHRPALAKANPAANNAEISVQLGLAEWNKLSEEQKKPYYDEAQKIKE,"RPMNAFMVWARIHRPALAKANPAANNAEISVQLGLAEWNKLSEEQKKPYYDEAQKIKE
RPMNAFMVWARIHRPALAKANPAANNAEISVQLGL-EWNKLSEEQKKPYYDEAQKIKE",231.308975219727,36,,'A' inserted at '36',None,1,0
52,-2.38820772722925,0,RPMNAFMVWARIHRPALAKANPAANNAEISVQLGLEAWNKLSEEQKKPYYDEAQKIKE,"RPMNAFMVWARIHRPALAKANPAANNAEISVQLGLEAWNKLSEEQKKPYYDEAQKIKE
RPMNAFMVWARIHRPALAKANPAANNAEISVQLGLE-WNKLSEEQKKPYYDEAQKIKE",231.308975219727,37,,'A' inserted at '37',None,1,0
53,-2.81856899515285,0,RPMNAFMVWARIHRPALAKANPAANNAEISVQLGLEWANKLSEEQKKPYYDEAQKIKE,"RPMNAFMVWARIHRPALAKANPAANNAEISVQLGLEWANKLSEEQKKPYYDEAQKIKE
RPMNAFMVWARIHRPALAKANPAANNAEISVQLGLEW-NKLSEEQKKPYYDEAQKIKE",231.308975219727,38,,'A' inserted at '38',None,1,0
54,-3.11327967631029,0,RPMNAFMVWARIHRPALAKANPAANNAEISVQLGLEWGNKLSEEQKKPYYDEAQKIKE,"RPMNAFMVWARIHRPALAKANPAANNAEISVQLGLEWGNKLSEEQKKPYYDEAQKIKE
RPMNAFMVWARIHRPALAKANPAANNAEISVQLGLEW-NKLSEEQKKPYYDEAQKIKE",231.308975219727,38,,'G' inserted at '38',None,1,0
55,-3.48341697219739,0,RPMNAFMVWARIHRPALAKANPAANNAEISVQLGLEWNKLSAEEQKKPYYDEAQKIKE,"RPMNAFMVWARIHRPALAKANPAANNAEISVQLGLEWNKLSAEEQKKPYYDEAQKIKE
RPMNAFMVWARIHRPALAKANPAANNAEISVQLGLEWNKLS-EEQKKPYYDEAQKIKE",231.308975219727,42,,'A' inserted at '42',None,1,0
56,-3.45321208763915,0,RPMNAFMVWARIHRPALAKANPAANNAEISVQLGLEWNKLSEEQGKKPYYDEAQKIKE,"RPMNAFMVWARIHRPALAKANPAANNAEISVQLGLEWNKLSEEQGKKPYYDEAQKIKE
RPMNAFMVWARIHRPALAKANPAANNAEISVQLGLEWNKLSEEQ-KKPYYDEAQKIKE",231.308990478516,45,,'G' inserted at '45',None,1,0
57,-3.12840264095117,0,RPMNAFMVWARIHRPALAKANPAANNAEISVQLGLEWNKLSEEQKAKPYYDEAQKIKE,"RPMNAFMVWARIHRPALAKANPAANNAEISVQLGLEWNKLSEEQKAKPYYDEAQKIKE
RPMNAFMVWARIHRPALAKANPAANNAEISVQLGLEWNKLSEEQK-KPYYDEAQKIKE",231.308990478516,46,,'A' inserted at '46',None,1,0
58,-2.79468372583593,0,RPMNAFMVWARIHRPALAKANPAANNAEISVQLGLEWNKLSEEQKKGPYYDEAQKIKE,"RPMNAFMVWARIHRPALAKANPAANNAEISVQLGLEWNKLSEEQKKGPYYDEAQKIKE
RPMNAFMVWARIHRPALAKANPAANNAEISVQLGLEWNKLSEEQKK-PYYDEAQKIKE",231.308990478516,47,,'G' inserted at '47',None,1,0
59,-2.23183298229253,0,RPMNAFMVWARIHRPALAKANPAANNAEISVQLGLEWNKLSEEQKKPYAYDEAQKIKE,"RPMNAFMVWARIHRPALAKANPAANNAEISVQLGLEWNKLSEEQKKPYAYDEAQKIKE
RPMNAFMVWARIHRPALAKANPAANNAEISVQLGLEWNKLSEEQKKPY-YDEAQKIKE",231.308990478516,49,,'A' inserted at '49',None,1,0
60,-2.4851612173734,0,RPMNAFMVWARIHRPALAKANPAANNAEISVQLGLEWNKLSEEQKKPYDEAQKIKE,"RPMNAFMVWARIHRPALAKANPAANNAEISVQLGLEWNKLSEEQKKPY-DEAQKIKE
RPMNAFMVWARIHRPALAKANPAANNAEISVQLGLEWNKLSEEQKKPYYDEAQKIKE",227.005325317383,,49,None,'Y' deleted in '49',0,1
61,-2.0446092633227,0,RPMNAFMVWARIHRPALAKANPAANNAEISVQLGLEWNKLSEEQKKPYGYDEAQKIKE,"RPMNAFMVWARIHRPALAKANPAANNAEISVQLGLEWNKLSEEQKKPYGYDEAQKIKE
RPMNAFMVWARIHRPALAKANPAANNAEISVQLGLEWNKLSEEQKKPY-YDEAQKIKE",231.308990478516,49,,'G' inserted at '49',None,1,0
62,-1.7192840149686,0,RPMNAFMVWARIHRPALAKANPAANNAEISVQLGLEWNKLSEEQKKPYYADEAQKIKE,"RPMNAFMVWARIHRPALAKANPAANNAEISVQLGLEWNKLSEEQKKPYYADEAQKIKE
RPMNAFMVWARIHRPALAKANPAANNAEISVQLGLEWNKLSEEQKKPYY-DEAQKIKE",231.308990478516,50,,'A' inserted at '50',None,1,0
63,-1.41170484853256,0,RPMNAFMVWARIHRPALAKANPAANNAEISVQLGLEWNKLSEEQKKPYYDAEAQKIKE,"RPMNAFMVWARIHRPALAKANPAANNAEISVQLGLEWNKLSEEQKKPYYDAEAQKIKE
RPMNAFMVWARIHRPALAKANPAANNAEISVQLGLEWNKLSEEQKKPYYD-EAQKIKE",231.308990478516,51,,'A' inserted at '51',None,1,0
64,-1.40052274333404,0,RPMNAFMVWARIHRPALAKANPAANNAEISVQLGLEWNKLSEEQKKPYYDAQKIKE,"RPMNAFMVWARIHRPALAKANPAANNAEISVQLGLEWNKLSEEQKKPYYD-AQKIKE
RPMNAFMVWARIHRPALAKANPAANNAEISVQLGLEWNKLSEEQKKPYYDEAQKIKE",227.005325317383,,51,None,'E' deleted in '51',0,1
65,-0.541614559453283,0,RPMNAFMVWARIHRPALAKANPAANNAEISVQLGLEWNKLSEEQKKPYYDEAAQKIKE,"RPMNAFMVWARIHRPALAKANPAANNAEISVQLGLEWNKLSEEQKKPYYDEAAQKIKE
RPMNAFMVWARIHRPALAKANPAANNAEISVQLGLEWNKLSEEQKKPYYDE-AQKIKE",231.308990478516,52,,'A' inserted at '52',None,1,0
66,-0.936936812597955,0,RPMNAFMVWARIHRPALAKANPAANNAEISVQLGLEWNKLSEEQKKPYYDEAGQKIKE,"RPMNAFMVWARIHRPALAKANPAANNAEISVQLGLEWNKLSEEQKKPYYDEAGQKIKE
RPMNAFMVWARIHRPALAKANPAANNAEISVQLGLEWNKLSEEQKKPYYDEA-QKIKE",231.308975219727,53,,'G' inserted at '53',None,1,0
67,-0.825348637136641,0,RPMNAFMVWARIHRPALAKANPAANNAEISVQLGLEWNKLSEEQKKPYYDEAKIKE,"RPMNAFMVWARIHRPALAKANPAANNAEISVQLGLEWNKLSEEQKKPYYDEA-KIKE
RPMNAFMVWARIHRPALAKANPAANNAEISVQLGLEWNKLSEEQKKPYYDEAQKIKE",227.005310058594,,53,None,'Q' deleted in '53',0,1
68,-0.684102175126133,0,RPMNAFMVWARIHRPALAKANPAANNAEISVQLGLEWNKLSEEQKKPYYDEAQAKIKE,"RPMNAFMVWARIHRPALAKANPAANNAEISVQLGLEWNKLSEEQKKPYYDEAQAKIKE
RPMNAFMVWARIHRPALAKANPAANNAEISVQLGLEWNKLSEEQKKPYYDEAQ-KIKE",231.308975219727,54,,'A' inserted at '54',None,1,0
69,-0.875382972672206,0,RPMNAFMVWARIHRPALAKANPAANNAEISVQLGLEWNKLSEEQKKPYYDEAQGKIKE,"RPMNAFMVWARIHRPALAKANPAANNAEISVQLGLEWNKLSEEQKKPYYDEAQGKIKE
RPMNAFMVWARIHRPALAKANPAANNAEISVQLGLEWNKLSEEQKKPYYDEAQ-KIKE",231.308975219727,54,,'G' inserted at '54',None,1,0
70,-0.807906418889255,0,RPMNAFMVWARIHRPALAKANPAANNAEISVQLGLEWNKLSEEQKKPYYDEAQIKE,"RPMNAFMVWARIHRPALAKANPAANNAEISVQLGLEWNKLSEEQKKPYYDEAQ-IKE
RPMNAFMVWARIHRPALAKANPAANNAEISVQLGLEWNKLSEEQKKPYYDEAQKIKE",227.005310058594,,54,None,'K' deleted in '54',0,1
71,-0.578585824276003,0,RPMNAFMVWARIHRPALAKANPAANNAEISVQLGLEWNKLSEEQKKPYYDEAQKAIKE,"RPMNAFMVWARIHRPALAKANPAANNAEISVQLGLEWNKLSEEQKKPYYDEAQKAIKE
RPMNAFMVWARIHRPALAKANPAANNAEISVQLGLEWNKLSEEQKKPYYDEAQK-IKE",231.308975219727,55,,'A' inserted at '55',None,1,0
72,-0.601795105414537,0,RPMNAFMVWARIHRPALAKANPAANNAEISVQLGLEWNKLSEEQKKPYYDEAQKGIKE,"RPMNAFMVWARIHRPALAKANPAANNAEISVQLGLEWNKLSEEQKKPYYDEAQKGIKE
RPMNAFMVWARIHRPALAKANPAANNAEISVQLGLEWNKLSEEQKKPYYDEAQK-IKE",231.308975219727,55,,'G' inserted at '55',None,1,0
73,-0.0917742827895233,1,RPMNAFMVWARIHRPALAKANPAANNAEISVQLGLEWNKLSEEQKKPYYDEAQKIAKE,"RPMNAFMVWARIHRPALAKANPAANNAEISVQLGLEWNKLSEEQKKPYYDEAQKIAKE
RPMNAFMVWARIHRPALAKANPAANNAEISVQLGLEWNKLSEEQKKPYYDEAQKI-KE",231.308975219727,56,,'A' inserted at '56',None,1,0
74,-0.177013025317649,1,RPMNAFMVWARIHRPALAKANPAANNAEISVQLGLEWNKLSEEQKKPYYDEAQKIE,"RPMNAFMVWARIHRPALAKANPAANNAEISVQLGLEWNKLSEEQKKPYYDEAQKI-E
RPMNAFMVWARIHRPALAKANPAANNAEISVQLGLEWNKLSEEQKKPYYDEAQKIKE",227.005310058594,,56,None,'K' deleted in '56',0,1
75,-0.214702837722924,1,RPMNAFMVWARIHRPALAKANPAANNAEISVQLGLEWNKLSEEQKKPYYDEAQKIGKE,"RPMNAFMVWARIHRPALAKANPAANNAEISVQLGLEWNKLSEEQKKPYYDEAQKIGKE
RPMNAFMVWARIHRPALAKANPAANNAEISVQLGLEWNKLSEEQKKPYYDEAQKI-KE",231.308975219727,56,,'G' inserted at '56',None,1,0
76,-0.275352021046674,1,RPMNAFMVWARIHRPALAKANPAANNAEISVQLGLEWNKLSEEQKKPYYDEAQKIK,"RPMNAFMVWARIHRPALAKANPAANNAEISVQLGLEWNKLSEEQKKPYYDEAQKIK
RPMNAFMVWARIHRPALAKANPAANNAEISVQLGLEWNKLSEEQKKPYYDEAQKIK",227.005310058594,,,None,None,0,0
77,0.0191255445534683,1,RPMNAFMVWARIHRPALAKANPAANNAEISVQLGLEWNKLSEEQKKPYYDEAQKIKAE,"RPMNAFMVWARIHRPALAKANPAANNAEISVQLGLEWNKLSEEQKKPYYDEAQKIKAE
RPMNAFMVWARIHRPALAKANPAANNAEISVQLGLEWNKLSEEQKKPYYDEAQKIK-E",231.308975219727,57,,'A' inserted at '57',None,1,0
78,-0.149600778957541,1,RPMNAFMVWARIHRPALAKANPAANNAEISVQLGLEWNKLSEEQKKPYYDEAQKIKGE,"RPMNAFMVWARIHRPALAKANPAANNAEISVQLGLEWNKLSEEQKKPYYDEAQKIKGE
RPMNAFMVWARIHRPALAKANPAANNAEISVQLGLEWNKLSEEQKKPYYDEAQKIK-E",231.308975219727,57,,'G' inserted at '57',None,1,0
79,-0.658964818396439,0,RPMNAFMVWARIHRPALAKANPAANNAEISVQLGLEWNKLSEEQKKPYYDEAQKKE,"RPMNAFMVWARIHRPALAKANPAANNAEISVQLGLEWNKLSEEQKKPYYDEAQK-KE
RPMNAFMVWARIHRPALAKANPAANNAEISVQLGLEWNKLSEEQKKPYYDEAQKIKE",227.005310058594,,55,None,'I' deleted in '55',0,1
80,-1.71165959698111,0,RPMNAFMVWARIHRPALAKANPAANNAEISVQLGLEWNKLSEEQKKPYYDEGAQKIKE,"RPMNAFMVWARIHRPALAKANPAANNAEISVQLGLEWNKLSEEQKKPYYDEGAQKIKE
RPMNAFMVWARIHRPALAKANPAANNAEISVQLGLEWNKLSEEQKKPYYDE-AQKIKE",231.308990478516,52,,'G' inserted at '52',None,1,0
81,-1.57464937603243,0,RPMNAFMVWARIHRPALAKANPAANNAEISVQLGLEWNKLSEEQKKPYYDEQKIKE,"RPMNAFMVWARIHRPALAKANPAANNAEISVQLGLEWNKLSEEQKKPYYDE-QKIKE
RPMNAFMVWARIHRPALAKANPAANNAEISVQLGLEWNKLSEEQKKPYYDEAQKIKE",227.005310058594,,52,None,'A' deleted in '52',0,1
82,-1.58661065549022,0,RPMNAFMVWARIHRPALAKANPAANNAEISVQLGLEWNKLSEEQKKPYYDGEAQKIKE,"RPMNAFMVWARIHRPALAKANPAANNAEISVQLGLEWNKLSEEQKKPYYDGEAQKIKE
RPMNAFMVWARIHRPALAKANPAANNAEISVQLGLEWNKLSEEQKKPYYD-EAQKIKE",231.308990478516,51,,'G' inserted at '51',None,1,0
83,-1.33867101738425,0,RPMNAFMVWARIHRPALAKANPAANNAEISVQLGLEWNKLSEEQKKPYYEAQKIKE,"RPMNAFMVWARIHRPALAKANPAANNAEISVQLGLEWNKLSEEQKKPYY-EAQKIKE
RPMNAFMVWARIHRPALAKANPAANNAEISVQLGLEWNKLSEEQKKPYYDEAQKIKE",227.005325317383,,50,None,'D' deleted in '50',0,1
84,-1.85496562164126,0,RPMNAFMVWARIHRPALAKANPAANNAEISVQLGLEWNKLSEEQKKPYYGDEAQKIKE,"RPMNAFMVWARIHRPALAKANPAANNAEISVQLGLEWNKLSEEQKKPYYGDEAQKIKE
RPMNAFMVWARIHRPALAKANPAANNAEISVQLGLEWNKLSEEQKKPYY-DEAQKIKE",231.308990478516,50,,'G' inserted at '50',None,1,0
85,-2.11070394711029,0,RPMNAFMVWARIHRPALAKANPAANNAEISVQLGLEWNKLSEEQKKYYDEAQKIKE,"RPMNAFMVWARIHRPALAKANPAANNAEISVQLGLEWNKLSEEQKK-YYDEAQKIKE
RPMNAFMVWARIHRPALAKANPAANNAEISVQLGLEWNKLSEEQKKPYYDEAQKIKE",227.005325317383,,47,None,'P' deleted in '47',0,1
86,-3.80590354187309,0,RPMNAFMVWARIHRPALAKANPAANNAEISVQLGLEWNKSEEQKKPYYDEAQKIKE,"RPMNAFMVWARIHRPALAKANPAANNAEISVQLGLEWNK-SEEQKKPYYDEAQKIKE
RPMNAFMVWARIHRPALAKANPAANNAEISVQLGLEWNKLSEEQKKPYYDEAQKIKE",227.005310058594,,40,None,'L' deleted in '40',0,1
87,-2.70656075655463,0,RPMNAFMVWARIHRPALAKANPAANNAEISVQLGLGEWNKLSEEQKKPYYDEAQKIKE,"RPMNAFMVWARIHRPALAKANPAANNAEISVQLGLGEWNKLSEEQKKPYYDEAQKIKE
RPMNAFMVWARIHRPALAKANPAANNAEISVQLGL-EWNKLSEEQKKPYYDEAQKIKE",231.308975219727,36,,'G' inserted at '36',None,1,0
88,-2.53679421021853,0,RPMNAFMVWARIHRPALAKANPAANNAEISVQLGLWNKLSEEQKKPYYDEAQKIKE,"RPMNAFMVWARIHRPALAKANPAANNAEISVQLGL-WNKLSEEQKKPYYDEAQKIKE
RPMNAFMVWARIHRPALAKANPAANNAEISVQLGLEWNKLSEEQKKPYYDEAQKIKE",227.005310058594,,36,None,'E' deleted in '36',0,1
89,-2.21612602295402,0,RPMNAFMVWARIHRPALAKANPAANNAEISVQLLEWNKLSEEQKKPYYDEAQKIKE,"RPMNAFMVWARIHRPALAKANPAANNAEISVQL-LEWNKLSEEQKKPYYDEAQKIKE
RPMNAFMVWARIHRPALAKANPAANNAEISVQLGLEWNKLSEEQKKPYYDEAQKIKE",227.005310058594,,34,None,'G' deleted in '34',0,1
90,-1.92920695154329,0,RPMNAFMVWARIHRPALAKANPAANNAEIVQLGLEWNKLSEEQKKPYYDEAQKIKE,"RPMNAFMVWARIHRPALAKANPAANNAEI-VQLGLEWNKLSEEQKKPYYDEAQKIKE
RPMNAFMVWARIHRPALAKANPAANNAEISVQLGLEWNKLSEEQKKPYYDEAQKIKE",227.005310058594,,30,None,'S' deleted in '30',0,1
91,-2.84613914664261,0,RPMNAFMVWARIHRPALAKANPAANNAESVQLGLEWNKLSEEQKKPYYDEAQKIKE,"RPMNAFMVWARIHRPALAKANPAANNAE-SVQLGLEWNKLSEEQKKPYYDEAQKIKE
RPMNAFMVWARIHRPALAKANPAANNAEISVQLGLEWNKLSEEQKKPYYDEAQKIKE",227.005310058594,,29,None,'I' deleted in '29',0,1
92,-1.86224864127989,0,RPMNAFMVWARIHRPALAKANPAANNAGEISVQLGLEWNKLSEEQKKPYYDEAQKIKE,"RPMNAFMVWARIHRPALAKANPAANNAGEISVQLGLEWNKLSEEQKKPYYDEAQKIKE
RPMNAFMVWARIHRPALAKANPAANNA-EISVQLGLEWNKLSEEQKKPYYDEAQKIKE",231.308975219727,28,,'G' inserted at '28',None,1,0
93,-2.03846552072006,0,RPMNAFMVWARIHRPALAKANPAANNAISVQLGLEWNKLSEEQKKPYYDEAQKIKE,"RPMNAFMVWARIHRPALAKANPAANNA-ISVQLGLEWNKLSEEQKKPYYDEAQKIKE
RPMNAFMVWARIHRPALAKANPAANNAEISVQLGLEWNKLSEEQKKPYYDEAQKIKE",227.005310058594,,28,None,'E' deleted in '28',0,1
94,-2.05373219011137,0,RPMNAFMVWARIHRPALAKANPAANNEISVQLGLEWNKLSEEQKKPYYDEAQKIKE,"RPMNAFMVWARIHRPALAKANPAANN-EISVQLGLEWNKLSEEQKKPYYDEAQKIKE
RPMNAFMVWARIHRPALAKANPAANNAEISVQLGLEWNKLSEEQKKPYYDEAQKIKE",227.005310058594,,27,None,'A' deleted in '27',0,1
95,-1.74697106921884,0,RPMNAFMVWARIHRPALAKANPAANNGAEISVQLGLEWNKLSEEQKKPYYDEAQKIKE,"RPMNAFMVWARIHRPALAKANPAANNGAEISVQLGLEWNKLSEEQKKPYYDEAQKIKE
RPMNAFMVWARIHRPALAKANPAANN-AEISVQLGLEWNKLSEEQKKPYYDEAQKIKE",231.308975219727,27,,'G' inserted at '27',None,1,0
96,-1.52733855722824,0,RPMNAFMVWARIHRPALAKANPAGANNAEISVQLGLEWNKLSEEQKKPYYDEAQKIKE,"RPMNAFMVWARIHRPALAKANPAGANNAEISVQLGLEWNKLSEEQKKPYYDEAQKIKE
RPMNAFMVWARIHRPALAKANPA-ANNAEISVQLGLEWNKLSEEQKKPYYDEAQKIKE",231.308975219727,24,,'G' inserted at '24',None,1,0
97,-1.58946721658906,0,RPMNAFMVWARIHRPALAKANPANNAEISVQLGLEWNKLSEEQKKPYYDEAQKIKE,"RPMNAFMVWARIHRPALAKANPA-NNAEISVQLGLEWNKLSEEQKKPYYDEAQKIKE
RPMNAFMVWARIHRPALAKANPAANNAEISVQLGLEWNKLSEEQKKPYYDEAQKIKE",227.005310058594,,24,None,'A' deleted in '24',0,1
98,-1.45208427156983,0,RPMNAFMVWARIHRPALAKANPGAANNAEISVQLGLEWNKLSEEQKKPYYDEAQKIKE,"RPMNAFMVWARIHRPALAKANPGAANNAEISVQLGLEWNKLSEEQKKPYYDEAQKIKE
RPMNAFMVWARIHRPALAKANP-AANNAEISVQLGLEWNKLSEEQKKPYYDEAQKIKE",231.308975219727,23,,'G' inserted at '23',None,1,0
99,-1.99540062662644,0,RPMNAFMVWARIHRPALAKAPAANNAEISVQLGLEWNKLSEEQKKPYYDEAQKIKE,"RPMNAFMVWARIHRPALAKA-PAANNAEISVQLGLEWNKLSEEQKKPYYDEAQKIKE
RPMNAFMVWARIHRPALAKANPAANNAEISVQLGLEWNKLSEEQKKPYYDEAQKIKE",227.005310058594,,21,None,'N' deleted in '21',0,1
100,-1.84704877968587,0,RPMNAFMVWARIHRPALAKGANPAANNAEISVQLGLEWNKLSEEQKKPYYDEAQKIKE,"RPMNAFMVWARIHRPALAKGANPAANNAEISVQLGLEWNKLSEEQKKPYYDEAQKIKE
RPMNAFMVWARIHRPALAK-ANPAANNAEISVQLGLEWNKLSEEQKKPYYDEAQKIKE",231.308975219727,20,,'G' inserted at '20',None,1,0
101,-1.66820013695799,0,RPMNAFMVWARIHRPALAKNPAANNAEISVQLGLEWNKLSEEQKKPYYDEAQKIKE,"RPMNAFMVWARIHRPALAK-NPAANNAEISVQLGLEWNKLSEEQKKPYYDEAQKIKE
RPMNAFMVWARIHRPALAKANPAANNAEISVQLGLEWNKLSEEQKKPYYDEAQKIKE",227.005310058594,,20,None,'A' deleted in '20',0,1
102,-2.38345937610838,0,RPMNAFMVWARIHRPALGAKANPAANNAEISVQLGLEWNKLSEEQKKPYYDEAQKIKE,"RPMNAFMVWARIHRPALGAKANPAANNAEISVQLGLEWNKLSEEQKKPYYDEAQKIKE
RPMNAFMVWARIHRPAL-AKANPAANNAEISVQLGLEWNKLSEEQKKPYYDEAQKIKE",231.308975219727,18,,'G' inserted at '18',None,1,0
103,-1.97720084137613,0,RPMNAFMVWARIHRPALKANPAANNAEISVQLGLEWNKLSEEQKKPYYDEAQKIKE,"RPMNAFMVWARIHRPAL-KANPAANNAEISVQLGLEWNKLSEEQKKPYYDEAQKIKE
RPMNAFMVWARIHRPALAKANPAANNAEISVQLGLEWNKLSEEQKKPYYDEAQKIKE",227.005310058594,,18,None,'A' deleted in '18',0,1
104,-2.02552802081428,0,RPMNAFMVWARIHRPGALAKANPAANNAEISVQLGLEWNKLSEEQKKPYYDEAQKIKE,"RPMNAFMVWARIHRPGALAKANPAANNAEISVQLGLEWNKLSEEQKKPYYDEAQKIKE
RPMNAFMVWARIHRP-ALAKANPAANNAEISVQLGLEWNKLSEEQKKPYYDEAQKIKE",231.308975219727,16,,'G' inserted at '16',None,1,0
105,-2.32965374910995,0,RPMNAFMVWARIHRPLAKANPAANNAEISVQLGLEWNKLSEEQKKPYYDEAQKIKE,"RPMNAFMVWARIHRP-LAKANPAANNAEISVQLGLEWNKLSEEQKKPYYDEAQKIKE
RPMNAFMVWARIHRPALAKANPAANNAEISVQLGLEWNKLSEEQKKPYYDEAQKIKE",227.005310058594,,16,None,'A' deleted in '16',0,1
106,-0.352691162323409,0,RPMNAGFMVWARIHRPALAKANPAANNAEISVQLGLEWNKLSEEQKKPYYDEAQKIKE,"RPMNAGFMVWARIHRPALAKANPAANNAEISVQLGLEWNKLSEEQKKPYYDEAQKIKE
RPMNA-FMVWARIHRPALAKANPAANNAEISVQLGLEWNKLSEEQKKPYYDEAQKIKE",231.308975219727,6,,'G' inserted at '6',None,1,0
107,-3.0169437715738,0,RPMNFMVWARIHRPALAKANPAANNAEISVQLGLEWNKLSEEQKKPYYDEAQKIKE,"RPMN-FMVWARIHRPALAKANPAANNAEISVQLGLEWNKLSEEQKKPYYDEAQKIKE
RPMNAFMVWARIHRPALAKANPAANNAEISVQLGLEWNKLSEEQKKPYYDEAQKIKE",227.005310058594,,5,None,'A' deleted in '5',0,1
108,-0.212499336804895,1,RPMNGAFMVWARIHRPALAKANPAANNAEISVQLGLEWNKLSEEQKKPYYDEAQKIKE,"RPMNGAFMVWARIHRPALAKANPAANNAEISVQLGLEWNKLSEEQKKPYYDEAQKIKE
RPMN-AFMVWARIHRPALAKANPAANNAEISVQLGLEWNKLSEEQKKPYYDEAQKIKE",231.308975219727,5,,'G' inserted at '5',None,1,0
109,-0.266392510435449,1,RPNAFMVWARIHRPALAKANPAANNAEISVQLGLEWNKLSEEQKKPYYDEAQKIKE,"RP-NAFMVWARIHRPALAKANPAANNAEISVQLGLEWNKLSEEQKKPYYDEAQKIKE
RPMNAFMVWARIHRPALAKANPAANNAEISVQLGLEWNKLSEEQKKPYYDEAQKIKE",227.005310058594,,3,None,'M' deleted in '3',0,1
