ID,DMS_Score,DMS_Score_Bin,mutated_sequence,Alignment,Align_score,Insertion_pos,Deletion_pos,Insertions,Deletions,NumberOfInsertionSites,NumberOfDeletionSites
1,0.0502885819300309,1,AHRQALGERLYPRVQAMQPAFASKITGMLLELSPAQLLLLLASEDSLRARVDEAMELII,"HRQALGERLYPRVQAMQPAFASKITGMLLELSPAQLLLLLASEDSLRARVDEAMELII
HRQALGERLYPRVQAMQPAFASKITGMLLELSPAQLLLLLASEDSLRARVDEAMELII",235.612640380859,,,None,None,0,0
2,0.100636158045821,1,GHRQALGERLYPRVQAMQPAFASKITGMLLELSPAQLLLLLASEDSLRARVDEAMELII,"HRQALGERLYPRVQAMQPAFASKITGMLLELSPAQLLLLLASEDSLRARVDEAMELII
HRQALGERLYPRVQAMQPAFASKITGMLLELSPAQLLLLLASEDSLRARVDEAMELII",235.612640380859,,,None,None,0,0
3,-0.239290563812149,1,HARQALGERLYPRVQAMQPAFASKITGMLLELSPAQLLLLLASEDSLRARVDEAMELII,"HARQALGERLYPRVQAMQPAFASKITGMLLELSPAQLLLLLASEDSLRARVDEAMELII
H-RQALGERLYPRVQAMQPAFASKITGMLLELSPAQLLLLLASEDSLRARVDEAMELII",235.612640380859,2,,'A' inserted at '2',None,1,0
4,-0.180461663289353,1,HGRQALGERLYPRVQAMQPAFASKITGMLLELSPAQLLLLLASEDSLRARVDEAMELII,"HGRQALGERLYPRVQAMQPAFASKITGMLLELSPAQLLLLLASEDSLRARVDEAMELII
H-RQALGERLYPRVQAMQPAFASKITGMLLELSPAQLLLLLASEDSLRARVDEAMELII",235.612640380859,2,,'G' inserted at '2',None,1,0
5,0.444483168758176,1,HQALGERLYPRVQAMQPAFASKITGMLLELSPAQLLLLLASEDSLRARVDEAMELII,"H-QALGERLYPRVQAMQPAFASKITGMLLELSPAQLLLLLASEDSLRARVDEAMELII
HRQALGERLYPRVQAMQPAFASKITGMLLELSPAQLLLLLASEDSLRARVDEAMELII",231.308975219727,,2,None,'R' deleted in '2',0,1
6,-0.0993107424507315,1,HRALGERLYPRVQAMQPAFASKITGMLLELSPAQLLLLLASEDSLRARVDEAMELII,"HR-ALGERLYPRVQAMQPAFASKITGMLLELSPAQLLLLLASEDSLRARVDEAMELII
HRQALGERLYPRVQAMQPAFASKITGMLLELSPAQLLLLLASEDSLRARVDEAMELII",231.308975219727,,3,None,'Q' deleted in '3',0,1
7,-0.711561608847233,0,HRAQALGERLYPRVQAMQPAFASKITGMLLELSPAQLLLLLASEDSLRARVDEAMELII,"HRAQALGERLYPRVQAMQPAFASKITGMLLELSPAQLLLLLASEDSLRARVDEAMELII
HR-QALGERLYPRVQAMQPAFASKITGMLLELSPAQLLLLLASEDSLRARVDEAMELII",235.612640380859,3,,'A' inserted at '3',None,1,0
8,-0.33267699895899,1,HRGQALGERLYPRVQAMQPAFASKITGMLLELSPAQLLLLLASEDSLRARVDEAMELII,"HRGQALGERLYPRVQAMQPAFASKITGMLLELSPAQLLLLLASEDSLRARVDEAMELII
HR-QALGERLYPRVQAMQPAFASKITGMLLELSPAQLLLLLASEDSLRARVDEAMELII",235.612640380859,3,,'G' inserted at '3',None,1,0
9,-0.494891366858249,0,HRQAALGERLYPRVQAMQPAFASKITGMLLELSPAQLLLLLASEDSLRARVDEAMELII,"HRQAALGERLYPRVQAMQPAFASKITGMLLELSPAQLLLLLASEDSLRARVDEAMELII
HRQA-LGERLYPRVQAMQPAFASKITGMLLELSPAQLLLLLASEDSLRARVDEAMELII",235.612640380859,5,,'A' inserted at '5',None,1,0
10,-0.840386338729355,0,HRQAGERLYPRVQAMQPAFASKITGMLLELSPAQLLLLLASEDSLRARVDEAMELII,"HRQA-GERLYPRVQAMQPAFASKITGMLLELSPAQLLLLLASEDSLRARVDEAMELII
HRQALGERLYPRVQAMQPAFASKITGMLLELSPAQLLLLLASEDSLRARVDEAMELII",231.308975219727,,5,None,'L' deleted in '5',0,1
11,-0.658613968657442,0,HRQAGLGERLYPRVQAMQPAFASKITGMLLELSPAQLLLLLASEDSLRARVDEAMELII,"HRQAGLGERLYPRVQAMQPAFASKITGMLLELSPAQLLLLLASEDSLRARVDEAMELII
HRQA-LGERLYPRVQAMQPAFASKITGMLLELSPAQLLLLLASEDSLRARVDEAMELII",235.612640380859,5,,'G' inserted at '5',None,1,0
12,-0.972682274329736,0,HRQALAGERLYPRVQAMQPAFASKITGMLLELSPAQLLLLLASEDSLRARVDEAMELII,"HRQALAGERLYPRVQAMQPAFASKITGMLLELSPAQLLLLLASEDSLRARVDEAMELII
HRQAL-GERLYPRVQAMQPAFASKITGMLLELSPAQLLLLLASEDSLRARVDEAMELII",235.612640380859,6,,'A' inserted at '6',None,1,0
13,-0.262419509855249,1,HRQALERLYPRVQAMQPAFASKITGMLLELSPAQLLLLLASEDSLRARVDEAMELII,"HRQAL-ERLYPRVQAMQPAFASKITGMLLELSPAQLLLLLASEDSLRARVDEAMELII
HRQALGERLYPRVQAMQPAFASKITGMLLELSPAQLLLLLASEDSLRARVDEAMELII",231.308975219727,,6,None,'G' deleted in '6',0,1
14,-1.03864068733436,0,HRQALGAERLYPRVQAMQPAFASKITGMLLELSPAQLLLLLASEDSLRARVDEAMELII,"HRQALGAERLYPRVQAMQPAFASKITGMLLELSPAQLLLLLASEDSLRARVDEAMELII
HRQALG-ERLYPRVQAMQPAFASKITGMLLELSPAQLLLLLASEDSLRARVDEAMELII",235.612640380859,7,,'A' inserted at '7',None,1,0
15,-0.97456167748872,0,HRQALGEARLYPRVQAMQPAFASKITGMLLELSPAQLLLLLASEDSLRARVDEAMELII,"HRQALGEARLYPRVQAMQPAFASKITGMLLELSPAQLLLLLASEDSLRARVDEAMELII
HRQALGE-RLYPRVQAMQPAFASKITGMLLELSPAQLLLLLASEDSLRARVDEAMELII",235.612640380859,8,,'A' inserted at '8',None,1,0
16,-1.16486724148971,0,HRQALGEGRLYPRVQAMQPAFASKITGMLLELSPAQLLLLLASEDSLRARVDEAMELII,"HRQALGEGRLYPRVQAMQPAFASKITGMLLELSPAQLLLLLASEDSLRARVDEAMELII
HRQALGE-RLYPRVQAMQPAFASKITGMLLELSPAQLLLLLASEDSLRARVDEAMELII",235.612640380859,8,,'G' inserted at '8',None,1,0
17,-0.339162927618792,1,HRQALGELYPRVQAMQPAFASKITGMLLELSPAQLLLLLASEDSLRARVDEAMELII,"HRQALGE-LYPRVQAMQPAFASKITGMLLELSPAQLLLLLASEDSLRARVDEAMELII
HRQALGERLYPRVQAMQPAFASKITGMLLELSPAQLLLLLASEDSLRARVDEAMELII",231.308975219727,,8,None,'R' deleted in '8',0,1
18,-0.916440397082604,0,HRQALGERALYPRVQAMQPAFASKITGMLLELSPAQLLLLLASEDSLRARVDEAMELII,"HRQALGERALYPRVQAMQPAFASKITGMLLELSPAQLLLLLASEDSLRARVDEAMELII
HRQALGER-LYPRVQAMQPAFASKITGMLLELSPAQLLLLLASEDSLRARVDEAMELII",235.612640380859,9,,'A' inserted at '9',None,1,0
19,-1.16524705081052,0,HRQALGERGLYPRVQAMQPAFASKITGMLLELSPAQLLLLLASEDSLRARVDEAMELII,"HRQALGERGLYPRVQAMQPAFASKITGMLLELSPAQLLLLLASEDSLRARVDEAMELII
HRQALGER-LYPRVQAMQPAFASKITGMLLELSPAQLLLLLASEDSLRARVDEAMELII",235.612640380859,9,,'G' inserted at '9',None,1,0
20,-1.5948773383571,0,HRQALGERLAYPRVQAMQPAFASKITGMLLELSPAQLLLLLASEDSLRARVDEAMELII,"HRQALGERLAYPRVQAMQPAFASKITGMLLELSPAQLLLLLASEDSLRARVDEAMELII
HRQALGERL-YPRVQAMQPAFASKITGMLLELSPAQLLLLLASEDSLRARVDEAMELII",235.612640380859,10,,'A' inserted at '10',None,1,0
21,-2.18813517577712,0,HRQALGERLGYPRVQAMQPAFASKITGMLLELSPAQLLLLLASEDSLRARVDEAMELII,"HRQALGERLGYPRVQAMQPAFASKITGMLLELSPAQLLLLLASEDSLRARVDEAMELII
HRQALGERL-YPRVQAMQPAFASKITGMLLELSPAQLLLLLASEDSLRARVDEAMELII",235.612640380859,10,,'G' inserted at '10',None,1,0
22,-1.99139049324033,0,HRQALGERLYAPRVQAMQPAFASKITGMLLELSPAQLLLLLASEDSLRARVDEAMELII,"HRQALGERLYAPRVQAMQPAFASKITGMLLELSPAQLLLLLASEDSLRARVDEAMELII
HRQALGERLY-PRVQAMQPAFASKITGMLLELSPAQLLLLLASEDSLRARVDEAMELII",235.612640380859,11,,'A' inserted at '11',None,1,0
23,-1.5563763923334,0,HRQALGERLYGPRVQAMQPAFASKITGMLLELSPAQLLLLLASEDSLRARVDEAMELII,"HRQALGERLYGPRVQAMQPAFASKITGMLLELSPAQLLLLLASEDSLRARVDEAMELII
HRQALGERLY-PRVQAMQPAFASKITGMLLELSPAQLLLLLASEDSLRARVDEAMELII",235.612640380859,11,,'G' inserted at '11',None,1,0
24,-2.08031413428983,0,HRQALGERLYPARVQAMQPAFASKITGMLLELSPAQLLLLLASEDSLRARVDEAMELII,"HRQALGERLYPARVQAMQPAFASKITGMLLELSPAQLLLLLASEDSLRARVDEAMELII
HRQALGERLYP-RVQAMQPAFASKITGMLLELSPAQLLLLLASEDSLRARVDEAMELII",235.612640380859,12,,'A' inserted at '12',None,1,0
25,-2.02174133426006,0,HRQALGERLYPGRVQAMQPAFASKITGMLLELSPAQLLLLLASEDSLRARVDEAMELII,"HRQALGERLYPGRVQAMQPAFASKITGMLLELSPAQLLLLLASEDSLRARVDEAMELII
HRQALGERLYP-RVQAMQPAFASKITGMLLELSPAQLLLLLASEDSLRARVDEAMELII",235.612640380859,12,,'G' inserted at '12',None,1,0
26,-2.01008549010242,0,HRQALGERLYPRAVQAMQPAFASKITGMLLELSPAQLLLLLASEDSLRARVDEAMELII,"HRQALGERLYPRAVQAMQPAFASKITGMLLELSPAQLLLLLASEDSLRARVDEAMELII
HRQALGERLYPR-VQAMQPAFASKITGMLLELSPAQLLLLLASEDSLRARVDEAMELII",235.612640380859,13,,'A' inserted at '13',None,1,0
27,-2.03560492700823,0,HRQALGERLYPRGVQAMQPAFASKITGMLLELSPAQLLLLLASEDSLRARVDEAMELII,"HRQALGERLYPRGVQAMQPAFASKITGMLLELSPAQLLLLLASEDSLRARVDEAMELII
HRQALGERLYPR-VQAMQPAFASKITGMLLELSPAQLLLLLASEDSLRARVDEAMELII",235.612640380859,13,,'G' inserted at '13',None,1,0
28,-2.1145258919315,0,HRQALGERLYPRQAMQPAFASKITGMLLELSPAQLLLLLASEDSLRARVDEAMELII,"HRQALGERLYPR-QAMQPAFASKITGMLLELSPAQLLLLLASEDSLRARVDEAMELII
HRQALGERLYPRVQAMQPAFASKITGMLLELSPAQLLLLLASEDSLRARVDEAMELII",231.308975219727,,13,None,'V' deleted in '13',0,1
29,-1.98981213505245,0,HRQALGERLYPRVAMQPAFASKITGMLLELSPAQLLLLLASEDSLRARVDEAMELII,"HRQALGERLYPRV-AMQPAFASKITGMLLELSPAQLLLLLASEDSLRARVDEAMELII
HRQALGERLYPRVQAMQPAFASKITGMLLELSPAQLLLLLASEDSLRARVDEAMELII",231.308975219727,,14,None,'Q' deleted in '14',0,1
30,-1.71864888632341,0,HRQALGERLYPRVAQAMQPAFASKITGMLLELSPAQLLLLLASEDSLRARVDEAMELII,"HRQALGERLYPRVAQAMQPAFASKITGMLLELSPAQLLLLLASEDSLRARVDEAMELII
HRQALGERLYPRV-QAMQPAFASKITGMLLELSPAQLLLLLASEDSLRARVDEAMELII",235.612640380859,14,,'A' inserted at '14',None,1,0
31,-2.11398000083499,0,HRQALGERLYPRVGQAMQPAFASKITGMLLELSPAQLLLLLASEDSLRARVDEAMELII,"HRQALGERLYPRVGQAMQPAFASKITGMLLELSPAQLLLLLASEDSLRARVDEAMELII
HRQALGERLYPRV-QAMQPAFASKITGMLLELSPAQLLLLLASEDSLRARVDEAMELII",235.612640380859,14,,'G' inserted at '14',None,1,0
32,-1.91182758066396,0,HRQALGERLYPRVQAAMQPAFASKITGMLLELSPAQLLLLLASEDSLRARVDEAMELII,"HRQALGERLYPRVQAAMQPAFASKITGMLLELSPAQLLLLLASEDSLRARVDEAMELII
HRQALGERLYPRVQA-MQPAFASKITGMLLELSPAQLLLLLASEDSLRARVDEAMELII",235.612640380859,16,,'A' inserted at '16',None,1,0
33,-1.95611977889169,0,HRQALGERLYPRVQAGMQPAFASKITGMLLELSPAQLLLLLASEDSLRARVDEAMELII,"HRQALGERLYPRVQAGMQPAFASKITGMLLELSPAQLLLLLASEDSLRARVDEAMELII
HRQALGERLYPRVQA-MQPAFASKITGMLLELSPAQLLLLLASEDSLRARVDEAMELII",235.612640380859,16,,'G' inserted at '16',None,1,0
34,-0.244091168563082,1,HRQALGERLYPRVQAMAQPAFASKITGMLLELSPAQLLLLLASEDSLRARVDEAMELII,"HRQALGERLYPRVQAMAQPAFASKITGMLLELSPAQLLLLLASEDSLRARVDEAMELII
HRQALGERLYPRVQAM-QPAFASKITGMLLELSPAQLLLLLASEDSLRARVDEAMELII",235.612640380859,17,,'A' inserted at '17',None,1,0
35,-1.08913572775263,0,HRQALGERLYPRVQAMGQPAFASKITGMLLELSPAQLLLLLASEDSLRARVDEAMELII,"HRQALGERLYPRVQAMGQPAFASKITGMLLELSPAQLLLLLASEDSLRARVDEAMELII
HRQALGERLYPRVQAM-QPAFASKITGMLLELSPAQLLLLLASEDSLRARVDEAMELII",235.612640380859,17,,'G' inserted at '17',None,1,0
36,-1.79340036862009,0,HRQALGERLYPRVQAMPAFASKITGMLLELSPAQLLLLLASEDSLRARVDEAMELII,"HRQALGERLYPRVQAM-PAFASKITGMLLELSPAQLLLLLASEDSLRARVDEAMELII
HRQALGERLYPRVQAMQPAFASKITGMLLELSPAQLLLLLASEDSLRARVDEAMELII",231.308975219727,,17,None,'Q' deleted in '17',0,1
37,-1.35370400963895,0,HRQALGERLYPRVQAMQAFASKITGMLLELSPAQLLLLLASEDSLRARVDEAMELII,"HRQALGERLYPRVQAMQ-AFASKITGMLLELSPAQLLLLLASEDSLRARVDEAMELII
HRQALGERLYPRVQAMQPAFASKITGMLLELSPAQLLLLLASEDSLRARVDEAMELII",231.308975219727,,18,None,'P' deleted in '18',0,1
38,-1.31678043048823,0,HRQALGERLYPRVQAMQAPAFASKITGMLLELSPAQLLLLLASEDSLRARVDEAMELII,"HRQALGERLYPRVQAMQAPAFASKITGMLLELSPAQLLLLLASEDSLRARVDEAMELII
HRQALGERLYPRVQAMQ-PAFASKITGMLLELSPAQLLLLLASEDSLRARVDEAMELII",235.612640380859,18,,'A' inserted at '18',None,1,0
39,-0.517806781213494,0,HRQALGERLYPRVQAMQGPAFASKITGMLLELSPAQLLLLLASEDSLRARVDEAMELII,"HRQALGERLYPRVQAMQGPAFASKITGMLLELSPAQLLLLLASEDSLRARVDEAMELII
HRQALGERLYPRVQAMQ-PAFASKITGMLLELSPAQLLLLLASEDSLRARVDEAMELII",235.612640380859,18,,'G' inserted at '18',None,1,0
40,-0.922218525830798,0,HRQALGERLYPRVQAMQPAAFASKITGMLLELSPAQLLLLLASEDSLRARVDEAMELII,"HRQALGERLYPRVQAMQPAAFASKITGMLLELSPAQLLLLLASEDSLRARVDEAMELII
HRQALGERLYPRVQAMQPA-FASKITGMLLELSPAQLLLLLASEDSLRARVDEAMELII",235.612640380859,20,,'A' inserted at '20',None,1,0
41,-2.47368238005921,0,HRQALGERLYPRVQAMQPAASKITGMLLELSPAQLLLLLASEDSLRARVDEAMELII,"HRQALGERLYPRVQAMQPA-ASKITGMLLELSPAQLLLLLASEDSLRARVDEAMELII
HRQALGERLYPRVQAMQPAFASKITGMLLELSPAQLLLLLASEDSLRARVDEAMELII",231.308975219727,,20,None,'F' deleted in '20',0,1
42,-1.4640536820188,0,HRQALGERLYPRVQAMQPAFAASKITGMLLELSPAQLLLLLASEDSLRARVDEAMELII,"HRQALGERLYPRVQAMQPAFAASKITGMLLELSPAQLLLLLASEDSLRARVDEAMELII
HRQALGERLYPRVQAMQPAFA-SKITGMLLELSPAQLLLLLASEDSLRARVDEAMELII",235.612640380859,22,,'A' inserted at '22',None,1,0
43,-2.42299370468502,0,HRQALGERLYPRVQAMQPAFAGSKITGMLLELSPAQLLLLLASEDSLRARVDEAMELII,"HRQALGERLYPRVQAMQPAFAGSKITGMLLELSPAQLLLLLASEDSLRARVDEAMELII
HRQALGERLYPRVQAMQPAFA-SKITGMLLELSPAQLLLLLASEDSLRARVDEAMELII",235.612640380859,22,,'G' inserted at '22',None,1,0
44,-2.03831280441428,0,HRQALGERLYPRVQAMQPAFAKITGMLLELSPAQLLLLLASEDSLRARVDEAMELII,"HRQALGERLYPRVQAMQPAFA-KITGMLLELSPAQLLLLLASEDSLRARVDEAMELII
HRQALGERLYPRVQAMQPAFASKITGMLLELSPAQLLLLLASEDSLRARVDEAMELII",231.308975219727,,22,None,'S' deleted in '22',0,1
45,-1.95776489755049,0,HRQALGERLYPRVQAMQPAFASAKITGMLLELSPAQLLLLLASEDSLRARVDEAMELII,"HRQALGERLYPRVQAMQPAFASAKITGMLLELSPAQLLLLLASEDSLRARVDEAMELII
HRQALGERLYPRVQAMQPAFAS-KITGMLLELSPAQLLLLLASEDSLRARVDEAMELII",235.612640380859,23,,'A' inserted at '23',None,1,0
46,-2.16588269900614,0,HRQALGERLYPRVQAMQPAFASGKITGMLLELSPAQLLLLLASEDSLRARVDEAMELII,"HRQALGERLYPRVQAMQPAFASGKITGMLLELSPAQLLLLLASEDSLRARVDEAMELII
HRQALGERLYPRVQAMQPAFAS-KITGMLLELSPAQLLLLLASEDSLRARVDEAMELII",235.612640380859,23,,'G' inserted at '23',None,1,0
47,-2.24315945342474,0,HRQALGERLYPRVQAMQPAFASITGMLLELSPAQLLLLLASEDSLRARVDEAMELII,"HRQALGERLYPRVQAMQPAFAS-ITGMLLELSPAQLLLLLASEDSLRARVDEAMELII
HRQALGERLYPRVQAMQPAFASKITGMLLELSPAQLLLLLASEDSLRARVDEAMELII",231.308975219727,,23,None,'K' deleted in '23',0,1
48,-2.11790864560624,0,HRQALGERLYPRVQAMQPAFASKAITGMLLELSPAQLLLLLASEDSLRARVDEAMELII,"HRQALGERLYPRVQAMQPAFASKAITGMLLELSPAQLLLLLASEDSLRARVDEAMELII
HRQALGERLYPRVQAMQPAFASK-ITGMLLELSPAQLLLLLASEDSLRARVDEAMELII",235.612640380859,24,,'A' inserted at '24',None,1,0
49,-2.39689053547343,0,HRQALGERLYPRVQAMQPAFASKGITGMLLELSPAQLLLLLASEDSLRARVDEAMELII,"HRQALGERLYPRVQAMQPAFASKGITGMLLELSPAQLLLLLASEDSLRARVDEAMELII
HRQALGERLYPRVQAMQPAFASK-ITGMLLELSPAQLLLLLASEDSLRARVDEAMELII",235.612640380859,24,,'G' inserted at '24',None,1,0
50,-1.72168775888756,0,HRQALGERLYPRVQAMQPAFASKIATGMLLELSPAQLLLLLASEDSLRARVDEAMELII,"HRQALGERLYPRVQAMQPAFASKIATGMLLELSPAQLLLLLASEDSLRARVDEAMELII
HRQALGERLYPRVQAMQPAFASKI-TGMLLELSPAQLLLLLASEDSLRARVDEAMELII",235.612640380859,25,,'A' inserted at '25',None,1,0
51,-2.30226891799717,0,HRQALGERLYPRVQAMQPAFASKIGMLLELSPAQLLLLLASEDSLRARVDEAMELII,"HRQALGERLYPRVQAMQPAFASKI-GMLLELSPAQLLLLLASEDSLRARVDEAMELII
HRQALGERLYPRVQAMQPAFASKITGMLLELSPAQLLLLLASEDSLRARVDEAMELII",231.308975219727,,25,None,'T' deleted in '25',0,1
52,-2.44612007925839,0,HRQALGERLYPRVQAMQPAFASKIGTGMLLELSPAQLLLLLASEDSLRARVDEAMELII,"HRQALGERLYPRVQAMQPAFASKIGTGMLLELSPAQLLLLLASEDSLRARVDEAMELII
HRQALGERLYPRVQAMQPAFASKI-TGMLLELSPAQLLLLLASEDSLRARVDEAMELII",235.612640380859,25,,'G' inserted at '25',None,1,0
53,-0.922717748686254,0,HRQALGERLYPRVQAMQPAFASKITAGMLLELSPAQLLLLLASEDSLRARVDEAMELII,"HRQALGERLYPRVQAMQPAFASKITAGMLLELSPAQLLLLLASEDSLRARVDEAMELII
HRQALGERLYPRVQAMQPAFASKIT-GMLLELSPAQLLLLLASEDSLRARVDEAMELII",235.612640380859,26,,'A' inserted at '26',None,1,0
54,-0.886292055937503,0,HRQALGERLYPRVQAMQPAFASKITGAMLLELSPAQLLLLLASEDSLRARVDEAMELII,"HRQALGERLYPRVQAMQPAFASKITGAMLLELSPAQLLLLLASEDSLRARVDEAMELII
HRQALGERLYPRVQAMQPAFASKITG-MLLELSPAQLLLLLASEDSLRARVDEAMELII",235.612640380859,27,,'A' inserted at '27',None,1,0
55,-1.63490021847117,0,HRQALGERLYPRVQAMQPAFASKITGGMLLELSPAQLLLLLASEDSLRARVDEAMELII,"HRQALGERLYPRVQAMQPAFASKITGGMLLELSPAQLLLLLASEDSLRARVDEAMELII
HRQALGERLYPRVQAMQPAFASKITG-MLLELSPAQLLLLLASEDSLRARVDEAMELII",235.612640380859,27,,'G' inserted at '27',None,1,0
56,-2.59671271835961,0,HRQALGERLYPRVQAMQPAFASKITGLLELSPAQLLLLLASEDSLRARVDEAMELII,"HRQALGERLYPRVQAMQPAFASKITG-LLELSPAQLLLLLASEDSLRARVDEAMELII
HRQALGERLYPRVQAMQPAFASKITGMLLELSPAQLLLLLASEDSLRARVDEAMELII",231.308975219727,,27,None,'M' deleted in '27',0,1
57,-2.02722079654862,0,HRQALGERLYPRVQAMQPAFASKITGMALLELSPAQLLLLLASEDSLRARVDEAMELII,"HRQALGERLYPRVQAMQPAFASKITGMALLELSPAQLLLLLASEDSLRARVDEAMELII
HRQALGERLYPRVQAMQPAFASKITGM-LLELSPAQLLLLLASEDSLRARVDEAMELII",235.612640380859,28,,'A' inserted at '28',None,1,0
58,-2.57600443865497,0,HRQALGERLYPRVQAMQPAFASKITGMGLLELSPAQLLLLLASEDSLRARVDEAMELII,"HRQALGERLYPRVQAMQPAFASKITGMGLLELSPAQLLLLLASEDSLRARVDEAMELII
HRQALGERLYPRVQAMQPAFASKITGM-LLELSPAQLLLLLASEDSLRARVDEAMELII",235.612640380859,28,,'G' inserted at '28',None,1,0
59,-0.794697345726576,0,HRQALGERLYPRVQAMQPAFASKITGMLALELSPAQLLLLLASEDSLRARVDEAMELII,"HRQALGERLYPRVQAMQPAFASKITGMLALELSPAQLLLLLASEDSLRARVDEAMELII
HRQALGERLYPRVQAMQPAFASKITGML-LELSPAQLLLLLASEDSLRARVDEAMELII",235.612640380859,29,,'A' inserted at '29',None,1,0
60,-2.59886580359515,0,HRQALGERLYPRVQAMQPAFASKITGMLELSPAQLLLLLASEDSLRARVDEAMELII,"HRQALGERLYPRVQAMQPAFASKITGM-LELSPAQLLLLLASEDSLRARVDEAMELII
HRQALGERLYPRVQAMQPAFASKITGMLLELSPAQLLLLLASEDSLRARVDEAMELII",231.308975219727,,28,None,'L' deleted in '28',0,1
61,-1.60515247862209,0,HRQALGERLYPRVQAMQPAFASKITGMLGLELSPAQLLLLLASEDSLRARVDEAMELII,"HRQALGERLYPRVQAMQPAFASKITGMLGLELSPAQLLLLLASEDSLRARVDEAMELII
HRQALGERLYPRVQAMQPAFASKITGML-LELSPAQLLLLLASEDSLRARVDEAMELII",235.612640380859,29,,'G' inserted at '29',None,1,0
62,-0.0254625592832504,1,HRQALGERLYPRVQAMQPAFASKITGMLLAELSPAQLLLLLASEDSLRARVDEAMELII,"HRQALGERLYPRVQAMQPAFASKITGMLLAELSPAQLLLLLASEDSLRARVDEAMELII
HRQALGERLYPRVQAMQPAFASKITGMLL-ELSPAQLLLLLASEDSLRARVDEAMELII",235.612640380859,30,,'A' inserted at '30',None,1,0
63,-0.159145171542669,1,HRQALGERLYPRVQAMQPAFASKITGMLLEALSPAQLLLLLASEDSLRARVDEAMELII,"HRQALGERLYPRVQAMQPAFASKITGMLLEALSPAQLLLLLASEDSLRARVDEAMELII
HRQALGERLYPRVQAMQPAFASKITGMLLE-LSPAQLLLLLASEDSLRARVDEAMELII",235.612640380859,31,,'A' inserted at '31',None,1,0
64,-0.23565665754741,1,HRQALGERLYPRVQAMQPAFASKITGMLLEGLSPAQLLLLLASEDSLRARVDEAMELII,"HRQALGERLYPRVQAMQPAFASKITGMLLEGLSPAQLLLLLASEDSLRARVDEAMELII
HRQALGERLYPRVQAMQPAFASKITGMLLE-LSPAQLLLLLASEDSLRARVDEAMELII",235.612640380859,31,,'G' inserted at '31',None,1,0
65,-0.174715262489506,1,HRQALGERLYPRVQAMQPAFASKITGMLLELASPAQLLLLLASEDSLRARVDEAMELII,"HRQALGERLYPRVQAMQPAFASKITGMLLELASPAQLLLLLASEDSLRARVDEAMELII
HRQALGERLYPRVQAMQPAFASKITGMLLEL-SPAQLLLLLASEDSLRARVDEAMELII",235.612640380859,32,,'A' inserted at '32',None,1,0
66,-0.494335166104311,0,HRQALGERLYPRVQAMQPAFASKITGMLLELGSPAQLLLLLASEDSLRARVDEAMELII,"HRQALGERLYPRVQAMQPAFASKITGMLLELGSPAQLLLLLASEDSLRARVDEAMELII
HRQALGERLYPRVQAMQPAFASKITGMLLEL-SPAQLLLLLASEDSLRARVDEAMELII",235.612640380859,32,,'G' inserted at '32',None,1,0
67,-1.40057422680936,0,HRQALGERLYPRVQAMQPAFASKITGMLLELPAQLLLLLASEDSLRARVDEAMELII,"HRQALGERLYPRVQAMQPAFASKITGMLLEL-PAQLLLLLASEDSLRARVDEAMELII
HRQALGERLYPRVQAMQPAFASKITGMLLELSPAQLLLLLASEDSLRARVDEAMELII",231.308975219727,,32,None,'S' deleted in '32',0,1
68,-0.41038922910646,1,HRQALGERLYPRVQAMQPAFASKITGMLLELSAPAQLLLLLASEDSLRARVDEAMELII,"HRQALGERLYPRVQAMQPAFASKITGMLLELSAPAQLLLLLASEDSLRARVDEAMELII
HRQALGERLYPRVQAMQPAFASKITGMLLELS-PAQLLLLLASEDSLRARVDEAMELII",235.612640380859,33,,'A' inserted at '33',None,1,0
69,-1.70306226988476,0,HRQALGERLYPRVQAMQPAFASKITGMLLELSAQLLLLLASEDSLRARVDEAMELII,"HRQALGERLYPRVQAMQPAFASKITGMLLELS-AQLLLLLASEDSLRARVDEAMELII
HRQALGERLYPRVQAMQPAFASKITGMLLELSPAQLLLLLASEDSLRARVDEAMELII",231.308975219727,,33,None,'P' deleted in '33',0,1
70,-0.687850531771845,0,HRQALGERLYPRVQAMQPAFASKITGMLLELSGPAQLLLLLASEDSLRARVDEAMELII,"HRQALGERLYPRVQAMQPAFASKITGMLLELSGPAQLLLLLASEDSLRARVDEAMELII
HRQALGERLYPRVQAMQPAFASKITGMLLELS-PAQLLLLLASEDSLRARVDEAMELII",235.612640380859,33,,'G' inserted at '33',None,1,0
71,-0.77640845066951,0,HRQALGERLYPRVQAMQPAFASKITGMLLELSPAAQLLLLLASEDSLRARVDEAMELII,"HRQALGERLYPRVQAMQPAFASKITGMLLELSPAAQLLLLLASEDSLRARVDEAMELII
HRQALGERLYPRVQAMQPAFASKITGMLLELSPA-QLLLLLASEDSLRARVDEAMELII",235.612640380859,35,,'A' inserted at '35',None,1,0
72,-0.959684729566699,0,HRQALGERLYPRVQAMQPAFASKITGMLLELSPAGQLLLLLASEDSLRARVDEAMELII,"HRQALGERLYPRVQAMQPAFASKITGMLLELSPAGQLLLLLASEDSLRARVDEAMELII
HRQALGERLYPRVQAMQPAFASKITGMLLELSPA-QLLLLLASEDSLRARVDEAMELII",235.612640380859,35,,'G' inserted at '35',None,1,0
73,-1.75766117878433,0,HRQALGERLYPRVQAMQPAFASKITGMLLELSPALLLLLASEDSLRARVDEAMELII,"HRQALGERLYPRVQAMQPAFASKITGMLLELSPA-LLLLLASEDSLRARVDEAMELII
HRQALGERLYPRVQAMQPAFASKITGMLLELSPAQLLLLLASEDSLRARVDEAMELII",231.308975219727,,35,None,'Q' deleted in '35',0,1
74,-0.884466826849642,0,HRQALGERLYPRVQAMQPAFASKITGMLLELSPAQALLLLLASEDSLRARVDEAMELII,"HRQALGERLYPRVQAMQPAFASKITGMLLELSPAQALLLLLASEDSLRARVDEAMELII
HRQALGERLYPRVQAMQPAFASKITGMLLELSPAQ-LLLLLASEDSLRARVDEAMELII",235.612640380859,36,,'A' inserted at '36',None,1,0
75,-1.27028550737567,0,HRQALGERLYPRVQAMQPAFASKITGMLLELSPAQGLLLLLASEDSLRARVDEAMELII,"HRQALGERLYPRVQAMQPAFASKITGMLLELSPAQGLLLLLASEDSLRARVDEAMELII
HRQALGERLYPRVQAMQPAFASKITGMLLELSPAQ-LLLLLASEDSLRARVDEAMELII",235.612640380859,36,,'G' inserted at '36',None,1,0
76,-0.818956299946526,0,HRQALGERLYPRVQAMQPAFASKITGMLLELSPAQLALLLLASEDSLRARVDEAMELII,"HRQALGERLYPRVQAMQPAFASKITGMLLELSPAQLALLLLASEDSLRARVDEAMELII
HRQALGERLYPRVQAMQPAFASKITGMLLELSPAQL-LLLLASEDSLRARVDEAMELII",235.612640380859,37,,'A' inserted at '37',None,1,0
77,-1.07753425739919,0,HRQALGERLYPRVQAMQPAFASKITGMLLELSPAQLGLLLLASEDSLRARVDEAMELII,"HRQALGERLYPRVQAMQPAFASKITGMLLELSPAQLGLLLLASEDSLRARVDEAMELII
HRQALGERLYPRVQAMQPAFASKITGMLLELSPAQL-LLLLASEDSLRARVDEAMELII",235.612640380859,37,,'G' inserted at '37',None,1,0
78,-0.608735456733839,0,HRQALGERLYPRVQAMQPAFASKITGMLLELSPAQLLALLLASEDSLRARVDEAMELII,"HRQALGERLYPRVQAMQPAFASKITGMLLELSPAQLLALLLASEDSLRARVDEAMELII
HRQALGERLYPRVQAMQPAFASKITGMLLELSPAQLL-LLLASEDSLRARVDEAMELII",235.612640380859,38,,'A' inserted at '38',None,1,0
79,-0.850865823399104,0,HRQALGERLYPRVQAMQPAFASKITGMLLELSPAQLLGLLLASEDSLRARVDEAMELII,"HRQALGERLYPRVQAMQPAFASKITGMLLELSPAQLLGLLLASEDSLRARVDEAMELII
HRQALGERLYPRVQAMQPAFASKITGMLLELSPAQLL-LLLASEDSLRARVDEAMELII",235.612640380859,38,,'G' inserted at '38',None,1,0
80,-0.960972094402408,0,HRQALGERLYPRVQAMQPAFASKITGMLLELSPAQLLLALLASEDSLRARVDEAMELII,"HRQALGERLYPRVQAMQPAFASKITGMLLELSPAQLLLALLASEDSLRARVDEAMELII
HRQALGERLYPRVQAMQPAFASKITGMLLELSPAQLLL-LLASEDSLRARVDEAMELII",235.612640380859,39,,'A' inserted at '39',None,1,0
81,-1.14044431057408,0,HRQALGERLYPRVQAMQPAFASKITGMLLELSPAQLLLGLLASEDSLRARVDEAMELII,"HRQALGERLYPRVQAMQPAFASKITGMLLELSPAQLLLGLLASEDSLRARVDEAMELII
HRQALGERLYPRVQAMQPAFASKITGMLLELSPAQLLL-LLASEDSLRARVDEAMELII",235.612640380859,39,,'G' inserted at '39',None,1,0
82,-1.21085102886158,0,HRQALGERLYPRVQAMQPAFASKITGMLLELSPAQLLLLALASEDSLRARVDEAMELII,"HRQALGERLYPRVQAMQPAFASKITGMLLELSPAQLLLLALASEDSLRARVDEAMELII
HRQALGERLYPRVQAMQPAFASKITGMLLELSPAQLLLL-LASEDSLRARVDEAMELII",235.612640380859,40,,'A' inserted at '40',None,1,0
83,-1.48963758068855,0,HRQALGERLYPRVQAMQPAFASKITGMLLELSPAQLLLLASEDSLRARVDEAMELII,"HRQALGERLYPRVQAMQPAFASKITGMLLELSPAQLLLL-ASEDSLRARVDEAMELII
HRQALGERLYPRVQAMQPAFASKITGMLLELSPAQLLLLLASEDSLRARVDEAMELII",231.308975219727,,40,None,'L' deleted in '40',0,1
84,-1.95877445011582,0,HRQALGERLYPRVQAMQPAFASKITGMLLELSPAQLLLLGLASEDSLRARVDEAMELII,"HRQALGERLYPRVQAMQPAFASKITGMLLELSPAQLLLLGLASEDSLRARVDEAMELII
HRQALGERLYPRVQAMQPAFASKITGMLLELSPAQLLLL-LASEDSLRARVDEAMELII",235.612640380859,40,,'G' inserted at '40',None,1,0
85,-0.488272201699474,0,HRQALGERLYPRVQAMQPAFASKITGMLLELSPAQLLLLLAASEDSLRARVDEAMELII,"HRQALGERLYPRVQAMQPAFASKITGMLLELSPAQLLLLLAASEDSLRARVDEAMELII
HRQALGERLYPRVQAMQPAFASKITGMLLELSPAQLLLLLA-SEDSLRARVDEAMELII",235.612640380859,42,,'A' inserted at '42',None,1,0
86,-1.63896074223692,0,HRQALGERLYPRVQAMQPAFASKITGMLLELSPAQLLLLLAEDSLRARVDEAMELII,"HRQALGERLYPRVQAMQPAFASKITGMLLELSPAQLLLLLA-EDSLRARVDEAMELII
HRQALGERLYPRVQAMQPAFASKITGMLLELSPAQLLLLLASEDSLRARVDEAMELII",231.308975219727,,42,None,'S' deleted in '42',0,1
87,-0.233523550969609,1,HRQALGERLYPRVQAMQPAFASKITGMLLELSPAQLLLLLAGSEDSLRARVDEAMELII,"HRQALGERLYPRVQAMQPAFASKITGMLLELSPAQLLLLLAGSEDSLRARVDEAMELII
HRQALGERLYPRVQAMQPAFASKITGMLLELSPAQLLLLLA-SEDSLRARVDEAMELII",235.612640380859,42,,'G' inserted at '42',None,1,0
88,-0.820044326284657,0,HRQALGERLYPRVQAMQPAFASKITGMLLELSPAQLLLLLASAEDSLRARVDEAMELII,"HRQALGERLYPRVQAMQPAFASKITGMLLELSPAQLLLLLASAEDSLRARVDEAMELII
HRQALGERLYPRVQAMQPAFASKITGMLLELSPAQLLLLLAS-EDSLRARVDEAMELII",235.612640380859,43,,'A' inserted at '43',None,1,0
89,-1.55068673623843,0,HRQALGERLYPRVQAMQPAFASKITGMLLELSPAQLLLLLASDSLRARVDEAMELII,"HRQALGERLYPRVQAMQPAFASKITGMLLELSPAQLLLLLAS-DSLRARVDEAMELII
HRQALGERLYPRVQAMQPAFASKITGMLLELSPAQLLLLLASEDSLRARVDEAMELII",231.308990478516,,43,None,'E' deleted in '43',0,1
90,-0.925027168472074,0,HRQALGERLYPRVQAMQPAFASKITGMLLELSPAQLLLLLASEADSLRARVDEAMELII,"HRQALGERLYPRVQAMQPAFASKITGMLLELSPAQLLLLLASEADSLRARVDEAMELII
HRQALGERLYPRVQAMQPAFASKITGMLLELSPAQLLLLLASE-DSLRARVDEAMELII",235.612655639648,44,,'A' inserted at '44',None,1,0
91,-0.571666030689072,0,HRQALGERLYPRVQAMQPAFASKITGMLLELSPAQLLLLLASEDASLRARVDEAMELII,"HRQALGERLYPRVQAMQPAFASKITGMLLELSPAQLLLLLASEDASLRARVDEAMELII
HRQALGERLYPRVQAMQPAFASKITGMLLELSPAQLLLLLASED-SLRARVDEAMELII",235.612655639648,45,,'A' inserted at '45',None,1,0
92,-0.301445745737171,1,HRQALGERLYPRVQAMQPAFASKITGMLLELSPAQLLLLLASEDGSLRARVDEAMELII,"HRQALGERLYPRVQAMQPAFASKITGMLLELSPAQLLLLLASEDGSLRARVDEAMELII
HRQALGERLYPRVQAMQPAFASKITGMLLELSPAQLLLLLASED-SLRARVDEAMELII",235.612655639648,45,,'G' inserted at '45',None,1,0
93,-1.49408219573886,0,HRQALGERLYPRVQAMQPAFASKITGMLLELSPAQLLLLLASEDLRARVDEAMELII,"HRQALGERLYPRVQAMQPAFASKITGMLLELSPAQLLLLLASED-LRARVDEAMELII
HRQALGERLYPRVQAMQPAFASKITGMLLELSPAQLLLLLASEDSLRARVDEAMELII",231.308990478516,,45,None,'S' deleted in '45',0,1
94,-0.170768366176006,1,HRQALGERLYPRVQAMQPAFASKITGMLLELSPAQLLLLLASEDSALRARVDEAMELII,"HRQALGERLYPRVQAMQPAFASKITGMLLELSPAQLLLLLASEDSALRARVDEAMELII
HRQALGERLYPRVQAMQPAFASKITGMLLELSPAQLLLLLASEDS-LRARVDEAMELII",235.612655639648,46,,'A' inserted at '46',None,1,0
95,-0.752276447483573,0,HRQALGERLYPRVQAMQPAFASKITGMLLELSPAQLLLLLASEDSGLRARVDEAMELII,"HRQALGERLYPRVQAMQPAFASKITGMLLELSPAQLLLLLASEDSGLRARVDEAMELII
HRQALGERLYPRVQAMQPAFASKITGMLLELSPAQLLLLLASEDS-LRARVDEAMELII",235.612655639648,46,,'G' inserted at '46',None,1,0
96,-2.32669278288173,0,HRQALGERLYPRVQAMQPAFASKITGMLLELSPAQLLLLLASEDSLARARVDEAMELII,"HRQALGERLYPRVQAMQPAFASKITGMLLELSPAQLLLLLASEDSLARARVDEAMELII
HRQALGERLYPRVQAMQPAFASKITGMLLELSPAQLLLLLASEDSL-RARVDEAMELII",235.612655639648,47,,'A' inserted at '47',None,1,0
97,-2.28136035789769,0,HRQALGERLYPRVQAMQPAFASKITGMLLELSPAQLLLLLASEDSLARVDEAMELII,"HRQALGERLYPRVQAMQPAFASKITGMLLELSPAQLLLLLASEDSL-ARVDEAMELII
HRQALGERLYPRVQAMQPAFASKITGMLLELSPAQLLLLLASEDSLRARVDEAMELII",231.308990478516,,47,None,'R' deleted in '47',0,1
98,-2.32682426167286,0,HRQALGERLYPRVQAMQPAFASKITGMLLELSPAQLLLLLASEDSLGRARVDEAMELII,"HRQALGERLYPRVQAMQPAFASKITGMLLELSPAQLLLLLASEDSLGRARVDEAMELII
HRQALGERLYPRVQAMQPAFASKITGMLLELSPAQLLLLLASEDSL-RARVDEAMELII",235.612655639648,47,,'G' inserted at '47',None,1,0
99,-2.26226260682009,0,HRQALGERLYPRVQAMQPAFASKITGMLLELSPAQLLLLLASEDSLRAARVDEAMELII,"HRQALGERLYPRVQAMQPAFASKITGMLLELSPAQLLLLLASEDSLRAARVDEAMELII
HRQALGERLYPRVQAMQPAFASKITGMLLELSPAQLLLLLASEDSLRA-RVDEAMELII",235.612655639648,49,,'A' inserted at '49',None,1,0
100,-2.32887436778591,0,HRQALGERLYPRVQAMQPAFASKITGMLLELSPAQLLLLLASEDSLRAGRVDEAMELII,"HRQALGERLYPRVQAMQPAFASKITGMLLELSPAQLLLLLASEDSLRAGRVDEAMELII
HRQALGERLYPRVQAMQPAFASKITGMLLELSPAQLLLLLASEDSLRA-RVDEAMELII",235.612655639648,49,,'G' inserted at '49',None,1,0
101,-2.44205448591033,0,HRQALGERLYPRVQAMQPAFASKITGMLLELSPAQLLLLLASEDSLRARAVDEAMELII,"HRQALGERLYPRVQAMQPAFASKITGMLLELSPAQLLLLLASEDSLRARAVDEAMELII
HRQALGERLYPRVQAMQPAFASKITGMLLELSPAQLLLLLASEDSLRAR-VDEAMELII",235.612655639648,50,,'A' inserted at '50',None,1,0
102,-2.48993301535381,0,HRQALGERLYPRVQAMQPAFASKITGMLLELSPAQLLLLLASEDSLRARDEAMELII,"HRQALGERLYPRVQAMQPAFASKITGMLLELSPAQLLLLLASEDSLRAR-DEAMELII
HRQALGERLYPRVQAMQPAFASKITGMLLELSPAQLLLLLASEDSLRARVDEAMELII",231.308990478516,,50,None,'V' deleted in '50',0,1
103,-2.32988440235238,0,HRQALGERLYPRVQAMQPAFASKITGMLLELSPAQLLLLLASEDSLRARGVDEAMELII,"HRQALGERLYPRVQAMQPAFASKITGMLLELSPAQLLLLLASEDSLRARGVDEAMELII
HRQALGERLYPRVQAMQPAFASKITGMLLELSPAQLLLLLASEDSLRAR-VDEAMELII",235.612655639648,50,,'G' inserted at '50',None,1,0
104,-2.06697330094781,0,HRQALGERLYPRVQAMQPAFASKITGMLLELSPAQLLLLLASEDSLRARVADEAMELII,"HRQALGERLYPRVQAMQPAFASKITGMLLELSPAQLLLLLASEDSLRARVADEAMELII
HRQALGERLYPRVQAMQPAFASKITGMLLELSPAQLLLLLASEDSLRARV-DEAMELII",235.612655639648,51,,'A' inserted at '51',None,1,0
105,-1.06333839579374,0,HRQALGERLYPRVQAMQPAFASKITGMLLELSPAQLLLLLASEDSLRARVDAEAMELII,"HRQALGERLYPRVQAMQPAFASKITGMLLELSPAQLLLLLASEDSLRARVDAEAMELII
HRQALGERLYPRVQAMQPAFASKITGMLLELSPAQLLLLLASEDSLRARVD-EAMELII",235.612655639648,52,,'A' inserted at '52',None,1,0
106,-1.04801770388765,0,HRQALGERLYPRVQAMQPAFASKITGMLLELSPAQLLLLLASEDSLRARVDAMELII,"HRQALGERLYPRVQAMQPAFASKITGMLLELSPAQLLLLLASEDSLRARVD-AMELII
HRQALGERLYPRVQAMQPAFASKITGMLLELSPAQLLLLLASEDSLRARVDEAMELII",231.308990478516,,52,None,'E' deleted in '52',0,1
107,-0.519407143726375,0,HRQALGERLYPRVQAMQPAFASKITGMLLELSPAQLLLLLASEDSLRARVDEAAMELII,"HRQALGERLYPRVQAMQPAFASKITGMLLELSPAQLLLLLASEDSLRARVDEAAMELII
HRQALGERLYPRVQAMQPAFASKITGMLLELSPAQLLLLLASEDSLRARVDE-AMELII",235.612655639648,53,,'A' inserted at '53',None,1,0
108,-1.46265340402999,0,HRQALGERLYPRVQAMQPAFASKITGMLLELSPAQLLLLLASEDSLRARVDEAELII,"HRQALGERLYPRVQAMQPAFASKITGMLLELSPAQLLLLLASEDSLRARVDEA-ELII
HRQALGERLYPRVQAMQPAFASKITGMLLELSPAQLLLLLASEDSLRARVDEAMELII",231.308975219727,,54,None,'M' deleted in '54',0,1
109,-1.90327534411146,0,HRQALGERLYPRVQAMQPAFASKITGMLLELSPAQLLLLLASEDSLRARVDEAGMELII,"HRQALGERLYPRVQAMQPAFASKITGMLLELSPAQLLLLLASEDSLRARVDEAGMELII
HRQALGERLYPRVQAMQPAFASKITGMLLELSPAQLLLLLASEDSLRARVDEA-MELII",235.612640380859,54,,'G' inserted at '54',None,1,0
110,-0.256225447810477,1,HRQALGERLYPRVQAMQPAFASKITGMLLELSPAQLLLLLASEDSLRARVDEAMAELII,"HRQALGERLYPRVQAMQPAFASKITGMLLELSPAQLLLLLASEDSLRARVDEAMAELII
HRQALGERLYPRVQAMQPAFASKITGMLLELSPAQLLLLLASEDSLRARVDEAM-ELII",235.612640380859,55,,'A' inserted at '55',None,1,0
111,-0.30516645493027,1,HRQALGERLYPRVQAMQPAFASKITGMLLELSPAQLLLLLASEDSLRARVDEAMEALII,"HRQALGERLYPRVQAMQPAFASKITGMLLELSPAQLLLLLASEDSLRARVDEAMEALII
HRQALGERLYPRVQAMQPAFASKITGMLLELSPAQLLLLLASEDSLRARVDEAME-LII",235.612640380859,56,,'A' inserted at '56',None,1,0
112,-0.63232708242075,0,HRQALGERLYPRVQAMQPAFASKITGMLLELSPAQLLLLLASEDSLRARVDEAMEGLII,"HRQALGERLYPRVQAMQPAFASKITGMLLELSPAQLLLLLASEDSLRARVDEAMEGLII
HRQALGERLYPRVQAMQPAFASKITGMLLELSPAQLLLLLASEDSLRARVDEAME-LII",235.612640380859,56,,'G' inserted at '56',None,1,0
113,-0.13930236269472,1,HRQALGERLYPRVQAMQPAFASKITGMLLELSPAQLLLLLASEDSLRARVDEAMEII,"HRQALGERLYPRVQAMQPAFASKITGMLLELSPAQLLLLLASEDSLRARVDEAME-II
HRQALGERLYPRVQAMQPAFASKITGMLLELSPAQLLLLLASEDSLRARVDEAMELII",231.308975219727,,56,None,'L' deleted in '56',0,1
114,-1.07953707825501,0,HRQALGERLYPRVQAMQPAFASKITGMLLELSPAQLLLLLASEDSLRARVDEAMELAII,"HRQALGERLYPRVQAMQPAFASKITGMLLELSPAQLLLLLASEDSLRARVDEAMELAII
HRQALGERLYPRVQAMQPAFASKITGMLLELSPAQLLLLLASEDSLRARVDEAMEL-II",235.612640380859,57,,'A' inserted at '57',None,1,0
115,-1.47676808374125,0,HRQALGERLYPRVQAMQPAFASKITGMLLELSPAQLLLLLASEDSLRARVDEAMELGII,"HRQALGERLYPRVQAMQPAFASKITGMLLELSPAQLLLLLASEDSLRARVDEAMELGII
HRQALGERLYPRVQAMQPAFASKITGMLLELSPAQLLLLLASEDSLRARVDEAMEL-II",235.612640380859,57,,'G' inserted at '57',None,1,0
116,-0.0963522300707768,1,HRQALGERLYPRVQAMQPAFASKITGMLLELSPAQLLLLLASEDSLRARVDEAMELI,"HRQALGERLYPRVQAMQPAFASKITGMLLELSPAQLLLLLASEDSLRARVDEAMELI
HRQALGERLYPRVQAMQPAFASKITGMLLELSPAQLLLLLASEDSLRARVDEAMELI",231.308975219727,,,None,None,0,0
117,-0.157346379084198,1,HRQALGERLYPRVQAMQPAFASKITGMLLELSPAQLLLLLASEDSLRARVDEAMELIAI,"HRQALGERLYPRVQAMQPAFASKITGMLLELSPAQLLLLLASEDSLRARVDEAMELIAI
HRQALGERLYPRVQAMQPAFASKITGMLLELSPAQLLLLLASEDSLRARVDEAMELI-I",235.612640380859,58,,'A' inserted at '58',None,1,0
118,-0.207447109165261,1,HRQALGERLYPRVQAMQPAFASKITGMLLELSPAQLLLLLASEDSLRARVDEAMELIGI,"HRQALGERLYPRVQAMQPAFASKITGMLLELSPAQLLLLLASEDSLRARVDEAMELIGI
HRQALGERLYPRVQAMQPAFASKITGMLLELSPAQLLLLLASEDSLRARVDEAMELI-I",235.612640380859,58,,'G' inserted at '58',None,1,0
119,-0.510677832799815,0,HRQALGERLYPRVQAMQPAFASKITGMLLELSPAQLLLLLASEDSLRARVDEAMGELII,"HRQALGERLYPRVQAMQPAFASKITGMLLELSPAQLLLLLASEDSLRARVDEAMGELII
HRQALGERLYPRVQAMQPAFASKITGMLLELSPAQLLLLLASEDSLRARVDEAM-ELII",235.612640380859,55,,'G' inserted at '55',None,1,0
120,0.01667085617744,1,HRQALGERLYPRVQAMQPAFASKITGMLLELSPAQLLLLLASEDSLRARVDEAMLII,"HRQALGERLYPRVQAMQPAFASKITGMLLELSPAQLLLLLASEDSLRARVDEAM-LII
HRQALGERLYPRVQAMQPAFASKITGMLLELSPAQLLLLLASEDSLRARVDEAMELII",231.308975219727,,55,None,'E' deleted in '55',0,1
121,-2.06498934016216,0,HRQALGERLYPRVQAMQPAFASKITGMLLELSPAQLLLLLASEDSLRARVDEGAMELII,"HRQALGERLYPRVQAMQPAFASKITGMLLELSPAQLLLLLASEDSLRARVDEGAMELII
HRQALGERLYPRVQAMQPAFASKITGMLLELSPAQLLLLLASEDSLRARVDE-AMELII",235.612655639648,53,,'G' inserted at '53',None,1,0
122,-0.965794841437166,0,HRQALGERLYPRVQAMQPAFASKITGMLLELSPAQLLLLLASEDSLRARVDEMELII,"HRQALGERLYPRVQAMQPAFASKITGMLLELSPAQLLLLLASEDSLRARVDE-MELII
HRQALGERLYPRVQAMQPAFASKITGMLLELSPAQLLLLLASEDSLRARVDEAMELII",231.308975219727,,53,None,'A' deleted in '53',0,1
123,-2.02889868024864,0,HRQALGERLYPRVQAMQPAFASKITGMLLELSPAQLLLLLASEDSLRARVDGEAMELII,"HRQALGERLYPRVQAMQPAFASKITGMLLELSPAQLLLLLASEDSLRARVDGEAMELII
HRQALGERLYPRVQAMQPAFASKITGMLLELSPAQLLLLLASEDSLRARVD-EAMELII",235.612655639648,52,,'G' inserted at '52',None,1,0
124,-0.884933265526783,0,HRQALGERLYPRVQAMQPAFASKITGMLLELSPAQLLLLLASEDSLRARVEAMELII,"HRQALGERLYPRVQAMQPAFASKITGMLLELSPAQLLLLLASEDSLRARV-EAMELII
HRQALGERLYPRVQAMQPAFASKITGMLLELSPAQLLLLLASEDSLRARVDEAMELII",231.308990478516,,51,None,'D' deleted in '51',0,1
125,-2.28898882922843,0,HRQALGERLYPRVQAMQPAFASKITGMLLELSPAQLLLLLASEDSLRARVGDEAMELII,"HRQALGERLYPRVQAMQPAFASKITGMLLELSPAQLLLLLASEDSLRARVGDEAMELII
HRQALGERLYPRVQAMQPAFASKITGMLLELSPAQLLLLLASEDSLRARV-DEAMELII",235.612655639648,51,,'G' inserted at '51',None,1,0
126,-2.30860925446908,0,HRQALGERLYPRVQAMQPAFASKITGMLLELSPAQLLLLLASEDSLRAVDEAMELII,"HRQALGERLYPRVQAMQPAFASKITGMLLELSPAQLLLLLASEDSLRA-VDEAMELII
HRQALGERLYPRVQAMQPAFASKITGMLLELSPAQLLLLLASEDSLRARVDEAMELII",231.308990478516,,49,None,'R' deleted in '49',0,1
127,-2.13736132276949,0,HRQALGERLYPRVQAMQPAFASKITGMLLELSPAQLLLLLASEDSLRGARVDEAMELII,"HRQALGERLYPRVQAMQPAFASKITGMLLELSPAQLLLLLASEDSLRGARVDEAMELII
HRQALGERLYPRVQAMQPAFASKITGMLLELSPAQLLLLLASEDSLR-ARVDEAMELII",235.612655639648,48,,'G' inserted at '48',None,1,0
128,-2.32223464502854,0,HRQALGERLYPRVQAMQPAFASKITGMLLELSPAQLLLLLASEDSLRRVDEAMELII,"HRQALGERLYPRVQAMQPAFASKITGMLLELSPAQLLLLLASEDSLR-RVDEAMELII
HRQALGERLYPRVQAMQPAFASKITGMLLELSPAQLLLLLASEDSLRARVDEAMELII",231.308990478516,,48,None,'A' deleted in '48',0,1
129,-0.812608694099086,0,HRQALGERLYPRVQAMQPAFASKITGMLLELSPAQLLLLLASEGDSLRARVDEAMELII,"HRQALGERLYPRVQAMQPAFASKITGMLLELSPAQLLLLLASEGDSLRARVDEAMELII
HRQALGERLYPRVQAMQPAFASKITGMLLELSPAQLLLLLASE-DSLRARVDEAMELII",235.612655639648,44,,'G' inserted at '44',None,1,0
130,-1.65363673153593,0,HRQALGERLYPRVQAMQPAFASKITGMLLELSPAQLLLLLASESLRARVDEAMELII,"HRQALGERLYPRVQAMQPAFASKITGMLLELSPAQLLLLLASE-SLRARVDEAMELII
HRQALGERLYPRVQAMQPAFASKITGMLLELSPAQLLLLLASEDSLRARVDEAMELII",231.308990478516,,44,None,'D' deleted in '44',0,1
131,-0.380377796918685,1,HRQALGERLYPRVQAMQPAFASKITGMLLELSPAQLLLLLASGEDSLRARVDEAMELII,"HRQALGERLYPRVQAMQPAFASKITGMLLELSPAQLLLLLASGEDSLRARVDEAMELII
HRQALGERLYPRVQAMQPAFASKITGMLLELSPAQLLLLLAS-EDSLRARVDEAMELII",235.612640380859,43,,'G' inserted at '43',None,1,0
132,-0.602376223110015,0,HRQALGERLYPRVQAMQPAFASKITGMLLELSPAQLLLLLGASEDSLRARVDEAMELII,"HRQALGERLYPRVQAMQPAFASKITGMLLELSPAQLLLLLGASEDSLRARVDEAMELII
HRQALGERLYPRVQAMQPAFASKITGMLLELSPAQLLLLL-ASEDSLRARVDEAMELII",235.612640380859,41,,'G' inserted at '41',None,1,0
133,-1.02936447908989,0,HRQALGERLYPRVQAMQPAFASKITGMLLELSPAQLLLLLSEDSLRARVDEAMELII,"HRQALGERLYPRVQAMQPAFASKITGMLLELSPAQLLLLL-SEDSLRARVDEAMELII
HRQALGERLYPRVQAMQPAFASKITGMLLELSPAQLLLLLASEDSLRARVDEAMELII",231.308975219727,,41,None,'A' deleted in '41',0,1
134,-1.22698885928384,0,HRQALGERLYPRVQAMQPAFASKITGMLLELSPGAQLLLLLASEDSLRARVDEAMELII,"HRQALGERLYPRVQAMQPAFASKITGMLLELSPGAQLLLLLASEDSLRARVDEAMELII
HRQALGERLYPRVQAMQPAFASKITGMLLELSP-AQLLLLLASEDSLRARVDEAMELII",235.612640380859,34,,'G' inserted at '34',None,1,0
135,-1.81107565216748,0,HRQALGERLYPRVQAMQPAFASKITGMLLELSPQLLLLLASEDSLRARVDEAMELII,"HRQALGERLYPRVQAMQPAFASKITGMLLELSP-QLLLLLASEDSLRARVDEAMELII
HRQALGERLYPRVQAMQPAFASKITGMLLELSPAQLLLLLASEDSLRARVDEAMELII",231.308975219727,,34,None,'A' deleted in '34',0,1
136,-1.71065352436585,0,HRQALGERLYPRVQAMQPAFASKITGMLLESPAQLLLLLASEDSLRARVDEAMELII,"HRQALGERLYPRVQAMQPAFASKITGMLLE-SPAQLLLLLASEDSLRARVDEAMELII
HRQALGERLYPRVQAMQPAFASKITGMLLELSPAQLLLLLASEDSLRARVDEAMELII",231.308975219727,,31,None,'L' deleted in '31',0,1
137,-0.135727847527834,1,HRQALGERLYPRVQAMQPAFASKITGMLLGELSPAQLLLLLASEDSLRARVDEAMELII,"HRQALGERLYPRVQAMQPAFASKITGMLLGELSPAQLLLLLASEDSLRARVDEAMELII
HRQALGERLYPRVQAMQPAFASKITGMLL-ELSPAQLLLLLASEDSLRARVDEAMELII",235.612640380859,30,,'G' inserted at '30',None,1,0
138,-1.91833184112582,0,HRQALGERLYPRVQAMQPAFASKITGMLLLSPAQLLLLLASEDSLRARVDEAMELII,"HRQALGERLYPRVQAMQPAFASKITGMLL-LSPAQLLLLLASEDSLRARVDEAMELII
HRQALGERLYPRVQAMQPAFASKITGMLLELSPAQLLLLLASEDSLRARVDEAMELII",231.308975219727,,30,None,'E' deleted in '30',0,1
139,-1.68803356672943,0,HRQALGERLYPRVQAMQPAFASKITMLLELSPAQLLLLLASEDSLRARVDEAMELII,"HRQALGERLYPRVQAMQPAFASKIT-MLLELSPAQLLLLLASEDSLRARVDEAMELII
HRQALGERLYPRVQAMQPAFASKITGMLLELSPAQLLLLLASEDSLRARVDEAMELII",231.308975219727,,26,None,'G' deleted in '26',0,1
140,-2.72786231743377,0,HRQALGERLYPRVQAMQPAFASKTGMLLELSPAQLLLLLASEDSLRARVDEAMELII,"HRQALGERLYPRVQAMQPAFASK-TGMLLELSPAQLLLLLASEDSLRARVDEAMELII
HRQALGERLYPRVQAMQPAFASKITGMLLELSPAQLLLLLASEDSLRARVDEAMELII",231.308975219727,,24,None,'I' deleted in '24',0,1
141,-1.70904762650451,0,HRQALGERLYPRVQAMQPAFGASKITGMLLELSPAQLLLLLASEDSLRARVDEAMELII,"HRQALGERLYPRVQAMQPAFGASKITGMLLELSPAQLLLLLASEDSLRARVDEAMELII
HRQALGERLYPRVQAMQPAF-ASKITGMLLELSPAQLLLLLASEDSLRARVDEAMELII",235.612640380859,21,,'G' inserted at '21',None,1,0
142,-1.5275925022239,0,HRQALGERLYPRVQAMQPAFSKITGMLLELSPAQLLLLLASEDSLRARVDEAMELII,"HRQALGERLYPRVQAMQPAF-SKITGMLLELSPAQLLLLLASEDSLRARVDEAMELII
HRQALGERLYPRVQAMQPAFASKITGMLLELSPAQLLLLLASEDSLRARVDEAMELII",231.308975219727,,21,None,'A' deleted in '21',0,1
143,-0.819351343472178,0,HRQALGERLYPRVQAMQPAGFASKITGMLLELSPAQLLLLLASEDSLRARVDEAMELII,"HRQALGERLYPRVQAMQPAGFASKITGMLLELSPAQLLLLLASEDSLRARVDEAMELII
HRQALGERLYPRVQAMQPA-FASKITGMLLELSPAQLLLLLASEDSLRARVDEAMELII",235.612640380859,20,,'G' inserted at '20',None,1,0
144,-1.88744075481304,0,HRQALGERLYPRVQAMQPFASKITGMLLELSPAQLLLLLASEDSLRARVDEAMELII,"HRQALGERLYPRVQAMQP-FASKITGMLLELSPAQLLLLLASEDSLRARVDEAMELII
HRQALGERLYPRVQAMQPAFASKITGMLLELSPAQLLLLLASEDSLRARVDEAMELII",231.308975219727,,19,None,'A' deleted in '19',0,1
145,-0.406218304533667,1,HRQALGERLYPRVQAMQPGAFASKITGMLLELSPAQLLLLLASEDSLRARVDEAMELII,"HRQALGERLYPRVQAMQPGAFASKITGMLLELSPAQLLLLLASEDSLRARVDEAMELII
HRQALGERLYPRVQAMQP-AFASKITGMLLELSPAQLLLLLASEDSLRARVDEAMELII",235.612640380859,19,,'G' inserted at '19',None,1,0
146,-2.12505798526236,0,HRQALGERLYPRVQAQPAFASKITGMLLELSPAQLLLLLASEDSLRARVDEAMELII,"HRQALGERLYPRVQA-QPAFASKITGMLLELSPAQLLLLLASEDSLRARVDEAMELII
HRQALGERLYPRVQAMQPAFASKITGMLLELSPAQLLLLLASEDSLRARVDEAMELII",231.308975219727,,16,None,'M' deleted in '16',0,1
147,-1.91155367800799,0,HRQALGERLYPRVQGAMQPAFASKITGMLLELSPAQLLLLLASEDSLRARVDEAMELII,"HRQALGERLYPRVQGAMQPAFASKITGMLLELSPAQLLLLLASEDSLRARVDEAMELII
HRQALGERLYPRVQ-AMQPAFASKITGMLLELSPAQLLLLLASEDSLRARVDEAMELII",235.612640380859,15,,'G' inserted at '15',None,1,0
148,-2.01090464240275,0,HRQALGERLYPRVQMQPAFASKITGMLLELSPAQLLLLLASEDSLRARVDEAMELII,"HRQALGERLYPRVQ-MQPAFASKITGMLLELSPAQLLLLLASEDSLRARVDEAMELII
HRQALGERLYPRVQAMQPAFASKITGMLLELSPAQLLLLLASEDSLRARVDEAMELII",231.308975219727,,15,None,'A' deleted in '15',0,1
149,-1.97755638970559,0,HRQALGERLYPVQAMQPAFASKITGMLLELSPAQLLLLLASEDSLRARVDEAMELII,"HRQALGERLYP-VQAMQPAFASKITGMLLELSPAQLLLLLASEDSLRARVDEAMELII
HRQALGERLYPRVQAMQPAFASKITGMLLELSPAQLLLLLASEDSLRARVDEAMELII",231.308975219727,,12,None,'R' deleted in '12',0,1
150,-2.15274976862421,0,HRQALGERLYRVQAMQPAFASKITGMLLELSPAQLLLLLASEDSLRARVDEAMELII,"HRQALGERLY-RVQAMQPAFASKITGMLLELSPAQLLLLLASEDSLRARVDEAMELII
HRQALGERLYPRVQAMQPAFASKITGMLLELSPAQLLLLLASEDSLRARVDEAMELII",231.308975219727,,11,None,'P' deleted in '11',0,1
151,-2.07165043173734,0,HRQALGERYPRVQAMQPAFASKITGMLLELSPAQLLLLLASEDSLRARVDEAMELII,"HRQALGER-YPRVQAMQPAFASKITGMLLELSPAQLLLLLASEDSLRARVDEAMELII
HRQALGERLYPRVQAMQPAFASKITGMLLELSPAQLLLLLASEDSLRARVDEAMELII",231.308975219727,,9,None,'L' deleted in '9',0,1
152,-1.30061448383222,0,HRQALGGERLYPRVQAMQPAFASKITGMLLELSPAQLLLLLASEDSLRARVDEAMELII,"HRQALGGERLYPRVQAMQPAFASKITGMLLELSPAQLLLLLASEDSLRARVDEAMELII
HRQALG-ERLYPRVQAMQPAFASKITGMLLELSPAQLLLLLASEDSLRARVDEAMELII",235.612640380859,7,,'G' inserted at '7',None,1,0
153,-0.61935683743766,0,HRQALGRLYPRVQAMQPAFASKITGMLLELSPAQLLLLLASEDSLRARVDEAMELII,"HRQALG-RLYPRVQAMQPAFASKITGMLLELSPAQLLLLLASEDSLRARVDEAMELII
HRQALGERLYPRVQAMQPAFASKITGMLLELSPAQLLLLLASEDSLRARVDEAMELII",231.308975219727,,7,None,'E' deleted in '7',0,1
154,-0.421068530669513,1,HRQGALGERLYPRVQAMQPAFASKITGMLLELSPAQLLLLLASEDSLRARVDEAMELII,"HRQGALGERLYPRVQAMQPAFASKITGMLLELSPAQLLLLLASEDSLRARVDEAMELII
HRQ-ALGERLYPRVQAMQPAFASKITGMLLELSPAQLLLLLASEDSLRARVDEAMELII",235.612640380859,4,,'G' inserted at '4',None,1,0
155,0.0036408993629044,1,HRQLGERLYPRVQAMQPAFASKITGMLLELSPAQLLLLLASEDSLRARVDEAMELII,"HRQ-LGERLYPRVQAMQPAFASKITGMLLELSPAQLLLLLASEDSLRARVDEAMELII
HRQALGERLYPRVQAMQPAFASKITGMLLELSPAQLLLLLASEDSLRARVDEAMELII",231.308975219727,,4,None,'A' deleted in '4',0,1
156,0.102863656565314,1,RQALGERLYPRVQAMQPAFASKITGMLLELSPAQLLLLLASEDSLRARVDEAMELII,"RQALGERLYPRVQAMQPAFASKITGMLLELSPAQLLLLLASEDSLRARVDEAMELII
RQALGERLYPRVQAMQPAFASKITGMLLELSPAQLLLLLASEDSLRARVDEAMELII",231.308975219727,,,None,None,0,0
