mutated_sequence,DMS_score,DMS_score_bin
AYFQGQLNAMAHQIQEMFPQVPYHLVLQDLQLTRSVEITTDNILEGRI,-0.1165420619022259,1
FQGQLNAMAHQIQEMFPQVPYHLVLQDLQLTRSVEITTDNILEGRI,0.1858523447957587,1
GYFQGQLNAMAHQIQEMFPQVPYHLVLQDLQLTRSVEITTDNILEGRI,0.189352746075611,1
YAFQGQLNAMAHQIQEMFPQVPYHLVLQDLQLTRSVEITTDNILEGRI,-1.399907744078153,1
YFAQGQLNAMAHQIQEMFPQVPYHLVLQDLQLTRSVEITTDNILEGRI,-0.2828593836982298,1
YFGQGQLNAMAHQIQEMFPQVPYHLVLQDLQLTRSVEITTDNILEGRI,0.2067342583861515,1
YFGQLNAMAHQIQEMFPQVPYHLVLQDLQLTRSVEITTDNILEGRI,0.1230610238720073,1
YFQAGQLNAMAHQIQEMFPQVPYHLVLQDLQLTRSVEITTDNILEGRI,-0.2316365293724698,1
YFQGAQLNAMAHQIQEMFPQVPYHLVLQDLQLTRSVEITTDNILEGRI,-0.0363679499744105,1
YFQGGQLNAMAHQIQEMFPQVPYHLVLQDLQLTRSVEITTDNILEGRI,-0.40689005975826376,1
YFQGLNAMAHQIQEMFPQVPYHLVLQDLQLTRSVEITTDNILEGRI,-0.0164880903416801,1
YFQGQALNAMAHQIQEMFPQVPYHLVLQDLQLTRSVEITTDNILEGRI,-0.1652954167148976,1
YFQGQGLNAMAHQIQEMFPQVPYHLVLQDLQLTRSVEITTDNILEGRI,-0.3864223472688435,1
YFQGQLAMAHQIQEMFPQVPYHLVLQDLQLTRSVEITTDNILEGRI,-0.695819621503156,1
YFQGQLANAMAHQIQEMFPQVPYHLVLQDLQLTRSVEITTDNILEGRI,-1.233415025366856,1
YFQGQLGNAMAHQIQEMFPQVPYHLVLQDLQLTRSVEITTDNILEGRI,-2.0230484958940527,0
YFQGQLNAAHQIQEMFPQVPYHLVLQDLQLTRSVEITTDNILEGRI,-1.892463794766132,0
YFQGQLNAAMAHQIQEMFPQVPYHLVLQDLQLTRSVEITTDNILEGRI,-1.3846018553689878,1
YFQGQLNAGMAHQIQEMFPQVPYHLVLQDLQLTRSVEITTDNILEGRI,-2.097741288243584,0
YFQGQLNAMAAHQIQEMFPQVPYHLVLQDLQLTRSVEITTDNILEGRI,-1.7700957570213185,0
YFQGQLNAMAGHQIQEMFPQVPYHLVLQDLQLTRSVEITTDNILEGRI,-2.9521770839519563,0
YFQGQLNAMAHAQIQEMFPQVPYHLVLQDLQLTRSVEITTDNILEGRI,-3.176613751958416,0
YFQGQLNAMAHIQEMFPQVPYHLVLQDLQLTRSVEITTDNILEGRI,-2.2393900271294185,0
YFQGQLNAMAHQAIQEMFPQVPYHLVLQDLQLTRSVEITTDNILEGRI,-2.732666205587171,0
YFQGQLNAMAHQIAQEMFPQVPYHLVLQDLQLTRSVEITTDNILEGRI,-2.280874622415391,0
YFQGQLNAMAHQIGQEMFPQVPYHLVLQDLQLTRSVEITTDNILEGRI,-3.029886114744784,0
YFQGQLNAMAHQIQAEMFPQVPYHLVLQDLQLTRSVEITTDNILEGRI,-2.4995216841264165,0
YFQGQLNAMAHQIQEAMFPQVPYHLVLQDLQLTRSVEITTDNILEGRI,-2.738126244705368,0
YFQGQLNAMAHQIQEFPQVPYHLVLQDLQLTRSVEITTDNILEGRI,-3.05109774706352,0
YFQGQLNAMAHQIQEGMFPQVPYHLVLQDLQLTRSVEITTDNILEGRI,-3.062849502010968,0
YFQGQLNAMAHQIQEMAFPQVPYHLVLQDLQLTRSVEITTDNILEGRI,-2.910956158847772,0
YFQGQLNAMAHQIQEMFAPQVPYHLVLQDLQLTRSVEITTDNILEGRI,-1.94779246538928,0
YFQGQLNAMAHQIQEMFGPQVPYHLVLQDLQLTRSVEITTDNILEGRI,-1.554404576840977,0
YFQGQLNAMAHQIQEMFPAQVPYHLVLQDLQLTRSVEITTDNILEGRI,-2.3728917749854914,0
YFQGQLNAMAHQIQEMFPGQVPYHLVLQDLQLTRSVEITTDNILEGRI,-1.575811654422361,0
YFQGQLNAMAHQIQEMFPQAVPYHLVLQDLQLTRSVEITTDNILEGRI,-2.511984369317348,0
YFQGQLNAMAHQIQEMFPQGVPYHLVLQDLQLTRSVEITTDNILEGRI,-1.9342431680865224,0
YFQGQLNAMAHQIQEMFPQVAPYHLVLQDLQLTRSVEITTDNILEGRI,-3.0539892391554373,0
YFQGQLNAMAHQIQEMFPQVGPYHLVLQDLQLTRSVEITTDNILEGRI,-2.26879670114245,0
YFQGQLNAMAHQIQEMFPQVPAYHLVLQDLQLTRSVEITTDNILEGRI,-2.211781226146033,0
YFQGQLNAMAHQIQEMFPQVPGYHLVLQDLQLTRSVEITTDNILEGRI,-2.275366201414021,0
YFQGQLNAMAHQIQEMFPQVPHLVLQDLQLTRSVEITTDNILEGRI,-1.5098923824545003,0
YFQGQLNAMAHQIQEMFPQVPYAHLVLQDLQLTRSVEITTDNILEGRI,-2.181758725396959,0
YFQGQLNAMAHQIQEMFPQVPYGHLVLQDLQLTRSVEITTDNILEGRI,-2.7992237101647905,0
YFQGQLNAMAHQIQEMFPQVPYHLAVLQDLQLTRSVEITTDNILEGRI,-2.77286363879223,0
YFQGQLNAMAHQIQEMFPQVPYHLVALQDLQLTRSVEITTDNILEGRI,-2.944708733741275,0
YFQGQLNAMAHQIQEMFPQVPYHLVLAQDLQLTRSVEITTDNILEGRI,-2.9068469851179595,0
YFQGQLNAMAHQIQEMFPQVPYHLVLDLQLTRSVEITTDNILEGRI,-1.427422691160189,1
YFQGQLNAMAHQIQEMFPQVPYHLVLQADLQLTRSVEITTDNILEGRI,-2.316616595226707,0
YFQGQLNAMAHQIQEMFPQVPYHLVLQDALQLTRSVEITTDNILEGRI,-2.552570672750828,0
YFQGQLNAMAHQIQEMFPQVPYHLVLQDLAQLTRSVEITTDNILEGRI,-2.3457912264704888,0
YFQGQLNAMAHQIQEMFPQVPYHLVLQDLGQLTRSVEITTDNILEGRI,-3.031494752580171,0
YFQGQLNAMAHQIQEMFPQVPYHLVLQDLLTRSVEITTDNILEGRI,-2.221613618096336,0
YFQGQLNAMAHQIQEMFPQVPYHLVLQDLQALTRSVEITTDNILEGRI,-1.9522509323502275,0
YFQGQLNAMAHQIQEMFPQVPYHLVLQDLQGLTRSVEITTDNILEGRI,-2.7164011813242603,0
YFQGQLNAMAHQIQEMFPQVPYHLVLQDLQLATRSVEITTDNILEGRI,-3.312705070935259,0
YFQGQLNAMAHQIQEMFPQVPYHLVLQDLQLGTRSVEITTDNILEGRI,-2.8413440898680795,0
YFQGQLNAMAHQIQEMFPQVPYHLVLQDLQLRSVEITTDNILEGRI,-2.572463638789388,0
YFQGQLNAMAHQIQEMFPQVPYHLVLQDLQLTARSVEITTDNILEGRI,-2.7054182582352344,0
YFQGQLNAMAHQIQEMFPQVPYHLVLQDLQLTGRSVEITTDNILEGRI,-2.542884832958879,0
YFQGQLNAMAHQIQEMFPQVPYHLVLQDLQLTRASVEITTDNILEGRI,-2.9996325591085555,0
YFQGQLNAMAHQIQEMFPQVPYHLVLQDLQLTRGSVEITTDNILEGRI,-2.0473041675802324,0
YFQGQLNAMAHQIQEMFPQVPYHLVLQDLQLTRSAVEITTDNILEGRI,-2.4071444510989792,0
YFQGQLNAMAHQIQEMFPQVPYHLVLQDLQLTRSEITTDNILEGRI,-3.145550682399393,0
YFQGQLNAMAHQIQEMFPQVPYHLVLQDLQLTRSGVEITTDNILEGRI,-2.4528754073877783,0
YFQGQLNAMAHQIQEMFPQVPYHLVLQDLQLTRSVAEITTDNILEGRI,-2.9417538044194425,0
YFQGQLNAMAHQIQEMFPQVPYHLVLQDLQLTRSVEAITTDNILEGRI,-3.316016129431343,0
YFQGQLNAMAHQIQEMFPQVPYHLVLQDLQLTRSVEGITTDNILEGRI,-3.048381206014456,0
YFQGQLNAMAHQIQEMFPQVPYHLVLQDLQLTRSVEIGTTDNILEGRI,-2.7424736771252154,0
YFQGQLNAMAHQIQEMFPQVPYHLVLQDLQLTRSVEITATDNILEGRI,-3.2111375117006724,0
YFQGQLNAMAHQIQEMFPQVPYHLVLQDLQLTRSVEITDNILEGRI,-2.70141688095344,0
YFQGQLNAMAHQIQEMFPQVPYHLVLQDLQLTRSVEITGTDNILEGRI,-2.7537220445440016,0
YFQGQLNAMAHQIQEMFPQVPYHLVLQDLQLTRSVEITTDANILEGRI,-3.0840598605653256,0
YFQGQLNAMAHQIQEMFPQVPYHLVLQDLQLTRSVEITTDGNILEGRI,-3.022231421831163,0
YFQGQLNAMAHQIQEMFPQVPYHLVLQDLQLTRSVEITTDILEGRI,-1.871920560769791,0
YFQGQLNAMAHQIQEMFPQVPYHLVLQDLQLTRSVEITTDNAILEGRI,-2.972045864455469,0
YFQGQLNAMAHQIQEMFPQVPYHLVLQDLQLTRSVEITTDNGILEGRI,-2.857127783248304,0
YFQGQLNAMAHQIQEMFPQVPYHLVLQDLQLTRSVEITTDNIALEGRI,-2.570014254961932,0
YFQGQLNAMAHQIQEMFPQVPYHLVLQDLQLTRSVEITTDNIEGRI,-2.274647044662404,0
YFQGQLNAMAHQIQEMFPQVPYHLVLQDLQLTRSVEITTDNIGLEGRI,-2.803528406492985,0
YFQGQLNAMAHQIQEMFPQVPYHLVLQDLQLTRSVEITTDNILAEGRI,-2.0699414390276534,0
YFQGQLNAMAHQIQEMFPQVPYHLVLQDLQLTRSVEITTDNILEAGRI,-1.994195240021444,0
YFQGQLNAMAHQIQEMFPQVPYHLVLQDLQLTRSVEITTDNILEGARI,-1.413607539000078,1
YFQGQLNAMAHQIQEMFPQVPYHLVLQDLQLTRSVEITTDNILEGGRI,-2.251470535202361,0
YFQGQLNAMAHQIQEMFPQVPYHLVLQDLQLTRSVEITTDNILEGI,-1.6584650070307447,0
YFQGQLNAMAHQIQEMFPQVPYHLVLQDLQLTRSVEITTDNILEGR,-2.0527865476638034,0
YFQGQLNAMAHQIQEMFPQVPYHLVLQDLQLTRSVEITTDNILEGRAI,-1.849213215670974,0
YFQGQLNAMAHQIQEMFPQVPYHLVLQDLQLTRSVEITTDNILEGRGI,-1.892858012000226,0
YFQGQLNAMAHQIQEMFPQVPYHLVLQDLQLTRSVEITTDNILERI,-1.0762420573645928,1
YFQGQLNAMAHQIQEMFPQVPYHLVLQDLQLTRSVEITTDNILGEGRI,-2.3076202373427805,0
YFQGQLNAMAHQIQEMFPQVPYHLVLQDLQLTRSVEITTDNILGRI,-1.0251026942334749,1
YFQGQLNAMAHQIQEMFPQVPYHLVLQDLQLTRSVEITTDNLEGRI,-1.9408198973797788,0
YFQGQLNAMAHQIQEMFPQVPYHLVLQDLQLTRSVEITTGDNILEGRI,-2.8962099910616983,0
YFQGQLNAMAHQIQEMFPQVPYHLVLQDLQLTRSVEITTNILEGRI,-1.9693533021227287,0
YFQGQLNAMAHQIQEMFPQVPYHLVLQDLQLTRSVITTDNILEGRI,-2.968528761976914,0
YFQGQLNAMAHQIQEMFPQVPYHLVLQDLQLTRVEITTDNILEGRI,-2.528369443349497,0
YFQGQLNAMAHQIQEMFPQVPYHLVLQDLQLTSVEITTDNILEGRI,-2.670372755369197,0
YFQGQLNAMAHQIQEMFPQVPYHLVLQGDLQLTRSVEITTDNILEGRI,-2.89213175566628,0
YFQGQLNAMAHQIQEMFPQVPYHLVLQLQLTRSVEITTDNILEGRI,-0.5625959206374549,1
YFQGQLNAMAHQIQEMFPQVPYHVLQDLQLTRSVEITTDNILEGRI,-3.1809448675021548,0
YFQGQLNAMAHQIQEMFPQVPYLVLQDLQLTRSVEITTDNILEGRI,-3.340477865210701,0
YFQGQLNAMAHQIQEMFPQVYHLVLQDLQLTRSVEITTDNILEGRI,-2.2116137644259197,0
YFQGQLNAMAHQIQEMFPVPYHLVLQDLQLTRSVEITTDNILEGRI,-2.659228123811616,0
YFQGQLNAMAHQIQEMFQVPYHLVLQDLQLTRSVEITTDNILEGRI,-1.4421141661900572,1
YFQGQLNAMAHQIQEMGFPQVPYHLVLQDLQLTRSVEITTDNILEGRI,-2.8415841637881427,0
YFQGQLNAMAHQIQGEMFPQVPYHLVLQDLQLTRSVEITTDNILEGRI,-2.7191504400469046,0
YFQGQLNAMAHQIQMFPQVPYHLVLQDLQLTRSVEITTDNILEGRI,-2.79806474055425,0
YFQGQLNAMAHQQEMFPQVPYHLVLQDLQLTRSVEITTDNILEGRI,-3.1155078462791,0
YFQGQLNAMAQIQEMFPQVPYHLVLQDLQLTRSVEITTDNILEGRI,-2.1754829641605204,0
YFQGQLNAMGAHQIQEMFPQVPYHLVLQDLQLTRSVEITTDNILEGRI,-2.4617052721460384,0
YFQGQLNAMHQIQEMFPQVPYHLVLQDLQLTRSVEITTDNILEGRI,-2.374420837975985,0
YFQGQLNGAMAHQIQEMFPQVPYHLVLQDLQLTRSVEITTDNILEGRI,-1.9796333692806345,0
YFQGQLNMAHQIQEMFPQVPYHLVLQDLQLTRSVEITTDNILEGRI,-1.323774692427962,1
YFQGQNAMAHQIQEMFPQVPYHLVLQDLQLTRSVEITTDNILEGRI,-1.3504344914304816,1
YFQQLNAMAHQIQEMFPQVPYHLVLQDLQLTRSVEITTDNILEGRI,0.6172411224774117,1
YGFQGQLNAMAHQIQEMFPQVPYHLVLQDLQLTRSVEITTDNILEGRI,-1.083961649046997,1
YQGQLNAMAHQIQEMFPQVPYHLVLQDLQLTRSVEITTDNILEGRI,-0.0192526858363102,1
