mutated_sequence,DMS_score,DMS_score_bin
AELSWTAEAEKMLGKVPFFVRKKVRKNTDNYAREIGEPVVTADVFRKAKEHLG,0.0238325342734371,1
EALSWTAEAEKMLGKVPFFVRKKVRKNTDNYAREIGEPVVTADVFRKAKEHLG,0.1038351446059655,1
EGLSWTAEAEKMLGKVPFFVRKKVRKNTDNYAREIGEPVVTADVFRKAKEHLG,0.1599676068875162,1
ELASWTAEAEKMLGKVPFFVRKKVRKNTDNYAREIGEPVVTADVFRKAKEHLG,-1.6160827798105917,0
ELGSWTAEAEKMLGKVPFFVRKKVRKNTDNYAREIGEPVVTADVFRKAKEHLG,-1.654822201186286,0
ELSAWTAEAEKMLGKVPFFVRKKVRKNTDNYAREIGEPVVTADVFRKAKEHLG,-1.5799263794055478,0
ELSGWTAEAEKMLGKVPFFVRKKVRKNTDNYAREIGEPVVTADVFRKAKEHLG,-1.6034055724906806,0
ELSWTAEAEKAMLGKVPFFVRKKVRKNTDNYAREIGEPVVTADVFRKAKEHLG,-4.415604919214845,0
ELSWTAEAEKMLAGKVPFFVRKKVRKNTDNYAREIGEPVVTADVFRKAKEHLG,-2.4453659710524525,0
ELSWTAEAEKMLGAKVPFFVRKKVRKNTDNYAREIGEPVVTADVFRKAKEHLG,-2.6894045272338234,0
ELSWTAEAEKMLGGKVPFFVRKKVRKNTDNYAREIGEPVVTADVFRKAKEHLG,-3.377629213669973,0
ELSWTAEAEKMLGKAVPFFVRKKVRKNTDNYAREIGEPVVTADVFRKAKEHLG,-2.602497312135197,0
ELSWTAEAEKMLGKGVPFFVRKKVRKNTDNYAREIGEPVVTADVFRKAKEHLG,-2.993073424845825,0
ELSWTAEAEKMLGKVAPFFVRKKVRKNTDNYAREIGEPVVTADVFRKAKEHLG,-1.5774397901316055,0
ELSWTAEAEKMLGKVFFVRKKVRKNTDNYAREIGEPVVTADVFRKAKEHLG,-3.975888693629211,0
ELSWTAEAEKMLGKVGPFFVRKKVRKNTDNYAREIGEPVVTADVFRKAKEHLG,-1.3550887718625662,0
ELSWTAEAEKMLGKVPAFFVRKKVRKNTDNYAREIGEPVVTADVFRKAKEHLG,-2.9801822802293785,0
ELSWTAEAEKMLGKVPFAFVRKKVRKNTDNYAREIGEPVVTADVFRKAKEHLG,-1.8324707890336995,0
ELSWTAEAEKMLGKVPFFAVRKKVRKNTDNYAREIGEPVVTADVFRKAKEHLG,-1.802240397205458,0
ELSWTAEAEKMLGKVPFFGVRKKVRKNTDNYAREIGEPVVTADVFRKAKEHLG,-2.351849389356767,0
ELSWTAEAEKMLGKVPFFRKKVRKNTDNYAREIGEPVVTADVFRKAKEHLG,-2.5663738803023697,0
ELSWTAEAEKMLGKVPFFVARKKVRKNTDNYAREIGEPVVTADVFRKAKEHLG,-2.0720871072185405,0
ELSWTAEAEKMLGKVPFFVGRKKVRKNTDNYAREIGEPVVTADVFRKAKEHLG,-2.5919827560408786,0
ELSWTAEAEKMLGKVPFFVKKVRKNTDNYAREIGEPVVTADVFRKAKEHLG,-3.395231903354162,0
ELSWTAEAEKMLGKVPFFVRAKKVRKNTDNYAREIGEPVVTADVFRKAKEHLG,-3.9410410111512295,0
ELSWTAEAEKMLGKVPFFVRKAKVRKNTDNYAREIGEPVVTADVFRKAKEHLG,-3.047960512017414,0
ELSWTAEAEKMLGKVPFFVRKGKVRKNTDNYAREIGEPVVTADVFRKAKEHLG,-3.811844455099658,0
ELSWTAEAEKMLGKVPFFVRKKAVRKNTDNYAREIGEPVVTADVFRKAKEHLG,-3.284595451378995,0
ELSWTAEAEKMLGKVPFFVRKKGVRKNTDNYAREIGEPVVTADVFRKAKEHLG,-3.751390636553176,0
ELSWTAEAEKMLGKVPFFVRKKVARKNTDNYAREIGEPVVTADVFRKAKEHLG,-4.137368515247863,0
ELSWTAEAEKMLGKVPFFVRKKVRKANTDNYAREIGEPVVTADVFRKAKEHLG,-4.62668570400074,0
ELSWTAEAEKMLGKVPFFVRKKVRKNTDNYAAREIGEPVVTADVFRKAKEHLG,-4.172988702332081,0
ELSWTAEAEKMLGKVPFFVRKKVRKNTDNYARAEIGEPVVTADVFRKAKEHLG,-3.5626204921106246,0
ELSWTAEAEKMLGKVPFFVRKKVRKNTDNYAREAIGEPVVTADVFRKAKEHLG,-3.645867434272047,0
ELSWTAEAEKMLGKVPFFVRKKVRKNTDNYAREGIGEPVVTADVFRKAKEHLG,-4.617771782761635,0
ELSWTAEAEKMLGKVPFFVRKKVRKNTDNYAREIAGEPVVTADVFRKAKEHLG,-2.047134042941361,0
ELSWTAEAEKMLGKVPFFVRKKVRKNTDNYAREIGAEPVVTADVFRKAKEHLG,-3.1105898699279573,0
ELSWTAEAEKMLGKVPFFVRKKVRKNTDNYAREIGEAPVVTADVFRKAKEHLG,-3.199288050836323,0
ELSWTAEAEKMLGKVPFFVRKKVRKNTDNYAREIGEGPVVTADVFRKAKEHLG,-3.136639187777329,0
ELSWTAEAEKMLGKVPFFVRKKVRKNTDNYAREIGEPAVVTADVFRKAKEHLG,-3.536621341382984,0
ELSWTAEAEKMLGKVPFFVRKKVRKNTDNYAREIGEPGVVTADVFRKAKEHLG,-3.4239953414464823,0
ELSWTAEAEKMLGKVPFFVRKKVRKNTDNYAREIGEPVAVTADVFRKAKEHLG,-4.611687950855889,0
ELSWTAEAEKMLGKVPFFVRKKVRKNTDNYAREIGEPVTADVFRKAKEHLG,-3.987038545700856,0
ELSWTAEAEKMLGKVPFFVRKKVRKNTDNYAREIGEPVVTAADVFRKAKEHLG,-3.8779309125363075,0
ELSWTAEAEKMLGKVPFFVRKKVRKNTDNYAREIGEPVVTADAVFRKAKEHLG,-4.111688113009048,0
ELSWTAEAEKMLGKVPFFVRKKVRKNTDNYAREIGEPVVTADVAFRKAKEHLG,-4.296722163648662,0
ELSWTAEAEKMLGKVPFFVRKKVRKNTDNYAREIGEPVVTADVFARKAKEHLG,-2.495560692016536,0
ELSWTAEAEKMLGKVPFFVRKKVRKNTDNYAREIGEPVVTADVFGRKAKEHLG,-3.11916526344512,0
ELSWTAEAEKMLGKVPFFVRKKVRKNTDNYAREIGEPVVTADVFKAKEHLG,-2.77128909746824,0
ELSWTAEAEKMLGKVPFFVRKKVRKNTDNYAREIGEPVVTADVFRAKAKEHLG,-2.056124497853518,0
ELSWTAEAEKMLGKVPFFVRKKVRKNTDNYAREIGEPVVTADVFRAKEHLG,-2.716157501765066,0
ELSWTAEAEKMLGKVPFFVRKKVRKNTDNYAREIGEPVVTADVFRGKAKEHLG,-2.80936912264562,0
ELSWTAEAEKMLGKVPFFVRKKVRKNTDNYAREIGEPVVTADVFRKAAKEHLG,-0.21694356685966837,1
ELSWTAEAEKMLGKVPFFVRKKVRKNTDNYAREIGEPVVTADVFRKAEHLG,-1.1140037514575436,0
ELSWTAEAEKMLGKVPFFVRKKVRKNTDNYAREIGEPVVTADVFRKAGKEHLG,-0.7980041734110266,1
ELSWTAEAEKMLGKVPFFVRKKVRKNTDNYAREIGEPVVTADVFRKAKAEHLG,-0.5273869613648277,1
ELSWTAEAEKMLGKVPFFVRKKVRKNTDNYAREIGEPVVTADVFRKAKEAHLG,0.0214295057010072,1
ELSWTAEAEKMLGKVPFFVRKKVRKNTDNYAREIGEPVVTADVFRKAKEGHLG,-0.8996173234175968,1
ELSWTAEAEKMLGKVPFFVRKKVRKNTDNYAREIGEPVVTADVFRKAKEHALG,-0.0903513995537537,1
ELSWTAEAEKMLGKVPFFVRKKVRKNTDNYAREIGEPVVTADVFRKAKEHG,-0.2233981679872125,1
ELSWTAEAEKMLGKVPFFVRKKVRKNTDNYAREIGEPVVTADVFRKAKEHGLG,-0.2533916194736223,1
ELSWTAEAEKMLGKVPFFVRKKVRKNTDNYAREIGEPVVTADVFRKAKEHL,0.1495411106311714,1
ELSWTAEAEKMLGKVPFFVRKKVRKNTDNYAREIGEPVVTADVFRKAKEHLAG,0.1554433704727928,1
ELSWTAEAEKMLGKVPFFVRKKVRKNTDNYAREIGEPVVTADVFRKAKEHLGG,-0.0976178704645565,1
ELSWTAEAEKMLGKVPFFVRKKVRKNTDNYAREIGEPVVTADVFRKAKELG,-0.3677224796168343,1
ELSWTAEAEKMLGKVPFFVRKKVRKNTDNYAREIGEPVVTADVFRKAKGEHLG,-0.9055979623988129,1
ELSWTAEAEKMLGKVPFFVRKKVRKNTDNYAREIGEPVVTADVFRKAKHLG,-0.5896424559729638,1
ELSWTAEAEKMLGKVPFFVRKKVRKNTDNYAREIGEPVVTADVFRKGAKEHLG,-1.6660414738562874,0
ELSWTAEAEKMLGKVPFFVRKKVRKNTDNYAREIGEPVVTADVFRKKEHLG,-2.810511313052402,0
ELSWTAEAEKMLGKVPFFVRKKVRKNTDNYAREIGEPVVTADVRKAKEHLG,-4.775718787124122,0
ELSWTAEAEKMLGKVPFFVRKKVRKNTDNYAREIGEPVVTAGDVFRKAKEHLG,-4.760332875654723,0
ELSWTAEAEKMLGKVPFFVRKKVRKNTDNYAREIGEVVTADVFRKAKEHLG,-3.803859804978046,0
ELSWTAEAEKMLGKVPFFVRKKVRKNTDNYAREIGGEPVVTADVFRKAKEHLG,-2.691600095293321,0
ELSWTAEAEKMLGKVPFFVRKKVRKNTDNYARGEIGEPVVTADVFRKAKEHLG,-3.9346905608550498,0
ELSWTAEAEKMLGKVPFFVRKVRKNTDNYAREIGEPVVTADVFRKAKEHLG,-3.560271318532342,0
ELSWTAEAEKMLGKVPFGFVRKKVRKNTDNYAREIGEPVVTADVFRKAKEHLG,-1.6386683628839558,0
ELSWTAEAEKMLGKVPFVRKKVRKNTDNYAREIGEPVVTADVFRKAKEHLG,-3.5680007469534796,0
ELSWTAEAEKMLGKVPGFFVRKKVRKNTDNYAREIGEPVVTADVFRKAKEHLG,-1.4010003758186316,0
ELWTAEAEKMLGKVPFFVRKKVRKNTDNYAREIGEPVVTADVFRKAKEHLG,-2.1629344778586,0
ESWTAEAEKMLGKVPFFVRKKVRKNTDNYAREIGEPVVTADVFRKAKEHLG,-2.2186118151978422,0
GELSWTAEAEKMLGKVPFFVRKKVRKNTDNYAREIGEPVVTADVFRKAKEHLG,-0.0106125176235365,1
LSWTAEAEKMLGKVPFFVRKKVRKNTDNYAREIGEPVVTADVFRKAKEHLG,0.0827040236653715,1
