mutated_sequence,DMS_score,DMS_score_bin
AAVESIEKKRIRKGRVEYLVKWRGWSPKYNTWEPEENILDPRLLIAFQNRE,0.029061421866379847,1
AESIEKKRIRKGRVEYLVKWRGWSPKYNTWEPEENILDPRLLIAFQNRE,-0.5260155415727299,1
AGVESIEKKRIRKGRVEYLVKWRGWSPKYNTWEPEENILDPRLLIAFQNRE,-0.1981200045416664,1
AVAESIEKKRIRKGRVEYLVKWRGWSPKYNTWEPEENILDPRLLIAFQNRE,0.5563665219205749,1
AVEASIEKKRIRKGRVEYLVKWRGWSPKYNTWEPEENILDPRLLIAFQNRE,-2.0093849906937318,0
AVEGSIEKKRIRKGRVEYLVKWRGWSPKYNTWEPEENILDPRLLIAFQNRE,-2.0954049221954625,0
AVEIEKKRIRKGRVEYLVKWRGWSPKYNTWEPEENILDPRLLIAFQNRE,-2.075049612944274,0
AVESAIEKKRIRKGRVEYLVKWRGWSPKYNTWEPEENILDPRLLIAFQNRE,-2.684494223760221,0
AVESEKKRIRKGRVEYLVKWRGWSPKYNTWEPEENILDPRLLIAFQNRE,-3.40172264919204,0
AVESGIEKKRIRKGRVEYLVKWRGWSPKYNTWEPEENILDPRLLIAFQNRE,-2.9118998831208245,0
AVESIAEKKRIRKGRVEYLVKWRGWSPKYNTWEPEENILDPRLLIAFQNRE,-2.7841555696032945,0
AVESIEAKKRIRKGRVEYLVKWRGWSPKYNTWEPEENILDPRLLIAFQNRE,-2.084338618139874,0
AVESIEGKKRIRKGRVEYLVKWRGWSPKYNTWEPEENILDPRLLIAFQNRE,-3.042277188162097,0
AVESIEKAKRIRKGRVEYLVKWRGWSPKYNTWEPEENILDPRLLIAFQNRE,-3.204149143390778,0
AVESIEKKARIRKGRVEYLVKWRGWSPKYNTWEPEENILDPRLLIAFQNRE,-2.649628300697315,0
AVESIEKKRAIRKGRVEYLVKWRGWSPKYNTWEPEENILDPRLLIAFQNRE,-2.3631985084371085,0
AVESIEKKRGIRKGRVEYLVKWRGWSPKYNTWEPEENILDPRLLIAFQNRE,-3.225061593427781,0
AVESIEKKRIARKGRVEYLVKWRGWSPKYNTWEPEENILDPRLLIAFQNRE,-1.8944963689918728,0
AVESIEKKRIGRKGRVEYLVKWRGWSPKYNTWEPEENILDPRLLIAFQNRE,-0.7851934590330569,1
AVESIEKKRIKGRVEYLVKWRGWSPKYNTWEPEENILDPRLLIAFQNRE,-2.648056018803217,0
AVESIEKKRIRAKGRVEYLVKWRGWSPKYNTWEPEENILDPRLLIAFQNRE,-1.3093513255242435,1
AVESIEKKRIRGKGRVEYLVKWRGWSPKYNTWEPEENILDPRLLIAFQNRE,-1.193478106892965,1
AVESIEKKRIRGRVEYLVKWRGWSPKYNTWEPEENILDPRLLIAFQNRE,-1.7795905732220572,0
AVESIEKKRIRKAGRVEYLVKWRGWSPKYNTWEPEENILDPRLLIAFQNRE,-1.54727199233039,1
AVESIEKKRIRKGARVEYLVKWRGWSPKYNTWEPEENILDPRLLIAFQNRE,-1.731493404085835,0
AVESIEKKRIRKGGRVEYLVKWRGWSPKYNTWEPEENILDPRLLIAFQNRE,-0.5279221886326955,1
AVESIEKKRIRKGRAVEYLVKWRGWSPKYNTWEPEENILDPRLLIAFQNRE,-2.642304741901193,0
AVESIEKKRIRKGRGVEYLVKWRGWSPKYNTWEPEENILDPRLLIAFQNRE,-1.662781030985106,0
AVESIEKKRIRKGRVAEYLVKWRGWSPKYNTWEPEENILDPRLLIAFQNRE,-2.874315655804224,0
AVESIEKKRIRKGRVEAYLVKWRGWSPKYNTWEPEENILDPRLLIAFQNRE,-2.498861951366856,0
AVESIEKKRIRKGRVEGYLVKWRGWSPKYNTWEPEENILDPRLLIAFQNRE,-3.622615543590863,0
AVESIEKKRIRKGRVEYLAVKWRGWSPKYNTWEPEENILDPRLLIAFQNRE,-3.21421303891234,0
AVESIEKKRIRKGRVEYLVAKWRGWSPKYNTWEPEENILDPRLLIAFQNRE,-2.752735547508345,0
AVESIEKKRIRKGRVEYLVKRGWSPKYNTWEPEENILDPRLLIAFQNRE,-2.3474116050386,0
AVESIEKKRIRKGRVEYLVKWARGWSPKYNTWEPEENILDPRLLIAFQNRE,-2.060309976955629,0
AVESIEKKRIRKGRVEYLVKWGRGWSPKYNTWEPEENILDPRLLIAFQNRE,-1.9841377344021336,0
AVESIEKKRIRKGRVEYLVKWGWSPKYNTWEPEENILDPRLLIAFQNRE,-2.2736351811491926,0
AVESIEKKRIRKGRVEYLVKWRAGWSPKYNTWEPEENILDPRLLIAFQNRE,-1.0156354495857198,1
AVESIEKKRIRKGRVEYLVKWRGAWSPKYNTWEPEENILDPRLLIAFQNRE,-1.529140523897447,1
AVESIEKKRIRKGRVEYLVKWRGGWSPKYNTWEPEENILDPRLLIAFQNRE,-1.6596514575095895,0
AVESIEKKRIRKGRVEYLVKWRGSPKYNTWEPEENILDPRLLIAFQNRE,-0.9210583775234148,1
AVESIEKKRIRKGRVEYLVKWRGWASPKYNTWEPEENILDPRLLIAFQNRE,-0.6214249293861678,1
AVESIEKKRIRKGRVEYLVKWRGWGSPKYNTWEPEENILDPRLLIAFQNRE,-1.046593303027267,1
AVESIEKKRIRKGRVEYLVKWRGWPKYNTWEPEENILDPRLLIAFQNRE,-0.7767834055137528,1
AVESIEKKRIRKGRVEYLVKWRGWSAPKYNTWEPEENILDPRLLIAFQNRE,-1.277735035509571,1
AVESIEKKRIRKGRVEYLVKWRGWSGPKYNTWEPEENILDPRLLIAFQNRE,-1.2369245754264386,1
AVESIEKKRIRKGRVEYLVKWRGWSKYNTWEPEENILDPRLLIAFQNRE,-1.4650382240209412,1
AVESIEKKRIRKGRVEYLVKWRGWSPAKYNTWEPEENILDPRLLIAFQNRE,-1.7065228369110803,0
AVESIEKKRIRKGRVEYLVKWRGWSPGKYNTWEPEENILDPRLLIAFQNRE,-2.107575698228112,0
AVESIEKKRIRKGRVEYLVKWRGWSPKAYNTWEPEENILDPRLLIAFQNRE,-1.8947964832463489,0
AVESIEKKRIRKGRVEYLVKWRGWSPKGYNTWEPEENILDPRLLIAFQNRE,-1.3350823501109552,1
AVESIEKKRIRKGRVEYLVKWRGWSPKNTWEPEENILDPRLLIAFQNRE,-1.6822321989930198,0
AVESIEKKRIRKGRVEYLVKWRGWSPKYANTWEPEENILDPRLLIAFQNRE,-2.3554083967762294,0
AVESIEKKRIRKGRVEYLVKWRGWSPKYGNTWEPEENILDPRLLIAFQNRE,-2.048970081971733,0
AVESIEKKRIRKGRVEYLVKWRGWSPKYNATWEPEENILDPRLLIAFQNRE,-1.6658950901018623,0
AVESIEKKRIRKGRVEYLVKWRGWSPKYNGTWEPEENILDPRLLIAFQNRE,-2.301004947751313,0
AVESIEKKRIRKGRVEYLVKWRGWSPKYNTAWEPEENILDPRLLIAFQNRE,-2.7696867294639262,0
AVESIEKKRIRKGRVEYLVKWRGWSPKYNTEPEENILDPRLLIAFQNRE,-3.3140425646875302,0
AVESIEKKRIRKGRVEYLVKWRGWSPKYNTGWEPEENILDPRLLIAFQNRE,-2.6964153816439707,0
AVESIEKKRIRKGRVEYLVKWRGWSPKYNTWAEPEENILDPRLLIAFQNRE,-3.036454532746649,0
AVESIEKKRIRKGRVEYLVKWRGWSPKYNTWEAPEENILDPRLLIAFQNRE,-2.056499878090966,0
AVESIEKKRIRKGRVEYLVKWRGWSPKYNTWEEENILDPRLLIAFQNRE,-0.4699899013783506,1
AVESIEKKRIRKGRVEYLVKWRGWSPKYNTWEGPEENILDPRLLIAFQNRE,-2.8214611034607406,0
AVESIEKKRIRKGRVEYLVKWRGWSPKYNTWEPAEENILDPRLLIAFQNRE,-2.1190379456756228,0
AVESIEKKRIRKGRVEYLVKWRGWSPKYNTWEPEAENILDPRLLIAFQNRE,-2.6352002144970514,0
AVESIEKKRIRKGRVEYLVKWRGWSPKYNTWEPEEANILDPRLLIAFQNRE,-1.6834078213394876,0
AVESIEKKRIRKGRVEYLVKWRGWSPKYNTWEPEEGNILDPRLLIAFQNRE,-1.8315505793555351,0
AVESIEKKRIRKGRVEYLVKWRGWSPKYNTWEPEEILDPRLLIAFQNRE,0.3082560102390377,1
AVESIEKKRIRKGRVEYLVKWRGWSPKYNTWEPEENAILDPRLLIAFQNRE,-1.093388170311046,1
AVESIEKKRIRKGRVEYLVKWRGWSPKYNTWEPEENGILDPRLLIAFQNRE,-1.3793081869481627,1
AVESIEKKRIRKGRVEYLVKWRGWSPKYNTWEPEENIALDPRLLIAFQNRE,-0.4824421913533405,1
AVESIEKKRIRKGRVEYLVKWRGWSPKYNTWEPEENIDPRLLIAFQNRE,0.8056685287787317,1
AVESIEKKRIRKGRVEYLVKWRGWSPKYNTWEPEENIGLDPRLLIAFQNRE,-1.0672866396659422,1
AVESIEKKRIRKGRVEYLVKWRGWSPKYNTWEPEENILADPRLLIAFQNRE,-0.5145604548439908,1
AVESIEKKRIRKGRVEYLVKWRGWSPKYNTWEPEENILDAPRLLIAFQNRE,-0.7166660311276905,1
AVESIEKKRIRKGRVEYLVKWRGWSPKYNTWEPEENILDGPRLLIAFQNRE,-1.4943898474939288,1
AVESIEKKRIRKGRVEYLVKWRGWSPKYNTWEPEENILDPARLLIAFQNRE,-1.2302915719341934,1
AVESIEKKRIRKGRVEYLVKWRGWSPKYNTWEPEENILDPGRLLIAFQNRE,-1.5672253039063644,1
AVESIEKKRIRKGRVEYLVKWRGWSPKYNTWEPEENILDPLLIAFQNRE,-1.2485987522648974,1
AVESIEKKRIRKGRVEYLVKWRGWSPKYNTWEPEENILDPRALLIAFQNRE,-1.3325867408719092,1
AVESIEKKRIRKGRVEYLVKWRGWSPKYNTWEPEENILDPRGLLIAFQNRE,-1.2098507427976444,1
AVESIEKKRIRKGRVEYLVKWRGWSPKYNTWEPEENILDPRLALIAFQNRE,-1.6569428031929114,0
AVESIEKKRIRKGRVEYLVKWRGWSPKYNTWEPEENILDPRLGLIAFQNRE,-2.081489351684985,0
AVESIEKKRIRKGRVEYLVKWRGWSPKYNTWEPEENILDPRLIAFQNRE,-2.0682526537872414,0
AVESIEKKRIRKGRVEYLVKWRGWSPKYNTWEPEENILDPRLLAFQNRE,-2.0194053529174045,0
AVESIEKKRIRKGRVEYLVKWRGWSPKYNTWEPEENILDPRLLAIAFQNRE,-1.801729766466428,0
AVESIEKKRIRKGRVEYLVKWRGWSPKYNTWEPEENILDPRLLGIAFQNRE,-2.0779533066415583,0
AVESIEKKRIRKGRVEYLVKWRGWSPKYNTWEPEENILDPRLLIAAFQNRE,-1.827959296273979,0
AVESIEKKRIRKGRVEYLVKWRGWSPKYNTWEPEENILDPRLLIAFAQNRE,-0.7869269342679679,1
AVESIEKKRIRKGRVEYLVKWRGWSPKYNTWEPEENILDPRLLIAFGQNRE,-1.078637495054266,1
AVESIEKKRIRKGRVEYLVKWRGWSPKYNTWEPEENILDPRLLIAFNRE,-0.4271868097675408,1
AVESIEKKRIRKGRVEYLVKWRGWSPKYNTWEPEENILDPRLLIAFQANRE,-0.6824431423335962,1
AVESIEKKRIRKGRVEYLVKWRGWSPKYNTWEPEENILDPRLLIAFQGNRE,-0.7803856941195273,1
AVESIEKKRIRKGRVEYLVKWRGWSPKYNTWEPEENILDPRLLIAFQNARE,-0.6470479718795628,1
AVESIEKKRIRKGRVEYLVKWRGWSPKYNTWEPEENILDPRLLIAFQNE,-0.4580505787320708,1
AVESIEKKRIRKGRVEYLVKWRGWSPKYNTWEPEENILDPRLLIAFQNGRE,-0.7165769333492069,1
AVESIEKKRIRKGRVEYLVKWRGWSPKYNTWEPEENILDPRLLIAFQNR,-0.3674996940823325,1
AVESIEKKRIRKGRVEYLVKWRGWSPKYNTWEPEENILDPRLLIAFQNRAE,-0.0890370260648194,1
AVESIEKKRIRKGRVEYLVKWRGWSPKYNTWEPEENILDPRLLIAFQNRGE,-0.3353599948528125,1
AVESIEKKRIRKGRVEYLVKWRGWSPKYNTWEPEENILDPRLLIAFQRE,-0.7008755899785253,1
AVESIEKKRIRKGRVEYLVKWRGWSPKYNTWEPEENILDPRLLIAGFQNRE,-2.0401739506535663,0
AVESIEKKRIRKGRVEYLVKWRGWSPKYNTWEPEENILDPRLLIAQNRE,-2.0643211866256856,0
AVESIEKKRIRKGRVEYLVKWRGWSPKYNTWEPEENILDPRLLIFQNRE,-1.9334740715475376,0
AVESIEKKRIRKGRVEYLVKWRGWSPKYNTWEPEENILDPRLLIGAFQNRE,-1.7465113824830354,0
AVESIEKKRIRKGRVEYLVKWRGWSPKYNTWEPEENILDRLLIAFQNRE,-0.9620466838290294,1
AVESIEKKRIRKGRVEYLVKWRGWSPKYNTWEPEENILGDPRLLIAFQNRE,-0.6484679582622022,1
AVESIEKKRIRKGRVEYLVKWRGWSPKYNTWEPEENILPRLLIAFQNRE,-0.2552313591522668,1
AVESIEKKRIRKGRVEYLVKWRGWSPKYNTWEPEENLDPRLLIAFQNRE,0.6103925666189034,1
AVESIEKKRIRKGRVEYLVKWRGWSPKYNTWEPEGENILDPRLLIAFQNRE,-2.0325222232993174,0
AVESIEKKRIRKGRVEYLVKWRGWSPKYNTWEPENILDPRLLIAFQNRE,-0.0329976423811566,1
AVESIEKKRIRKGRVEYLVKWRGWSPKYNTWEPGEENILDPRLLIAFQNRE,-2.351518270550728,0
AVESIEKKRIRKGRVEYLVKWRGWSPKYNTWGEPEENILDPRLLIAFQNRE,-3.278085640666196,0
AVESIEKKRIRKGRVEYLVKWRGWSPKYNTWPEENILDPRLLIAFQNRE,-3.0272554854078733,0
AVESIEKKRIRKGRVEYLVKWRGWSPKYNWEPEENILDPRLLIAFQNRE,-1.8369224881675108,0
AVESIEKKRIRKGRVEYLVKWRGWSPKYTWEPEENILDPRLLIAFQNRE,0.1895569449772511,1
AVESIEKKRIRKGRVEYLVKWRGWSPYNTWEPEENILDPRLLIAFQNRE,-1.6266851217075018,1
AVESIEKKRIRKGRVEYLVKWRWSPKYNTWEPEENILDPRLLIAFQNRE,-1.6300972469769437,1
AVESIEKKRIRKGRVEYLVWRGWSPKYNTWEPEENILDPRLLIAFQNRE,-2.4968120925932653,0
AVESIEKKRIRKGRVYLVKWRGWSPKYNTWEPEENILDPRLLIAFQNRE,-2.531581776536162,0
AVESIEKKRIRKGVEYLVKWRGWSPKYNTWEPEENILDPRLLIAFQNRE,-2.575136490092395,0
AVESIEKKRIRKRVEYLVKWRGWSPKYNTWEPEENILDPRLLIAFQNRE,-2.9651003758089134,0
AVESIEKKRRKGRVEYLVKWRGWSPKYNTWEPEENILDPRLLIAFQNRE,-2.4935168478210823,0
AVESIEKRIRKGRVEYLVKWRGWSPKYNTWEPEENILDPRLLIAFQNRE,-2.702797658037519,0
AVESIGEKKRIRKGRVEYLVKWRGWSPKYNTWEPEENILDPRLLIAFQNRE,-3.46344834385217,0
AVESIKKRIRKGRVEYLVKWRGWSPKYNTWEPEENILDPRLLIAFQNRE,-2.738113434639058,0
AVGESIEKKRIRKGRVEYLVKWRGWSPKYNTWEPEENILDPRLLIAFQNRE,-0.6731172386873312,1
AVSIEKKRIRKGRVEYLVKWRGWSPKYNTWEPEENILDPRLLIAFQNRE,-1.6180758894918577,1
GAVESIEKKRIRKGRVEYLVKWRGWSPKYNTWEPEENILDPRLLIAFQNRE,0.0037621994597114,1
VESIEKKRIRKGRVEYLVKWRGWSPKYNTWEPEENILDPRLLIAFQNRE,-0.2034434082992398,1
