mutated_sequence,DMS_score,DMS_score_bin
ATVKFKYKGEEKQVDISKIKKVWRVGKMISFTYDEGGGKTGRGAVSEKDAPKELLQ,0.1206863500778157,1
GTVKFKYKGEEKQVDISKIKKVWRVGKMISFTYDEGGGKTGRGAVSEKDAPKELLQ,-0.0226785578213188,1
TAVKFKYKGEEKQVDISKIKKVWRVGKMISFTYDEGGGKTGRGAVSEKDAPKELLQ,-0.1301919403008664,1
TGVKFKYKGEEKQVDISKIKKVWRVGKMISFTYDEGGGKTGRGAVSEKDAPKELLQ,-0.851531829864395,0
TKFKYKGEEKQVDISKIKKVWRVGKMISFTYDEGGGKTGRGAVSEKDAPKELLQ,-2.8312551706907083,0
TVAKFKYKGEEKQVDISKIKKVWRVGKMISFTYDEGGGKTGRGAVSEKDAPKELLQ,-1.8364795697922287,0
TVFKYKGEEKQVDISKIKKVWRVGKMISFTYDEGGGKTGRGAVSEKDAPKELLQ,-3.03138373347176,0
TVGKFKYKGEEKQVDISKIKKVWRVGKMISFTYDEGGGKTGRGAVSEKDAPKELLQ,-3.5334658362810445,0
TVKAFKYKGEEKQVDISKIKKVWRVGKMISFTYDEGGGKTGRGAVSEKDAPKELLQ,-3.2395092318019487,0
TVKFAKYKGEEKQVDISKIKKVWRVGKMISFTYDEGGGKTGRGAVSEKDAPKELLQ,-2.4965465568633936,0
TVKFGKYKGEEKQVDISKIKKVWRVGKMISFTYDEGGGKTGRGAVSEKDAPKELLQ,-2.222902880050559,0
TVKFKAYKGEEKQVDISKIKKVWRVGKMISFTYDEGGGKTGRGAVSEKDAPKELLQ,-1.262457369791771,0
TVKFKGYKGEEKQVDISKIKKVWRVGKMISFTYDEGGGKTGRGAVSEKDAPKELLQ,-0.4389464831929168,1
TVKFKKGEEKQVDISKIKKVWRVGKMISFTYDEGGGKTGRGAVSEKDAPKELLQ,-3.4385811750758632,0
TVKFKYAKGEEKQVDISKIKKVWRVGKMISFTYDEGGGKTGRGAVSEKDAPKELLQ,-2.08210662513472,0
TVKFKYGEEKQVDISKIKKVWRVGKMISFTYDEGGGKTGRGAVSEKDAPKELLQ,-2.906951359938521,0
TVKFKYGKGEEKQVDISKIKKVWRVGKMISFTYDEGGGKTGRGAVSEKDAPKELLQ,-1.4234974575745705,0
TVKFKYKAGEEKQVDISKIKKVWRVGKMISFTYDEGGGKTGRGAVSEKDAPKELLQ,-1.622341213146977,0
TVKFKYKEEKQVDISKIKKVWRVGKMISFTYDEGGGKTGRGAVSEKDAPKELLQ,-3.2519928789332275,0
TVKFKYKGAEEKQVDISKIKKVWRVGKMISFTYDEGGGKTGRGAVSEKDAPKELLQ,-1.4372155685408203,0
TVKFKYKGEAEKQVDISKIKKVWRVGKMISFTYDEGGGKTGRGAVSEKDAPKELLQ,-1.5394166546007026,0
TVKFKYKGEEAKQVDISKIKKVWRVGKMISFTYDEGGGKTGRGAVSEKDAPKELLQ,-2.011994858253877,0
TVKFKYKGEEGKQVDISKIKKVWRVGKMISFTYDEGGGKTGRGAVSEKDAPKELLQ,-2.4112791284466044,0
TVKFKYKGEEKAQVDISKIKKVWRVGKMISFTYDEGGGKTGRGAVSEKDAPKELLQ,-3.2798901763853383,0
TVKFKYKGEEKGQVDISKIKKVWRVGKMISFTYDEGGGKTGRGAVSEKDAPKELLQ,-2.909781765219904,0
TVKFKYKGEEKQAVDISKIKKVWRVGKMISFTYDEGGGKTGRGAVSEKDAPKELLQ,-3.103696038255372,0
TVKFKYKGEEKQDISKIKKVWRVGKMISFTYDEGGGKTGRGAVSEKDAPKELLQ,-4.027914802645959,0
TVKFKYKGEEKQGVDISKIKKVWRVGKMISFTYDEGGGKTGRGAVSEKDAPKELLQ,-3.4776776625081838,0
TVKFKYKGEEKQVADISKIKKVWRVGKMISFTYDEGGGKTGRGAVSEKDAPKELLQ,-3.3906586503904643,0
TVKFKYKGEEKQVDAISKIKKVWRVGKMISFTYDEGGGKTGRGAVSEKDAPKELLQ,-3.867230546056346,0
TVKFKYKGEEKQVDGISKIKKVWRVGKMISFTYDEGGGKTGRGAVSEKDAPKELLQ,-3.90474633883602,0
TVKFKYKGEEKQVDIASKIKKVWRVGKMISFTYDEGGGKTGRGAVSEKDAPKELLQ,-3.0747802604216794,0
TVKFKYKGEEKQVDIGSKIKKVWRVGKMISFTYDEGGGKTGRGAVSEKDAPKELLQ,-3.388580869623659,0
TVKFKYKGEEKQVDIKIKKVWRVGKMISFTYDEGGGKTGRGAVSEKDAPKELLQ,-3.89763498135637,0
TVKFKYKGEEKQVDISAKIKKVWRVGKMISFTYDEGGGKTGRGAVSEKDAPKELLQ,-3.5787184777810674,0
TVKFKYKGEEKQVDISGKIKKVWRVGKMISFTYDEGGGKTGRGAVSEKDAPKELLQ,-3.2043278906375243,0
TVKFKYKGEEKQVDISIKKVWRVGKMISFTYDEGGGKTGRGAVSEKDAPKELLQ,-4.3046226036448925,0
TVKFKYKGEEKQVDISKAIKKVWRVGKMISFTYDEGGGKTGRGAVSEKDAPKELLQ,-2.926622665588976,0
TVKFKYKGEEKQVDISKGIKKVWRVGKMISFTYDEGGGKTGRGAVSEKDAPKELLQ,-3.4307706373242057,0
TVKFKYKGEEKQVDISKIAKKVWRVGKMISFTYDEGGGKTGRGAVSEKDAPKELLQ,-4.059073092055685,0
TVKFKYKGEEKQVDISKIGKKVWRVGKMISFTYDEGGGKTGRGAVSEKDAPKELLQ,-3.3200911273806817,0
TVKFKYKGEEKQVDISKIKAKVWRVGKMISFTYDEGGGKTGRGAVSEKDAPKELLQ,-3.6953482853104767,0
TVKFKYKGEEKQVDISKIKGKVWRVGKMISFTYDEGGGKTGRGAVSEKDAPKELLQ,-2.9303616886686448,0
TVKFKYKGEEKQVDISKIKKAVWRVGKMISFTYDEGGGKTGRGAVSEKDAPKELLQ,-3.0099465914734,0
TVKFKYKGEEKQVDISKIKKGVWRVGKMISFTYDEGGGKTGRGAVSEKDAPKELLQ,-3.799564069161159,0
TVKFKYKGEEKQVDISKIKKVAWRVGKMISFTYDEGGGKTGRGAVSEKDAPKELLQ,-3.2448696413473104,0
TVKFKYKGEEKQVDISKIKKVGWRVGKMISFTYDEGGGKTGRGAVSEKDAPKELLQ,-3.5751408784036864,0
TVKFKYKGEEKQVDISKIKKVRVGKMISFTYDEGGGKTGRGAVSEKDAPKELLQ,-3.724092640870285,0
TVKFKYKGEEKQVDISKIKKVWARVGKMISFTYDEGGGKTGRGAVSEKDAPKELLQ,-2.692415570496249,0
TVKFKYKGEEKQVDISKIKKVWGRVGKMISFTYDEGGGKTGRGAVSEKDAPKELLQ,-2.8728782270779307,0
TVKFKYKGEEKQVDISKIKKVWRAVGKMISFTYDEGGGKTGRGAVSEKDAPKELLQ,-1.234272819756141,0
TVKFKYKGEEKQVDISKIKKVWRGKMISFTYDEGGGKTGRGAVSEKDAPKELLQ,-2.687654017633326,0
TVKFKYKGEEKQVDISKIKKVWRGVGKMISFTYDEGGGKTGRGAVSEKDAPKELLQ,-1.0736164956788103,0
TVKFKYKGEEKQVDISKIKKVWRVAGKMISFTYDEGGGKTGRGAVSEKDAPKELLQ,-0.7950203196150212,0
TVKFKYKGEEKQVDISKIKKVWRVGGKMISFTYDEGGGKTGRGAVSEKDAPKELLQ,-0.8719291819418948,0
TVKFKYKGEEKQVDISKIKKVWRVGKAMISFTYDEGGGKTGRGAVSEKDAPKELLQ,-0.7872819065623977,0
TVKFKYKGEEKQVDISKIKKVWRVGKGMISFTYDEGGGKTGRGAVSEKDAPKELLQ,-0.3249053646874804,1
TVKFKYKGEEKQVDISKIKKVWRVGKISFTYDEGGGKTGRGAVSEKDAPKELLQ,-4.447969944096781,0
TVKFKYKGEEKQVDISKIKKVWRVGKMAISFTYDEGGGKTGRGAVSEKDAPKELLQ,-2.2560619672794067,0
TVKFKYKGEEKQVDISKIKKVWRVGKMGISFTYDEGGGKTGRGAVSEKDAPKELLQ,-1.9091660169349245,0
TVKFKYKGEEKQVDISKIKKVWRVGKMIASFTYDEGGGKTGRGAVSEKDAPKELLQ,-4.542607126976864,0
TVKFKYKGEEKQVDISKIKKVWRVGKMIFTYDEGGGKTGRGAVSEKDAPKELLQ,-5.059943470781036,0
TVKFKYKGEEKQVDISKIKKVWRVGKMISAFTYDEGGGKTGRGAVSEKDAPKELLQ,-5.072637177889191,0
TVKFKYKGEEKQVDISKIKKVWRVGKMISFTYADEGGGKTGRGAVSEKDAPKELLQ,-1.4393207850872465,0
TVKFKYKGEEKQVDISKIKKVWRVGKMISFTYDAEGGGKTGRGAVSEKDAPKELLQ,-1.5799397894105862,0
TVKFKYKGEEKQVDISKIKKVWRVGKMISFTYDEAGGGKTGRGAVSEKDAPKELLQ,-1.5769326139331072,0
TVKFKYKGEEKQVDISKIKKVWRVGKMISFTYDEGAGGKTGRGAVSEKDAPKELLQ,-1.0878109172953527,0
TVKFKYKGEEKQVDISKIKKVWRVGKMISFTYDEGGAGKTGRGAVSEKDAPKELLQ,-1.291316201150574,0
TVKFKYKGEEKQVDISKIKKVWRVGKMISFTYDEGGGAKTGRGAVSEKDAPKELLQ,-1.5009570232637897,0
TVKFKYKGEEKQVDISKIKKVWRVGKMISFTYDEGGGGKTGRGAVSEKDAPKELLQ,-1.211430382189651,0
TVKFKYKGEEKQVDISKIKKVWRVGKMISFTYDEGGGKATGRGAVSEKDAPKELLQ,-1.067101057237834,0
TVKFKYKGEEKQVDISKIKKVWRVGKMISFTYDEGGGKGRGAVSEKDAPKELLQ,-1.787423718709566,0
TVKFKYKGEEKQVDISKIKKVWRVGKMISFTYDEGGGKGTGRGAVSEKDAPKELLQ,-0.9963026210390876,0
TVKFKYKGEEKQVDISKIKKVWRVGKMISFTYDEGGGKTAGRGAVSEKDAPKELLQ,-1.912624075144848,0
TVKFKYKGEEKQVDISKIKKVWRVGKMISFTYDEGGGKTGARGAVSEKDAPKELLQ,-2.4611834239121557,0
TVKFKYKGEEKQVDISKIKKVWRVGKMISFTYDEGGGKTGGAVSEKDAPKELLQ,-3.47596069129536,0
TVKFKYKGEEKQVDISKIKKVWRVGKMISFTYDEGGGKTGGRGAVSEKDAPKELLQ,-2.152121889019292,0
TVKFKYKGEEKQVDISKIKKVWRVGKMISFTYDEGGGKTGRAGAVSEKDAPKELLQ,-3.2628707264722494,0
TVKFKYKGEEKQVDISKIKKVWRVGKMISFTYDEGGGKTGRGAAVSEKDAPKELLQ,-3.6486399742314455,0
TVKFKYKGEEKQVDISKIKKVWRVGKMISFTYDEGGGKTGRGAGVSEKDAPKELLQ,-3.439165135909282,0
TVKFKYKGEEKQVDISKIKKVWRVGKMISFTYDEGGGKTGRGAVASEKDAPKELLQ,-2.939759618218276,0
TVKFKYKGEEKQVDISKIKKVWRVGKMISFTYDEGGGKTGRGAVEKDAPKELLQ,-3.721308384992111,0
TVKFKYKGEEKQVDISKIKKVWRVGKMISFTYDEGGGKTGRGAVGSEKDAPKELLQ,-3.251021496969853,0
TVKFKYKGEEKQVDISKIKKVWRVGKMISFTYDEGGGKTGRGAVSAEKDAPKELLQ,-2.442694116088901,0
TVKFKYKGEEKQVDISKIKKVWRVGKMISFTYDEGGGKTGRGAVSEAKDAPKELLQ,-3.142509380061437,0
TVKFKYKGEEKQVDISKIKKVWRVGKMISFTYDEGGGKTGRGAVSEDAPKELLQ,-3.450543743063939,0
TVKFKYKGEEKQVDISKIKKVWRVGKMISFTYDEGGGKTGRGAVSEGKDAPKELLQ,-2.9436478913517123,0
TVKFKYKGEEKQVDISKIKKVWRVGKMISFTYDEGGGKTGRGAVSEKADAPKELLQ,-2.9753686318998382,0
TVKFKYKGEEKQVDISKIKKVWRVGKMISFTYDEGGGKTGRGAVSEKAPKELLQ,-3.4341938952681508,0
TVKFKYKGEEKQVDISKIKKVWRVGKMISFTYDEGGGKTGRGAVSEKDAAPKELLQ,-2.8587559166014436,0
TVKFKYKGEEKQVDISKIKKVWRVGKMISFTYDEGGGKTGRGAVSEKDAGPKELLQ,-3.030950372186324,0
TVKFKYKGEEKQVDISKIKKVWRVGKMISFTYDEGGGKTGRGAVSEKDAKELLQ,-1.52391768848912,0
TVKFKYKGEEKQVDISKIKKVWRVGKMISFTYDEGGGKTGRGAVSEKDAPAKELLQ,-1.991679731270856,0
TVKFKYKGEEKQVDISKIKKVWRVGKMISFTYDEGGGKTGRGAVSEKDAPELLQ,-1.1252709532389211,0
TVKFKYKGEEKQVDISKIKKVWRVGKMISFTYDEGGGKTGRGAVSEKDAPGKELLQ,-2.590136196602681,0
TVKFKYKGEEKQVDISKIKKVWRVGKMISFTYDEGGGKTGRGAVSEKDAPKAELLQ,-2.807159050664575,0
TVKFKYKGEEKQVDISKIKKVWRVGKMISFTYDEGGGKTGRGAVSEKDAPKEALLQ,-2.766617186083396,0
TVKFKYKGEEKQVDISKIKKVWRVGKMISFTYDEGGGKTGRGAVSEKDAPKEGLLQ,-2.536436268199232,0
TVKFKYKGEEKQVDISKIKKVWRVGKMISFTYDEGGGKTGRGAVSEKDAPKELALQ,-0.8734037086759647,0
TVKFKYKGEEKQVDISKIKKVWRVGKMISFTYDEGGGKTGRGAVSEKDAPKELGLQ,-1.591494200309107,0
TVKFKYKGEEKQVDISKIKKVWRVGKMISFTYDEGGGKTGRGAVSEKDAPKELL,-0.3673243758898019,1
TVKFKYKGEEKQVDISKIKKVWRVGKMISFTYDEGGGKTGRGAVSEKDAPKELLAQ,-0.0368585797714082,1
TVKFKYKGEEKQVDISKIKKVWRVGKMISFTYDEGGGKTGRGAVSEKDAPKELLGQ,-0.5935280381029737,0
TVKFKYKGEEKQVDISKIKKVWRVGKMISFTYDEGGGKTGRGAVSEKDAPKELQ,-1.1570753835572969,0
TVKFKYKGEEKQVDISKIKKVWRVGKMISFTYDEGGGKTGRGAVSEKDAPKGELLQ,-2.9552675558277937,0
TVKFKYKGEEKQVDISKIKKVWRVGKMISFTYDEGGGKTGRGAVSEKDAPKLLQ,-1.282886083407249,0
TVKFKYKGEEKQVDISKIKKVWRVGKMISFTYDEGGGKTGRGAVSEKDGAPKELLQ,-2.6595165637877254,0
TVKFKYKGEEKQVDISKIKKVWRVGKMISFTYDEGGGKTGRGAVSEKDPKELLQ,-3.9754003315139017,0
TVKFKYKGEEKQVDISKIKKVWRVGKMISFTYDEGGGKTGRGAVSEKGDAPKELLQ,-3.1142705072269163,0
TVKFKYKGEEKQVDISKIKKVWRVGKMISFTYDEGGGKTGRGAVSGEKDAPKELLQ,-2.920814557600015,0
TVKFKYKGEEKQVDISKIKKVWRVGKMISFTYDEGGGKTGRGAVSKDAPKELLQ,-3.22951324494602,0
TVKFKYKGEEKQVDISKIKKVWRVGKMISFTYDEGGGKTGRGGAVSEKDAPKELLQ,-3.3948577629348664,0
TVKFKYKGEEKQVDISKIKKVWRVGKMISFTYDEGGGKTGRGVSEKDAPKELLQ,-4.444181746699691,0
TVKFKYKGEEKQVDISKIKKVWRVGKMISFTYDEGGGKTRGAVSEKDAPKELLQ,-2.357875304886618,0
TVKFKYKGEEKQVDISKIKKVWRVGKMISFTYDEGGGTGRGAVSEKDAPKELLQ,-0.9088160556472736,0
TVKFKYKGEEKQVDISKIKKVWRVGKMISFTYDEGGKTGRGAVSEKDAPKELLQ,-0.4329550901762163,1
TVKFKYKGEEKQVDISKIKKVWRVGKMISFTYDGEGGGKTGRGAVSEKDAPKELLQ,-1.9535279053437309,0
TVKFKYKGEEKQVDISKIKKVWRVGKMISFTYDGGGKTGRGAVSEKDAPKELLQ,-1.50139841416354,0
TVKFKYKGEEKQVDISKIKKVWRVGKMISFTYEGGGKTGRGAVSEKDAPKELLQ,-1.8372331066201228,0
TVKFKYKGEEKQVDISKIKKVWRVGKMISFTYGDEGGGKTGRGAVSEKDAPKELLQ,-1.730413595324408,0
TVKFKYKGEEKQVDISKIKKVWRVGMISFTYDEGGGKTGRGAVSEKDAPKELLQ,-3.959786572642397,0
TVKFKYKGEEKQVDISKIKKVWRVKMISFTYDEGGGKTGRGAVSEKDAPKELLQ,-4.188423150518895,0
TVKFKYKGEEKQVDISKIKKVWVGKMISFTYDEGGGKTGRGAVSEKDAPKELLQ,-2.835124227015775,0
TVKFKYKGEEKQVDISKIKKWRVGKMISFTYDEGGGKTGRGAVSEKDAPKELLQ,-4.539664775454933,0
TVKFKYKGEEKQVDISKIKVWRVGKMISFTYDEGGGKTGRGAVSEKDAPKELLQ,-3.5992734976905703,0
TVKFKYKGEEKQVGDISKIKKVWRVGKMISFTYDEGGGKTGRGAVSEKDAPKELLQ,-3.501630049516638,0
TVKFKYKGEEKQVISKIKKVWRVGKMISFTYDEGGGKTGRGAVSEKDAPKELLQ,-4.632439075421793,0
TVKFKYKGEEKVDISKIKKVWRVGKMISFTYDEGGGKTGRGAVSEKDAPKELLQ,-3.701155084864308,0
TVKFKYKGEEQVDISKIKKVWRVGKMISFTYDEGGGKTGRGAVSEKDAPKELLQ,-3.414924296599674,0
TVKFKYKGEGEKQVDISKIKKVWRVGKMISFTYDEGGGKTGRGAVSEKDAPKELLQ,-1.5819680823584417,0
TVKFKYKGEKQVDISKIKKVWRVGKMISFTYDEGGGKTGRGAVSEKDAPKELLQ,-2.531298589384414,0
TVKFKYKGGEEKQVDISKIKKVWRVGKMISFTYDEGGGKTGRGAVSEKDAPKELLQ,-0.9327458222519776,0
TVKFYKGEEKQVDISKIKKVWRVGKMISFTYDEGGGKTGRGAVSEKDAPKELLQ,-2.4817735100217693,0
TVKGFKYKGEEKQVDISKIKKVWRVGKMISFTYDEGGGKTGRGAVSEKDAPKELLQ,-3.4215424635987763,0
TVKKYKGEEKQVDISKIKKVWRVGKMISFTYDEGGGKTGRGAVSEKDAPKELLQ,-3.813754741483087,0
VKFKYKGEEKQVDISKIKKVWRVGKMISFTYDEGGGKTGRGAVSEKDAPKELLQ,-0.2581358761328212,1
