mutated_sequence,DMS_score,DMS_score_bin
AVRQEELAAARAALHDLMTGKRVATVQKDGRRVEFTATSVSDLKKYIAELEVQTGM,-0.0269169923433478,1
GVRQEELAAARAALHDLMTGKRVATVQKDGRRVEFTATSVSDLKKYIAELEVQTGM,-0.0966924368081563,1
RQEELAAARAALHDLMTGKRVATVQKDGRRVEFTATSVSDLKKYIAELEVQTGM,0.1363236763707647,1
VARQEELAAARAALHDLMTGKRVATVQKDGRRVEFTATSVSDLKKYIAELEVQTGM,0.2093783342158346,1
VGRQEELAAARAALHDLMTGKRVATVQKDGRRVEFTATSVSDLKKYIAELEVQTGM,0.1142312400045328,1
VQEELAAARAALHDLMTGKRVATVQKDGRRVEFTATSVSDLKKYIAELEVQTGM,0.373038515220041,1
VRAQEELAAARAALHDLMTGKRVATVQKDGRRVEFTATSVSDLKKYIAELEVQTGM,0.1528112260618677,1
VREELAAARAALHDLMTGKRVATVQKDGRRVEFTATSVSDLKKYIAELEVQTGM,0.3219966538121674,1
VRGQEELAAARAALHDLMTGKRVATVQKDGRRVEFTATSVSDLKKYIAELEVQTGM,-0.0070996729965382,1
VRQAEELAAARAALHDLMTGKRVATVQKDGRRVEFTATSVSDLKKYIAELEVQTGM,-0.0172982491345545,1
VRQEAELAAARAALHDLMTGKRVATVQKDGRRVEFTATSVSDLKKYIAELEVQTGM,-0.1621782462042498,1
VRQEEAAARAALHDLMTGKRVATVQKDGRRVEFTATSVSDLKKYIAELEVQTGM,-2.142214939519884,0
VRQEEALAAARAALHDLMTGKRVATVQKDGRRVEFTATSVSDLKKYIAELEVQTGM,0.3364688678528402,1
VRQEEGLAAARAALHDLMTGKRVATVQKDGRRVEFTATSVSDLKKYIAELEVQTGM,-0.8006888618979777,0
VRQEELAAAAALHDLMTGKRVATVQKDGRRVEFTATSVSDLKKYIAELEVQTGM,-2.694743167874484,0
VRQEELAAAARAALHDLMTGKRVATVQKDGRRVEFTATSVSDLKKYIAELEVQTGM,-1.097545931465923,0
VRQEELAAAGRAALHDLMTGKRVATVQKDGRRVEFTATSVSDLKKYIAELEVQTGM,-2.601486525427677,0
VRQEELAAARAAALHDLMTGKRVATVQKDGRRVEFTATSVSDLKKYIAELEVQTGM,-2.4617471033738405,0
VRQEELAAARAAGLHDLMTGKRVATVQKDGRRVEFTATSVSDLKKYIAELEVQTGM,-2.591848746705404,0
VRQEELAAARAAHDLMTGKRVATVQKDGRRVEFTATSVSDLKKYIAELEVQTGM,-2.76902707923092,0
VRQEELAAARAALAHDLMTGKRVATVQKDGRRVEFTATSVSDLKKYIAELEVQTGM,-2.5100927734550607,0
VRQEELAAARAALDLMTGKRVATVQKDGRRVEFTATSVSDLKKYIAELEVQTGM,-2.199857000530246,0
VRQEELAAARAALGHDLMTGKRVATVQKDGRRVEFTATSVSDLKKYIAELEVQTGM,-2.7490656869323424,0
VRQEELAAARAALHADLMTGKRVATVQKDGRRVEFTATSVSDLKKYIAELEVQTGM,-2.789295215686181,0
VRQEELAAARAALHDALMTGKRVATVQKDGRRVEFTATSVSDLKKYIAELEVQTGM,-1.881438228930428,0
VRQEELAAARAALHDGLMTGKRVATVQKDGRRVEFTATSVSDLKKYIAELEVQTGM,-2.787266581194827,0
VRQEELAAARAALHDLAMTGKRVATVQKDGRRVEFTATSVSDLKKYIAELEVQTGM,-1.517070183134818,0
VRQEELAAARAALHDLGMTGKRVATVQKDGRRVEFTATSVSDLKKYIAELEVQTGM,-2.3056216501734004,0
VRQEELAAARAALHDLMATGKRVATVQKDGRRVEFTATSVSDLKKYIAELEVQTGM,-1.159476535907832,0
VRQEELAAARAALHDLMGKRVATVQKDGRRVEFTATSVSDLKKYIAELEVQTGM,-2.226342649111761,0
VRQEELAAARAALHDLMGTGKRVATVQKDGRRVEFTATSVSDLKKYIAELEVQTGM,-1.6399213135788404,0
VRQEELAAARAALHDLMTAGKRVATVQKDGRRVEFTATSVSDLKKYIAELEVQTGM,-0.7486556848582135,0
VRQEELAAARAALHDLMTGAKRVATVQKDGRRVEFTATSVSDLKKYIAELEVQTGM,0.2995672485786098,1
VRQEELAAARAALHDLMTGGKRVATVQKDGRRVEFTATSVSDLKKYIAELEVQTGM,-0.07290361806011189,1
VRQEELAAARAALHDLMTGKARVATVQKDGRRVEFTATSVSDLKKYIAELEVQTGM,0.3779552476508701,1
VRQEELAAARAALHDLMTGKGRVATVQKDGRRVEFTATSVSDLKKYIAELEVQTGM,-0.6171056596722835,0
VRQEELAAARAALHDLMTGKRATVQKDGRRVEFTATSVSDLKKYIAELEVQTGM,-1.209599541322556,0
VRQEELAAARAALHDLMTGKRAVATVQKDGRRVEFTATSVSDLKKYIAELEVQTGM,0.6695507636524045,1
VRQEELAAARAALHDLMTGKRGVATVQKDGRRVEFTATSVSDLKKYIAELEVQTGM,0.0513573346678919,1
VRQEELAAARAALHDLMTGKRVAATVQKDGRRVEFTATSVSDLKKYIAELEVQTGM,0.2943487456391378,1
VRQEELAAARAALHDLMTGKRVAGTVQKDGRRVEFTATSVSDLKKYIAELEVQTGM,-1.3704261544498846,0
VRQEELAAARAALHDLMTGKRVATAVQKDGRRVEFTATSVSDLKKYIAELEVQTGM,-0.4922131830707386,0
VRQEELAAARAALHDLMTGKRVATGVQKDGRRVEFTATSVSDLKKYIAELEVQTGM,-0.9112709826591148,0
VRQEELAAARAALHDLMTGKRVATQKDGRRVEFTATSVSDLKKYIAELEVQTGM,-1.882887889525544,0
VRQEELAAARAALHDLMTGKRVATVAQKDGRRVEFTATSVSDLKKYIAELEVQTGM,-0.5826966714451283,0
VRQEELAAARAALHDLMTGKRVATVGQKDGRRVEFTATSVSDLKKYIAELEVQTGM,-1.1669490079345302,0
VRQEELAAARAALHDLMTGKRVATVKDGRRVEFTATSVSDLKKYIAELEVQTGM,-1.6751062470485096,0
VRQEELAAARAALHDLMTGKRVATVQAKDGRRVEFTATSVSDLKKYIAELEVQTGM,-0.5744449637231313,0
VRQEELAAARAALHDLMTGKRVATVQDGRRVEFTATSVSDLKKYIAELEVQTGM,-1.7211770779435611,0
VRQEELAAARAALHDLMTGKRVATVQGKDGRRVEFTATSVSDLKKYIAELEVQTGM,-0.1968393680779199,1
VRQEELAAARAALHDLMTGKRVATVQKADGRRVEFTATSVSDLKKYIAELEVQTGM,0.0665201759642757,1
VRQEELAAARAALHDLMTGKRVATVQKDAGRRVEFTATSVSDLKKYIAELEVQTGM,-1.6263424756523528,0
VRQEELAAARAALHDLMTGKRVATVQKDGARRVEFTATSVSDLKKYIAELEVQTGM,-1.6157852195181923,0
VRQEELAAARAALHDLMTGKRVATVQKDGGRRVEFTATSVSDLKKYIAELEVQTGM,-0.9715137452613982,0
VRQEELAAARAALHDLMTGKRVATVQKDGRARVEFTATSVSDLKKYIAELEVQTGM,-1.8384754349264971,0
VRQEELAAARAALHDLMTGKRVATVQKDGRGRVEFTATSVSDLKKYIAELEVQTGM,-1.6374379326474964,0
VRQEELAAARAALHDLMTGKRVATVQKDGRRAVEFTATSVSDLKKYIAELEVQTGM,-1.164741227798366,0
VRQEELAAARAALHDLMTGKRVATVQKDGRREFTATSVSDLKKYIAELEVQTGM,-1.8545423729419277,0
VRQEELAAARAALHDLMTGKRVATVQKDGRRGVEFTATSVSDLKKYIAELEVQTGM,-1.7927269394667678,0
VRQEELAAARAALHDLMTGKRVATVQKDGRRVAEFTATSVSDLKKYIAELEVQTGM,-1.861152606101052,0
VRQEELAAARAALHDLMTGKRVATVQKDGRRVEAFTATSVSDLKKYIAELEVQTGM,-1.973011692984382,0
VRQEELAAARAALHDLMTGKRVATVQKDGRRVEFATATSVSDLKKYIAELEVQTGM,-2.0299347720783576,0
VRQEELAAARAALHDLMTGKRVATVQKDGRRVEFATSVSDLKKYIAELEVQTGM,-1.6871305873312663,0
VRQEELAAARAALHDLMTGKRVATVQKDGRRVEFGTATSVSDLKKYIAELEVQTGM,-1.8716949612024645,0
VRQEELAAARAALHDLMTGKRVATVQKDGRRVEFTAATSVSDLKKYIAELEVQTGM,-1.8649229104160439,0
VRQEELAAARAALHDLMTGKRVATVQKDGRRVEFTAGTSVSDLKKYIAELEVQTGM,-1.6954229820965008,0
VRQEELAAARAALHDLMTGKRVATVQKDGRRVEFTASVSDLKKYIAELEVQTGM,-1.4665900056121846,0
VRQEELAAARAALHDLMTGKRVATVQKDGRRVEFTATASVSDLKKYIAELEVQTGM,-1.953366226038124,0
VRQEELAAARAALHDLMTGKRVATVQKDGRRVEFTATGSVSDLKKYIAELEVQTGM,-1.682933388253271,0
VRQEELAAARAALHDLMTGKRVATVQKDGRRVEFTATSAVSDLKKYIAELEVQTGM,-1.914617828975848,0
VRQEELAAARAALHDLMTGKRVATVQKDGRRVEFTATSGVSDLKKYIAELEVQTGM,-0.8059901032072974,0
VRQEELAAARAALHDLMTGKRVATVQKDGRRVEFTATSSDLKKYIAELEVQTGM,-2.3216322174428967,0
VRQEELAAARAALHDLMTGKRVATVQKDGRRVEFTATSVASDLKKYIAELEVQTGM,-2.4092697724771828,0
VRQEELAAARAALHDLMTGKRVATVQKDGRRVEFTATSVDLKKYIAELEVQTGM,-2.3681982287803733,0
VRQEELAAARAALHDLMTGKRVATVQKDGRRVEFTATSVGSDLKKYIAELEVQTGM,-2.347788452799943,0
VRQEELAAARAALHDLMTGKRVATVQKDGRRVEFTATSVSADLKKYIAELEVQTGM,-2.5375841309480944,0
VRQEELAAARAALHDLMTGKRVATVQKDGRRVEFTATSVSDALKKYIAELEVQTGM,-2.1510401165030637,0
VRQEELAAARAALHDLMTGKRVATVQKDGRRVEFTATSVSDGLKKYIAELEVQTGM,-2.623605990673868,0
VRQEELAAARAALHDLMTGKRVATVQKDGRRVEFTATSVSDKKYIAELEVQTGM,-3.0059793396668075,0
VRQEELAAARAALHDLMTGKRVATVQKDGRRVEFTATSVSDLAKKYIAELEVQTGM,-2.601599462341523,0
VRQEELAAARAALHDLMTGKRVATVQKDGRRVEFTATSVSDLGKKYIAELEVQTGM,-2.6400498404859865,0
VRQEELAAARAALHDLMTGKRVATVQKDGRRVEFTATSVSDLKAKYIAELEVQTGM,-2.632757613951407,0
VRQEELAAARAALHDLMTGKRVATVQKDGRRVEFTATSVSDLKGKYIAELEVQTGM,-2.929760627395566,0
VRQEELAAARAALHDLMTGKRVATVQKDGRRVEFTATSVSDLKKAYIAELEVQTGM,-2.490477939757828,0
VRQEELAAARAALHDLMTGKRVATVQKDGRRVEFTATSVSDLKKGYIAELEVQTGM,-2.800567675314216,0
VRQEELAAARAALHDLMTGKRVATVQKDGRRVEFTATSVSDLKKIAELEVQTGM,-2.763207431640261,0
VRQEELAAARAALHDLMTGKRVATVQKDGRRVEFTATSVSDLKKYAELEVQTGM,-3.141576120015781,0
VRQEELAAARAALHDLMTGKRVATVQKDGRRVEFTATSVSDLKKYAIAELEVQTGM,-2.702902004026309,0
VRQEELAAARAALHDLMTGKRVATVQKDGRRVEFTATSVSDLKKYGIAELEVQTGM,-2.7310977468575603,0
VRQEELAAARAALHDLMTGKRVATVQKDGRRVEFTATSVSDLKKYIAAELEVQTGM,-2.4107992689632223,0
VRQEELAAARAALHDLMTGKRVATVQKDGRRVEFTATSVSDLKKYIAEALEVQTGM,-2.0404524452951067,0
VRQEELAAARAALHDLMTGKRVATVQKDGRRVEFTATSVSDLKKYIAEEVQTGM,-2.835604342417974,0
VRQEELAAARAALHDLMTGKRVATVQKDGRRVEFTATSVSDLKKYIAEGLEVQTGM,-2.4577731879131424,0
VRQEELAAARAALHDLMTGKRVATVQKDGRRVEFTATSVSDLKKYIAELAEVQTGM,-0.9509294762487432,0
VRQEELAAARAALHDLMTGKRVATVQKDGRRVEFTATSVSDLKKYIAELEAVQTGM,-0.2823833100151889,1
VRQEELAAARAALHDLMTGKRVATVQKDGRRVEFTATSVSDLKKYIAELEGVQTGM,-0.625916825398833,0
VRQEELAAARAALHDLMTGKRVATVQKDGRRVEFTATSVSDLKKYIAELEQTGM,-0.2119738390722054,1
VRQEELAAARAALHDLMTGKRVATVQKDGRRVEFTATSVSDLKKYIAELEVAQTGM,-0.1928004269690326,1
VRQEELAAARAALHDLMTGKRVATVQKDGRRVEFTATSVSDLKKYIAELEVGQTGM,-0.2273466844958895,1
VRQEELAAARAALHDLMTGKRVATVQKDGRRVEFTATSVSDLKKYIAELEVQATGM,-0.1174112511556719,1
VRQEELAAARAALHDLMTGKRVATVQKDGRRVEFTATSVSDLKKYIAELEVQGM,-0.1432770965954848,1
VRQEELAAARAALHDLMTGKRVATVQKDGRRVEFTATSVSDLKKYIAELEVQGTGM,-0.3304618952685993,1
VRQEELAAARAALHDLMTGKRVATVQKDGRRVEFTATSVSDLKKYIAELEVQTAGM,-0.1013106865139308,1
VRQEELAAARAALHDLMTGKRVATVQKDGRRVEFTATSVSDLKKYIAELEVQTG,0.0488046252327967,1
VRQEELAAARAALHDLMTGKRVATVQKDGRRVEFTATSVSDLKKYIAELEVQTGAM,-0.0092152619614074,1
VRQEELAAARAALHDLMTGKRVATVQKDGRRVEFTATSVSDLKKYIAELEVQTGGM,-0.06313407665291179,1
VRQEELAAARAALHDLMTGKRVATVQKDGRRVEFTATSVSDLKKYIAELEVQTM,-0.3947773141168573,0
VRQEELAAARAALHDLMTGKRVATVQKDGRRVEFTATSVSDLKKYIAELEVTGM,-0.4393230291911747,0
VRQEELAAARAALHDLMTGKRVATVQKDGRRVEFTATSVSDLKKYIAELGEVQTGM,-1.4200816360770656,0
VRQEELAAARAALHDLMTGKRVATVQKDGRRVEFTATSVSDLKKYIAELVQTGM,-0.6659253103223497,0
VRQEELAAARAALHDLMTGKRVATVQKDGRRVEFTATSVSDLKKYIAGELEVQTGM,-2.4894966343674443,0
VRQEELAAARAALHDLMTGKRVATVQKDGRRVEFTATSVSDLKKYIALEVQTGM,-2.5675229865829863,0
VRQEELAAARAALHDLMTGKRVATVQKDGRRVEFTATSVSDLKKYIELEVQTGM,-2.6273433130825152,0
VRQEELAAARAALHDLMTGKRVATVQKDGRRVEFTATSVSDLKKYIGAELEVQTGM,-2.63827985637932,0
VRQEELAAARAALHDLMTGKRVATVQKDGRRVEFTATSVSDLKYIAELEVQTGM,-2.713034395766921,0
VRQEELAAARAALHDLMTGKRVATVQKDGRRVEFTATSVSGDLKKYIAELEVQTGM,-2.4264901852312537,0
VRQEELAAARAALHDLMTGKRVATVQKDGRRVEFTATSVSLKKYIAELEVQTGM,-2.468842314882736,0
VRQEELAAARAALHDLMTGKRVATVQKDGRRVEFTATVSDLKKYIAELEVQTGM,-1.657464888152962,0
VRQEELAAARAALHDLMTGKRVATVQKDGRRVEFTGATSVSDLKKYIAELEVQTGM,-1.1883733217202876,0
VRQEELAAARAALHDLMTGKRVATVQKDGRRVEFTTSVSDLKKYIAELEVQTGM,-1.740005457199206,0
VRQEELAAARAALHDLMTGKRVATVQKDGRRVEGFTATSVSDLKKYIAELEVQTGM,-2.045176791000252,0
VRQEELAAARAALHDLMTGKRVATVQKDGRRVETATSVSDLKKYIAELEVQTGM,-2.299144625570492,0
VRQEELAAARAALHDLMTGKRVATVQKDGRRVFTATSVSDLKKYIAELEVQTGM,-1.8114730449633896,0
VRQEELAAARAALHDLMTGKRVATVQKDGRRVGEFTATSVSDLKKYIAELEVQTGM,-1.940863612828412,0
VRQEELAAARAALHDLMTGKRVATVQKDGRVEFTATSVSDLKKYIAELEVQTGM,-1.668601974635277,0
VRQEELAAARAALHDLMTGKRVATVQKDRRVEFTATSVSDLKKYIAELEVQTGM,-2.06105579619552,0
VRQEELAAARAALHDLMTGKRVATVQKGDGRRVEFTATSVSDLKKYIAELEVQTGM,-0.1852594203606696,1
VRQEELAAARAALHDLMTGKRVATVQKGRRVEFTATSVSDLKKYIAELEVQTGM,-1.8856600743461025,0
VRQEELAAARAALHDLMTGKRVAVQKDGRRVEFTATSVSDLKKYIAELEVQTGM,-1.3631171220554217,0
VRQEELAAARAALHDLMTGKRVGATVQKDGRRVEFTATSVSDLKKYIAELEVQTGM,-0.6620823661941975,0
VRQEELAAARAALHDLMTGKRVTVQKDGRRVEFTATSVSDLKKYIAELEVQTGM,-0.9263817813502476,0
VRQEELAAARAALHDLMTGKVATVQKDGRRVEFTATSVSDLKKYIAELEVQTGM,-0.9808281313169456,0
VRQEELAAARAALHDLMTGRVATVQKDGRRVEFTATSVSDLKKYIAELEVQTGM,-1.2805202411882102,0
VRQEELAAARAALHDLMTKRVATVQKDGRRVEFTATSVSDLKKYIAELEVQTGM,-1.5338168904785054,0
VRQEELAAARAALHDLTGKRVATVQKDGRRVEFTATSVSDLKKYIAELEVQTGM,-2.3376090630955844,0
VRQEELAAARAALHDMTGKRVATVQKDGRRVEFTATSVSDLKKYIAELEVQTGM,-2.634216272901828,0
VRQEELAAARAALHGDLMTGKRVATVQKDGRRVEFTATSVSDLKKYIAELEVQTGM,-2.7334162847527783,0
VRQEELAAARAALHLMTGKRVATVQKDGRRVEFTATSVSDLKKYIAELEVQTGM,-2.293226122474147,0
VRQEELAAARAGALHDLMTGKRVATVQKDGRRVEFTATSVSDLKKYIAELEVQTGM,-2.7019626994638437,0
VRQEELAAARALHDLMTGKRVATVQKDGRRVEFTATSVSDLKKYIAELEVQTGM,-2.446203826937257,0
VRQEELAAARGAALHDLMTGKRVATVQKDGRRVEFTATSVSDLKKYIAELEVQTGM,-2.869728949353327,0
VRQEELAAGARAALHDLMTGKRVATVQKDGRRVEFTATSVSDLKKYIAELEVQTGM,-1.955412668997948,0
VRQEELAARAALHDLMTGKRVATVQKDGRRVEFTATSVSDLKKYIAELEVQTGM,-2.042222724527941,0
VRQEELAGAARAALHDLMTGKRVATVQKDGRRVEFTATSVSDLKKYIAELEVQTGM,-2.1026645719717685,0
VRQEELGAAARAALHDLMTGKRVATVQKDGRRVEFTATSVSDLKKYIAELEVQTGM,-2.220669090297185,0
VRQEGELAAARAALHDLMTGKRVATVQKDGRRVEFTATSVSDLKKYIAELEVQTGM,-0.3406743835503052,1
VRQELAAARAALHDLMTGKRVATVQKDGRRVEFTATSVSDLKKYIAELEVQTGM,0.23756053584984535,1
VRQGEELAAARAALHDLMTGKRVATVQKDGRRVEFTATSVSDLKKYIAELEVQTGM,-0.195599814022239,1
