mutated_sequence,DMS_score,DMS_score_bin
ALTDEELVTMSVRELNQHLRGLSKEEIIQLKQRRRTLKNRGY,-0.0420372561165927,1
GLTDEELVTMSVRELNQHLRGLSKEEIIQLKQRRRTLKNRGY,-0.0063046642428479,1
LATDEELVTMSVRELNQHLRGLSKEEIIQLKQRRRTLKNRGY,-1.3776361899818714,0
LDEELVTMSVRELNQHLRGLSKEEIIQLKQRRRTLKNRGY,-1.953873019392164,0
LGTDEELVTMSVRELNQHLRGLSKEEIIQLKQRRRTLKNRGY,-1.668980798028764,0
LTADEELVTMSVRELNQHLRGLSKEEIIQLKQRRRTLKNRGY,-1.7048063292572668,0
LTDAEELVTMSVRELNQHLRGLSKEEIIQLKQRRRTLKNRGY,-1.9353009561174424,0
LTDEAELVTMSVRELNQHLRGLSKEEIIQLKQRRRTLKNRGY,-1.781400229454762,0
LTDEEALVTMSVRELNQHLRGLSKEEIIQLKQRRRTLKNRGY,-1.688577570068737,0
LTDEEGLVTMSVRELNQHLRGLSKEEIIQLKQRRRTLKNRGY,-1.989762404965404,0
LTDEELAVTMSVRELNQHLRGLSKEEIIQLKQRRRTLKNRGY,-2.221110903670479,0
LTDEELGVTMSVRELNQHLRGLSKEEIIQLKQRRRTLKNRGY,-2.6151085401984457,0
LTDEELTMSVRELNQHLRGLSKEEIIQLKQRRRTLKNRGY,-1.6993944265397265,0
LTDEELVATMSVRELNQHLRGLSKEEIIQLKQRRRTLKNRGY,-2.2608266497762144,0
LTDEELVGTMSVRELNQHLRGLSKEEIIQLKQRRRTLKNRGY,-2.0647948529531543,0
LTDEELVMSVRELNQHLRGLSKEEIIQLKQRRRTLKNRGY,-1.6852071113678913,0
LTDEELVTAMSVRELNQHLRGLSKEEIIQLKQRRRTLKNRGY,-2.075536995970041,0
LTDEELVTGMSVRELNQHLRGLSKEEIIQLKQRRRTLKNRGY,-1.872175582557825,0
LTDEELVTMASVRELNQHLRGLSKEEIIQLKQRRRTLKNRGY,-1.817187691094178,0
LTDEELVTMGSVRELNQHLRGLSKEEIIQLKQRRRTLKNRGY,-1.6004097009202718,0
LTDEELVTMSAVRELNQHLRGLSKEEIIQLKQRRRTLKNRGY,-1.6314494931040022,0
LTDEELVTMSGVRELNQHLRGLSKEEIIQLKQRRRTLKNRGY,-1.6156507118712031,0
LTDEELVTMSRELNQHLRGLSKEEIIQLKQRRRTLKNRGY,-1.712143586349096,0
LTDEELVTMSVARELNQHLRGLSKEEIIQLKQRRRTLKNRGY,-1.989931488017891,0
LTDEELVTMSVELNQHLRGLSKEEIIQLKQRRRTLKNRGY,-1.7581135819791072,0
LTDEELVTMSVGRELNQHLRGLSKEEIIQLKQRRRTLKNRGY,-2.050747406087426,0
LTDEELVTMSVRAELNQHLRGLSKEEIIQLKQRRRTLKNRGY,-1.9102112167463785,0
LTDEELVTMSVREALNQHLRGLSKEEIIQLKQRRRTLKNRGY,-1.8295740100383375,0
LTDEELVTMSVREGLNQHLRGLSKEEIIQLKQRRRTLKNRGY,-1.7444474420212095,0
LTDEELVTMSVRELANQHLRGLSKEEIIQLKQRRRTLKNRGY,-1.4613334414019934,0
LTDEELVTMSVRELGNQHLRGLSKEEIIQLKQRRRTLKNRGY,-1.766418887233839,0
LTDEELVTMSVRELNAQHLRGLSKEEIIQLKQRRRTLKNRGY,-1.2102233368198092,0
LTDEELVTMSVRELNGQHLRGLSKEEIIQLKQRRRTLKNRGY,-1.4794426015472677,0
LTDEELVTMSVRELNHLRGLSKEEIIQLKQRRRTLKNRGY,-0.6041585514708361,0
LTDEELVTMSVRELNQAHLRGLSKEEIIQLKQRRRTLKNRGY,-1.2412302735283662,0
LTDEELVTMSVRELNQGHLRGLSKEEIIQLKQRRRTLKNRGY,-1.2195319709259849,0
LTDEELVTMSVRELNQHALRGLSKEEIIQLKQRRRTLKNRGY,-1.363794002863343,0
LTDEELVTMSVRELNQHGLRGLSKEEIIQLKQRRRTLKNRGY,-1.5092065527117149,0
LTDEELVTMSVRELNQHLARGLSKEEIIQLKQRRRTLKNRGY,-1.001290350251368,0
LTDEELVTMSVRELNQHLGLSKEEIIQLKQRRRTLKNRGY,-1.3997785409808667,0
LTDEELVTMSVRELNQHLGRGLSKEEIIQLKQRRRTLKNRGY,-0.947335226711681,0
LTDEELVTMSVRELNQHLRAGLSKEEIIQLKQRRRTLKNRGY,-1.0118032302396132,0
LTDEELVTMSVRELNQHLRGALSKEEIIQLKQRRRTLKNRGY,-1.1399174485327297,0
LTDEELVTMSVRELNQHLRGGLSKEEIIQLKQRRRTLKNRGY,-1.048080063937439,0
LTDEELVTMSVRELNQHLRGLASKEEIIQLKQRRRTLKNRGY,-0.5877573779593019,0
LTDEELVTMSVRELNQHLRGLGSKEEIIQLKQRRRTLKNRGY,-0.8448614980671643,0
LTDEELVTMSVRELNQHLRGLKEEIIQLKQRRRTLKNRGY,-2.0485686774773764,0
LTDEELVTMSVRELNQHLRGLSAKEEIIQLKQRRRTLKNRGY,-1.2372581625546095,0
LTDEELVTMSVRELNQHLRGLSEEIIQLKQRRRTLKNRGY,-2.071716556544707,0
LTDEELVTMSVRELNQHLRGLSGKEEIIQLKQRRRTLKNRGY,-1.365187274617652,0
LTDEELVTMSVRELNQHLRGLSKAEEIIQLKQRRRTLKNRGY,-1.3438958375211163,0
LTDEELVTMSVRELNQHLRGLSKEAEIIQLKQRRRTLKNRGY,-1.5884817741853556,0
LTDEELVTMSVRELNQHLRGLSKEEAIIQLKQRRRTLKNRGY,-1.7281954197954636,0
LTDEELVTMSVRELNQHLRGLSKEEGIIQLKQRRRTLKNRGY,-2.267943833231727,0
LTDEELVTMSVRELNQHLRGLSKEEIAIQLKQRRRTLKNRGY,-1.6973237347561494,0
LTDEELVTMSVRELNQHLRGLSKEEIGIQLKQRRRTLKNRGY,-1.8299467899641184,0
LTDEELVTMSVRELNQHLRGLSKEEIIAQLKQRRRTLKNRGY,-1.6842609083362694,0
LTDEELVTMSVRELNQHLRGLSKEEIIGQLKQRRRTLKNRGY,-1.7824710854575403,0
LTDEELVTMSVRELNQHLRGLSKEEIILKQRRRTLKNRGY,-2.258460367420567,0
LTDEELVTMSVRELNQHLRGLSKEEIIQALKQRRRTLKNRGY,-1.2315226258871574,0
LTDEELVTMSVRELNQHLRGLSKEEIIQGLKQRRRTLKNRGY,-1.7982605652478094,0
LTDEELVTMSVRELNQHLRGLSKEEIIQKQRRRTLKNRGY,-2.4622503902213264,0
LTDEELVTMSVRELNQHLRGLSKEEIIQLAKQRRRTLKNRGY,-1.780388444452291,0
LTDEELVTMSVRELNQHLRGLSKEEIIQLGKQRRRTLKNRGY,-2.193326395927297,0
LTDEELVTMSVRELNQHLRGLSKEEIIQLKAQRRRTLKNRGY,-1.2367737285887483,0
LTDEELVTMSVRELNQHLRGLSKEEIIQLKGQRRRTLKNRGY,-1.6444472300323876,0
LTDEELVTMSVRELNQHLRGLSKEEIIQLKQARRRTLKNRGY,-1.6495774742883458,0
LTDEELVTMSVRELNQHLRGLSKEEIIQLKQGRRRTLKNRGY,-2.023450231352473,0
LTDEELVTMSVRELNQHLRGLSKEEIIQLKQRARRTLKNRGY,-1.2477834656334772,0
LTDEELVTMSVRELNQHLRGLSKEEIIQLKQRGRRTLKNRGY,-2.483877853015475,0
LTDEELVTMSVRELNQHLRGLSKEEIIQLKQRRARTLKNRGY,-0.905697584616708,0
LTDEELVTMSVRELNQHLRGLSKEEIIQLKQRRGRTLKNRGY,-1.8662277315966924,0
LTDEELVTMSVRELNQHLRGLSKEEIIQLKQRRRATLKNRGY,-0.9819472368964132,0
LTDEELVTMSVRELNQHLRGLSKEEIIQLKQRRRGTLKNRGY,-1.5501396335492166,0
LTDEELVTMSVRELNQHLRGLSKEEIIQLKQRRRLKNRGY,-1.5034304942884964,0
LTDEELVTMSVRELNQHLRGLSKEEIIQLKQRRRTALKNRGY,-0.2864806736808156,1
LTDEELVTMSVRELNQHLRGLSKEEIIQLKQRRRTGLKNRGY,-1.149499778350389,0
LTDEELVTMSVRELNQHLRGLSKEEIIQLKQRRRTKNRGY,-1.3948770391025382,0
LTDEELVTMSVRELNQHLRGLSKEEIIQLKQRRRTLAKNRGY,-0.5062488149399942,0
LTDEELVTMSVRELNQHLRGLSKEEIIQLKQRRRTLGKNRGY,-0.892069459405638,0
LTDEELVTMSVRELNQHLRGLSKEEIIQLKQRRRTLKANRGY,-0.4375496474433846,1
LTDEELVTMSVRELNQHLRGLSKEEIIQLKQRRRTLKGNRGY,-0.793015187584345,0
LTDEELVTMSVRELNQHLRGLSKEEIIQLKQRRRTLKNARGY,-0.9505661955777638,0
LTDEELVTMSVRELNQHLRGLSKEEIIQLKQRRRTLKNGRGY,-1.1152700219651537,0
LTDEELVTMSVRELNQHLRGLSKEEIIQLKQRRRTLKNGY,0.2840056302825551,1
LTDEELVTMSVRELNQHLRGLSKEEIIQLKQRRRTLKNRAGY,-0.6825006802000744,0
LTDEELVTMSVRELNQHLRGLSKEEIIQLKQRRRTLKNRG,0.3800235223765722,1
LTDEELVTMSVRELNQHLRGLSKEEIIQLKQRRRTLKNRGAY,-0.3755528487018762,1
LTDEELVTMSVRELNQHLRGLSKEEIIQLKQRRRTLKNRGGY,-0.22518409142834794,1
LTDEELVTMSVRELNQHLRGLSKEEIIQLKQRRRTLKNRY,0.3626536765822199,1
LTDEELVTMSVRELNQHLRGLSKEEIIQLKQRRRTLKRGY,0.0358902743996509,1
LTDEELVTMSVRELNQHLRGLSKEEIIQLKQRRRTLNRGY,-0.7010994531790606,0
LTDEELVTMSVRELNQHLRGLSKEEIIQLKQRRTLKNRGY,-1.8571972585724266,0
LTDEELVTMSVRELNQHLRGLSKEEIIQLKRRRTLKNRGY,-1.523841563188435,0
LTDEELVTMSVRELNQHLRGLSKEEIIQLQRRRTLKNRGY,-1.8397198202003413,0
LTDEELVTMSVRELNQHLRGLSKEEIQLKQRRRTLKNRGY,-2.1853879373639717,0
LTDEELVTMSVRELNQHLRGLSKEGEIIQLKQRRRTLKNRGY,-1.724418188248221,0
LTDEELVTMSVRELNQHLRGLSKEIIQLKQRRRTLKNRGY,-2.0955192378227676,0
LTDEELVTMSVRELNQHLRGLSKGEEIIQLKQRRRTLKNRGY,-1.7257482516684013,0
LTDEELVTMSVRELNQHLRGSKEEIIQLKQRRRTLKNRGY,-2.0093831382524363,0
LTDEELVTMSVRELNQHLRLSKEEIIQLKQRRRTLKNRGY,-1.5107116967488317,0
LTDEELVTMSVRELNQLRGLSKEEIIQLKQRRRTLKNRGY,-0.4393010476015826,1
LTDEELVTMSVRELQHLRGLSKEEIIQLKQRRRTLKNRGY,-0.9149778804172128,0
LTDEELVTMSVRENQHLRGLSKEEIIQLKQRRRTLKNRGY,-2.3758859404689257,0
LTDEELVTMSVRGELNQHLRGLSKEEIIQLKQRRRTLKNRGY,-1.90848119456292,0
LTDEELVTMSVRLNQHLRGLSKEEIIQLKQRRRTLKNRGY,-1.9748403835876456,0
LTDEELVTMVRELNQHLRGLSKEEIIQLKQRRRTLKNRGY,-1.908187936479447,0
LTDEELVTSVRELNQHLRGLSKEEIIQLKQRRRTLKNRGY,-2.220645235396614,0
LTDEEVTMSVRELNQHLRGLSKEEIIQLKQRRRTLKNRGY,-1.89623363330797,0
LTDEGELVTMSVRELNQHLRGLSKEEIIQLKQRRRTLKNRGY,-1.9677696666526368,0
LTDELVTMSVRELNQHLRGLSKEEIIQLKQRRRTLKNRGY,-1.868829799532874,0
LTDGEELVTMSVRELNQHLRGLSKEEIIQLKQRRRTLKNRGY,-2.036623660897888,0
LTEELVTMSVRELNQHLRGLSKEEIIQLKQRRRTLKNRGY,-2.065252334643888,0
LTGDEELVTMSVRELNQHLRGLSKEEIIQLKQRRRTLKNRGY,-1.6704978070548255,0
TDEELVTMSVRELNQHLRGLSKEEIIQLKQRRRTLKNRGY,-1.8519432560865128,0
