mutated_sequence,DMS_score,DMS_score_bin
ADYEVGESVTVMDGPFATLPATISEVNAEQQKLKVLVSIFGRETPVELTFGQVSKI,0.1094446954508572,1
DAYEVGESVTVMDGPFATLPATISEVNAEQQKLKVLVSIFGRETPVELTFGQVSKI,0.1421403182268794,1
DEVGESVTVMDGPFATLPATISEVNAEQQKLKVLVSIFGRETPVELTFGQVSKI,-3.985592308694024,0
DGYEVGESVTVMDGPFATLPATISEVNAEQQKLKVLVSIFGRETPVELTFGQVSKI,-0.0706198817093337,1
DYAEVGESVTVMDGPFATLPATISEVNAEQQKLKVLVSIFGRETPVELTFGQVSKI,-3.0935914136333293,0
DYEAVGESVTVMDGPFATLPATISEVNAEQQKLKVLVSIFGRETPVELTFGQVSKI,-3.7700714258745616,0
DYEGESVTVMDGPFATLPATISEVNAEQQKLKVLVSIFGRETPVELTFGQVSKI,-3.8459664086805856,0
DYEGVGESVTVMDGPFATLPATISEVNAEQQKLKVLVSIFGRETPVELTFGQVSKI,-3.86053251604237,0
DYEVAGESVTVMDGPFATLPATISEVNAEQQKLKVLVSIFGRETPVELTFGQVSKI,-3.782856217030575,0
DYEVESVTVMDGPFATLPATISEVNAEQQKLKVLVSIFGRETPVELTFGQVSKI,-3.827720768971991,0
DYEVGAESVTVMDGPFATLPATISEVNAEQQKLKVLVSIFGRETPVELTFGQVSKI,-3.978891982696301,0
DYEVGEASVTVMDGPFATLPATISEVNAEQQKLKVLVSIFGRETPVELTFGQVSKI,-3.796650187569909,0
DYEVGEGSVTVMDGPFATLPATISEVNAEQQKLKVLVSIFGRETPVELTFGQVSKI,-3.769512169697928,0
DYEVGESAVTVMDGPFATLPATISEVNAEQQKLKVLVSIFGRETPVELTFGQVSKI,-3.731372050704185,0
DYEVGESGVTVMDGPFATLPATISEVNAEQQKLKVLVSIFGRETPVELTFGQVSKI,-3.8360797204022585,0
DYEVGESTVMDGPFATLPATISEVNAEQQKLKVLVSIFGRETPVELTFGQVSKI,-3.929634277434424,0
DYEVGESVATVMDGPFATLPATISEVNAEQQKLKVLVSIFGRETPVELTFGQVSKI,-3.8166077687352487,0
DYEVGESVGTVMDGPFATLPATISEVNAEQQKLKVLVSIFGRETPVELTFGQVSKI,-3.837856140182217,0
DYEVGESVTAVMDGPFATLPATISEVNAEQQKLKVLVSIFGRETPVELTFGQVSKI,-3.741245073787778,0
DYEVGESVTGVMDGPFATLPATISEVNAEQQKLKVLVSIFGRETPVELTFGQVSKI,-3.71539735092913,0
DYEVGESVTMDGPFATLPATISEVNAEQQKLKVLVSIFGRETPVELTFGQVSKI,-3.565372088520152,0
DYEVGESVTVAMDGPFATLPATISEVNAEQQKLKVLVSIFGRETPVELTFGQVSKI,-2.5799666180477714,0
DYEVGESVTVDGPFATLPATISEVNAEQQKLKVLVSIFGRETPVELTFGQVSKI,-3.3593688922210125,0
DYEVGESVTVGMDGPFATLPATISEVNAEQQKLKVLVSIFGRETPVELTFGQVSKI,-3.14430593358496,0
DYEVGESVTVMADGPFATLPATISEVNAEQQKLKVLVSIFGRETPVELTFGQVSKI,-1.9373386567830533,0
DYEVGESVTVMDAGPFATLPATISEVNAEQQKLKVLVSIFGRETPVELTFGQVSKI,-2.523618122742516,0
DYEVGESVTVMDGAPFATLPATISEVNAEQQKLKVLVSIFGRETPVELTFGQVSKI,-2.763381655633782,0
DYEVGESVTVMDGFATLPATISEVNAEQQKLKVLVSIFGRETPVELTFGQVSKI,-3.155403303996626,0
DYEVGESVTVMDGGPFATLPATISEVNAEQQKLKVLVSIFGRETPVELTFGQVSKI,-2.065608458976431,0
DYEVGESVTVMDGPAFATLPATISEVNAEQQKLKVLVSIFGRETPVELTFGQVSKI,-3.5593806691213823,0
DYEVGESVTVMDGPATLPATISEVNAEQQKLKVLVSIFGRETPVELTFGQVSKI,-3.504359585182125,0
DYEVGESVTVMDGPFAATLPATISEVNAEQQKLKVLVSIFGRETPVELTFGQVSKI,-2.7831288942618495,0
DYEVGESVTVMDGPFAGTLPATISEVNAEQQKLKVLVSIFGRETPVELTFGQVSKI,-1.943829695505879,0
DYEVGESVTVMDGPFALPATISEVNAEQQKLKVLVSIFGRETPVELTFGQVSKI,-2.5887713372358645,0
DYEVGESVTVMDGPFATALPATISEVNAEQQKLKVLVSIFGRETPVELTFGQVSKI,-2.340473127378277,0
DYEVGESVTVMDGPFATGLPATISEVNAEQQKLKVLVSIFGRETPVELTFGQVSKI,-2.141605944272122,0
DYEVGESVTVMDGPFATLAPATISEVNAEQQKLKVLVSIFGRETPVELTFGQVSKI,-2.497549088327664,0
DYEVGESVTVMDGPFATLATISEVNAEQQKLKVLVSIFGRETPVELTFGQVSKI,-2.5711154732345447,0
DYEVGESVTVMDGPFATLGPATISEVNAEQQKLKVLVSIFGRETPVELTFGQVSKI,-1.855732542591073,0
DYEVGESVTVMDGPFATLPAATISEVNAEQQKLKVLVSIFGRETPVELTFGQVSKI,-3.299479620971441,0
DYEVGESVTVMDGPFATLPAGTISEVNAEQQKLKVLVSIFGRETPVELTFGQVSKI,-3.3888419126859084,0
DYEVGESVTVMDGPFATLPAISEVNAEQQKLKVLVSIFGRETPVELTFGQVSKI,-3.801913971190864,0
DYEVGESVTVMDGPFATLPATAISEVNAEQQKLKVLVSIFGRETPVELTFGQVSKI,-3.9499829711367114,0
DYEVGESVTVMDGPFATLPATGISEVNAEQQKLKVLVSIFGRETPVELTFGQVSKI,-3.881836088882791,0
DYEVGESVTVMDGPFATLPATIASEVNAEQQKLKVLVSIFGRETPVELTFGQVSKI,-3.7059247253120247,0
DYEVGESVTVMDGPFATLPATIEVNAEQQKLKVLVSIFGRETPVELTFGQVSKI,-3.676643279748183,0
DYEVGESVTVMDGPFATLPATIGSEVNAEQQKLKVLVSIFGRETPVELTFGQVSKI,-4.145380141208909,0
DYEVGESVTVMDGPFATLPATISAEVNAEQQKLKVLVSIFGRETPVELTFGQVSKI,-3.6777135142911783,0
DYEVGESVTVMDGPFATLPATISEAVNAEQQKLKVLVSIFGRETPVELTFGQVSKI,-3.762893151315868,0
DYEVGESVTVMDGPFATLPATISEGVNAEQQKLKVLVSIFGRETPVELTFGQVSKI,-4.165163241957703,0
DYEVGESVTVMDGPFATLPATISENAEQQKLKVLVSIFGRETPVELTFGQVSKI,-3.894792034856407,0
DYEVGESVTVMDGPFATLPATISEVAEQQKLKVLVSIFGRETPVELTFGQVSKI,-3.087618747111179,0
DYEVGESVTVMDGPFATLPATISEVANAEQQKLKVLVSIFGRETPVELTFGQVSKI,-3.3720360952443778,0
DYEVGESVTVMDGPFATLPATISEVGNAEQQKLKVLVSIFGRETPVELTFGQVSKI,-3.1989967965837662,0
DYEVGESVTVMDGPFATLPATISEVNAAEQQKLKVLVSIFGRETPVELTFGQVSKI,-3.46185320508913,0
DYEVGESVTVMDGPFATLPATISEVNAEAQQKLKVLVSIFGRETPVELTFGQVSKI,-3.616321993939044,0
DYEVGESVTVMDGPFATLPATISEVNAEGQQKLKVLVSIFGRETPVELTFGQVSKI,-2.792433944020429,0
DYEVGESVTVMDGPFATLPATISEVNAEQAQKLKVLVSIFGRETPVELTFGQVSKI,-3.396241477705768,0
DYEVGESVTVMDGPFATLPATISEVNAEQGQKLKVLVSIFGRETPVELTFGQVSKI,-3.1044574404319043,0
DYEVGESVTVMDGPFATLPATISEVNAEQKLKVLVSIFGRETPVELTFGQVSKI,-2.5468774997505275,0
DYEVGESVTVMDGPFATLPATISEVNAEQQAKLKVLVSIFGRETPVELTFGQVSKI,-3.676847222617356,0
DYEVGESVTVMDGPFATLPATISEVNAEQQGKLKVLVSIFGRETPVELTFGQVSKI,-2.767122885726637,0
DYEVGESVTVMDGPFATLPATISEVNAEQQKALKVLVSIFGRETPVELTFGQVSKI,-3.4223573468394224,0
DYEVGESVTVMDGPFATLPATISEVNAEQQKGLKVLVSIFGRETPVELTFGQVSKI,-3.622725315033985,0
DYEVGESVTVMDGPFATLPATISEVNAEQQKKVLVSIFGRETPVELTFGQVSKI,-4.245807257077445,0
DYEVGESVTVMDGPFATLPATISEVNAEQQKLAKVLVSIFGRETPVELTFGQVSKI,-4.095695761944225,0
DYEVGESVTVMDGPFATLPATISEVNAEQQKLGKVLVSIFGRETPVELTFGQVSKI,-3.941082362981669,0
DYEVGESVTVMDGPFATLPATISEVNAEQQKLKAVLVSIFGRETPVELTFGQVSKI,-2.5839423146882754,0
DYEVGESVTVMDGPFATLPATISEVNAEQQKLKGVLVSIFGRETPVELTFGQVSKI,-3.716948726853033,0
DYEVGESVTVMDGPFATLPATISEVNAEQQKLKLVSIFGRETPVELTFGQVSKI,-3.7337224482858566,0
DYEVGESVTVMDGPFATLPATISEVNAEQQKLKVALVSIFGRETPVELTFGQVSKI,-2.8479619119773125,0
DYEVGESVTVMDGPFATLPATISEVNAEQQKLKVGLVSIFGRETPVELTFGQVSKI,-3.781323816240859,0
DYEVGESVTVMDGPFATLPATISEVNAEQQKLKVLAVSIFGRETPVELTFGQVSKI,-3.0903351865785984,0
DYEVGESVTVMDGPFATLPATISEVNAEQQKLKVLGVSIFGRETPVELTFGQVSKI,-3.893303192242188,0
DYEVGESVTVMDGPFATLPATISEVNAEQQKLKVLSIFGRETPVELTFGQVSKI,-4.201775375614854,0
DYEVGESVTVMDGPFATLPATISEVNAEQQKLKVLVASIFGRETPVELTFGQVSKI,-1.4763201189750417,0
DYEVGESVTVMDGPFATLPATISEVNAEQQKLKVLVGSIFGRETPVELTFGQVSKI,-1.7254196216790936,0
DYEVGESVTVMDGPFATLPATISEVNAEQQKLKVLVIFGRETPVELTFGQVSKI,-2.007035055694224,0
DYEVGESVTVMDGPFATLPATISEVNAEQQKLKVLVSAIFGRETPVELTFGQVSKI,-1.7787791806163509,0
DYEVGESVTVMDGPFATLPATISEVNAEQQKLKVLVSFGRETPVELTFGQVSKI,-2.3046082678089683,0
DYEVGESVTVMDGPFATLPATISEVNAEQQKLKVLVSGIFGRETPVELTFGQVSKI,-1.131623021050419,0
DYEVGESVTVMDGPFATLPATISEVNAEQQKLKVLVSIAFGRETPVELTFGQVSKI,-0.9217235937468056,0
DYEVGESVTVMDGPFATLPATISEVNAEQQKLKVLVSIFAGRETPVELTFGQVSKI,-1.5943615467843295,0
DYEVGESVTVMDGPFATLPATISEVNAEQQKLKVLVSIFGARETPVELTFGQVSKI,-1.5824623570973086,0
DYEVGESVTVMDGPFATLPATISEVNAEQQKLKVLVSIFGETPVELTFGQVSKI,-1.4540955695717863,0
DYEVGESVTVMDGPFATLPATISEVNAEQQKLKVLVSIFGGRETPVELTFGQVSKI,-1.062798959570158,0
DYEVGESVTVMDGPFATLPATISEVNAEQQKLKVLVSIFGRAETPVELTFGQVSKI,-0.8309083064563132,0
DYEVGESVTVMDGPFATLPATISEVNAEQQKLKVLVSIFGREATPVELTFGQVSKI,-0.4239235431898094,1
DYEVGESVTVMDGPFATLPATISEVNAEQQKLKVLVSIFGREGTPVELTFGQVSKI,-0.6361918244368003,0
DYEVGESVTVMDGPFATLPATISEVNAEQQKLKVLVSIFGREPVELTFGQVSKI,-1.5605327227675336,0
DYEVGESVTVMDGPFATLPATISEVNAEQQKLKVLVSIFGRETAPVELTFGQVSKI,-0.6940573740470852,0
DYEVGESVTVMDGPFATLPATISEVNAEQQKLKVLVSIFGRETGPVELTFGQVSKI,-0.1646508564943105,1
DYEVGESVTVMDGPFATLPATISEVNAEQQKLKVLVSIFGRETPAVELTFGQVSKI,-1.3033534230629376,0
DYEVGESVTVMDGPFATLPATISEVNAEQQKLKVLVSIFGRETPELTFGQVSKI,-3.754052173431557,0
DYEVGESVTVMDGPFATLPATISEVNAEQQKLKVLVSIFGRETPGVELTFGQVSKI,-1.704245432300819,0
DYEVGESVTVMDGPFATLPATISEVNAEQQKLKVLVSIFGRETPVAELTFGQVSKI,-2.1303961844384656,0
DYEVGESVTVMDGPFATLPATISEVNAEQQKLKVLVSIFGRETPVEALTFGQVSKI,-3.2821978706319426,0
DYEVGESVTVMDGPFATLPATISEVNAEQQKLKVLVSIFGRETPVEGLTFGQVSKI,-2.13523697836496,0
DYEVGESVTVMDGPFATLPATISEVNAEQQKLKVLVSIFGRETPVELATFGQVSKI,-4.193820800837966,0
DYEVGESVTVMDGPFATLPATISEVNAEQQKLKVLVSIFGRETPVELFGQVSKI,-3.9011525343667226,0
DYEVGESVTVMDGPFATLPATISEVNAEQQKLKVLVSIFGRETPVELGTFGQVSKI,-4.111859145841967,0
DYEVGESVTVMDGPFATLPATISEVNAEQQKLKVLVSIFGRETPVELTAFGQVSKI,-3.849608925276754,0
DYEVGESVTVMDGPFATLPATISEVNAEQQKLKVLVSIFGRETPVELTFAGQVSKI,-3.6312407381913423,0
DYEVGESVTVMDGPFATLPATISEVNAEQQKLKVLVSIFGRETPVELTFGAQVSKI,-3.7052877420610097,0
DYEVGESVTVMDGPFATLPATISEVNAEQQKLKVLVSIFGRETPVELTFGGQVSKI,-3.775586466271073,0
DYEVGESVTVMDGPFATLPATISEVNAEQQKLKVLVSIFGRETPVELTFGQAVSKI,-3.1812536902630253,0
DYEVGESVTVMDGPFATLPATISEVNAEQQKLKVLVSIFGRETPVELTFGQGVSKI,-3.760506901015249,0
DYEVGESVTVMDGPFATLPATISEVNAEQQKLKVLVSIFGRETPVELTFGQSKI,-3.676175538560399,0
DYEVGESVTVMDGPFATLPATISEVNAEQQKLKVLVSIFGRETPVELTFGQVASKI,-1.5541883392696172,0
DYEVGESVTVMDGPFATLPATISEVNAEQQKLKVLVSIFGRETPVELTFGQVGSKI,-2.122153552101067,0
DYEVGESVTVMDGPFATLPATISEVNAEQQKLKVLVSIFGRETPVELTFGQVKI,-1.3784934367399395,0
DYEVGESVTVMDGPFATLPATISEVNAEQQKLKVLVSIFGRETPVELTFGQVSAKI,-1.416364490672017,0
DYEVGESVTVMDGPFATLPATISEVNAEQQKLKVLVSIFGRETPVELTFGQVSGKI,-1.660138029588326,0
DYEVGESVTVMDGPFATLPATISEVNAEQQKLKVLVSIFGRETPVELTFGQVSI,-1.5330666928408363,0
DYEVGESVTVMDGPFATLPATISEVNAEQQKLKVLVSIFGRETPVELTFGQVSK,-0.2869458800550615,1
DYEVGESVTVMDGPFATLPATISEVNAEQQKLKVLVSIFGRETPVELTFGQVSKAI,-0.17153199731576,1
DYEVGESVTVMDGPFATLPATISEVNAEQQKLKVLVSIFGRETPVELTFGQVSKGI,-0.277236074853993,1
DYEVGESVTVMDGPFATLPATISEVNAEQQKLKVLVSIFGRETPVELTFGVSKI,-3.299862857818601,0
DYEVGESVTVMDGPFATLPATISEVNAEQQKLKVLVSIFGRETPVELTFQVSKI,-3.389984257950355,0
DYEVGESVTVMDGPFATLPATISEVNAEQQKLKVLVSIFGRETPVELTGFGQVSKI,-3.7747816426097542,0
DYEVGESVTVMDGPFATLPATISEVNAEQQKLKVLVSIFGRETPVELTGQVSKI,-4.33325132544613,0
DYEVGESVTVMDGPFATLPATISEVNAEQQKLKVLVSIFGRETPVETFGQVSKI,-3.908900753416984,0
DYEVGESVTVMDGPFATLPATISEVNAEQQKLKVLVSIFGRETPVGELTFGQVSKI,-2.8469871625640986,0
DYEVGESVTVMDGPFATLPATISEVNAEQQKLKVLVSIFGRETPVLTFGQVSKI,-3.7748668324356247,0
DYEVGESVTVMDGPFATLPATISEVNAEQQKLKVLVSIFGRETVELTFGQVSKI,-1.450853810124475,0
DYEVGESVTVMDGPFATLPATISEVNAEQQKLKVLVSIFGRGETPVELTFGQVSKI,-0.5959346159214558,0
DYEVGESVTVMDGPFATLPATISEVNAEQQKLKVLVSIFGRTPVELTFGQVSKI,-1.7574696980460067,0
DYEVGESVTVMDGPFATLPATISEVNAEQQKLKVLVSIFRETPVELTFGQVSKI,-2.304628331632603,0
DYEVGESVTVMDGPFATLPATISEVNAEQQKLKVLVSIGFGRETPVELTFGQVSKI,-0.4476294989840403,1
DYEVGESVTVMDGPFATLPATISEVNAEQQKLKVLVSIGRETPVELTFGQVSKI,-2.667940140978677,0
DYEVGESVTVMDGPFATLPATISEVNAEQQKLKVVSIFGRETPVELTFGQVSKI,-3.396427363668973,0
DYEVGESVTVMDGPFATLPATISEVNAEQQKLVLVSIFGRETPVELTFGQVSKI,-3.629443112040948,0
DYEVGESVTVMDGPFATLPATISEVNAEQQLKVLVSIFGRETPVELTFGQVSKI,-3.062181650975229,0
DYEVGESVTVMDGPFATLPATISEVNAGEQQKLKVLVSIFGRETPVELTFGQVSKI,-2.9919459110429503,0
DYEVGESVTVMDGPFATLPATISEVNAQQKLKVLVSIFGRETPVELTFGQVSKI,-2.4695663387257563,0
DYEVGESVTVMDGPFATLPATISEVNEQQKLKVLVSIFGRETPVELTFGQVSKI,-2.6355275781801533,0
DYEVGESVTVMDGPFATLPATISEVNGAEQQKLKVLVSIFGRETPVELTFGQVSKI,-3.4641343857339293,0
DYEVGESVTVMDGPFATLPATISGEVNAEQQKLKVLVSIFGRETPVELTFGQVSKI,-3.747421755539332,0
DYEVGESVTVMDGPFATLPATISVNAEQQKLKVLVSIFGRETPVELTFGQVSKI,-3.5159177385169063,0
DYEVGESVTVMDGPFATLPATSEVNAEQQKLKVLVSIFGRETPVELTFGQVSKI,-4.101556719594719,0
DYEVGESVTVMDGPFATLPGATISEVNAEQQKLKVLVSIFGRETPVELTFGQVSKI,-3.234117224128039,0
DYEVGESVTVMDGPFATLPTISEVNAEQQKLKVLVSIFGRETPVELTFGQVSKI,-3.646970822276391,0
DYEVGESVTVMDGPFATPATISEVNAEQQKLKVLVSIFGRETPVELTFGQVSKI,-3.3437887176214565,0
DYEVGESVTVMDGPFGATLPATISEVNAEQQKLKVLVSIFGRETPVELTFGQVSKI,-2.8113239095311453,0
DYEVGESVTVMDGPFTLPATISEVNAEQQKLKVLVSIFGRETPVELTFGQVSKI,-2.7011512901140744,0
DYEVGESVTVMDGPGFATLPATISEVNAEQQKLKVLVSIFGRETPVELTFGQVSKI,-3.4095205240345847,0
DYEVGESVTVMDPFATLPATISEVNAEQQKLKVLVSIFGRETPVELTFGQVSKI,-3.4654687662287285,0
DYEVGESVTVMGDGPFATLPATISEVNAEQQKLKVLVSIFGRETPVELTFGQVSKI,-1.708182401153147,0
DYEVGESVTVMGPFATLPATISEVNAEQQKLKVLVSIFGRETPVELTFGQVSKI,-2.6664605341926007,0
DYEVGESVVMDGPFATLPATISEVNAEQQKLKVLVSIFGRETPVELTFGQVSKI,-3.54419231019995,0
DYEVGEVTVMDGPFATLPATISEVNAEQQKLKVLVSIFGRETPVELTFGQVSKI,-3.907185311436751,0
DYEVGGESVTVMDGPFATLPATISEVNAEQQKLKVLVSIFGRETPVELTFGQVSKI,-3.9169877017941355,0
DYEVGSVTVMDGPFATLPATISEVNAEQQKLKVLVSIFGRETPVELTFGQVSKI,-3.680893456458788,0
DYGEVGESVTVMDGPFATLPATISEVNAEQQKLKVLVSIFGRETPVELTFGQVSKI,-3.3648401570524338,0
DYVGESVTVMDGPFATLPATISEVNAEQQKLKVLVSIFGRETPVELTFGQVSKI,-3.4460343776490503,0
GDYEVGESVTVMDGPFATLPATISEVNAEQQKLKVLVSIFGRETPVELTFGQVSKI,-0.0454331245165531,1
YEVGESVTVMDGPFATLPATISEVNAEQQKLKVLVSIFGRETPVELTFGQVSKI,0.195057205052707,1
