mutated_sequence,DMS_score,DMS_score_bin
ANRRVIAMPSVRKWAREKGVDIRLVQGTGKNGRVLKEDIDAFLAG,0.0616302057459758,1
GNRRVIAMPSVRKWAREKGVDIRLVQGTGKNGRVLKEDIDAFLAG,-0.0434807083533899,1
NARRVIAMPSVRKWAREKGVDIRLVQGTGKNGRVLKEDIDAFLAG,-0.1274784170419813,1
NGRRVIAMPSVRKWAREKGVDIRLVQGTGKNGRVLKEDIDAFLAG,-0.0636701465721909,1
NRARVIAMPSVRKWAREKGVDIRLVQGTGKNGRVLKEDIDAFLAG,-0.3797369544259865,1
NRGRVIAMPSVRKWAREKGVDIRLVQGTGKNGRVLKEDIDAFLAG,-0.2464159439964808,1
NRRAVIAMPSVRKWAREKGVDIRLVQGTGKNGRVLKEDIDAFLAG,-0.4417864901216086,0
NRRGVIAMPSVRKWAREKGVDIRLVQGTGKNGRVLKEDIDAFLAG,-0.4513161782052881,0
NRRIAMPSVRKWAREKGVDIRLVQGTGKNGRVLKEDIDAFLAG,-1.5208343093666508,0
NRRVAIAMPSVRKWAREKGVDIRLVQGTGKNGRVLKEDIDAFLAG,-1.2034323059038234,0
NRRVAMPSVRKWAREKGVDIRLVQGTGKNGRVLKEDIDAFLAG,-1.511077793142127,0
NRRVGIAMPSVRKWAREKGVDIRLVQGTGKNGRVLKEDIDAFLAG,-1.3464932042353066,0
NRRVIAAMPSVRKWAREKGVDIRLVQGTGKNGRVLKEDIDAFLAG,-1.2846803740807569,0
NRRVIAGMPSVRKWAREKGVDIRLVQGTGKNGRVLKEDIDAFLAG,-2.7271671023340978,0
NRRVIAMAPSVRKWAREKGVDIRLVQGTGKNGRVLKEDIDAFLAG,-1.4421863477627108,0
NRRVIAMGPSVRKWAREKGVDIRLVQGTGKNGRVLKEDIDAFLAG,-2.0428503697086158,0
NRRVIAMPASVRKWAREKGVDIRLVQGTGKNGRVLKEDIDAFLAG,-2.0358024849752585,0
NRRVIAMPGSVRKWAREKGVDIRLVQGTGKNGRVLKEDIDAFLAG,-2.5550683497303703,0
NRRVIAMPSAVRKWAREKGVDIRLVQGTGKNGRVLKEDIDAFLAG,-2.322436804038952,0
NRRVIAMPSGVRKWAREKGVDIRLVQGTGKNGRVLKEDIDAFLAG,-2.764330311072466,0
NRRVIAMPSVRKAREKGVDIRLVQGTGKNGRVLKEDIDAFLAG,-2.2440518484720515,0
NRRVIAMPSVRKWAEKGVDIRLVQGTGKNGRVLKEDIDAFLAG,-2.7886250763506237,0
NRRVIAMPSVRKWAREKGVADIRLVQGTGKNGRVLKEDIDAFLAG,-3.2808321320564517,0
NRRVIAMPSVRKWAREKGVDIRLVAQGTGKNGRVLKEDIDAFLAG,-2.5603761491553034,0
NRRVIAMPSVRKWAREKGVDIRLVGQGTGKNGRVLKEDIDAFLAG,-2.387993371902553,0
NRRVIAMPSVRKWAREKGVDIRLVQAGTGKNGRVLKEDIDAFLAG,-3.211142233411082,0
NRRVIAMPSVRKWAREKGVDIRLVQGTGGKNGRVLKEDIDAFLAG,-2.409844391297346,0
NRRVIAMPSVRKWAREKGVDIRLVQGTGKNGRVLKEDIDAAFLAG,-0.8829359240677621,0
NRRVIAMPSVRKWAREKGVDIRLVQGTGKNGRVLKEDIDAFAG,-0.8590545305961552,0
NRRVIAMPSVRKWAREKGVDIRLVQGTGKNGRVLKEDIDAFALAG,-0.5342936713175823,0
NRRVIAMPSVRKWAREKGVDIRLVQGTGKNGRVLKEDIDAFGLAG,-1.4598823990102052,0
NRRVIAMPSVRKWAREKGVDIRLVQGTGKNGRVLKEDIDAFLA,0.0470962269025951,1
NRRVIAMPSVRKWAREKGVDIRLVQGTGKNGRVLKEDIDAFLAAG,0.15500117123154014,1
NRRVIAMPSVRKWAREKGVDIRLVQGTGKNGRVLKEDIDAFLAGG,0.0437337402032298,1
NRRVIAMPSVRKWAREKGVDIRLVQGTGKNGRVLKEDIDAFLG,-0.3837195267143851,1
NRRVIAMPSVRKWAREKGVDIRLVQGTGKNGRVLKEDIDAFLGAG,-0.3064290990949478,1
NRRVIAMPSVRKWAREKGVDIRLVQGTGKNGRVLKEDIDALAG,-1.8170409169325232,0
NRRVIAMPSVRKWAREKGVDIRLVQGTGKNGRVLKEDIDFLAG,-2.5431423826414923,0
NRRVIAMPSVRKWAREKGVDIRLVQGTGKNGRVLKEDIDGAFLAG,-1.9934376760568624,0
NRRVIAMPSVRKWREKGVDIRLVQGTGKNGRVLKEDIDAFLAG,-2.4556066270727706,0
NRRVIAMPVRKWAREKGVDIRLVQGTGKNGRVLKEDIDAFLAG,-1.9827751557532385,0
NRRVIAMSVRKWAREKGVDIRLVQGTGKNGRVLKEDIDAFLAG,-0.6414064621232094,0
NRRVIAPSVRKWAREKGVDIRLVQGTGKNGRVLKEDIDAFLAG,-0.5162025126941687,0
NRRVIGAMPSVRKWAREKGVDIRLVQGTGKNGRVLKEDIDAFLAG,-1.853310845120701,0
NRRVIMPSVRKWAREKGVDIRLVQGTGKNGRVLKEDIDAFLAG,-1.236951970190425,0
NRVIAMPSVRKWAREKGVDIRLVQGTGKNGRVLKEDIDAFLAG,-0.34140670036952864,1
RRVIAMPSVRKWAREKGVDIRLVQGTGKNGRVLKEDIDAFLAG,-0.1486693150410047,1
