mutated_sequence,DMS_score,DMS_score_bin
AKLPPGWEKRMSRSSGRVYYFNHITNASQWERPSGNSSSG,-0.0479543897550596,1
GKLPPGWEKRMSRSSGRVYYFNHITNASQWERPSGNSSSG,-0.0309565923494106,1
KALPPGWEKRMSRSSGRVYYFNHITNASQWERPSGNSSSG,-0.206119212732629,1
KGLPPGWEKRMSRSSGRVYYFNHITNASQWERPSGNSSSG,0.4145550750473732,1
KLAPPGWEKRMSRSSGRVYYFNHITNASQWERPSGNSSSG,-1.909151810266717,0
KLGPPGWEKRMSRSSGRVYYFNHITNASQWERPSGNSSSG,-2.090205165636797,0
KLPAPGWEKRMSRSSGRVYYFNHITNASQWERPSGNSSSG,-1.8629964526819327,0
KLPGPGWEKRMSRSSGRVYYFNHITNASQWERPSGNSSSG,-1.6085797289280606,0
KLPGWEKRMSRSSGRVYYFNHITNASQWERPSGNSSSG,-1.8834510781780245,0
KLPPAGWEKRMSRSSGRVYYFNHITNASQWERPSGNSSSG,-1.436234053080941,0
KLPPGAWEKRMSRSSGRVYYFNHITNASQWERPSGNSSSG,-1.605834382553067,0
KLPPGEKRMSRSSGRVYYFNHITNASQWERPSGNSSSG,-1.635081117094215,0
KLPPGGWEKRMSRSSGRVYYFNHITNASQWERPSGNSSSG,-1.5906114038000188,0
KLPPGWAEKRMSRSSGRVYYFNHITNASQWERPSGNSSSG,-1.8192216028752728,0
KLPPGWEAKRMSRSSGRVYYFNHITNASQWERPSGNSSSG,-1.6088980958313142,0
KLPPGWEGKRMSRSSGRVYYFNHITNASQWERPSGNSSSG,-2.014011387830395,0
KLPPGWEKARMSRSSGRVYYFNHITNASQWERPSGNSSSG,-2.2315794018465094,0
KLPPGWEKGRMSRSSGRVYYFNHITNASQWERPSGNSSSG,-1.624922301024494,0
KLPPGWEKMSRSSGRVYYFNHITNASQWERPSGNSSSG,-1.1829472637823093,0
KLPPGWEKRAMSRSSGRVYYFNHITNASQWERPSGNSSSG,-1.646116821566851,0
KLPPGWEKRGMSRSSGRVYYFNHITNASQWERPSGNSSSG,-1.9859500057439168,0
KLPPGWEKRMASRSSGRVYYFNHITNASQWERPSGNSSSG,-1.5093234465609884,0
KLPPGWEKRMGSRSSGRVYYFNHITNASQWERPSGNSSSG,-1.7355137998028594,0
KLPPGWEKRMRSSGRVYYFNHITNASQWERPSGNSSSG,-0.6801710862859403,1
KLPPGWEKRMSARSSGRVYYFNHITNASQWERPSGNSSSG,-1.3189049839013225,0
KLPPGWEKRMSGRSSGRVYYFNHITNASQWERPSGNSSSG,-1.3532921247294505,0
KLPPGWEKRMSRASSGRVYYFNHITNASQWERPSGNSSSG,-1.2365890605029757,0
KLPPGWEKRMSRGSSGRVYYFNHITNASQWERPSGNSSSG,-0.5878486768241653,1
KLPPGWEKRMSRSASGRVYYFNHITNASQWERPSGNSSSG,-0.2619217375322309,1
KLPPGWEKRMSRSGRVYYFNHITNASQWERPSGNSSSG,1.1763389567605076,1
KLPPGWEKRMSRSGSGRVYYFNHITNASQWERPSGNSSSG,-0.6181289095330471,1
KLPPGWEKRMSRSSAGRVYYFNHITNASQWERPSGNSSSG,-1.215488111402823,0
KLPPGWEKRMSRSSGARVYYFNHITNASQWERPSGNSSSG,-1.42839243066677,0
KLPPGWEKRMSRSSGGRVYYFNHITNASQWERPSGNSSSG,-0.9903450306760165,0
KLPPGWEKRMSRSSGRAVYYFNHITNASQWERPSGNSSSG,-1.8180852707207216,0
KLPPGWEKRMSRSSGRGVYYFNHITNASQWERPSGNSSSG,-1.9003519262901676,0
KLPPGWEKRMSRSSGRVAYYFNHITNASQWERPSGNSSSG,-1.8570861506653689,0
KLPPGWEKRMSRSSGRVYAYFNHITNASQWERPSGNSSSG,-2.6996263859094363,0
KLPPGWEKRMSRSSGRVYFNHITNASQWERPSGNSSSG,-2.62887775006463,0
KLPPGWEKRMSRSSGRVYYAFNHITNASQWERPSGNSSSG,-2.794976217718669,0
KLPPGWEKRMSRSSGRVYYFANHITNASQWERPSGNSSSG,-1.632537791323916,0
KLPPGWEKRMSRSSGRVYYFGNHITNASQWERPSGNSSSG,-2.013487070828152,0
KLPPGWEKRMSRSSGRVYYFHITNASQWERPSGNSSSG,-1.74225030510797,0
KLPPGWEKRMSRSSGRVYYFNAHITNASQWERPSGNSSSG,-1.9378448087056857,0
KLPPGWEKRMSRSSGRVYYFNGHITNASQWERPSGNSSSG,-2.0143840161240183,0
KLPPGWEKRMSRSSGRVYYFNHAITNASQWERPSGNSSSG,-2.2431412280317806,0
KLPPGWEKRMSRSSGRVYYFNHGITNASQWERPSGNSSSG,-2.0828187251988,0
KLPPGWEKRMSRSSGRVYYFNHIATNASQWERPSGNSSSG,-2.15088213738391,0
KLPPGWEKRMSRSSGRVYYFNHIGTNASQWERPSGNSSSG,-2.4870696478572825,0
KLPPGWEKRMSRSSGRVYYFNHINASQWERPSGNSSSG,-1.7093799832520484,0
KLPPGWEKRMSRSSGRVYYFNHITANASQWERPSGNSSSG,-2.30794448910356,0
KLPPGWEKRMSRSSGRVYYFNHITASQWERPSGNSSSG,-2.3846201756755825,0
KLPPGWEKRMSRSSGRVYYFNHITGNASQWERPSGNSSSG,-1.9530854739329409,0
KLPPGWEKRMSRSSGRVYYFNHITNAASQWERPSGNSSSG,-1.9950748153048572,0
KLPPGWEKRMSRSSGRVYYFNHITNAGSQWERPSGNSSSG,-2.1446461073511145,0
KLPPGWEKRMSRSSGRVYYFNHITNAQWERPSGNSSSG,-2.0002520833734665,0
KLPPGWEKRMSRSSGRVYYFNHITNASAQWERPSGNSSSG,-2.1698397000396272,0
KLPPGWEKRMSRSSGRVYYFNHITNASGQWERPSGNSSSG,-1.849659570961503,0
KLPPGWEKRMSRSSGRVYYFNHITNASQAWERPSGNSSSG,-2.578478325501181,0
KLPPGWEKRMSRSSGRVYYFNHITNASQERPSGNSSSG,-2.8588368603950984,0
KLPPGWEKRMSRSSGRVYYFNHITNASQGWERPSGNSSSG,-2.0250302341915414,0
KLPPGWEKRMSRSSGRVYYFNHITNASQWAERPSGNSSSG,-2.0481028632038725,0
KLPPGWEKRMSRSSGRVYYFNHITNASQWEARPSGNSSSG,-2.388462698425623,0
KLPPGWEKRMSRSSGRVYYFNHITNASQWEGRPSGNSSSG,-2.1187108649596205,0
KLPPGWEKRMSRSSGRVYYFNHITNASQWEPSGNSSSG,-2.245210837397562,0
KLPPGWEKRMSRSSGRVYYFNHITNASQWERAPSGNSSSG,-1.6829742246277275,0
KLPPGWEKRMSRSSGRVYYFNHITNASQWERGPSGNSSSG,-1.997592628693186,0
KLPPGWEKRMSRSSGRVYYFNHITNASQWERPASGNSSSG,-0.1371931916789992,1
KLPPGWEKRMSRSSGRVYYFNHITNASQWERPGNSSSG,-0.1014850417583606,1
KLPPGWEKRMSRSSGRVYYFNHITNASQWERPGSGNSSSG,-0.0193531413988976,1
KLPPGWEKRMSRSSGRVYYFNHITNASQWERPSAGNSSSG,-0.050401561203194,1
KLPPGWEKRMSRSSGRVYYFNHITNASQWERPSGANSSSG,-0.1424001681469962,1
KLPPGWEKRMSRSSGRVYYFNHITNASQWERPSGGNSSSG,-0.059703215560204595,1
KLPPGWEKRMSRSSGRVYYFNHITNASQWERPSGNASSSG,0.0113077151233413,1
KLPPGWEKRMSRSSGRVYYFNHITNASQWERPSGNGSSSG,-0.0751465138743538,1
KLPPGWEKRMSRSSGRVYYFNHITNASQWERPSGNSASSG,-0.0918882510709582,1
KLPPGWEKRMSRSSGRVYYFNHITNASQWERPSGNSGSSG,-0.123483849545138,1
KLPPGWEKRMSRSSGRVYYFNHITNASQWERPSGNSSASG,-0.0386256592584102,1
KLPPGWEKRMSRSSGRVYYFNHITNASQWERPSGNSSG,-0.09623796410111614,1
KLPPGWEKRMSRSSGRVYYFNHITNASQWERPSGNSSGSG,-0.0798483094445328,1
KLPPGWEKRMSRSSGRVYYFNHITNASQWERPSGNSSS,-0.0142743922946499,1
KLPPGWEKRMSRSSGRVYYFNHITNASQWERPSGNSSSAG,-0.0517155566020899,1
KLPPGWEKRMSRSSGRVYYFNHITNASQWERPSGNSSSGG,-0.0702911434869939,1
KLPPGWEKRMSRSSGRVYYFNHITNASQWERPSGSSSG,-0.1143999689223322,1
KLPPGWEKRMSRSSGRVYYFNHITNASQWERPSNSSSG,-0.0743440609433663,1
KLPPGWEKRMSRSSGRVYYFNHITNASQWERSGNSSSG,-1.8278771496587864,0
KLPPGWEKRMSRSSGRVYYFNHITNASQWGERPSGNSSSG,-1.815638398443372,0
KLPPGWEKRMSRSSGRVYYFNHITNASQWRPSGNSSSG,-1.9742540238876527,0
KLPPGWEKRMSRSSGRVYYFNHITNASWERPSGNSSSG,-1.9858842023737229,0
KLPPGWEKRMSRSSGRVYYFNHITNGASQWERPSGNSSSG,-2.3139306165372178,0
KLPPGWEKRMSRSSGRVYYFNHITNSQWERPSGNSSSG,-1.7113447292633217,0
KLPPGWEKRMSRSSGRVYYFNHTNASQWERPSGNSSSG,-2.21679385756947,0
KLPPGWEKRMSRSSGRVYYFNITNASQWERPSGNSSSG,-1.9532289452049756,0
KLPPGWEKRMSRSSGRVYYGFNHITNASQWERPSGNSSSG,-2.849584685065992,0
KLPPGWEKRMSRSSGRVYYNHITNASQWERPSGNSSSG,-1.7433803282133071,0
KLPPGWEKRMSRSSGRYYFNHITNASQWERPSGNSSSG,-2.0646578068901382,0
KLPPGWEKRMSRSSGVYYFNHITNASQWERPSGNSSSG,-1.5078143361833738,0
KLPPGWEKRMSRSSRVYYFNHITNASQWERPSGNSSSG,-0.6817395369272701,1
KLPPGWEKRMSSSGRVYYFNHITNASQWERPSGNSSSG,1.1626508525861494,1
KLPPGWEKRSRSSGRVYYFNHITNASQWERPSGNSSSG,-1.1763325140833674,0
KLPPGWERMSRSSGRVYYFNHITNASQWERPSGNSSSG,-1.3017222734861444,0
KLPPGWGEKRMSRSSGRVYYFNHITNASQWERPSGNSSSG,-1.752410751465249,0
KLPPGWKRMSRSSGRVYYFNHITNASQWERPSGNSSSG,-1.452380215513419,0
KLPPWEKRMSRSSGRVYYFNHITNASQWERPSGNSSSG,-2.196164362237223,0
KPPGWEKRMSRSSGRVYYFNHITNASQWERPSGNSSSG,-0.9784297362903844,0
LPPGWEKRMSRSSGRVYYFNHITNASQWERPSGNSSSG,0.080358771425737,1
