mutated_sequence,DMS_score,DMS_score_bin
ATHFTSQQLQELEATFQRNHYPDMSTREEIAVWTNLTEARVRVWFKNRRAKWR,-0.0627221092685772,1
GTHFTSQQLQELEATFQRNHYPDMSTREEIAVWTNLTEARVRVWFKNRRAKWR,-0.0035650793151544,1
TAHFTSQQLQELEATFQRNHYPDMSTREEIAVWTNLTEARVRVWFKNRRAKWR,0.0031097155477932,1
TFTSQQLQELEATFQRNHYPDMSTREEIAVWTNLTEARVRVWFKNRRAKWR,-0.0812639448209449,1
TGHFTSQQLQELEATFQRNHYPDMSTREEIAVWTNLTEARVRVWFKNRRAKWR,-0.0363882359411489,1
THAFTSQQLQELEATFQRNHYPDMSTREEIAVWTNLTEARVRVWFKNRRAKWR,0.0139665730808675,1
THFATSQQLQELEATFQRNHYPDMSTREEIAVWTNLTEARVRVWFKNRRAKWR,-1.3915793438393642,0
THFGTSQQLQELEATFQRNHYPDMSTREEIAVWTNLTEARVRVWFKNRRAKWR,-1.9474646620647191,0
THFSQQLQELEATFQRNHYPDMSTREEIAVWTNLTEARVRVWFKNRRAKWR,-1.888468802095432,0
THFTASQQLQELEATFQRNHYPDMSTREEIAVWTNLTEARVRVWFKNRRAKWR,-1.6108014965754638,0
THFTGSQQLQELEATFQRNHYPDMSTREEIAVWTNLTEARVRVWFKNRRAKWR,-2.0201459905375123,0
THFTQQLQELEATFQRNHYPDMSTREEIAVWTNLTEARVRVWFKNRRAKWR,-1.9737776552114057,0
THFTSAQQLQELEATFQRNHYPDMSTREEIAVWTNLTEARVRVWFKNRRAKWR,-1.4126148547069957,0
THFTSGQQLQELEATFQRNHYPDMSTREEIAVWTNLTEARVRVWFKNRRAKWR,-1.9147658584277385,0
THFTSQAQLQELEATFQRNHYPDMSTREEIAVWTNLTEARVRVWFKNRRAKWR,-1.2384472320632256,0
THFTSQGQLQELEATFQRNHYPDMSTREEIAVWTNLTEARVRVWFKNRRAKWR,-1.9349198688532137,0
THFTSQLQELEATFQRNHYPDMSTREEIAVWTNLTEARVRVWFKNRRAKWR,-2.009115370701399,0
THFTSQQALQELEATFQRNHYPDMSTREEIAVWTNLTEARVRVWFKNRRAKWR,-1.4187240684491451,0
THFTSQQGLQELEATFQRNHYPDMSTREEIAVWTNLTEARVRVWFKNRRAKWR,-2.120882052944824,0
THFTSQQLAQELEATFQRNHYPDMSTREEIAVWTNLTEARVRVWFKNRRAKWR,-1.331407585847726,0
THFTSQQLELEATFQRNHYPDMSTREEIAVWTNLTEARVRVWFKNRRAKWR,-2.1771781481434656,0
THFTSQQLGQELEATFQRNHYPDMSTREEIAVWTNLTEARVRVWFKNRRAKWR,-2.0567724255342745,0
THFTSQQLQAELEATFQRNHYPDMSTREEIAVWTNLTEARVRVWFKNRRAKWR,-1.151626208505166,1
THFTSQQLQEALEATFQRNHYPDMSTREEIAVWTNLTEARVRVWFKNRRAKWR,-0.6664878790978805,1
THFTSQQLQEEATFQRNHYPDMSTREEIAVWTNLTEARVRVWFKNRRAKWR,-2.8659816573224304,0
THFTSQQLQEGLEATFQRNHYPDMSTREEIAVWTNLTEARVRVWFKNRRAKWR,-2.0079229344908294,0
THFTSQQLQELAEATFQRNHYPDMSTREEIAVWTNLTEARVRVWFKNRRAKWR,-2.5856599783884526,0
THFTSQQLQELEAFQRNHYPDMSTREEIAVWTNLTEARVRVWFKNRRAKWR,-2.9817058359170847,0
THFTSQQLQELEATFAQRNHYPDMSTREEIAVWTNLTEARVRVWFKNRRAKWR,-2.7469280950115293,0
THFTSQQLQELEATFGQRNHYPDMSTREEIAVWTNLTEARVRVWFKNRRAKWR,-3.27704074655206,0
THFTSQQLQELEATFQARNHYPDMSTREEIAVWTNLTEARVRVWFKNRRAKWR,-2.7421236469090444,0
THFTSQQLQELEATFQGRNHYPDMSTREEIAVWTNLTEARVRVWFKNRRAKWR,-2.274212799140719,0
THFTSQQLQELEATFQNHYPDMSTREEIAVWTNLTEARVRVWFKNRRAKWR,-3.3416325687359576,0
THFTSQQLQELEATFQRANHYPDMSTREEIAVWTNLTEARVRVWFKNRRAKWR,-2.3207975542975383,0
THFTSQQLQELEATFQRGNHYPDMSTREEIAVWTNLTEARVRVWFKNRRAKWR,-0.5002495711197148,1
THFTSQQLQELEATFQRHYPDMSTREEIAVWTNLTEARVRVWFKNRRAKWR,-2.4392057946624126,0
THFTSQQLQELEATFQRNGHYPDMSTREEIAVWTNLTEARVRVWFKNRRAKWR,-1.9126075304597925,0
THFTSQQLQELEATFQRNHAYPDMSTREEIAVWTNLTEARVRVWFKNRRAKWR,-2.4992513940369427,0
THFTSQQLQELEATFQRNHGYPDMSTREEIAVWTNLTEARVRVWFKNRRAKWR,-2.1835038060134844,0
THFTSQQLQELEATFQRNHPDMSTREEIAVWTNLTEARVRVWFKNRRAKWR,-3.340773103716221,0
THFTSQQLQELEATFQRNHYAPDMSTREEIAVWTNLTEARVRVWFKNRRAKWR,-2.5295806766553355,0
THFTSQQLQELEATFQRNHYDMSTREEIAVWTNLTEARVRVWFKNRRAKWR,-2.8385584308559664,0
THFTSQQLQELEATFQRNHYGPDMSTREEIAVWTNLTEARVRVWFKNRRAKWR,-2.7720920785740115,0
THFTSQQLQELEATFQRNHYPDAMSTREEIAVWTNLTEARVRVWFKNRRAKWR,-2.8803615780499703,0
THFTSQQLQELEATFQRNHYPDGMSTREEIAVWTNLTEARVRVWFKNRRAKWR,-2.23000137833734,0
THFTSQQLQELEATFQRNHYPDMASTREEIAVWTNLTEARVRVWFKNRRAKWR,-3.078165989702517,0
THFTSQQLQELEATFQRNHYPDMGSTREEIAVWTNLTEARVRVWFKNRRAKWR,-2.004382207025478,0
THFTSQQLQELEATFQRNHYPDMSATREEIAVWTNLTEARVRVWFKNRRAKWR,-2.373172647832142,0
THFTSQQLQELEATFQRNHYPDMSGTREEIAVWTNLTEARVRVWFKNRRAKWR,-2.787592895125515,0
THFTSQQLQELEATFQRNHYPDMSREEIAVWTNLTEARVRVWFKNRRAKWR,-2.698424597921639,0
THFTSQQLQELEATFQRNHYPDMSTAREEIAVWTNLTEARVRVWFKNRRAKWR,-2.468939504745405,0
THFTSQQLQELEATFQRNHYPDMSTEEIAVWTNLTEARVRVWFKNRRAKWR,-2.4093309021867686,0
THFTSQQLQELEATFQRNHYPDMSTGREEIAVWTNLTEARVRVWFKNRRAKWR,-3.17478334589084,0
THFTSQQLQELEATFQRNHYPDMSTREAEIAVWTNLTEARVRVWFKNRRAKWR,-2.651077294741916,0
THFTSQQLQELEATFQRNHYPDMSTREEAIAVWTNLTEARVRVWFKNRRAKWR,-2.581338973212368,0
THFTSQQLQELEATFQRNHYPDMSTREEAVWTNLTEARVRVWFKNRRAKWR,-3.192519556676089,0
THFTSQQLQELEATFQRNHYPDMSTREEIAAVWTNLTEARVRVWFKNRRAKWR,-1.034444871072198,1
THFTSQQLQELEATFQRNHYPDMSTREEIAGVWTNLTEARVRVWFKNRRAKWR,-1.790987198623887,0
THFTSQQLQELEATFQRNHYPDMSTREEIAVAWTNLTEARVRVWFKNRRAKWR,-1.606625046596427,0
THFTSQQLQELEATFQRNHYPDMSTREEIAVGWTNLTEARVRVWFKNRRAKWR,-1.9892590701182669,0
THFTSQQLQELEATFQRNHYPDMSTREEIAVWATNLTEARVRVWFKNRRAKWR,-2.4661607076804506,0
THFTSQQLQELEATFQRNHYPDMSTREEIAVWGTNLTEARVRVWFKNRRAKWR,-2.2631890099014025,0
THFTSQQLQELEATFQRNHYPDMSTREEIAVWNLTEARVRVWFKNRRAKWR,-3.208005640075644,0
THFTSQQLQELEATFQRNHYPDMSTREEIAVWTANLTEARVRVWFKNRRAKWR,-2.7484348277531203,0
THFTSQQLQELEATFQRNHYPDMSTREEIAVWTGNLTEARVRVWFKNRRAKWR,-2.607992875289812,0
THFTSQQLQELEATFQRNHYPDMSTREEIAVWTLTEARVRVWFKNRRAKWR,-2.285198525562169,0
THFTSQQLQELEATFQRNHYPDMSTREEIAVWTNALTEARVRVWFKNRRAKWR,-2.69210087123581,0
THFTSQQLQELEATFQRNHYPDMSTREEIAVWTNGLTEARVRVWFKNRRAKWR,-2.2459546057280764,0
THFTSQQLQELEATFQRNHYPDMSTREEIAVWTNLATEARVRVWFKNRRAKWR,-2.80066467103094,0
THFTSQQLQELEATFQRNHYPDMSTREEIAVWTNLEARVRVWFKNRRAKWR,-2.4965347401284665,0
THFTSQQLQELEATFQRNHYPDMSTREEIAVWTNLGTEARVRVWFKNRRAKWR,-2.173906432426551,0
THFTSQQLQELEATFQRNHYPDMSTREEIAVWTNLTARVRVWFKNRRAKWR,-2.1310589072211044,0
THFTSQQLQELEATFQRNHYPDMSTREEIAVWTNLTEAARVRVWFKNRRAKWR,-2.6897050865631624,0
THFTSQQLQELEATFQRNHYPDMSTREEIAVWTNLTEARAVRVWFKNRRAKWR,-3.341099070672593,0
THFTSQQLQELEATFQRNHYPDMSTREEIAVWTNLTEARVRVWFAKNRRAKWR,-2.47318565617368,0
THFTSQQLQELEATFQRNHYPDMSTREEIAVWTNLTEARVRVWFGKNRRAKWR,-2.4081679413387045,0
THFTSQQLQELEATFQRNHYPDMSTREEIAVWTNLTEARVRVWFKNARRAKWR,-1.64368710769979,0
THFTSQQLQELEATFQRNHYPDMSTREEIAVWTNLTEARVRVWFKNGRRAKWR,-3.198062420571364,0
THFTSQQLQELEATFQRNHYPDMSTREEIAVWTNLTEARVRVWFKNRAKWR,-2.015025812422235,0
THFTSQQLQELEATFQRNHYPDMSTREEIAVWTNLTEARVRVWFKNRARAKWR,-2.2155565728175546,0
THFTSQQLQELEATFQRNHYPDMSTREEIAVWTNLTEARVRVWFKNRRAAKWR,-0.9321467777398869,1
THFTSQQLQELEATFQRNHYPDMSTREEIAVWTNLTEARVRVWFKNRRAGKWR,-1.0856995590254748,1
THFTSQQLQELEATFQRNHYPDMSTREEIAVWTNLTEARVRVWFKNRRAKAWR,-0.6777295252179854,1
THFTSQQLQELEATFQRNHYPDMSTREEIAVWTNLTEARVRVWFKNRRAKGWR,-0.9539991433980636,1
THFTSQQLQELEATFQRNHYPDMSTREEIAVWTNLTEARVRVWFKNRRAKR,-1.04493171441217,1
THFTSQQLQELEATFQRNHYPDMSTREEIAVWTNLTEARVRVWFKNRRAKW,-0.5711067856882968,1
THFTSQQLQELEATFQRNHYPDMSTREEIAVWTNLTEARVRVWFKNRRAKWAR,-0.4017185947719979,1
THFTSQQLQELEATFQRNHYPDMSTREEIAVWTNLTEARVRVWFKNRRAKWGR,-0.8378540795612979,1
THFTSQQLQELEATFQRNHYPDMSTREEIAVWTNLTEARVRVWFKNRRAWR,-1.120081186348163,1
THFTSQQLQELEATFQRNHYPDMSTREEIAVWTNLTEARVRVWFKNRRGAKWR,-1.3107395960400956,0
THFTSQQLQELEATFQRNHYPDMSTREEIAVWTNLTEARVRVWFKNRRKWR,-0.9927935880911154,1
THFTSQQLQELEATFQRNHYPDMSTREEIAVWTNLTEARVRVWFKRRAKWR,-2.1234277341813206,0
THFTSQQLQELEATFQRNHYPDMSTREEIAVWTNLTEARVRVWFNRRAKWR,-2.175903069740967,0
THFTSQQLQELEATFQRNHYPDMSTREEIAVWTNLTEARVVWFKNRRAKWR,-3.097856882117914,0
THFTSQQLQELEATFQRNHYPDMSTREEIAVWTNLTEAVRVWFKNRRAKWR,-1.939117248293156,0
THFTSQQLQELEATFQRNHYPDMSTREEIAVWTNLTERVRVWFKNRRAKWR,-2.4963111513261955,0
THFTSQQLQELEATFQRNHYPDMSTREEIAVWTNLTGEARVRVWFKNRRAKWR,-2.892453814933281,0
THFTSQQLQELEATFQRNHYPDMSTREEIAWTNLTEARVRVWFKNRRAKWR,-2.616083159718797,0
THFTSQQLQELEATFQRNHYPDMSTREEIGAVWTNLTEARVRVWFKNRRAKWR,-3.031140903074054,0
THFTSQQLQELEATFQRNHYPDMSTREEIVWTNLTEARVRVWFKNRRAKWR,-2.138179749428254,0
THFTSQQLQELEATFQRNHYPDMSTREGEIAVWTNLTEARVRVWFKNRRAKWR,-2.761187809870684,0
THFTSQQLQELEATFQRNHYPDMSTREIAVWTNLTEARVRVWFKNRRAKWR,-2.4660002299884005,0
THFTSQQLQELEATFQRNHYPDMSTRGEEIAVWTNLTEARVRVWFKNRRAKWR,-3.3517601054032578,0
THFTSQQLQELEATFQRNHYPDMTREEIAVWTNLTEARVRVWFKNRRAKWR,-1.9358757050589368,0
THFTSQQLQELEATFQRNHYPDSTREEIAVWTNLTEARVRVWFKNRRAKWR,-3.0729203519442105,0
THFTSQQLQELEATFQRNHYPGDMSTREEIAVWTNLTEARVRVWFKNRRAKWR,-2.56593202526469,0
THFTSQQLQELEATFQRNHYPMSTREEIAVWTNLTEARVRVWFKNRRAKWR,-2.923836266890093,0
THFTSQQLQELEATFQRNYPDMSTREEIAVWTNLTEARVRVWFKNRRAKWR,-2.946947917544953,0
THFTSQQLQELEATFRNHYPDMSTREEIAVWTNLTEARVRVWFKNRRAKWR,-2.8472103261607336,0
THFTSQQLQELEATQRNHYPDMSTREEIAVWTNLTEARVRVWFKNRRAKWR,-2.8579832503354723,0
THFTSQQLQELETFQRNHYPDMSTREEIAVWTNLTEARVRVWFKNRRAKWR,-2.867459094169283,0
THFTSQQLQELGEATFQRNHYPDMSTREEIAVWTNLTEARVRVWFKNRRAKWR,-2.818312561024193,0
THFTSQQLQGELEATFQRNHYPDMSTREEIAVWTNLTEARVRVWFKNRRAKWR,-1.935128316433068,0
THFTSQQLQLEATFQRNHYPDMSTREEIAVWTNLTEARVRVWFKNRRAKWR,-1.6513078623891335,0
THFTSQQQELEATFQRNHYPDMSTREEIAVWTNLTEARVRVWFKNRRAKWR,-2.231374319817708,0
THGFTSQQLQELEATFQRNHYPDMSTREEIAVWTNLTEARVRVWFKNRRAKWR,0.1730427871965991,1
THTSQQLQELEATFQRNHYPDMSTREEIAVWTNLTEARVRVWFKNRRAKWR,-1.8587922995865211,0
