mutated_sequence,DMS_score,DMS_score_bin
AALRDDEYDEWQDIIRDWRKEMTVQQFLDLKERALSGASDPDSQRYNAWLELRA,0.1089850693910765,1
AGLRDDEYDEWQDIIRDWRKEMTVQQFLDLKERALSGASDPDSQRYNAWLELRA,0.1467383195343137,1
ALARDDEYDEWQDIIRDWRKEMTVQQFLDLKERALSGASDPDSQRYNAWLELRA,-0.842754581742537,1
ALDDEYDEWQDIIRDWRKEMTVQQFLDLKERALSGASDPDSQRYNAWLELRA,-0.9704278114962994,1
ALGRDDEYDEWQDIIRDWRKEMTVQQFLDLKERALSGASDPDSQRYNAWLELRA,-1.0409239337758192,1
ALRADDEYDEWQDIIRDWRKEMTVQQFLDLKERALSGASDPDSQRYNAWLELRA,-1.0202995780746416,1
ALRDADEYDEWQDIIRDWRKEMTVQQFLDLKERALSGASDPDSQRYNAWLELRA,-0.3613029957978204,1
ALRDDAEYDEWQDIIRDWRKEMTVQQFLDLKERALSGASDPDSQRYNAWLELRA,-0.1720774873859705,1
ALRDDEAYDEWQDIIRDWRKEMTVQQFLDLKERALSGASDPDSQRYNAWLELRA,-1.0757672671776888,1
ALRDDEDEWQDIIRDWRKEMTVQQFLDLKERALSGASDPDSQRYNAWLELRA,-1.8066997421882576,0
ALRDDEGYDEWQDIIRDWRKEMTVQQFLDLKERALSGASDPDSQRYNAWLELRA,-1.4651859670475331,1
ALRDDEYADEWQDIIRDWRKEMTVQQFLDLKERALSGASDPDSQRYNAWLELRA,-1.7867846214399417,0
ALRDDEYDAEWQDIIRDWRKEMTVQQFLDLKERALSGASDPDSQRYNAWLELRA,-1.709810340035805,0
ALRDDEYDEAWQDIIRDWRKEMTVQQFLDLKERALSGASDPDSQRYNAWLELRA,-2.64667034957904,0
ALRDDEYDEGWQDIIRDWRKEMTVQQFLDLKERALSGASDPDSQRYNAWLELRA,-2.8512719800379798,0
ALRDDEYDEQDIIRDWRKEMTVQQFLDLKERALSGASDPDSQRYNAWLELRA,-3.281482523074565,0
ALRDDEYDEWAQDIIRDWRKEMTVQQFLDLKERALSGASDPDSQRYNAWLELRA,-2.9037107628507024,0
ALRDDEYDEWDIIRDWRKEMTVQQFLDLKERALSGASDPDSQRYNAWLELRA,-2.6653185918243363,0
ALRDDEYDEWGQDIIRDWRKEMTVQQFLDLKERALSGASDPDSQRYNAWLELRA,-3.224642598390719,0
ALRDDEYDEWQADIIRDWRKEMTVQQFLDLKERALSGASDPDSQRYNAWLELRA,-2.7155173582439947,0
ALRDDEYDEWQDAIIRDWRKEMTVQQFLDLKERALSGASDPDSQRYNAWLELRA,-2.830213874766596,0
ALRDDEYDEWQDGIIRDWRKEMTVQQFLDLKERALSGASDPDSQRYNAWLELRA,-3.2780302565500063,0
ALRDDEYDEWQDIAIRDWRKEMTVQQFLDLKERALSGASDPDSQRYNAWLELRA,-3.0458054440849227,0
ALRDDEYDEWQDIGIRDWRKEMTVQQFLDLKERALSGASDPDSQRYNAWLELRA,-3.132070695049893,0
ALRDDEYDEWQDIIARDWRKEMTVQQFLDLKERALSGASDPDSQRYNAWLELRA,-2.926453774116846,0
ALRDDEYDEWQDIIDWRKEMTVQQFLDLKERALSGASDPDSQRYNAWLELRA,-2.59725950182702,0
ALRDDEYDEWQDIIGRDWRKEMTVQQFLDLKERALSGASDPDSQRYNAWLELRA,-2.949571084682209,0
ALRDDEYDEWQDIIRADWRKEMTVQQFLDLKERALSGASDPDSQRYNAWLELRA,-2.711775134918258,0
ALRDDEYDEWQDIIRDAWRKEMTVQQFLDLKERALSGASDPDSQRYNAWLELRA,-2.6123691996040885,0
ALRDDEYDEWQDIIRDGWRKEMTVQQFLDLKERALSGASDPDSQRYNAWLELRA,-2.044210907185078,0
ALRDDEYDEWQDIIRDRKEMTVQQFLDLKERALSGASDPDSQRYNAWLELRA,-3.1029334204404035,0
ALRDDEYDEWQDIIRDWARKEMTVQQFLDLKERALSGASDPDSQRYNAWLELRA,-0.352560787674522,1
ALRDDEYDEWQDIIRDWGRKEMTVQQFLDLKERALSGASDPDSQRYNAWLELRA,0.4236932644513898,1
ALRDDEYDEWQDIIRDWKEMTVQQFLDLKERALSGASDPDSQRYNAWLELRA,-0.6446672477914115,1
ALRDDEYDEWQDIIRDWRAKEMTVQQFLDLKERALSGASDPDSQRYNAWLELRA,-0.880268690310023,1
ALRDDEYDEWQDIIRDWREMTVQQFLDLKERALSGASDPDSQRYNAWLELRA,-0.8280661592233933,1
ALRDDEYDEWQDIIRDWRGKEMTVQQFLDLKERALSGASDPDSQRYNAWLELRA,-1.4366859096651163,1
ALRDDEYDEWQDIIRDWRKAEMTVQQFLDLKERALSGASDPDSQRYNAWLELRA,-0.9436872884472992,1
ALRDDEYDEWQDIIRDWRKEAMTVQQFLDLKERALSGASDPDSQRYNAWLELRA,-1.3939377726636568,1
ALRDDEYDEWQDIIRDWRKEGMTVQQFLDLKERALSGASDPDSQRYNAWLELRA,-0.8779435004177198,1
ALRDDEYDEWQDIIRDWRKEMATVQQFLDLKERALSGASDPDSQRYNAWLELRA,-3.286224215483702,0
ALRDDEYDEWQDIIRDWRKEMGTVQQFLDLKERALSGASDPDSQRYNAWLELRA,-3.1655897801979886,0
ALRDDEYDEWQDIIRDWRKEMTAVQQFLDLKERALSGASDPDSQRYNAWLELRA,-3.507925074835802,0
ALRDDEYDEWQDIIRDWRKEMTGVQQFLDLKERALSGASDPDSQRYNAWLELRA,-3.81865505529343,0
ALRDDEYDEWQDIIRDWRKEMTQQFLDLKERALSGASDPDSQRYNAWLELRA,-3.461582664243226,0
ALRDDEYDEWQDIIRDWRKEMTVAQQFLDLKERALSGASDPDSQRYNAWLELRA,-3.7373346981354114,0
ALRDDEYDEWQDIIRDWRKEMTVGQQFLDLKERALSGASDPDSQRYNAWLELRA,-4.047501169990102,0
ALRDDEYDEWQDIIRDWRKEMTVQAQFLDLKERALSGASDPDSQRYNAWLELRA,-3.90676482372075,0
ALRDDEYDEWQDIIRDWRKEMTVQFLDLKERALSGASDPDSQRYNAWLELRA,-3.66267985543307,0
ALRDDEYDEWQDIIRDWRKEMTVQGQFLDLKERALSGASDPDSQRYNAWLELRA,-3.6803354088380624,0
ALRDDEYDEWQDIIRDWRKEMTVQQAFLDLKERALSGASDPDSQRYNAWLELRA,-3.782142773727693,0
ALRDDEYDEWQDIIRDWRKEMTVQQFALDLKERALSGASDPDSQRYNAWLELRA,-4.063382686231575,0
ALRDDEYDEWQDIIRDWRKEMTVQQFLADLKERALSGASDPDSQRYNAWLELRA,-3.1952061809634213,0
ALRDDEYDEWQDIIRDWRKEMTVQQFLDALKERALSGASDPDSQRYNAWLELRA,-2.868364689683317,0
ALRDDEYDEWQDIIRDWRKEMTVQQFLDGLKERALSGASDPDSQRYNAWLELRA,-3.2947905284678853,0
ALRDDEYDEWQDIIRDWRKEMTVQQFLDKERALSGASDPDSQRYNAWLELRA,-3.1447129717192728,0
ALRDDEYDEWQDIIRDWRKEMTVQQFLDLAKERALSGASDPDSQRYNAWLELRA,-3.2390380421586045,0
ALRDDEYDEWQDIIRDWRKEMTVQQFLDLERALSGASDPDSQRYNAWLELRA,-2.960325580964548,0
ALRDDEYDEWQDIIRDWRKEMTVQQFLDLGKERALSGASDPDSQRYNAWLELRA,-3.600595408037071,0
ALRDDEYDEWQDIIRDWRKEMTVQQFLDLKAERALSGASDPDSQRYNAWLELRA,-3.363150300072098,0
ALRDDEYDEWQDIIRDWRKEMTVQQFLDLKEALSGASDPDSQRYNAWLELRA,-2.99560727321884,0
ALRDDEYDEWQDIIRDWRKEMTVQQFLDLKEARALSGASDPDSQRYNAWLELRA,-3.0948187325524983,0
ALRDDEYDEWQDIIRDWRKEMTVQQFLDLKEGRALSGASDPDSQRYNAWLELRA,-3.285616733680748,0
ALRDDEYDEWQDIIRDWRKEMTVQQFLDLKERAALSGASDPDSQRYNAWLELRA,-1.576306848760472,1
ALRDDEYDEWQDIIRDWRKEMTVQQFLDLKERAGLSGASDPDSQRYNAWLELRA,-1.8283091118604675,0
ALRDDEYDEWQDIIRDWRKEMTVQQFLDLKERALASGASDPDSQRYNAWLELRA,-1.6556363562406875,1
ALRDDEYDEWQDIIRDWRKEMTVQQFLDLKERALGASDPDSQRYNAWLELRA,-2.25507477221714,0
ALRDDEYDEWQDIIRDWRKEMTVQQFLDLKERALGSGASDPDSQRYNAWLELRA,-1.4898795093933623,1
ALRDDEYDEWQDIIRDWRKEMTVQQFLDLKERALSAGASDPDSQRYNAWLELRA,-1.2527517321929325,1
ALRDDEYDEWQDIIRDWRKEMTVQQFLDLKERALSASDPDSQRYNAWLELRA,-1.7343884255753537,0
ALRDDEYDEWQDIIRDWRKEMTVQQFLDLKERALSGAASDPDSQRYNAWLELRA,-1.1893752529050687,1
ALRDDEYDEWQDIIRDWRKEMTVQQFLDLKERALSGADPDSQRYNAWLELRA,-1.8520968272035487,0
ALRDDEYDEWQDIIRDWRKEMTVQQFLDLKERALSGAGSDPDSQRYNAWLELRA,-1.3320150046589752,1
ALRDDEYDEWQDIIRDWRKEMTVQQFLDLKERALSGASADPDSQRYNAWLELRA,-1.5187851554625125,1
ALRDDEYDEWQDIIRDWRKEMTVQQFLDLKERALSGASDAPDSQRYNAWLELRA,-2.329353128570147,0
ALRDDEYDEWQDIIRDWRKEMTVQQFLDLKERALSGASDDSQRYNAWLELRA,-2.8164904299762394,0
ALRDDEYDEWQDIIRDWRKEMTVQQFLDLKERALSGASDGPDSQRYNAWLELRA,-2.4489169028536866,0
ALRDDEYDEWQDIIRDWRKEMTVQQFLDLKERALSGASDPADSQRYNAWLELRA,-3.076761238491418,0
ALRDDEYDEWQDIIRDWRKEMTVQQFLDLKERALSGASDPDASQRYNAWLELRA,-2.885317469784746,0
ALRDDEYDEWQDIIRDWRKEMTVQQFLDLKERALSGASDPDGSQRYNAWLELRA,-3.2629762073039346,0
ALRDDEYDEWQDIIRDWRKEMTVQQFLDLKERALSGASDPDQRYNAWLELRA,-3.105089364091734,0
ALRDDEYDEWQDIIRDWRKEMTVQQFLDLKERALSGASDPDSAQRYNAWLELRA,-3.1615995872790554,0
ALRDDEYDEWQDIIRDWRKEMTVQQFLDLKERALSGASDPDSGQRYNAWLELRA,-3.4740996739856618,0
ALRDDEYDEWQDIIRDWRKEMTVQQFLDLKERALSGASDPDSQARYNAWLELRA,-2.954354887957161,0
ALRDDEYDEWQDIIRDWRKEMTVQQFLDLKERALSGASDPDSQGRYNAWLELRA,-3.3110112219646965,0
ALRDDEYDEWQDIIRDWRKEMTVQQFLDLKERALSGASDPDSQRAYNAWLELRA,-2.7116230985244623,0
ALRDDEYDEWQDIIRDWRKEMTVQQFLDLKERALSGASDPDSQRGYNAWLELRA,-3.361297468331392,0
ALRDDEYDEWQDIIRDWRKEMTVQQFLDLKERALSGASDPDSQRNAWLELRA,-3.4493178557002078,0
ALRDDEYDEWQDIIRDWRKEMTVQQFLDLKERALSGASDPDSQRYANAWLELRA,-3.0395967138088253,0
ALRDDEYDEWQDIIRDWRKEMTVQQFLDLKERALSGASDPDSQRYAWLELRA,-3.126172704758095,0
ALRDDEYDEWQDIIRDWRKEMTVQQFLDLKERALSGASDPDSQRYGNAWLELRA,-3.4735590953360846,0
ALRDDEYDEWQDIIRDWRKEMTVQQFLDLKERALSGASDPDSQRYNAAWLELRA,-3.0672449064754534,0
ALRDDEYDEWQDIIRDWRKEMTVQQFLDLKERALSGASDPDSQRYNAGWLELRA,-3.68333256968561,0
ALRDDEYDEWQDIIRDWRKEMTVQQFLDLKERALSGASDPDSQRYNALELRA,-3.618801136843391,0
ALRDDEYDEWQDIIRDWRKEMTVQQFLDLKERALSGASDPDSQRYNAWALELRA,-1.8521374096189565,0
ALRDDEYDEWQDIIRDWRKEMTVQQFLDLKERALSGASDPDSQRYNAWELRA,-3.2127263114567555,0
ALRDDEYDEWQDIIRDWRKEMTVQQFLDLKERALSGASDPDSQRYNAWGLELRA,-3.389647051039608,0
ALRDDEYDEWQDIIRDWRKEMTVQQFLDLKERALSGASDPDSQRYNAWLAELRA,-1.4364328915201336,1
ALRDDEYDEWQDIIRDWRKEMTVQQFLDLKERALSGASDPDSQRYNAWLEALRA,-1.3324161251265974,1
ALRDDEYDEWQDIIRDWRKEMTVQQFLDLKERALSGASDPDSQRYNAWLEGLRA,-1.5066579395693211,1
ALRDDEYDEWQDIIRDWRKEMTVQQFLDLKERALSGASDPDSQRYNAWLELA,-1.9467428683483776,0
ALRDDEYDEWQDIIRDWRKEMTVQQFLDLKERALSGASDPDSQRYNAWLELARA,-1.6252041053577635,1
ALRDDEYDEWQDIIRDWRKEMTVQQFLDLKERALSGASDPDSQRYNAWLELGRA,-1.7283401662935307,0
ALRDDEYDEWQDIIRDWRKEMTVQQFLDLKERALSGASDPDSQRYNAWLELR,-0.0365211658568012,1
ALRDDEYDEWQDIIRDWRKEMTVQQFLDLKERALSGASDPDSQRYNAWLELRAA,0.1249308830247768,1
ALRDDEYDEWQDIIRDWRKEMTVQQFLDLKERALSGASDPDSQRYNAWLELRGA,-0.1481350174336282,1
ALRDDEYDEWQDIIRDWRKEMTVQQFLDLKERALSGASDPDSQRYNAWLERA,-1.523641383715319,1
ALRDDEYDEWQDIIRDWRKEMTVQQFLDLKERALSGASDPDSQRYNAWLGELRA,-1.9011277396311792,0
ALRDDEYDEWQDIIRDWRKEMTVQQFLDLKERALSGASDPDSQRYNAWLLRA,-1.6104079212363285,1
ALRDDEYDEWQDIIRDWRKEMTVQQFLDLKERALSGASDPDSQRYNGAWLELRA,-3.4427030005917927,0
ALRDDEYDEWQDIIRDWRKEMTVQQFLDLKERALSGASDPDSQRYNWLELRA,-3.492319644049388,0
ALRDDEYDEWQDIIRDWRKEMTVQQFLDLKERALSGASDPDSQYNAWLELRA,-3.0967895371411864,0
ALRDDEYDEWQDIIRDWRKEMTVQQFLDLKERALSGASDPDSRYNAWLELRA,-3.089001183662784,0
ALRDDEYDEWQDIIRDWRKEMTVQQFLDLKERALSGASDPGDSQRYNAWLELRA,-3.1115658211619297,0
ALRDDEYDEWQDIIRDWRKEMTVQQFLDLKERALSGASDPSQRYNAWLELRA,-3.294058974703278,0
ALRDDEYDEWQDIIRDWRKEMTVQQFLDLKERALSGASGDPDSQRYNAWLELRA,-1.4778715186783842,1
ALRDDEYDEWQDIIRDWRKEMTVQQFLDLKERALSGASPDSQRYNAWLELRA,-2.7709150015132824,0
ALRDDEYDEWQDIIRDWRKEMTVQQFLDLKERALSGGASDPDSQRYNAWLELRA,-1.163670415843436,1
ALRDDEYDEWQDIIRDWRKEMTVQQFLDLKERALSGSDPDSQRYNAWLELRA,-1.5240803172473454,1
ALRDDEYDEWQDIIRDWRKEMTVQQFLDLKERASGASDPDSQRYNAWLELRA,-2.1262227727208334,0
ALRDDEYDEWQDIIRDWRKEMTVQQFLDLKERGALSGASDPDSQRYNAWLELRA,-3.0647994255885327,0
ALRDDEYDEWQDIIRDWRKEMTVQQFLDLKERLSGASDPDSQRYNAWLELRA,-3.008611551954362,0
ALRDDEYDEWQDIIRDWRKEMTVQQFLDLKGERALSGASDPDSQRYNAWLELRA,-3.5255520280084465,0
ALRDDEYDEWQDIIRDWRKEMTVQQFLDLKRALSGASDPDSQRYNAWLELRA,-2.733661833020715,0
ALRDDEYDEWQDIIRDWRKEMTVQQFLGDLKERALSGASDPDSQRYNAWLELRA,-3.514022650330508,0
ALRDDEYDEWQDIIRDWRKEMTVQQFLLKERALSGASDPDSQRYNAWLELRA,-4.773987925017448,0
ALRDDEYDEWQDIIRDWRKEMTVQQGFLDLKERALSGASDPDSQRYNAWLELRA,-3.691725340256436,0
ALRDDEYDEWQDIIRDWRKEMTVQQLDLKERALSGASDPDSQRYNAWLELRA,-3.91902427104198,0
ALRDDEYDEWQDIIRDWRKEMVQQFLDLKERALSGASDPDSQRYNAWLELRA,-3.2544057257298338,0
ALRDDEYDEWQDIIRDWRKETVQQFLDLKERALSGASDPDSQRYNAWLELRA,-3.3030094991827674,0
ALRDDEYDEWQDIIRDWRKGEMTVQQFLDLKERALSGASDPDSQRYNAWLELRA,-1.284675204453584,1
ALRDDEYDEWQDIIRDWRKMTVQQFLDLKERALSGASDPDSQRYNAWLELRA,-0.9905709167934892,1
ALRDDEYDEWQDIIRGDWRKEMTVQQFLDLKERALSGASDPDSQRYNAWLELRA,-2.7171066298700004,0
ALRDDEYDEWQDIIRWRKEMTVQQFLDLKERALSGASDPDSQRYNAWLELRA,-2.129284659010929,0
ALRDDEYDEWQDIRDWRKEMTVQQFLDLKERALSGASDPDSQRYNAWLELRA,-2.6553898960288858,0
ALRDDEYDEWQGDIIRDWRKEMTVQQFLDLKERALSGASDPDSQRYNAWLELRA,-3.0837599841807126,0
ALRDDEYDEWQIIRDWRKEMTVQQFLDLKERALSGASDPDSQRYNAWLELRA,-2.33940213395282,0
ALRDDEYDGEWQDIIRDWRKEMTVQQFLDLKERALSGASDPDSQRYNAWLELRA,-2.022352849102635,0
ALRDDEYDWQDIIRDWRKEMTVQQFLDLKERALSGASDPDSQRYNAWLELRA,-2.423546966553173,0
ALRDDEYEWQDIIRDWRKEMTVQQFLDLKERALSGASDPDSQRYNAWLELRA,-1.890213196166198,0
ALRDDEYGDEWQDIIRDWRKEMTVQQFLDLKERALSGASDPDSQRYNAWLELRA,-1.970588623315082,0
ALRDDGEYDEWQDIIRDWRKEMTVQQFLDLKERALSGASDPDSQRYNAWLELRA,-0.7607750041108234,1
ALRDDYDEWQDIIRDWRKEMTVQQFLDLKERALSGASDPDSQRYNAWLELRA,-0.9135302401318866,1
ALRDEYDEWQDIIRDWRKEMTVQQFLDLKERALSGASDPDSQRYNAWLELRA,-1.0793839602574993,1
ALRDGDEYDEWQDIIRDWRKEMTVQQFLDLKERALSGASDPDSQRYNAWLELRA,-0.4247347830196863,1
ALRGDDEYDEWQDIIRDWRKEMTVQQFLDLKERALSGASDPDSQRYNAWLELRA,-0.5578777245082622,1
ARDDEYDEWQDIIRDWRKEMTVQQFLDLKERALSGASDPDSQRYNAWLELRA,-1.0690274262953254,1
GALRDDEYDEWQDIIRDWRKEMTVQQFLDLKERALSGASDPDSQRYNAWLELRA,0.0471429475544336,1
LRDDEYDEWQDIIRDWRKEMTVQQFLDLKERALSGASDPDSQRYNAWLELRA,0.0454747593071247,1
