mutated_sequence,DMS_score,DMS_score_bin
APWSAKENKAFERALAVYDKDTPDRWANVARAVEGRTPEEVKKHYEILVEDIKYI,0.3228020083282303,1
GPWSAKENKAFERALAVYDKDTPDRWANVARAVEGRTPEEVKKHYEILVEDIKYI,0.1432277060503064,1
PAWSAKENKAFERALAVYDKDTPDRWANVARAVEGRTPEEVKKHYEILVEDIKYI,-0.1617685513334876,1
PGWSAKENKAFERALAVYDKDTPDRWANVARAVEGRTPEEVKKHYEILVEDIKYI,-0.4526303731499113,0
PWASAKENKAFERALAVYDKDTPDRWANVARAVEGRTPEEVKKHYEILVEDIKYI,-1.010392863891276,0
PWGSAKENKAFERALAVYDKDTPDRWANVARAVEGRTPEEVKKHYEILVEDIKYI,-0.961126681683388,0
PWSAAKENKAFERALAVYDKDTPDRWANVARAVEGRTPEEVKKHYEILVEDIKYI,-1.4225831352165454,0
PWSAENKAFERALAVYDKDTPDRWANVARAVEGRTPEEVKKHYEILVEDIKYI,-1.5782369380237498,0
PWSAGKENKAFERALAVYDKDTPDRWANVARAVEGRTPEEVKKHYEILVEDIKYI,-0.9912124478546404,0
PWSAKAENKAFERALAVYDKDTPDRWANVARAVEGRTPEEVKKHYEILVEDIKYI,-2.0780867707202555,0
PWSAKENAKAFERALAVYDKDTPDRWANVARAVEGRTPEEVKKHYEILVEDIKYI,-1.561525485140694,0
PWSAKENGKAFERALAVYDKDTPDRWANVARAVEGRTPEEVKKHYEILVEDIKYI,-1.8912055652020965,0
PWSAKENKAAFERALAVYDKDTPDRWANVARAVEGRTPEEVKKHYEILVEDIKYI,-2.144777662597521,0
PWSAKENKAFAERALAVYDKDTPDRWANVARAVEGRTPEEVKKHYEILVEDIKYI,-2.0047244170706247,0
PWSAKENKAFEARALAVYDKDTPDRWANVARAVEGRTPEEVKKHYEILVEDIKYI,-1.5280879592748018,0
PWSAKENKAFERAALAVYDKDTPDRWANVARAVEGRTPEEVKKHYEILVEDIKYI,-1.8644979770676728,0
PWSAKENKAFERAGLAVYDKDTPDRWANVARAVEGRTPEEVKKHYEILVEDIKYI,-1.8508505486574305,0
PWSAKENKAFERALAAVYDKDTPDRWANVARAVEGRTPEEVKKHYEILVEDIKYI,-1.5731660920010175,0
PWSAKENKAFERALAGVYDKDTPDRWANVARAVEGRTPEEVKKHYEILVEDIKYI,-1.8951150948416668,0
PWSAKENKAFERALAVAYDKDTPDRWANVARAVEGRTPEEVKKHYEILVEDIKYI,-1.7369010767830448,0
PWSAKENKAFERALAVGYDKDTPDRWANVARAVEGRTPEEVKKHYEILVEDIKYI,-2.041565125222869,0
PWSAKENKAFERALAVYADKDTPDRWANVARAVEGRTPEEVKKHYEILVEDIKYI,-1.0164806346752848,0
PWSAKENKAFERALAVYDAKDTPDRWANVARAVEGRTPEEVKKHYEILVEDIKYI,-1.5785457277870012,0
PWSAKENKAFERALAVYDDTPDRWANVARAVEGRTPEEVKKHYEILVEDIKYI,-1.532638506883063,0
PWSAKENKAFERALAVYDGKDTPDRWANVARAVEGRTPEEVKKHYEILVEDIKYI,-1.3902875824073857,0
PWSAKENKAFERALAVYDKADTPDRWANVARAVEGRTPEEVKKHYEILVEDIKYI,-1.6624581068490412,0
PWSAKENKAFERALAVYDKDATPDRWANVARAVEGRTPEEVKKHYEILVEDIKYI,-1.9848505421657443,0
PWSAKENKAFERALAVYDKDGTPDRWANVARAVEGRTPEEVKKHYEILVEDIKYI,-1.2615326056790537,0
PWSAKENKAFERALAVYDKDPDRWANVARAVEGRTPEEVKKHYEILVEDIKYI,-1.2924885978501262,0
PWSAKENKAFERALAVYDKDTAPDRWANVARAVEGRTPEEVKKHYEILVEDIKYI,-1.395049765564841,0
PWSAKENKAFERALAVYDKDTGPDRWANVARAVEGRTPEEVKKHYEILVEDIKYI,-0.8948342228275894,0
PWSAKENKAFERALAVYDKDTPADRWANVARAVEGRTPEEVKKHYEILVEDIKYI,-1.691012751898524,0
PWSAKENKAFERALAVYDKDTPDARWANVARAVEGRTPEEVKKHYEILVEDIKYI,-1.4532283949822775,0
PWSAKENKAFERALAVYDKDTPDGRWANVARAVEGRTPEEVKKHYEILVEDIKYI,-1.8607456058521143,0
PWSAKENKAFERALAVYDKDTPDRWAANVARAVEGRTPEEVKKHYEILVEDIKYI,-1.9448723025689885,0
PWSAKENKAFERALAVYDKDTPDRWAGNVARAVEGRTPEEVKKHYEILVEDIKYI,-2.149681500654785,0
PWSAKENKAFERALAVYDKDTPDRWANAVARAVEGRTPEEVKKHYEILVEDIKYI,-1.693367467797152,0
PWSAKENKAFERALAVYDKDTPDRWANGVARAVEGRTPEEVKKHYEILVEDIKYI,-1.6346247263056397,0
PWSAKENKAFERALAVYDKDTPDRWANVAARAVEGRTPEEVKKHYEILVEDIKYI,-2.0609799184617104,0
PWSAKENKAFERALAVYDKDTPDRWANVARAAVEGRTPEEVKKHYEILVEDIKYI,-2.1310561775538783,0
PWSAKENKAFERALAVYDKDTPDRWANVARAVAEGRTPEEVKKHYEILVEDIKYI,-0.9734245463590164,0
PWSAKENKAFERALAVYDKDTPDRWANVARAVEAGRTPEEVKKHYEILVEDIKYI,-1.4461834106310634,0
PWSAKENKAFERALAVYDKDTPDRWANVARAVEGARTPEEVKKHYEILVEDIKYI,-1.4486642816402011,0
PWSAKENKAFERALAVYDKDTPDRWANVARAVEGGRTPEEVKKHYEILVEDIKYI,-0.5876001027683408,0
PWSAKENKAFERALAVYDKDTPDRWANVARAVEGRATPEEVKKHYEILVEDIKYI,-1.8640247552599096,0
PWSAKENKAFERALAVYDKDTPDRWANVARAVEGRTGPEEVKKHYEILVEDIKYI,-2.0248837501116776,0
PWSAKENKAFERALAVYDKDTPDRWANVARAVEGRTPEEVAKKHYEILVEDIKYI,-1.0505602656701205,0
PWSAKENKAFERALAVYDKDTPDRWANVARAVEGRTPEEVKAKHYEILVEDIKYI,-0.7138035087006365,0
PWSAKENKAFERALAVYDKDTPDRWANVARAVEGRTPEEVKGKHYEILVEDIKYI,-1.727117349936919,0
PWSAKENKAFERALAVYDKDTPDRWANVARAVEGRTPEEVKKHAYEILVEDIKYI,-0.3789797791266909,1
PWSAKENKAFERALAVYDKDTPDRWANVARAVEGRTPEEVKKHGYEILVEDIKYI,-1.6499322858406051,0
PWSAKENKAFERALAVYDKDTPDRWANVARAVEGRTPEEVKKHYAEILVEDIKYI,0.0192446899551022,1
PWSAKENKAFERALAVYDKDTPDRWANVARAVEGRTPEEVKKHYEAILVEDIKYI,0.209869291659001,1
PWSAKENKAFERALAVYDKDTPDRWANVARAVEGRTPEEVKKHYEGILVEDIKYI,-0.2716260882701912,1
PWSAKENKAFERALAVYDKDTPDRWANVARAVEGRTPEEVKKHYEIALVEDIKYI,-0.3484049728499373,1
PWSAKENKAFERALAVYDKDTPDRWANVARAVEGRTPEEVKKHYEIGLVEDIKYI,-0.2845612135503361,1
PWSAKENKAFERALAVYDKDTPDRWANVARAVEGRTPEEVKKHYEILAVEDIKYI,-0.1276390737405459,1
PWSAKENKAFERALAVYDKDTPDRWANVARAVEGRTPEEVKKHYEILEDIKYI,-0.0881625091676545,1
PWSAKENKAFERALAVYDKDTPDRWANVARAVEGRTPEEVKKHYEILGVEDIKYI,-0.1783546608569803,1
PWSAKENKAFERALAVYDKDTPDRWANVARAVEGRTPEEVKKHYEILVAEDIKYI,0.2915803446019822,1
PWSAKENKAFERALAVYDKDTPDRWANVARAVEGRTPEEVKKHYEILVDIKYI,0.0572050472451368,1
PWSAKENKAFERALAVYDKDTPDRWANVARAVEGRTPEEVKKHYEILVEADIKYI,0.2985896992801873,1
PWSAKENKAFERALAVYDKDTPDRWANVARAVEGRTPEEVKKHYEILVEDAIKYI,0.0480520404711795,1
PWSAKENKAFERALAVYDKDTPDRWANVARAVEGRTPEEVKKHYEILVEDGIKYI,0.0139846028757837,1
PWSAKENKAFERALAVYDKDTPDRWANVARAVEGRTPEEVKKHYEILVEDIAKYI,-0.0421334501246841,1
PWSAKENKAFERALAVYDKDTPDRWANVARAVEGRTPEEVKKHYEILVEDIGKYI,-0.2455339751095844,1
PWSAKENKAFERALAVYDKDTPDRWANVARAVEGRTPEEVKKHYEILVEDIKAYI,-0.2119768026767228,1
PWSAKENKAFERALAVYDKDTPDRWANVARAVEGRTPEEVKKHYEILVEDIKGYI,0.0513553675254043,1
PWSAKENKAFERALAVYDKDTPDRWANVARAVEGRTPEEVKKHYEILVEDIKI,-0.0001164715300103,1
PWSAKENKAFERALAVYDKDTPDRWANVARAVEGRTPEEVKKHYEILVEDIKY,0.0829660994588343,1
PWSAKENKAFERALAVYDKDTPDRWANVARAVEGRTPEEVKKHYEILVEDIKYAI,0.151610641938497,1
PWSAKENKAFERALAVYDKDTPDRWANVARAVEGRTPEEVKKHYEILVEDIKYGI,0.1745216642545122,1
PWSAKENKAFERALAVYDKDTPDRWANVARAVEGRTPEEVKKHYEILVEDIYI,-0.1660516968408496,1
PWSAKENKAFERALAVYDKDTPDRWANVARAVEGRTPEEVKKHYEILVEDKYI,0.0792600429765075,1
PWSAKENKAFERALAVYDKDTPDRWANVARAVEGRTPEEVKKHYEILVEGDIKYI,0.1264289802998404,1
PWSAKENKAFERALAVYDKDTPDRWANVARAVEGRTPEEVKKHYEILVEIKYI,0.4020160478882248,1
PWSAKENKAFERALAVYDKDTPDRWANVARAVEGRTPEEVKKHYEILVGEDIKYI,0.306059489119824,1
PWSAKENKAFERALAVYDKDTPDRWANVARAVEGRTPEEVKKHYEIVEDIKYI,-0.8561433558080087,0
PWSAKENKAFERALAVYDKDTPDRWANVARAVEGRTPEEVKKHYELVEDIKYI,-0.3697946429560494,1
PWSAKENKAFERALAVYDKDTPDRWANVARAVEGRTPEEVKKHYGEILVEDIKYI,-0.5322016381539607,0
PWSAKENKAFERALAVYDKDTPDRWANVARAVEGRTPEEVKKHYILVEDIKYI,-0.9311233933092667,0
PWSAKENKAFERALAVYDKDTPDRWANVARAVERTPEEVKKHYEILVEDIKYI,-0.5777621288820229,0
PWSAKENKAFERALAVYDKDTPDRWANVARAVGEGRTPEEVKKHYEILVEDIKYI,0.5039554337180823,1
PWSAKENKAFERALAVYDKDTPDRWANVARAVGRTPEEVKKHYEILVEDIKYI,0.912096504522891,1
PWSAKENKAFERALAVYDKDTPDRWGANVARAVEGRTPEEVKKHYEILVEDIKYI,-2.064327559927148,0
PWSAKENKAFERALAVYDKDTPGDRWANVARAVEGRTPEEVKKHYEILVEDIKYI,-1.107708380587223,0
PWSAKENKAFERALAVYDKGDTPDRWANVARAVEGRTPEEVKKHYEILVEDIKYI,-1.48253862418188,0
PWSAKENKAFERALAVYDKTPDRWANVARAVEGRTPEEVKKHYEILVEDIKYI,-1.6959324522648744,0
PWSAKENKAFERALAVYGDKDTPDRWANVARAVEGRTPEEVKKHYEILVEDIKYI,-1.0491781994917009,0
PWSAKENKAFERALAVYKDTPDRWANVARAVEGRTPEEVKKHYEILVEDIKYI,-0.7490517195493795,0
PWSAKENKAFERALGAVYDKDTPDRWANVARAVEGRTPEEVKKHYEILVEDIKYI,-1.3552869555412217,0
PWSAKENKAFERGALAVYDKDTPDRWANVARAVEGRTPEEVKKHYEILVEDIKYI,-1.8887101726613205,0
PWSAKENKGAFERALAVYDKDTPDRWANVARAVEGRTPEEVKKHYEILVEDIKYI,-2.065378314966272,0
PWSAKGENKAFERALAVYDKDTPDRWANVARAVEGRTPEEVKKHYEILVEDIKYI,-2.118607348794764,0
PWSGAKENKAFERALAVYDKDTPDRWANVARAVEGRTPEEVKKHYEILVEDIKYI,-1.3787761431207195,0
PWSKENKAFERALAVYDKDTPDRWANVARAVEGRTPEEVKKHYEILVEDIKYI,-1.7195417386347558,0
WSAKENKAFERALAVYDKDTPDRWANVARAVEGRTPEEVKKHYEILVEDIKYI,0.1121812860810147,1
