mutated_sequence,DMS_score,DMS_score_bin
APTLFAAISHKVAENDMLLINADYQQLRDKKMTRAEFVRKLRVIVGDDLLRSTITTLQ,0.0700090765642682,1
GPTLFAAISHKVAENDMLLINADYQQLRDKKMTRAEFVRKLRVIVGDDLLRSTITTLQ,-0.1418658887178274,1
PATLFAAISHKVAENDMLLINADYQQLRDKKMTRAEFVRKLRVIVGDDLLRSTITTLQ,0.3252854400128941,1
PGTLFAAISHKVAENDMLLINADYQQLRDKKMTRAEFVRKLRVIVGDDLLRSTITTLQ,0.3675964409574939,1
PLFAAISHKVAENDMLLINADYQQLRDKKMTRAEFVRKLRVIVGDDLLRSTITTLQ,0.2867105396039924,1
PTALFAAISHKVAENDMLLINADYQQLRDKKMTRAEFVRKLRVIVGDDLLRSTITTLQ,0.5014154635469446,1
PTFAAISHKVAENDMLLINADYQQLRDKKMTRAEFVRKLRVIVGDDLLRSTITTLQ,-0.4161299009781471,0
PTGLFAAISHKVAENDMLLINADYQQLRDKKMTRAEFVRKLRVIVGDDLLRSTITTLQ,0.2196389153303877,1
PTLAAISHKVAENDMLLINADYQQLRDKKMTRAEFVRKLRVIVGDDLLRSTITTLQ,-0.4404834097652246,0
PTLAFAAISHKVAENDMLLINADYQQLRDKKMTRAEFVRKLRVIVGDDLLRSTITTLQ,-0.3949930126314158,0
PTLFAAAISHKVAENDMLLINADYQQLRDKKMTRAEFVRKLRVIVGDDLLRSTITTLQ,-0.36891509259574756,1
PTLFAAGISHKVAENDMLLINADYQQLRDKKMTRAEFVRKLRVIVGDDLLRSTITTLQ,-0.6501812076390866,0
PTLFAAIASHKVAENDMLLINADYQQLRDKKMTRAEFVRKLRVIVGDDLLRSTITTLQ,-0.6985669646935051,0
PTLFAAIGSHKVAENDMLLINADYQQLRDKKMTRAEFVRKLRVIVGDDLLRSTITTLQ,-0.688366542047653,0
PTLFAAIHKVAENDMLLINADYQQLRDKKMTRAEFVRKLRVIVGDDLLRSTITTLQ,-0.6899429352603108,0
PTLFAAISAHKVAENDMLLINADYQQLRDKKMTRAEFVRKLRVIVGDDLLRSTITTLQ,-0.7411959382417203,0
PTLFAAISGHKVAENDMLLINADYQQLRDKKMTRAEFVRKLRVIVGDDLLRSTITTLQ,-0.8254948568993763,0
PTLFAAISHAKVAENDMLLINADYQQLRDKKMTRAEFVRKLRVIVGDDLLRSTITTLQ,-0.6607385515721884,0
PTLFAAISHGKVAENDMLLINADYQQLRDKKMTRAEFVRKLRVIVGDDLLRSTITTLQ,-0.7746052089014253,0
PTLFAAISHKAENDMLLINADYQQLRDKKMTRAEFVRKLRVIVGDDLLRSTITTLQ,-1.561572392154681,0
PTLFAAISHKAVAENDMLLINADYQQLRDKKMTRAEFVRKLRVIVGDDLLRSTITTLQ,-0.9767704865200622,0
PTLFAAISHKGVAENDMLLINADYQQLRDKKMTRAEFVRKLRVIVGDDLLRSTITTLQ,-0.6194089523528779,0
PTLFAAISHKVAAENDMLLINADYQQLRDKKMTRAEFVRKLRVIVGDDLLRSTITTLQ,-1.2396119141432291,0
PTLFAAISHKVAEANDMLLINADYQQLRDKKMTRAEFVRKLRVIVGDDLLRSTITTLQ,-0.948068713994158,0
PTLFAAISHKVAEDMLLINADYQQLRDKKMTRAEFVRKLRVIVGDDLLRSTITTLQ,-1.0291747249790342,0
PTLFAAISHKVAEGNDMLLINADYQQLRDKKMTRAEFVRKLRVIVGDDLLRSTITTLQ,-1.0732461238797368,0
PTLFAAISHKVAENADMLLINADYQQLRDKKMTRAEFVRKLRVIVGDDLLRSTITTLQ,-1.1783733640021503,0
PTLFAAISHKVAENDAMLLINADYQQLRDKKMTRAEFVRKLRVIVGDDLLRSTITTLQ,-0.8565419718143956,0
PTLFAAISHKVAENDGMLLINADYQQLRDKKMTRAEFVRKLRVIVGDDLLRSTITTLQ,-1.160334800799449,0
PTLFAAISHKVAENDLLINADYQQLRDKKMTRAEFVRKLRVIVGDDLLRSTITTLQ,-2.089735168508076,0
PTLFAAISHKVAENDMALLINADYQQLRDKKMTRAEFVRKLRVIVGDDLLRSTITTLQ,-1.146875227251834,0
PTLFAAISHKVAENDMGLLINADYQQLRDKKMTRAEFVRKLRVIVGDDLLRSTITTLQ,-1.676553472718514,0
PTLFAAISHKVAENDMLALINADYQQLRDKKMTRAEFVRKLRVIVGDDLLRSTITTLQ,-0.4570873524016023,0
PTLFAAISHKVAENDMLGLINADYQQLRDKKMTRAEFVRKLRVIVGDDLLRSTITTLQ,-1.0344906054842256,0
PTLFAAISHKVAENDMLINADYQQLRDKKMTRAEFVRKLRVIVGDDLLRSTITTLQ,-1.9160277705519209,0
PTLFAAISHKVAENDMLLAINADYQQLRDKKMTRAEFVRKLRVIVGDDLLRSTITTLQ,-0.6917153986512099,0
PTLFAAISHKVAENDMLLGINADYQQLRDKKMTRAEFVRKLRVIVGDDLLRSTITTLQ,-1.1122920821225175,0
PTLFAAISHKVAENDMLLIADYQQLRDKKMTRAEFVRKLRVIVGDDLLRSTITTLQ,-1.5090825390089608,0
PTLFAAISHKVAENDMLLIANADYQQLRDKKMTRAEFVRKLRVIVGDDLLRSTITTLQ,-0.9769769485221604,0
PTLFAAISHKVAENDMLLIGNADYQQLRDKKMTRAEFVRKLRVIVGDDLLRSTITTLQ,-1.5479474707837242,0
PTLFAAISHKVAENDMLLINAADYQQLRDKKMTRAEFVRKLRVIVGDDLLRSTITTLQ,-1.357641065733964,0
PTLFAAISHKVAENDMLLINADAYQQLRDKKMTRAEFVRKLRVIVGDDLLRSTITTLQ,-1.0938337240779543,0
PTLFAAISHKVAENDMLLINADYAQQLRDKKMTRAEFVRKLRVIVGDDLLRSTITTLQ,-1.8643881889114728,0
PTLFAAISHKVAENDMLLINADYQAQLRDKKMTRAEFVRKLRVIVGDDLLRSTITTLQ,-1.4700147688941714,0
PTLFAAISHKVAENDMLLINADYQGQLRDKKMTRAEFVRKLRVIVGDDLLRSTITTLQ,-1.8833943875144743,0
PTLFAAISHKVAENDMLLINADYQQALRDKKMTRAEFVRKLRVIVGDDLLRSTITTLQ,-1.9170669895248775,0
PTLFAAISHKVAENDMLLINADYQQGLRDKKMTRAEFVRKLRVIVGDDLLRSTITTLQ,-1.642965048624426,0
PTLFAAISHKVAENDMLLINADYQQLRADKKMTRAEFVRKLRVIVGDDLLRSTITTLQ,-1.326297568227618,0
PTLFAAISHKVAENDMLLINADYQQLRDAKKMTRAEFVRKLRVIVGDDLLRSTITTLQ,-1.5110725158445804,0
PTLFAAISHKVAENDMLLINADYQQLRDGKKMTRAEFVRKLRVIVGDDLLRSTITTLQ,-1.732190916467315,0
PTLFAAISHKVAENDMLLINADYQQLRDKGKMTRAEFVRKLRVIVGDDLLRSTITTLQ,-1.3740035423849437,0
PTLFAAISHKVAENDMLLINADYQQLRDKKAMTRAEFVRKLRVIVGDDLLRSTITTLQ,-1.5271725970169543,0
PTLFAAISHKVAENDMLLINADYQQLRDKKGMTRAEFVRKLRVIVGDDLLRSTITTLQ,-1.1670327368313085,0
PTLFAAISHKVAENDMLLINADYQQLRDKKMRAEFVRKLRVIVGDDLLRSTITTLQ,-1.7450804618692843,0
PTLFAAISHKVAENDMLLINADYQQLRDKKMTAEFVRKLRVIVGDDLLRSTITTLQ,-1.3282346135571044,0
PTLFAAISHKVAENDMLLINADYQQLRDKKMTRAAEFVRKLRVIVGDDLLRSTITTLQ,-1.69782140728007,0
PTLFAAISHKVAENDMLLINADYQQLRDKKMTRAEFVRKALRVIVGDDLLRSTITTLQ,-0.68361560638375,0
PTLFAAISHKVAENDMLLINADYQQLRDKKMTRAEFVRKLARVIVGDDLLRSTITTLQ,-1.0845646365992805,0
PTLFAAISHKVAENDMLLINADYQQLRDKKMTRAEFVRKLRAVIVGDDLLRSTITTLQ,-1.1707499200279383,0
PTLFAAISHKVAENDMLLINADYQQLRDKKMTRAEFVRKLRGVIVGDDLLRSTITTLQ,-1.8586848331220471,0
PTLFAAISHKVAENDMLLINADYQQLRDKKMTRAEFVRKLRVAIVGDDLLRSTITTLQ,-1.44724015117102,0
PTLFAAISHKVAENDMLLINADYQQLRDKKMTRAEFVRKLRVIAVGDDLLRSTITTLQ,-1.6736600766758556,0
PTLFAAISHKVAENDMLLINADYQQLRDKKMTRAEFVRKLRVIGVGDDLLRSTITTLQ,-1.3898792590157512,0
PTLFAAISHKVAENDMLLINADYQQLRDKKMTRAEFVRKLRVIVAGDDLLRSTITTLQ,-1.181257950081222,0
PTLFAAISHKVAENDMLLINADYQQLRDKKMTRAEFVRKLRVIVDDLLRSTITTLQ,-0.475866973877791,0
PTLFAAISHKVAENDMLLINADYQQLRDKKMTRAEFVRKLRVIVGADDLLRSTITTLQ,-0.7031882770564634,0
PTLFAAISHKVAENDMLLINADYQQLRDKKMTRAEFVRKLRVIVGDADLLRSTITTLQ,-0.4793532284917643,0
PTLFAAISHKVAENDMLLINADYQQLRDKKMTRAEFVRKLRVIVGDDALLRSTITTLQ,-0.0509422039286675,1
PTLFAAISHKVAENDMLLINADYQQLRDKKMTRAEFVRKLRVIVGDDGLLRSTITTLQ,-0.36334149696581,1
PTLFAAISHKVAENDMLLINADYQQLRDKKMTRAEFVRKLRVIVGDDLALRSTITTLQ,-0.8013989441076798,0
PTLFAAISHKVAENDMLLINADYQQLRDKKMTRAEFVRKLRVIVGDDLGLRSTITTLQ,-1.0356181128261834,0
PTLFAAISHKVAENDMLLINADYQQLRDKKMTRAEFVRKLRVIVGDDLLARSTITTLQ,-0.8531817202204502,0
PTLFAAISHKVAENDMLLINADYQQLRDKKMTRAEFVRKLRVIVGDDLLGRSTITTLQ,-1.045881276203226,0
PTLFAAISHKVAENDMLLINADYQQLRDKKMTRAEFVRKLRVIVGDDLLRASTITTLQ,-0.5465475942623823,0
PTLFAAISHKVAENDMLLINADYQQLRDKKMTRAEFVRKLRVIVGDDLLRGSTITTLQ,-0.9309897586150788,0
PTLFAAISHKVAENDMLLINADYQQLRDKKMTRAEFVRKLRVIVGDDLLRSATITTLQ,-0.5855941810798964,0
PTLFAAISHKVAENDMLLINADYQQLRDKKMTRAEFVRKLRVIVGDDLLRSGTITTLQ,-1.0330443347871587,0
PTLFAAISHKVAENDMLLINADYQQLRDKKMTRAEFVRKLRVIVGDDLLRSITTLQ,0.1753940105844316,1
PTLFAAISHKVAENDMLLINADYQQLRDKKMTRAEFVRKLRVIVGDDLLRSTAITTLQ,-0.742561821391813,0
PTLFAAISHKVAENDMLLINADYQQLRDKKMTRAEFVRKLRVIVGDDLLRSTGITTLQ,-0.37645059403749,1
PTLFAAISHKVAENDMLLINADYQQLRDKKMTRAEFVRKLRVIVGDDLLRSTIATTLQ,-0.1512166094147968,1
PTLFAAISHKVAENDMLLINADYQQLRDKKMTRAEFVRKLRVIVGDDLLRSTIGTTLQ,-0.4106840232567457,0
PTLFAAISHKVAENDMLLINADYQQLRDKKMTRAEFVRKLRVIVGDDLLRSTITATLQ,-0.0765197348484387,1
PTLFAAISHKVAENDMLLINADYQQLRDKKMTRAEFVRKLRVIVGDDLLRSTITGTLQ,-0.3543221704279067,1
PTLFAAISHKVAENDMLLINADYQQLRDKKMTRAEFVRKLRVIVGDDLLRSTITLQ,-0.4555933556241883,0
PTLFAAISHKVAENDMLLINADYQQLRDKKMTRAEFVRKLRVIVGDDLLRSTITTALQ,0.1409719932695763,1
PTLFAAISHKVAENDMLLINADYQQLRDKKMTRAEFVRKLRVIVGDDLLRSTITTGLQ,-0.5572122019495251,0
PTLFAAISHKVAENDMLLINADYQQLRDKKMTRAEFVRKLRVIVGDDLLRSTITTL,-0.2614232213386941,1
PTLFAAISHKVAENDMLLINADYQQLRDKKMTRAEFVRKLRVIVGDDLLRSTITTLAQ,0.1296580717919138,1
PTLFAAISHKVAENDMLLINADYQQLRDKKMTRAEFVRKLRVIVGDDLLRSTITTLGQ,-0.0638575240810537,1
PTLFAAISHKVAENDMLLINADYQQLRDKKMTRAEFVRKLRVIVGDDLLRSTITTQ,-0.7102562449120355,0
PTLFAAISHKVAENDMLLINADYQQLRDKKMTRAEFVRKLRVIVGDDLLRSTTTLQ,-1.1031629003367431,0
PTLFAAISHKVAENDMLLINADYQQLRDKKMTRAEFVRKLRVIVGDDLLRTITTLQ,0.3200123978725717,1
PTLFAAISHKVAENDMLLINADYQQLRDKKMTRAEFVRKLRVIVGDDLLSTITTLQ,-0.1708591249472369,1
PTLFAAISHKVAENDMLLINADYQQLRDKKMTRAEFVRKLRVIVGDDLRSTITTLQ,-1.4113827313274008,0
PTLFAAISHKVAENDMLLINADYQQLRDKKMTRAEFVRKLRVIVGDGDLLRSTITTLQ,-0.3268412738196756,1
PTLFAAISHKVAENDMLLINADYQQLRDKKMTRAEFVRKLRVIVGDLLRSTITTLQ,-0.30041124823543314,1
PTLFAAISHKVAENDMLLINADYQQLRDKKMTRAEFVRKLRVIVGGDDLLRSTITTLQ,-0.9632799826309114,0
PTLFAAISHKVAENDMLLINADYQQLRDKKMTRAEFVRLRVIVGDDLLRSTITTLQ,-1.374702389704722,0
PTLFAAISHKVAENDMLLINADYQQLRDKKMTRAFVRKLRVIVGDDLLRSTITTLQ,-1.718312543957802,0
PTLFAAISHKVAENDMLLINADYQQLRDKKMTREFVRKLRVIVGDDLLRSTITTLQ,-1.9606503593795856,0
PTLFAAISHKVAENDMLLINADYQQLRDKKTRAEFVRKLRVIVGDDLLRSTITTLQ,-1.648665228020629,0
PTLFAAISHKVAENDMLLINADYQQLRDKMTRAEFVRKLRVIVGDDLLRSTITTLQ,-1.204498243445752,0
PTLFAAISHKVAENDMLLINADYQQLRGDKKMTRAEFVRKLRVIVGDDLLRSTITTLQ,-1.3239861438363658,0
PTLFAAISHKVAENDMLLINADYQQLRKKMTRAEFVRKLRVIVGDDLLRSTITTLQ,-1.1351185655776637,0
PTLFAAISHKVAENDMLLINAGDYQQLRDKKMTRAEFVRKLRVIVGDDLLRSTITTLQ,-1.500475899319187,0
PTLFAAISHKVAENDMLLINAYQQLRDKKMTRAEFVRKLRVIVGDDLLRSTITTLQ,-0.5932816454288472,0
PTLFAAISHKVAENDMLLINDYQQLRDKKMTRAEFVRKLRVIVGDDLLRSTITTLQ,-1.0755940378568076,0
PTLFAAISHKVAENDMLLINGADYQQLRDKKMTRAEFVRKLRVIVGDDLLRSTITTLQ,-1.6971530251560805,0
PTLFAAISHKVAENDMLLNADYQQLRDKKMTRAEFVRKLRVIVGDDLLRSTITTLQ,-2.0112903182668376,0
PTLFAAISHKVAENGDMLLINADYQQLRDKKMTRAEFVRKLRVIVGDDLLRSTITTLQ,-1.3664125606065864,0
PTLFAAISHKVAENMLLINADYQQLRDKKMTRAEFVRKLRVIVGDDLLRSTITTLQ,-0.2869728512037375,1
PTLFAAISHKVAGENDMLLINADYQQLRDKKMTRAEFVRKLRVIVGDDLLRSTITTLQ,-0.7900633245460061,0
PTLFAAISHKVANDMLLINADYQQLRDKKMTRAEFVRKLRVIVGDDLLRSTITTLQ,-0.6557372294272914,0
PTLFAAISHKVENDMLLINADYQQLRDKKMTRAEFVRKLRVIVGDDLLRSTITTLQ,-1.213358409658235,0
PTLFAAISHKVGAENDMLLINADYQQLRDKKMTRAEFVRKLRVIVGDDLLRSTITTLQ,-1.2604271401935934,0
PTLFAAISHVAENDMLLINADYQQLRDKKMTRAEFVRKLRVIVGDDLLRSTITTLQ,-0.3405919937953876,1
PTLFAAISKVAENDMLLINADYQQLRDKKMTRAEFVRKLRVIVGDDLLRSTITTLQ,-0.7190752583759336,0
PTLFAASHKVAENDMLLINADYQQLRDKKMTRAEFVRKLRVIVGDDLLRSTITTLQ,-1.0301393072969502,0
PTLFAGAISHKVAENDMLLINADYQQLRDKKMTRAEFVRKLRVIVGDDLLRSTITTLQ,-0.4173381531180051,0
PTLFAISHKVAENDMLLINADYQQLRDKKMTRAEFVRKLRVIVGDDLLRSTITTLQ,-0.6491319442529624,0
PTLFGAAISHKVAENDMLLINADYQQLRDKKMTRAEFVRKLRVIVGDDLLRSTITTLQ,-0.4570124427626187,0
PTLGFAAISHKVAENDMLLINADYQQLRDKKMTRAEFVRKLRVIVGDDLLRSTITTLQ,-0.4586957071936013,0
TLFAAISHKVAENDMLLINADYQQLRDKKMTRAEFVRKLRVIVGDDLLRSTITTLQ,0.195318786753976,1
