mutated_sequence,DMS_score,DMS_score_bin
ASEYETMLTEIMSMGYERERVVAALRASYNNPHRAVEYLLTGIPG,-0.1309129851254908,1
EYETMLTEIMSMGYERERVVAALRASYNNPHRAVEYLLTGIPG,-0.1768663446650498,1
GSEYETMLTEIMSMGYERERVVAALRASYNNPHRAVEYLLTGIPG,-0.1969493046979926,1
SAEYETMLTEIMSMGYERERVVAALRASYNNPHRAVEYLLTGIPG,-0.0642833733712757,1
SEAYETMLTEIMSMGYERERVVAALRASYNNPHRAVEYLLTGIPG,-0.0665365554825601,1
SEETMLTEIMSMGYERERVVAALRASYNNPHRAVEYLLTGIPG,-1.718642242832809,0
SEGYETMLTEIMSMGYERERVVAALRASYNNPHRAVEYLLTGIPG,-0.4124385515809416,1
SEYAETMLTEIMSMGYERERVVAALRASYNNPHRAVEYLLTGIPG,-1.4204165781427704,0
SEYEATMLTEIMSMGYERERVVAALRASYNNPHRAVEYLLTGIPG,-1.6545770016195416,0
SEYEGTMLTEIMSMGYERERVVAALRASYNNPHRAVEYLLTGIPG,-1.7147268150641148,0
SEYEMLTEIMSMGYERERVVAALRASYNNPHRAVEYLLTGIPG,-1.6642544260691094,0
SEYETAMLTEIMSMGYERERVVAALRASYNNPHRAVEYLLTGIPG,-1.5464325160710573,0
SEYETGMLTEIMSMGYERERVVAALRASYNNPHRAVEYLLTGIPG,-2.001607002625716,0
SEYETLTEIMSMGYERERVVAALRASYNNPHRAVEYLLTGIPG,-2.3821650815986017,0
SEYETMALTEIMSMGYERERVVAALRASYNNPHRAVEYLLTGIPG,-2.1763051645815232,0
SEYETMGLTEIMSMGYERERVVAALRASYNNPHRAVEYLLTGIPG,-2.251442881705436,0
SEYETMLATEIMSMGYERERVVAALRASYNNPHRAVEYLLTGIPG,-2.302293235504038,0
SEYETMLEIMSMGYERERVVAALRASYNNPHRAVEYLLTGIPG,-1.9873705686644425,0
SEYETMLGTEIMSMGYERERVVAALRASYNNPHRAVEYLLTGIPG,-3.1881736165204435,0
SEYETMLTAEIMSMGYERERVVAALRASYNNPHRAVEYLLTGIPG,-1.9582935995001625,0
SEYETMLTEAIMSMGYERERVVAALRASYNNPHRAVEYLLTGIPG,-1.2010874474005315,0
SEYETMLTEGIMSMGYERERVVAALRASYNNPHRAVEYLLTGIPG,-1.995298885552548,0
SEYETMLTEIAMSMGYERERVVAALRASYNNPHRAVEYLLTGIPG,-1.675473707106716,0
SEYETMLTEIGMSMGYERERVVAALRASYNNPHRAVEYLLTGIPG,-2.1155508234183653,0
SEYETMLTEIMASMGYERERVVAALRASYNNPHRAVEYLLTGIPG,-1.2246964200455157,0
SEYETMLTEIMGSMGYERERVVAALRASYNNPHRAVEYLLTGIPG,-1.7125134018333674,0
SEYETMLTEIMMGYERERVVAALRASYNNPHRAVEYLLTGIPG,-2.4697398915073294,0
SEYETMLTEIMSAMGYERERVVAALRASYNNPHRAVEYLLTGIPG,-1.1815095429653226,0
SEYETMLTEIMSGMGYERERVVAALRASYNNPHRAVEYLLTGIPG,-1.6197056921282336,0
SEYETMLTEIMSGYERERVVAALRASYNNPHRAVEYLLTGIPG,-2.405418618322997,0
SEYETMLTEIMSMAGYERERVVAALRASYNNPHRAVEYLLTGIPG,-1.838123973748457,0
SEYETMLTEIMSMGAYERERVVAALRASYNNPHRAVEYLLTGIPG,-1.4113675933604106,0
SEYETMLTEIMSMGERERVVAALRASYNNPHRAVEYLLTGIPG,-3.3477158679726458,0
SEYETMLTEIMSMGGYERERVVAALRASYNNPHRAVEYLLTGIPG,-1.1010584586467627,0
SEYETMLTEIMSMGYAERERVVAALRASYNNPHRAVEYLLTGIPG,-2.147421807108808,0
SEYETMLTEIMSMGYEARERVVAALRASYNNPHRAVEYLLTGIPG,-2.005309825964341,0
SEYETMLTEIMSMGYEERVVAALRASYNNPHRAVEYLLTGIPG,-2.683479429134114,0
SEYETMLTEIMSMGYEGRERVVAALRASYNNPHRAVEYLLTGIPG,-2.6917593757670013,0
SEYETMLTEIMSMGYERAERVVAALRASYNNPHRAVEYLLTGIPG,-2.554239733233718,0
SEYETMLTEIMSMGYEREARVVAALRASYNNPHRAVEYLLTGIPG,-2.8942455273580343,0
SEYETMLTEIMSMGYEREGRVVAALRASYNNPHRAVEYLLTGIPG,-3.5615450684462355,0
SEYETMLTEIMSMGYERERAVVAALRASYNNPHRAVEYLLTGIPG,-2.8893979333331927,0
SEYETMLTEIMSMGYERERGVVAALRASYNNPHRAVEYLLTGIPG,-3.0415242480749587,0
SEYETMLTEIMSMGYERERVAALRASYNNPHRAVEYLLTGIPG,-3.4997021991497217,0
SEYETMLTEIMSMGYERERVAVAALRASYNNPHRAVEYLLTGIPG,-3.5223028608001083,0
SEYETMLTEIMSMGYERERVVAAALRASYNNPHRAVEYLLTGIPG,-3.2864469191724495,0
SEYETMLTEIMSMGYERERVVAAGLRASYNNPHRAVEYLLTGIPG,-3.411741706129505,0
SEYETMLTEIMSMGYERERVVAALARASYNNPHRAVEYLLTGIPG,-2.4847940983358985,0
SEYETMLTEIMSMGYERERVVAALASYNNPHRAVEYLLTGIPG,-1.7304071389949272,0
SEYETMLTEIMSMGYERERVVAALGRASYNNPHRAVEYLLTGIPG,-3.2195519919909934,0
SEYETMLTEIMSMGYERERVVAALRAASYNNPHRAVEYLLTGIPG,-2.3094233399770374,0
SEYETMLTEIMSMGYERERVVAALRAGSYNNPHRAVEYLLTGIPG,-2.426145363980276,0
SEYETMLTEIMSMGYERERVVAALRASAYNNPHRAVEYLLTGIPG,-2.612745868434832,0
SEYETMLTEIMSMGYERERVVAALRASGYNNPHRAVEYLLTGIPG,-1.258439860309288,0
SEYETMLTEIMSMGYERERVVAALRASNNPHRAVEYLLTGIPG,-2.074271688100832,0
SEYETMLTEIMSMGYERERVVAALRASYANNPHRAVEYLLTGIPG,-2.363710273651301,0
SEYETMLTEIMSMGYERERVVAALRASYGNNPHRAVEYLLTGIPG,-2.222100635284972,0
SEYETMLTEIMSMGYERERVVAALRASYNANPHRAVEYLLTGIPG,-2.594745104558215,0
SEYETMLTEIMSMGYERERVVAALRASYNGNPHRAVEYLLTGIPG,-2.027987255440308,0
SEYETMLTEIMSMGYERERVVAALRASYNNAPHRAVEYLLTGIPG,-2.7093530369755805,0
SEYETMLTEIMSMGYERERVVAALRASYNNGPHRAVEYLLTGIPG,-2.4444497951581288,0
SEYETMLTEIMSMGYERERVVAALRASYNNHRAVEYLLTGIPG,-2.274064001668836,0
SEYETMLTEIMSMGYERERVVAALRASYNNPAHRAVEYLLTGIPG,-2.519991339154668,0
SEYETMLTEIMSMGYERERVVAALRASYNNPGHRAVEYLLTGIPG,-2.5082197068137173,0
SEYETMLTEIMSMGYERERVVAALRASYNNPHARAVEYLLTGIPG,-2.676850576579057,0
SEYETMLTEIMSMGYERERVVAALRASYNNPHAVEYLLTGIPG,-1.9693301330509,0
SEYETMLTEIMSMGYERERVVAALRASYNNPHGRAVEYLLTGIPG,-2.7901968443918816,0
SEYETMLTEIMSMGYERERVVAALRASYNNPHRAAVEYLLTGIPG,-2.441084185002377,0
SEYETMLTEIMSMGYERERVVAALRASYNNPHRAEYLLTGIPG,-2.494898962253927,0
SEYETMLTEIMSMGYERERVVAALRASYNNPHRAGVEYLLTGIPG,-3.0354720592626294,0
SEYETMLTEIMSMGYERERVVAALRASYNNPHRAVAEYLLTGIPG,-2.228260998785516,0
SEYETMLTEIMSMGYERERVVAALRASYNNPHRAVEAYLLTGIPG,-2.6299630166360544,0
SEYETMLTEIMSMGYERERVVAALRASYNNPHRAVEGYLLTGIPG,-2.8424774980923133,0
SEYETMLTEIMSMGYERERVVAALRASYNNPHRAVELLTGIPG,-0.3167654123279204,1
SEYETMLTEIMSMGYERERVVAALRASYNNPHRAVEYALLTGIPG,-2.7356907977181546,0
SEYETMLTEIMSMGYERERVVAALRASYNNPHRAVEYGLLTGIPG,-2.810794349609589,0
SEYETMLTEIMSMGYERERVVAALRASYNNPHRAVEYLALTGIPG,-0.5442306524584279,1
SEYETMLTEIMSMGYERERVVAALRASYNNPHRAVEYLGLTGIPG,-1.001397140040126,0
SEYETMLTEIMSMGYERERVVAALRASYNNPHRAVEYLLATGIPG,-0.0044899984331863,1
SEYETMLTEIMSMGYERERVVAALRASYNNPHRAVEYLLGIPG,-0.3481614510792594,1
SEYETMLTEIMSMGYERERVVAALRASYNNPHRAVEYLLGTGIPG,-0.4160533370450237,1
SEYETMLTEIMSMGYERERVVAALRASYNNPHRAVEYLLTAGIPG,-0.5581891347378565,1
SEYETMLTEIMSMGYERERVVAALRASYNNPHRAVEYLLTGAIPG,-0.0897861386636749,1
SEYETMLTEIMSMGYERERVVAALRASYNNPHRAVEYLLTGGIPG,-0.22271931679642737,1
SEYETMLTEIMSMGYERERVVAALRASYNNPHRAVEYLLTGIAPG,-0.149274000916173,1
SEYETMLTEIMSMGYERERVVAALRASYNNPHRAVEYLLTGIG,-0.4525363646208915,1
SEYETMLTEIMSMGYERERVVAALRASYNNPHRAVEYLLTGIGPG,-0.3063130790810691,1
SEYETMLTEIMSMGYERERVVAALRASYNNPHRAVEYLLTGIP,-0.0754777389749383,1
SEYETMLTEIMSMGYERERVVAALRASYNNPHRAVEYLLTGIPAG,-0.1535030665824281,1
SEYETMLTEIMSMGYERERVVAALRASYNNPHRAVEYLLTGIPGG,-0.168308908954498,1
SEYETMLTEIMSMGYERERVVAALRASYNNPHRAVEYLLTGPG,-0.5637808505912996,1
SEYETMLTEIMSMGYERERVVAALRASYNNPHRAVEYLLTIPG,-0.8730373872638948,0
SEYETMLTEIMSMGYERERVVAALRASYNNPHRAVEYLTGIPG,-0.8124635695308426,0
SEYETMLTEIMSMGYERERVVAALRASYNNPHRAVGEYLLTGIPG,-2.741420278865616,0
SEYETMLTEIMSMGYERERVVAALRASYNNPHRAVYLLTGIPG,-1.1747900235440951,0
SEYETMLTEIMSMGYERERVVAALRASYNNPHRGAVEYLLTGIPG,-2.577378756379806,0
SEYETMLTEIMSMGYERERVVAALRASYNNPHRVEYLLTGIPG,-2.7836061863681274,0
SEYETMLTEIMSMGYERERVVAALRASYNNPRAVEYLLTGIPG,-2.5248431431485563,0
SEYETMLTEIMSMGYERERVVAALRASYNPHRAVEYLLTGIPG,-2.3300890907240337,0
SEYETMLTEIMSMGYERERVVAALRAYNNPHRAVEYLLTGIPG,-1.431993088796589,0
SEYETMLTEIMSMGYERERVVAALRGASYNNPHRAVEYLLTGIPG,-3.009794823730552,0
SEYETMLTEIMSMGYERERVVAALRSYNNPHRAVEYLLTGIPG,-1.7723998458997618,0
SEYETMLTEIMSMGYERERVVAGALRASYNNPHRAVEYLLTGIPG,-3.6277566905627223,0
SEYETMLTEIMSMGYERERVVALRASYNNPHRAVEYLLTGIPG,-3.7866094281746396,0
SEYETMLTEIMSMGYERERVVGAALRASYNNPHRAVEYLLTGIPG,-3.545432024957488,0
SEYETMLTEIMSMGYEREVVAALRASYNNPHRAVEYLLTGIPG,-2.864589055467045,0
SEYETMLTEIMSMGYERGERVVAALRASYNNPHRAVEYLLTGIPG,-3.512680401090944,0
SEYETMLTEIMSMGYERRVVAALRASYNNPHRAVEYLLTGIPG,-2.988411612071673,0
SEYETMLTEIMSMGYGERERVVAALRASYNNPHRAVEYLLTGIPG,-2.1989520087523893,0
SEYETMLTEIMSMGYRERVVAALRASYNNPHRAVEYLLTGIPG,-2.661179734818185,0
SEYETMLTEIMSMYERERVVAALRASYNNPHRAVEYLLTGIPG,-2.3464917581252727,0
SEYETMLTEISMGYERERVVAALRASYNNPHRAVEYLLTGIPG,-2.948422558171308,0
SEYETMLTEMSMGYERERVVAALRASYNNPHRAVEYLLTGIPG,-2.907729686660104,0
SEYETMLTGEIMSMGYERERVVAALRASYNNPHRAVEYLLTGIPG,-2.587007216332408,0
SEYETMLTIMSMGYERERVVAALRASYNNPHRAVEYLLTGIPG,-1.8163396947232,0
SEYETMTEIMSMGYERERVVAALRASYNNPHRAVEYLLTGIPG,-2.539380714653244,0
SEYGETMLTEIMSMGYERERVVAALRASYNNPHRAVEYLLTGIPG,-1.7602083648005054,0
SEYTMLTEIMSMGYERERVVAALRASYNNPHRAVEYLLTGIPG,-1.7963424082747854,0
SGEYETMLTEIMSMGYERERVVAALRASYNNPHRAVEYLLTGIPG,-0.373438891546646,1
SYETMLTEIMSMGYERERVVAALRASYNNPHRAVEYLLTGIPG,-0.2391492996667201,1
