mutated_sequence,DMS_score,DMS_score_bin
AGEDLPLPPGWSVDWTMRGRKYYIDHNTNTTHWSHPLESGPSSG,-0.0838321778269131,1
EDLPLPPGWSVDWTMRGRKYYIDHNTNTTHWSHPLESGPSSG,0.1037431374135375,1
GAEDLPLPPGWSVDWTMRGRKYYIDHNTNTTHWSHPLESGPSSG,0.2341726306493978,1
GDLPLPPGWSVDWTMRGRKYYIDHNTNTTHWSHPLESGPSSG,-0.1559246863065082,1
GEADLPLPPGWSVDWTMRGRKYYIDHNTNTTHWSHPLESGPSSG,-0.1772930675815016,1
GEDALPLPPGWSVDWTMRGRKYYIDHNTNTTHWSHPLESGPSSG,-0.3381458665653756,1
GEDGLPLPPGWSVDWTMRGRKYYIDHNTNTTHWSHPLESGPSSG,-0.3656072150555121,1
GEDLAPLPPGWSVDWTMRGRKYYIDHNTNTTHWSHPLESGPSSG,0.0938470633385732,1
GEDLLPPGWSVDWTMRGRKYYIDHNTNTTHWSHPLESGPSSG,-0.523834763750205,1
GEDLPALPPGWSVDWTMRGRKYYIDHNTNTTHWSHPLESGPSSG,-0.6883033507521779,0
GEDLPGLPPGWSVDWTMRGRKYYIDHNTNTTHWSHPLESGPSSG,-0.81151116481222,0
GEDLPLPPGAWSVDWTMRGRKYYIDHNTNTTHWSHPLESGPSSG,1.0106023331552445,1
GEDLPLPPGGWSVDWTMRGRKYYIDHNTNTTHWSHPLESGPSSG,-2.271819142611678,0
GEDLPLPPGWSAVDWTMRGRKYYIDHNTNTTHWSHPLESGPSSG,-1.6692790684432122,0
GEDLPLPPGWSDWTMRGRKYYIDHNTNTTHWSHPLESGPSSG,-2.790369072132426,0
GEDLPLPPGWSGVDWTMRGRKYYIDHNTNTTHWSHPLESGPSSG,-2.079334511306816,0
GEDLPLPPGWSVADWTMRGRKYYIDHNTNTTHWSHPLESGPSSG,-1.6442547749615182,0
GEDLPLPPGWSVDTMRGRKYYIDHNTNTTHWSHPLESGPSSG,-0.266758040296535,1
GEDLPLPPGWSVDWATMRGRKYYIDHNTNTTHWSHPLESGPSSG,-1.5706715686432025,0
GEDLPLPPGWSVDWGTMRGRKYYIDHNTNTTHWSHPLESGPSSG,-1.5857986814645837,0
GEDLPLPPGWSVDWTAMRGRKYYIDHNTNTTHWSHPLESGPSSG,-0.9589321648527735,0
GEDLPLPPGWSVDWTGMRGRKYYIDHNTNTTHWSHPLESGPSSG,-0.6347707621692218,0
GEDLPLPPGWSVDWTMARGRKYYIDHNTNTTHWSHPLESGPSSG,-0.6558791561299779,0
GEDLPLPPGWSVDWTMGRGRKYYIDHNTNTTHWSHPLESGPSSG,-0.4439888274813459,1
GEDLPLPPGWSVDWTMGRKYYIDHNTNTTHWSHPLESGPSSG,0.4024013944755078,1
GEDLPLPPGWSVDWTMRAGRKYYIDHNTNTTHWSHPLESGPSSG,-1.1779693788582408,0
GEDLPLPPGWSVDWTMRGARKYYIDHNTNTTHWSHPLESGPSSG,-1.351163178229732,0
GEDLPLPPGWSVDWTMRGGRKYYIDHNTNTTHWSHPLESGPSSG,-0.9333602078865202,0
GEDLPLPPGWSVDWTMRGKYYIDHNTNTTHWSHPLESGPSSG,-1.553835858150401,0
GEDLPLPPGWSVDWTMRGRAKYYIDHNTNTTHWSHPLESGPSSG,-1.667601679642259,0
GEDLPLPPGWSVDWTMRGRGKYYIDHNTNTTHWSHPLESGPSSG,-2.222664704050642,0
GEDLPLPPGWSVDWTMRGRKAYYIDHNTNTTHWSHPLESGPSSG,-2.250984189956481,0
GEDLPLPPGWSVDWTMRGRKYIDHNTNTTHWSHPLESGPSSG,-1.7444970367165915,0
GEDLPLPPGWSVDWTMRGRKYYDHNTNTTHWSHPLESGPSSG,-1.88225505900272,0
GEDLPLPPGWSVDWTMRGRKYYIADHNTNTTHWSHPLESGPSSG,-2.30635328295929,0
GEDLPLPPGWSVDWTMRGRKYYIDAHNTNTTHWSHPLESGPSSG,-2.4382172405382088,0
GEDLPLPPGWSVDWTMRGRKYYIDHANTNTTHWSHPLESGPSSG,-2.1759877055127563,0
GEDLPLPPGWSVDWTMRGRKYYIDHGNTNTTHWSHPLESGPSSG,-1.7644768922577987,0
GEDLPLPPGWSVDWTMRGRKYYIDHNATNTTHWSHPLESGPSSG,-2.70122252808151,0
GEDLPLPPGWSVDWTMRGRKYYIDHNTANTTHWSHPLESGPSSG,-1.8454436448351552,0
GEDLPLPPGWSVDWTMRGRKYYIDHNTGNTTHWSHPLESGPSSG,-1.194243451288512,0
GEDLPLPPGWSVDWTMRGRKYYIDHNTNATTHWSHPLESGPSSG,-2.702231635177976,0
GEDLPLPPGWSVDWTMRGRKYYIDHNTNGTTHWSHPLESGPSSG,-1.4045818346403356,0
GEDLPLPPGWSVDWTMRGRKYYIDHNTNTHWSHPLESGPSSG,-1.4427409682322216,0
GEDLPLPPGWSVDWTMRGRKYYIDHNTNTTHGWSHPLESGPSSG,-2.089318793527119,0
GEDLPLPPGWSVDWTMRGRKYYIDHNTNTTHSHPLESGPSSG,-1.8802053163565904,0
GEDLPLPPGWSVDWTMRGRKYYIDHNTNTTHWASHPLESGPSSG,-1.7679743313688363,0
GEDLPLPPGWSVDWTMRGRKYYIDHNTNTTHWHPLESGPSSG,-1.3074524542438724,0
GEDLPLPPGWSVDWTMRGRKYYIDHNTNTTHWSAHPLESGPSSG,-2.1243280926815045,0
GEDLPLPPGWSVDWTMRGRKYYIDHNTNTTHWSGHPLESGPSSG,-1.3657168993022768,0
GEDLPLPPGWSVDWTMRGRKYYIDHNTNTTHWSHAPLESGPSSG,-2.1040474495874344,0
GEDLPLPPGWSVDWTMRGRKYYIDHNTNTTHWSHGPLESGPSSG,-1.8205694070323024,0
GEDLPLPPGWSVDWTMRGRKYYIDHNTNTTHWSHLESGPSSG,-1.73062592213019,0
GEDLPLPPGWSVDWTMRGRKYYIDHNTNTTHWSHPALESGPSSG,0.0173731768822096,1
GEDLPLPPGWSVDWTMRGRKYYIDHNTNTTHWSHPESGPSSG,-0.1344922106134174,1
GEDLPLPPGWSVDWTMRGRKYYIDHNTNTTHWSHPGLESGPSSG,-0.0176300247815293,1
GEDLPLPPGWSVDWTMRGRKYYIDHNTNTTHWSHPLAESGPSSG,0.0845448706436386,1
GEDLPLPPGWSVDWTMRGRKYYIDHNTNTTHWSHPLEASGPSSG,0.0049536929408879,1
GEDLPLPPGWSVDWTMRGRKYYIDHNTNTTHWSHPLEGSGPSSG,0.0535332833961545,1
GEDLPLPPGWSVDWTMRGRKYYIDHNTNTTHWSHPLESAGPSSG,0.1076248725465731,1
GEDLPLPPGWSVDWTMRGRKYYIDHNTNTTHWSHPLESGAPSSG,-0.0052977378006264,1
GEDLPLPPGWSVDWTMRGRKYYIDHNTNTTHWSHPLESGGPSSG,0.0631918133366622,1
GEDLPLPPGWSVDWTMRGRKYYIDHNTNTTHWSHPLESGPASSG,-0.0944489121771015,1
GEDLPLPPGWSVDWTMRGRKYYIDHNTNTTHWSHPLESGPGSSG,0.3698001487119227,1
GEDLPLPPGWSVDWTMRGRKYYIDHNTNTTHWSHPLESGPSASG,0.4128278320277216,1
GEDLPLPPGWSVDWTMRGRKYYIDHNTNTTHWSHPLESGPSG,-0.09684506105288496,1
GEDLPLPPGWSVDWTMRGRKYYIDHNTNTTHWSHPLESGPSGSG,-0.0295297913556595,1
GEDLPLPPGWSVDWTMRGRKYYIDHNTNTTHWSHPLESGPSS,0.4310219082581186,1
GEDLPLPPGWSVDWTMRGRKYYIDHNTNTTHWSHPLESGPSSAG,0.0486234427390983,1
GEDLPLPPGWSVDWTMRGRKYYIDHNTNTTHWSHPLESGPSSGG,0.1212189007079167,1
GEDLPLPPGWSVDWTMRGRKYYIDHNTNTTHWSHPLESGSSG,0.0431239418787174,1
GEDLPLPPGWSVDWTMRGRKYYIDHNTNTTHWSHPLESPSSG,0.1609028105086578,1
GEDLPLPPGWSVDWTMRGRKYYIDHNTNTTHWSHPLGESGPSSG,0.9631863542564948,1
GEDLPLPPGWSVDWTMRGRKYYIDHNTNTTHWSHPLSGPSSG,0.3511575149582213,1
GEDLPLPPGWSVDWTMRGRKYYIDHNTNTTHWSPLESGPSSG,-2.1391167598733523,0
GEDLPLPPGWSVDWTMRGRKYYIDHNTNTTWSHPLESGPSSG,-2.697143287746636,0
GEDLPLPPGWSVDWTMRGRKYYIDNTNTTHWSHPLESGPSSG,-1.031680596579806,0
GEDLPLPPGWSVDWTMRGRKYYIGDHNTNTTHWSHPLESGPSSG,-1.848588139307185,0
GEDLPLPPGWSVDWTMRGRKYYIHNTNTTHWSHPLESGPSSG,-2.085915873155458,0
GEDLPLPPGWSVDWTMRGRYYIDHNTNTTHWSHPLESGPSSG,-1.7587178327379491,0
GEDLPLPPGWSVDWTRGRKYYIDHNTNTTHWSHPLESGPSSG,0.2254244515007453,1
GEDLPLPPGWSVGDWTMRGRKYYIDHNTNTTHWSHPLESGPSSG,-1.2289884713128856,0
GEDLPLPPGWSVWTMRGRKYYIDHNTNTTHWSHPLESGPSSG,-0.427410996707074,1
GEGDLPLPPGWSVDWTMRGRKYYIDHNTNTTHWSHPLESGPSSG,0.1490537472720137,1
GELPLPPGWSVDWTMRGRKYYIDHNTNTTHWSHPLESGPSSG,0.0762404902359523,1
GGEDLPLPPGWSVDWTMRGRKYYIDHNTNTTHWSHPLESGPSSG,0.09441090844325264,1
