mutated_sequence,DMS_score,DMS_score_bin
AMRKLSDELLIESYFKATEMNLNRDFIELIENEIKRRSLGHIISV,-0.0365104175252319,1
GMRKLSDELLIESYFKATEMNLNRDFIELIENEIKRRSLGHIISV,-0.2730884677238197,1
MARKLSDELLIESYFKATEMNLNRDFIELIENEIKRRSLGHIISV,-0.9390011301797888,1
MGRKLSDELLIESYFKATEMNLNRDFIELIENEIKRRSLGHIISV,-1.5226702748420389,0
MKLSDELLIESYFKATEMNLNRDFIELIENEIKRRSLGHIISV,-0.7160745328861831,1
MRAKLSDELLIESYFKATEMNLNRDFIELIENEIKRRSLGHIISV,-1.7832656162027525,0
MRGKLSDELLIESYFKATEMNLNRDFIELIENEIKRRSLGHIISV,-1.644024807022832,0
MRKALSDELLIESYFKATEMNLNRDFIELIENEIKRRSLGHIISV,-1.6477429852373031,0
MRKGLSDELLIESYFKATEMNLNRDFIELIENEIKRRSLGHIISV,-1.5855383025712928,0
MRKLASDELLIESYFKATEMNLNRDFIELIENEIKRRSLGHIISV,-2.388168974359007,0
MRKLDELLIESYFKATEMNLNRDFIELIENEIKRRSLGHIISV,-2.460281868408772,0
MRKLGSDELLIESYFKATEMNLNRDFIELIENEIKRRSLGHIISV,-2.443913035708744,0
MRKLSADELLIESYFKATEMNLNRDFIELIENEIKRRSLGHIISV,-2.342699167852712,0
MRKLSDAELLIESYFKATEMNLNRDFIELIENEIKRRSLGHIISV,-2.3000187560483427,0
MRKLSDEALLIESYFKATEMNLNRDFIELIENEIKRRSLGHIISV,-2.770440669682095,0
MRKLSDEGLLIESYFKATEMNLNRDFIELIENEIKRRSLGHIISV,-3.1151730749827955,0
MRKLSDELALIESYFKATEMNLNRDFIELIENEIKRRSLGHIISV,-2.594564509917349,0
MRKLSDELGLIESYFKATEMNLNRDFIELIENEIKRRSLGHIISV,-3.1566534836958224,0
MRKLSDELIESYFKATEMNLNRDFIELIENEIKRRSLGHIISV,-2.8337496027423326,0
MRKLSDELLAIESYFKATEMNLNRDFIELIENEIKRRSLGHIISV,-3.0808645267813057,0
MRKLSDELLESYFKATEMNLNRDFIELIENEIKRRSLGHIISV,-2.5246765352325267,0
MRKLSDELLGIESYFKATEMNLNRDFIELIENEIKRRSLGHIISV,-3.3689159402313096,0
MRKLSDELLIAESYFKATEMNLNRDFIELIENEIKRRSLGHIISV,-3.537031273208812,0
MRKLSDELLIEASYFKATEMNLNRDFIELIENEIKRRSLGHIISV,-3.416548873815674,0
MRKLSDELLIEGSYFKATEMNLNRDFIELIENEIKRRSLGHIISV,-3.5366403706921066,0
MRKLSDELLIESAYFKATEMNLNRDFIELIENEIKRRSLGHIISV,-3.3040380242112475,0
MRKLSDELLIESFKATEMNLNRDFIELIENEIKRRSLGHIISV,-2.987938826017776,0
MRKLSDELLIESGYFKATEMNLNRDFIELIENEIKRRSLGHIISV,-3.594537086529086,0
MRKLSDELLIESYAFKATEMNLNRDFIELIENEIKRRSLGHIISV,-3.1374939735992653,0
MRKLSDELLIESYFAKATEMNLNRDFIELIENEIKRRSLGHIISV,-2.1352987176245377,0
MRKLSDELLIESYFATEMNLNRDFIELIENEIKRRSLGHIISV,-2.2105324396785253,0
MRKLSDELLIESYFGKATEMNLNRDFIELIENEIKRRSLGHIISV,-2.6720991941905115,0
MRKLSDELLIESYFKAATEMNLNRDFIELIENEIKRRSLGHIISV,-0.6627923350784726,1
MRKLSDELLIESYFKAEMNLNRDFIELIENEIKRRSLGHIISV,-1.6907111244118271,0
MRKLSDELLIESYFKAGTEMNLNRDFIELIENEIKRRSLGHIISV,-1.476791995944369,0
MRKLSDELLIESYFKATAEMNLNRDFIELIENEIKRRSLGHIISV,-0.3100146119498221,1
MRKLSDELLIESYFKATEAMNLNRDFIELIENEIKRRSLGHIISV,-0.556589831858179,1
MRKLSDELLIESYFKATEGMNLNRDFIELIENEIKRRSLGHIISV,-0.8109347767904853,1
MRKLSDELLIESYFKATEMANLNRDFIELIENEIKRRSLGHIISV,-0.5450896396267533,1
MRKLSDELLIESYFKATEMGNLNRDFIELIENEIKRRSLGHIISV,-0.6974408238559988,1
MRKLSDELLIESYFKATEMLNRDFIELIENEIKRRSLGHIISV,-1.0916149901918275,0
MRKLSDELLIESYFKATEMNALNRDFIELIENEIKRRSLGHIISV,-0.9021695884522908,1
MRKLSDELLIESYFKATEMNGLNRDFIELIENEIKRRSLGHIISV,-0.9141339909405488,1
MRKLSDELLIESYFKATEMNLANRDFIELIENEIKRRSLGHIISV,-0.8444279620706201,1
MRKLSDELLIESYFKATEMNLGNRDFIELIENEIKRRSLGHIISV,-0.9955475531018996,1
MRKLSDELLIESYFKATEMNLNARDFIELIENEIKRRSLGHIISV,-1.441413695686566,0
MRKLSDELLIESYFKATEMNLNDFIELIENEIKRRSLGHIISV,-0.9262568881276252,1
MRKLSDELLIESYFKATEMNLNGRDFIELIENEIKRRSLGHIISV,-1.4656327865469592,0
MRKLSDELLIESYFKATEMNLNRADFIELIENEIKRRSLGHIISV,-1.542480119123102,0
MRKLSDELLIESYFKATEMNLNRDAFIELIENEIKRRSLGHIISV,-1.4222291163326606,0
MRKLSDELLIESYFKATEMNLNRDFAIELIENEIKRRSLGHIISV,-2.0119372663977897,0
MRKLSDELLIESYFKATEMNLNRDFELIENEIKRRSLGHIISV,-2.2748207828905764,0
MRKLSDELLIESYFKATEMNLNRDFGIELIENEIKRRSLGHIISV,-2.3731215667140115,0
MRKLSDELLIESYFKATEMNLNRDFIAELIENEIKRRSLGHIISV,-2.659073479751344,0
MRKLSDELLIESYFKATEMNLNRDFIEALIENEIKRRSLGHIISV,-3.037108406117413,0
MRKLSDELLIESYFKATEMNLNRDFIEGLIENEIKRRSLGHIISV,-3.231779906013604,0
MRKLSDELLIESYFKATEMNLNRDFIEIENEIKRRSLGHIISV,-1.7425970541421003,0
MRKLSDELLIESYFKATEMNLNRDFIELAIENEIKRRSLGHIISV,-3.2666159002594517,0
MRKLSDELLIESYFKATEMNLNRDFIELENEIKRRSLGHIISV,-1.994443876162367,0
MRKLSDELLIESYFKATEMNLNRDFIELGIENEIKRRSLGHIISV,-3.555105173770489,0
MRKLSDELLIESYFKATEMNLNRDFIELIAENEIKRRSLGHIISV,-3.6193404027849785,0
MRKLSDELLIESYFKATEMNLNRDFIELIEANEIKRRSLGHIISV,-3.8136224272281822,0
MRKLSDELLIESYFKATEMNLNRDFIELIEEIKRRSLGHIISV,-1.450652613928677,0
MRKLSDELLIESYFKATEMNLNRDFIELIEGNEIKRRSLGHIISV,-4.191147354251549,0
MRKLSDELLIESYFKATEMNLNRDFIELIENAEIKRRSLGHIISV,-3.736673683603269,0
MRKLSDELLIESYFKATEMNLNRDFIELIENEAIKRRSLGHIISV,-3.515119320574437,0
MRKLSDELLIESYFKATEMNLNRDFIELIENEGIKRRSLGHIISV,-4.195452713861778,0
MRKLSDELLIESYFKATEMNLNRDFIELIENEIAKRRSLGHIISV,-2.045926125372177,0
MRKLSDELLIESYFKATEMNLNRDFIELIENEIGKRRSLGHIISV,-2.6706435682290994,0
MRKLSDELLIESYFKATEMNLNRDFIELIENEIKARRSLGHIISV,-1.8166228544242031,0
MRKLSDELLIESYFKATEMNLNRDFIELIENEIKGRRSLGHIISV,-2.481637378618709,0
MRKLSDELLIESYFKATEMNLNRDFIELIENEIKRARSLGHIISV,-2.721622335091282,0
MRKLSDELLIESYFKATEMNLNRDFIELIENEIKRGRSLGHIISV,-3.22046205915031,0
MRKLSDELLIESYFKATEMNLNRDFIELIENEIKRRASLGHIISV,-0.905806931248915,1
MRKLSDELLIESYFKATEMNLNRDFIELIENEIKRRGSLGHIISV,-0.9720397395823066,1
MRKLSDELLIESYFKATEMNLNRDFIELIENEIKRRLGHIISV,-1.3804268878655934,0
MRKLSDELLIESYFKATEMNLNRDFIELIENEIKRRSALGHIISV,-1.1871972420296075,0
MRKLSDELLIESYFKATEMNLNRDFIELIENEIKRRSGHIISV,-2.065223813953808,0
MRKLSDELLIESYFKATEMNLNRDFIELIENEIKRRSGLGHIISV,-1.16813443025565,0
MRKLSDELLIESYFKATEMNLNRDFIELIENEIKRRSLAGHIISV,-0.6311578655936239,1
MRKLSDELLIESYFKATEMNLNRDFIELIENEIKRRSLGAHIISV,-0.3939153974918108,1
MRKLSDELLIESYFKATEMNLNRDFIELIENEIKRRSLGGHIISV,-0.5791736602281614,1
MRKLSDELLIESYFKATEMNLNRDFIELIENEIKRRSLGHAIISV,-0.1987820414808894,1
MRKLSDELLIESYFKATEMNLNRDFIELIENEIKRRSLGHGIISV,-0.8727355665438079,1
MRKLSDELLIESYFKATEMNLNRDFIELIENEIKRRSLGHIAISV,-0.8575916001112631,1
MRKLSDELLIESYFKATEMNLNRDFIELIENEIKRRSLGHIGISV,-1.104136282638931,0
MRKLSDELLIESYFKATEMNLNRDFIELIENEIKRRSLGHIIASV,0.1233375302314447,1
MRKLSDELLIESYFKATEMNLNRDFIELIENEIKRRSLGHIIGSV,0.063951709412263,1
MRKLSDELLIESYFKATEMNLNRDFIELIENEIKRRSLGHIIS,0.0204547687592571,1
MRKLSDELLIESYFKATEMNLNRDFIELIENEIKRRSLGHIISAV,-0.016641238107776,1
MRKLSDELLIESYFKATEMNLNRDFIELIENEIKRRSLGHIISGV,0.0552779785544812,1
MRKLSDELLIESYFKATEMNLNRDFIELIENEIKRRSLGHIIV,0.0354182086850842,1
MRKLSDELLIESYFKATEMNLNRDFIELIENEIKRRSLGHISV,-0.8808364401201039,1
MRKLSDELLIESYFKATEMNLNRDFIELIENEIKRRSLGIISV,-0.6921368850648886,1
MRKLSDELLIESYFKATEMNLNRDFIELIENEIKRRSLHIISV,-0.3463690421021903,1
MRKLSDELLIESYFKATEMNLNRDFIELIENEIKRSLGHIISV,-3.0604136541331584,0
MRKLSDELLIESYFKATEMNLNRDFIELIENEIRRSLGHIISV,-2.8948273905151005,0
MRKLSDELLIESYFKATEMNLNRDFIELIENEKRRSLGHIISV,-3.687045281995799,0
MRKLSDELLIESYFKATEMNLNRDFIELIENGEIKRRSLGHIISV,-3.83264531746223,0
MRKLSDELLIESYFKATEMNLNRDFIELIENIKRRSLGHIISV,-3.07584095578742,0
MRKLSDELLIESYFKATEMNLNRDFIELIGENEIKRRSLGHIISV,-4.186833283390282,0
MRKLSDELLIESYFKATEMNLNRDFIELINEIKRRSLGHIISV,-1.5592901077418873,0
MRKLSDELLIESYFKATEMNLNRDFIGELIENEIKRRSLGHIISV,-3.0118824717883905,0
MRKLSDELLIESYFKATEMNLNRDFILIENEIKRRSLGHIISV,-2.229515658616744,0
MRKLSDELLIESYFKATEMNLNRDGFIELIENEIKRRSLGHIISV,-1.4600243174900158,0
MRKLSDELLIESYFKATEMNLNRDIELIENEIKRRSLGHIISV,-1.267086380058902,0
MRKLSDELLIESYFKATEMNLNRFIELIENEIKRRSLGHIISV,-0.9834860661957868,1
MRKLSDELLIESYFKATEMNLNRGDFIELIENEIKRRSLGHIISV,-1.6426315495660824,0
MRKLSDELLIESYFKATEMNLRDFIELIENEIKRRSLGHIISV,-0.5409045172995359,1
MRKLSDELLIESYFKATEMNNRDFIELIENEIKRRSLGHIISV,-0.6678870484541726,1
MRKLSDELLIESYFKATENLNRDFIELIENEIKRRSLGHIISV,-1.4135922784019153,0
MRKLSDELLIESYFKATGEMNLNRDFIELIENEIKRRSLGHIISV,-0.515171947459971,1
MRKLSDELLIESYFKATMNLNRDFIELIENEIKRRSLGHIISV,-1.2013568609023473,0
MRKLSDELLIESYFKGATEMNLNRDFIELIENEIKRRSLGHIISV,-1.971818765027295,0
MRKLSDELLIESYFKTEMNLNRDFIELIENEIKRRSLGHIISV,-2.1993598647899373,0
MRKLSDELLIESYGFKATEMNLNRDFIELIENEIKRRSLGHIISV,-3.211726505540914,0
MRKLSDELLIESYKATEMNLNRDFIELIENEIKRRSLGHIISV,-2.578107930449865,0
MRKLSDELLIEYFKATEMNLNRDFIELIENEIKRRSLGHIISV,-1.894851727170535,0
MRKLSDELLIGESYFKATEMNLNRDFIELIENEIKRRSLGHIISV,-3.288223718379096,0
MRKLSDELLISYFKATEMNLNRDFIELIENEIKRRSLGHIISV,-2.0025464573460727,0
MRKLSDGELLIESYFKATEMNLNRDFIELIENEIKRRSLGHIISV,-2.8450260584231923,0
MRKLSDLLIESYFKATEMNLNRDFIELIENEIKRRSLGHIISV,-2.277194321554927,0
MRKLSELLIESYFKATEMNLNRDFIELIENEIKRRSLGHIISV,-2.4298541504812485,0
MRKLSGDELLIESYFKATEMNLNRDFIELIENEIKRRSLGHIISV,-2.660781275975583,0
MRKSDELLIESYFKATEMNLNRDFIELIENEIKRRSLGHIISV,-1.915661689721528,0
MRLSDELLIESYFKATEMNLNRDFIELIENEIKRRSLGHIISV,-0.5236230970449722,1
RKLSDELLIESYFKATEMNLNRDFIELIENEIKRRSLGHIISV,-1.1537435763169,0
