mutated_sequence,DMS_score,DMS_score_bin
ARPMNAFMVWARIHRPALAKANPAANNAEISVQLGLEWNKLSEEQKKPYYDEAQKIKE,0.1121290446449849,1
GRPMNAFMVWARIHRPALAKANPAANNAEISVQLGLEWNKLSEEQKKPYYDEAQKIKE,0.034949110028811,1
PMNAFMVWARIHRPALAKANPAANNAEISVQLGLEWNKLSEEQKKPYYDEAQKIKE,0.1190501817578129,1
RAPMNAFMVWARIHRPALAKANPAANNAEISVQLGLEWNKLSEEQKKPYYDEAQKIKE,-0.1003180608543949,1
RGPMNAFMVWARIHRPALAKANPAANNAEISVQLGLEWNKLSEEQKKPYYDEAQKIKE,0.0220811039559256,1
RMNAFMVWARIHRPALAKANPAANNAEISVQLGLEWNKLSEEQKKPYYDEAQKIKE,0.1173982492069072,1
RPAMNAFMVWARIHRPALAKANPAANNAEISVQLGLEWNKLSEEQKKPYYDEAQKIKE,0.1125689777296514,1
RPGMNAFMVWARIHRPALAKANPAANNAEISVQLGLEWNKLSEEQKKPYYDEAQKIKE,-0.0354527153066621,1
RPMAFMVWARIHRPALAKANPAANNAEISVQLGLEWNKLSEEQKKPYYDEAQKIKE,-0.3079623974431098,1
RPMANAFMVWARIHRPALAKANPAANNAEISVQLGLEWNKLSEEQKKPYYDEAQKIKE,-0.2236665737940928,1
RPMGNAFMVWARIHRPALAKANPAANNAEISVQLGLEWNKLSEEQKKPYYDEAQKIKE,-0.4126339640787408,0
RPMNAAFMVWARIHRPALAKANPAANNAEISVQLGLEWNKLSEEQKKPYYDEAQKIKE,-0.1496795452394086,1
RPMNAFMVWAARIHRPALAKANPAANNAEISVQLGLEWNKLSEEQKKPYYDEAQKIKE,-3.456332967568573,0
RPMNAFMVWARAIHRPALAKANPAANNAEISVQLGLEWNKLSEEQKKPYYDEAQKIKE,-3.691179968018142,0
RPMNAFMVWARIHARPALAKANPAANNAEISVQLGLEWNKLSEEQKKPYYDEAQKIKE,-2.1489487395519333,0
RPMNAFMVWARIHGRPALAKANPAANNAEISVQLGLEWNKLSEEQKKPYYDEAQKIKE,-1.522016283575646,0
RPMNAFMVWARIHPALAKANPAANNAEISVQLGLEWNKLSEEQKKPYYDEAQKIKE,-2.608782448822404,0
RPMNAFMVWARIHRALAKANPAANNAEISVQLGLEWNKLSEEQKKPYYDEAQKIKE,-1.6909009987931771,0
RPMNAFMVWARIHRAPALAKANPAANNAEISVQLGLEWNKLSEEQKKPYYDEAQKIKE,-2.2134783754338927,0
RPMNAFMVWARIHRGPALAKANPAANNAEISVQLGLEWNKLSEEQKKPYYDEAQKIKE,-2.1921651366109494,0
RPMNAFMVWARIHRPAAKANPAANNAEISVQLGLEWNKLSEEQKKPYYDEAQKIKE,-2.8098260283578,0
RPMNAFMVWARIHRPAALAKANPAANNAEISVQLGLEWNKLSEEQKKPYYDEAQKIKE,-2.040530348932004,0
RPMNAFMVWARIHRPAGLAKANPAANNAEISVQLGLEWNKLSEEQKKPYYDEAQKIKE,-3.09208524867797,0
RPMNAFMVWARIHRPALAAKANPAANNAEISVQLGLEWNKLSEEQKKPYYDEAQKIKE,-1.517532066767386,0
RPMNAFMVWARIHRPALAANPAANNAEISVQLGLEWNKLSEEQKKPYYDEAQKIKE,-1.5993283679318822,0
RPMNAFMVWARIHRPALAGKANPAANNAEISVQLGLEWNKLSEEQKKPYYDEAQKIKE,-1.8354096891117024,0
RPMNAFMVWARIHRPALAKAANPAANNAEISVQLGLEWNKLSEEQKKPYYDEAQKIKE,-1.7865459661023977,0
RPMNAFMVWARIHRPALAKAGNPAANNAEISVQLGLEWNKLSEEQKKPYYDEAQKIKE,-1.884569864238392,0
RPMNAFMVWARIHRPALAKANAANNAEISVQLGLEWNKLSEEQKKPYYDEAQKIKE,-1.5719796904566892,0
RPMNAFMVWARIHRPALAKANAPAANNAEISVQLGLEWNKLSEEQKKPYYDEAQKIKE,-2.1524234792036365,0
RPMNAFMVWARIHRPALAKANGPAANNAEISVQLGLEWNKLSEEQKKPYYDEAQKIKE,-1.3850614063109048,0
RPMNAFMVWARIHRPALAKANPAAANNAEISVQLGLEWNKLSEEQKKPYYDEAQKIKE,-1.7140802603449872,0
RPMNAFMVWARIHRPALAKANPAAGNNAEISVQLGLEWNKLSEEQKKPYYDEAQKIKE,-1.8845707747171636,0
RPMNAFMVWARIHRPALAKANPAANAEISVQLGLEWNKLSEEQKKPYYDEAQKIKE,-1.8574507403255383,0
RPMNAFMVWARIHRPALAKANPAANANAEISVQLGLEWNKLSEEQKKPYYDEAQKIKE,-1.9715580329654177,0
RPMNAFMVWARIHRPALAKANPAANGNAEISVQLGLEWNKLSEEQKKPYYDEAQKIKE,-1.8779963401518676,0
RPMNAFMVWARIHRPALAKANPAANNAAEISVQLGLEWNKLSEEQKKPYYDEAQKIKE,-1.652597288081199,0
RPMNAFMVWARIHRPALAKANPAANNAEAISVQLGLEWNKLSEEQKKPYYDEAQKIKE,-1.5736404103912425,0
RPMNAFMVWARIHRPALAKANPAANNAEGISVQLGLEWNKLSEEQKKPYYDEAQKIKE,-2.1494975423818525,0
RPMNAFMVWARIHRPALAKANPAANNAEIASVQLGLEWNKLSEEQKKPYYDEAQKIKE,-2.815574380580845,0
RPMNAFMVWARIHRPALAKANPAANNAEIGSVQLGLEWNKLSEEQKKPYYDEAQKIKE,-2.96707169453412,0
RPMNAFMVWARIHRPALAKANPAANNAEISAVQLGLEWNKLSEEQKKPYYDEAQKIKE,-2.423828618898783,0
RPMNAFMVWARIHRPALAKANPAANNAEISGVQLGLEWNKLSEEQKKPYYDEAQKIKE,-3.4340241701956637,0
RPMNAFMVWARIHRPALAKANPAANNAEISQLGLEWNKLSEEQKKPYYDEAQKIKE,-2.3021065965837475,0
RPMNAFMVWARIHRPALAKANPAANNAEISVAQLGLEWNKLSEEQKKPYYDEAQKIKE,-2.2320880290089136,0
RPMNAFMVWARIHRPALAKANPAANNAEISVGQLGLEWNKLSEEQKKPYYDEAQKIKE,-2.829430826976721,0
RPMNAFMVWARIHRPALAKANPAANNAEISVLGLEWNKLSEEQKKPYYDEAQKIKE,-2.6663402150339928,0
RPMNAFMVWARIHRPALAKANPAANNAEISVQALGLEWNKLSEEQKKPYYDEAQKIKE,-2.5549054977484995,0
RPMNAFMVWARIHRPALAKANPAANNAEISVQGLGLEWNKLSEEQKKPYYDEAQKIKE,-3.353572789254838,0
RPMNAFMVWARIHRPALAKANPAANNAEISVQLGEWNKLSEEQKKPYYDEAQKIKE,-2.8285166976853677,0
RPMNAFMVWARIHRPALAKANPAANNAEISVQLGLAEWNKLSEEQKKPYYDEAQKIKE,-1.898254883155844,0
RPMNAFMVWARIHRPALAKANPAANNAEISVQLGLEAWNKLSEEQKKPYYDEAQKIKE,-2.388207727229246,0
RPMNAFMVWARIHRPALAKANPAANNAEISVQLGLEWANKLSEEQKKPYYDEAQKIKE,-2.818568995152853,0
RPMNAFMVWARIHRPALAKANPAANNAEISVQLGLEWGNKLSEEQKKPYYDEAQKIKE,-3.113279676310287,0
RPMNAFMVWARIHRPALAKANPAANNAEISVQLGLEWNKLSAEEQKKPYYDEAQKIKE,-3.4834169721973947,0
RPMNAFMVWARIHRPALAKANPAANNAEISVQLGLEWNKLSEEQGKKPYYDEAQKIKE,-3.453212087639148,0
RPMNAFMVWARIHRPALAKANPAANNAEISVQLGLEWNKLSEEQKAKPYYDEAQKIKE,-3.1284026409511654,0
RPMNAFMVWARIHRPALAKANPAANNAEISVQLGLEWNKLSEEQKKGPYYDEAQKIKE,-2.794683725835928,0
RPMNAFMVWARIHRPALAKANPAANNAEISVQLGLEWNKLSEEQKKPYAYDEAQKIKE,-2.23183298229253,0
RPMNAFMVWARIHRPALAKANPAANNAEISVQLGLEWNKLSEEQKKPYDEAQKIKE,-2.485161217373398,0
RPMNAFMVWARIHRPALAKANPAANNAEISVQLGLEWNKLSEEQKKPYGYDEAQKIKE,-2.044609263322701,0
RPMNAFMVWARIHRPALAKANPAANNAEISVQLGLEWNKLSEEQKKPYYADEAQKIKE,-1.719284014968597,0
RPMNAFMVWARIHRPALAKANPAANNAEISVQLGLEWNKLSEEQKKPYYDAEAQKIKE,-1.4117048485325625,0
RPMNAFMVWARIHRPALAKANPAANNAEISVQLGLEWNKLSEEQKKPYYDAQKIKE,-1.4005227433340384,0
RPMNAFMVWARIHRPALAKANPAANNAEISVQLGLEWNKLSEEQKKPYYDEAAQKIKE,-0.5416145594532833,0
RPMNAFMVWARIHRPALAKANPAANNAEISVQLGLEWNKLSEEQKKPYYDEAGQKIKE,-0.9369368125979554,0
RPMNAFMVWARIHRPALAKANPAANNAEISVQLGLEWNKLSEEQKKPYYDEAKIKE,-0.8253486371366405,0
RPMNAFMVWARIHRPALAKANPAANNAEISVQLGLEWNKLSEEQKKPYYDEAQAKIKE,-0.6841021751261334,0
RPMNAFMVWARIHRPALAKANPAANNAEISVQLGLEWNKLSEEQKKPYYDEAQGKIKE,-0.8753829726722058,0
RPMNAFMVWARIHRPALAKANPAANNAEISVQLGLEWNKLSEEQKKPYYDEAQIKE,-0.8079064188892544,0
RPMNAFMVWARIHRPALAKANPAANNAEISVQLGLEWNKLSEEQKKPYYDEAQKAIKE,-0.5785858242760025,0
RPMNAFMVWARIHRPALAKANPAANNAEISVQLGLEWNKLSEEQKKPYYDEAQKGIKE,-0.6017951054145372,0
RPMNAFMVWARIHRPALAKANPAANNAEISVQLGLEWNKLSEEQKKPYYDEAQKIAKE,-0.0917742827895233,1
RPMNAFMVWARIHRPALAKANPAANNAEISVQLGLEWNKLSEEQKKPYYDEAQKIE,-0.1770130253176494,1
RPMNAFMVWARIHRPALAKANPAANNAEISVQLGLEWNKLSEEQKKPYYDEAQKIGKE,-0.2147028377229243,1
RPMNAFMVWARIHRPALAKANPAANNAEISVQLGLEWNKLSEEQKKPYYDEAQKIK,-0.2753520210466735,1
RPMNAFMVWARIHRPALAKANPAANNAEISVQLGLEWNKLSEEQKKPYYDEAQKIKAE,0.0191255445534683,1
RPMNAFMVWARIHRPALAKANPAANNAEISVQLGLEWNKLSEEQKKPYYDEAQKIKGE,-0.1496007789575406,1
RPMNAFMVWARIHRPALAKANPAANNAEISVQLGLEWNKLSEEQKKPYYDEAQKKE,-0.6589648183964392,0
RPMNAFMVWARIHRPALAKANPAANNAEISVQLGLEWNKLSEEQKKPYYDEGAQKIKE,-1.711659596981113,0
RPMNAFMVWARIHRPALAKANPAANNAEISVQLGLEWNKLSEEQKKPYYDEQKIKE,-1.5746493760324327,0
RPMNAFMVWARIHRPALAKANPAANNAEISVQLGLEWNKLSEEQKKPYYDGEAQKIKE,-1.5866106554902246,0
RPMNAFMVWARIHRPALAKANPAANNAEISVQLGLEWNKLSEEQKKPYYEAQKIKE,-1.3386710173842469,0
RPMNAFMVWARIHRPALAKANPAANNAEISVQLGLEWNKLSEEQKKPYYGDEAQKIKE,-1.8549656216412596,0
RPMNAFMVWARIHRPALAKANPAANNAEISVQLGLEWNKLSEEQKKYYDEAQKIKE,-2.110703947110286,0
RPMNAFMVWARIHRPALAKANPAANNAEISVQLGLEWNKSEEQKKPYYDEAQKIKE,-3.8059035418730898,0
RPMNAFMVWARIHRPALAKANPAANNAEISVQLGLGEWNKLSEEQKKPYYDEAQKIKE,-2.706560756554634,0
RPMNAFMVWARIHRPALAKANPAANNAEISVQLGLWNKLSEEQKKPYYDEAQKIKE,-2.536794210218531,0
RPMNAFMVWARIHRPALAKANPAANNAEISVQLLEWNKLSEEQKKPYYDEAQKIKE,-2.2161260229540214,0
RPMNAFMVWARIHRPALAKANPAANNAEIVQLGLEWNKLSEEQKKPYYDEAQKIKE,-1.9292069515432884,0
RPMNAFMVWARIHRPALAKANPAANNAESVQLGLEWNKLSEEQKKPYYDEAQKIKE,-2.84613914664261,0
RPMNAFMVWARIHRPALAKANPAANNAGEISVQLGLEWNKLSEEQKKPYYDEAQKIKE,-1.8622486412798849,0
RPMNAFMVWARIHRPALAKANPAANNAISVQLGLEWNKLSEEQKKPYYDEAQKIKE,-2.038465520720062,0
RPMNAFMVWARIHRPALAKANPAANNEISVQLGLEWNKLSEEQKKPYYDEAQKIKE,-2.053732190111368,0
RPMNAFMVWARIHRPALAKANPAANNGAEISVQLGLEWNKLSEEQKKPYYDEAQKIKE,-1.7469710692188445,0
RPMNAFMVWARIHRPALAKANPAGANNAEISVQLGLEWNKLSEEQKKPYYDEAQKIKE,-1.5273385572282447,0
RPMNAFMVWARIHRPALAKANPANNAEISVQLGLEWNKLSEEQKKPYYDEAQKIKE,-1.5894672165890602,0
RPMNAFMVWARIHRPALAKANPGAANNAEISVQLGLEWNKLSEEQKKPYYDEAQKIKE,-1.4520842715698337,0
RPMNAFMVWARIHRPALAKAPAANNAEISVQLGLEWNKLSEEQKKPYYDEAQKIKE,-1.9954006266264388,0
RPMNAFMVWARIHRPALAKGANPAANNAEISVQLGLEWNKLSEEQKKPYYDEAQKIKE,-1.8470487796858743,0
RPMNAFMVWARIHRPALAKNPAANNAEISVQLGLEWNKLSEEQKKPYYDEAQKIKE,-1.6682001369579855,0
RPMNAFMVWARIHRPALGAKANPAANNAEISVQLGLEWNKLSEEQKKPYYDEAQKIKE,-2.383459376108381,0
RPMNAFMVWARIHRPALKANPAANNAEISVQLGLEWNKLSEEQKKPYYDEAQKIKE,-1.977200841376129,0
RPMNAFMVWARIHRPGALAKANPAANNAEISVQLGLEWNKLSEEQKKPYYDEAQKIKE,-2.025528020814276,0
RPMNAFMVWARIHRPLAKANPAANNAEISVQLGLEWNKLSEEQKKPYYDEAQKIKE,-2.3296537491099545,0
RPMNAGFMVWARIHRPALAKANPAANNAEISVQLGLEWNKLSEEQKKPYYDEAQKIKE,-0.3526911623234086,0
RPMNFMVWARIHRPALAKANPAANNAEISVQLGLEWNKLSEEQKKPYYDEAQKIKE,-3.016943771573795,0
RPMNGAFMVWARIHRPALAKANPAANNAEISVQLGLEWNKLSEEQKKPYYDEAQKIKE,-0.2124993368048953,1
RPNAFMVWARIHRPALAKANPAANNAEISVQLGLEWNKLSEEQKKPYYDEAQKIKE,-0.2663925104354492,1
