mutated_sequence,DMS_score,DMS_score_bin
AMTFKLIINGKTLKGETTTEAVDAATAEKVFKQYFNDNGIDGEWTYDDATKTFTITE,0.200417467846075,1
GMTFKLIINGKTLKGETTTEAVDAATAEKVFKQYFNDNGIDGEWTYDDATKTFTITE,-0.0136721022205481,1
MATFKLIINGKTLKGETTTEAVDAATAEKVFKQYFNDNGIDGEWTYDDATKTFTITE,0.2914142831788808,1
MFKLIINGKTLKGETTTEAVDAATAEKVFKQYFNDNGIDGEWTYDDATKTFTITE,-0.5778201129714535,1
MGTFKLIINGKTLKGETTTEAVDAATAEKVFKQYFNDNGIDGEWTYDDATKTFTITE,-0.2458767237273638,1
MTAFKLIINGKTLKGETTTEAVDAATAEKVFKQYFNDNGIDGEWTYDDATKTFTITE,-0.0981835345146469,1
MTFAKLIINGKTLKGETTTEAVDAATAEKVFKQYFNDNGIDGEWTYDDATKTFTITE,-2.813126378746464,0
MTFGKLIINGKTLKGETTTEAVDAATAEKVFKQYFNDNGIDGEWTYDDATKTFTITE,-2.4848969194154065,0
MTFKALIINGKTLKGETTTEAVDAATAEKVFKQYFNDNGIDGEWTYDDATKTFTITE,0.5381814302098005,1
MTFKGLIINGKTLKGETTTEAVDAATAEKVFKQYFNDNGIDGEWTYDDATKTFTITE,-1.4404741765652904,0
MTFKIINGKTLKGETTTEAVDAATAEKVFKQYFNDNGIDGEWTYDDATKTFTITE,-2.839455328852164,0
MTFKLAIINGKTLKGETTTEAVDAATAEKVFKQYFNDNGIDGEWTYDDATKTFTITE,-0.6729218653544695,1
MTFKLGIINGKTLKGETTTEAVDAATAEKVFKQYFNDNGIDGEWTYDDATKTFTITE,-2.4271413942966378,0
MTFKLIAINGKTLKGETTTEAVDAATAEKVFKQYFNDNGIDGEWTYDDATKTFTITE,-1.4002402998894183,0
MTFKLIGINGKTLKGETTTEAVDAATAEKVFKQYFNDNGIDGEWTYDDATKTFTITE,-2.1010925251200137,0
MTFKLIIANGKTLKGETTTEAVDAATAEKVFKQYFNDNGIDGEWTYDDATKTFTITE,-0.8409727799280544,1
MTFKLIIGKTLKGETTTEAVDAATAEKVFKQYFNDNGIDGEWTYDDATKTFTITE,-2.09558185460952,0
MTFKLIIGNGKTLKGETTTEAVDAATAEKVFKQYFNDNGIDGEWTYDDATKTFTITE,-1.4532550526921533,0
MTFKLIINAGKTLKGETTTEAVDAATAEKVFKQYFNDNGIDGEWTYDDATKTFTITE,-0.7007942792306463,1
MTFKLIINGAKTLKGETTTEAVDAATAEKVFKQYFNDNGIDGEWTYDDATKTFTITE,-1.43836241138592,0
MTFKLIINGGKTLKGETTTEAVDAATAEKVFKQYFNDNGIDGEWTYDDATKTFTITE,-1.1599191455357603,0
MTFKLIINGKATLKGETTTEAVDAATAEKVFKQYFNDNGIDGEWTYDDATKTFTITE,-0.9639755952876086,1
MTFKLIINGKGTLKGETTTEAVDAATAEKVFKQYFNDNGIDGEWTYDDATKTFTITE,-0.3346645552527332,1
MTFKLIINGKLKGETTTEAVDAATAEKVFKQYFNDNGIDGEWTYDDATKTFTITE,-0.5702510676625412,1
MTFKLIINGKTALKGETTTEAVDAATAEKVFKQYFNDNGIDGEWTYDDATKTFTITE,-0.5822267005795143,1
MTFKLIINGKTGLKGETTTEAVDAATAEKVFKQYFNDNGIDGEWTYDDATKTFTITE,0.3490848169167804,1
MTFKLIINGKTKGETTTEAVDAATAEKVFKQYFNDNGIDGEWTYDDATKTFTITE,-0.5224610155633584,1
MTFKLIINGKTLAKGETTTEAVDAATAEKVFKQYFNDNGIDGEWTYDDATKTFTITE,-1.0025471362403682,0
MTFKLIINGKTLGETTTEAVDAATAEKVFKQYFNDNGIDGEWTYDDATKTFTITE,-0.6966849009700913,1
MTFKLIINGKTLGKGETTTEAVDAATAEKVFKQYFNDNGIDGEWTYDDATKTFTITE,-0.5110279897898473,1
MTFKLIINGKTLKAGETTTEAVDAATAEKVFKQYFNDNGIDGEWTYDDATKTFTITE,-0.8957510931557713,1
MTFKLIINGKTLKETTTEAVDAATAEKVFKQYFNDNGIDGEWTYDDATKTFTITE,-0.1450710059301121,1
MTFKLIINGKTLKGAETTTEAVDAATAEKVFKQYFNDNGIDGEWTYDDATKTFTITE,-0.7241069508665183,1
MTFKLIINGKTLKGEATTTEAVDAATAEKVFKQYFNDNGIDGEWTYDDATKTFTITE,-0.7619328858156926,1
MTFKLIINGKTLKGEGTTTEAVDAATAEKVFKQYFNDNGIDGEWTYDDATKTFTITE,-1.1118883303723974,0
MTFKLIINGKTLKGETATTEAVDAATAEKVFKQYFNDNGIDGEWTYDDATKTFTITE,-0.7092350918384618,1
MTFKLIINGKTLKGETGTTEAVDAATAEKVFKQYFNDNGIDGEWTYDDATKTFTITE,-1.2637549945421993,0
MTFKLIINGKTLKGETTATEAVDAATAEKVFKQYFNDNGIDGEWTYDDATKTFTITE,-1.438139167581309,0
MTFKLIINGKTLKGETTEAVDAATAEKVFKQYFNDNGIDGEWTYDDATKTFTITE,-1.4414223563715896,0
MTFKLIINGKTLKGETTGTEAVDAATAEKVFKQYFNDNGIDGEWTYDDATKTFTITE,-2.1142714843774737,0
MTFKLIINGKTLKGETTTAEAVDAATAEKVFKQYFNDNGIDGEWTYDDATKTFTITE,-1.2390269963736134,0
MTFKLIINGKTLKGETTTAVDAATAEKVFKQYFNDNGIDGEWTYDDATKTFTITE,-1.1456744412294513,0
MTFKLIINGKTLKGETTTEAAVDAATAEKVFKQYFNDNGIDGEWTYDDATKTFTITE,-2.1988357601942368,0
MTFKLIINGKTLKGETTTEADAATAEKVFKQYFNDNGIDGEWTYDDATKTFTITE,-2.5516754890987348,0
MTFKLIINGKTLKGETTTEAGVDAATAEKVFKQYFNDNGIDGEWTYDDATKTFTITE,-2.453904694128905,0
MTFKLIINGKTLKGETTTEAVAATAEKVFKQYFNDNGIDGEWTYDDATKTFTITE,-3.1018688666648897,0
MTFKLIINGKTLKGETTTEAVADAATAEKVFKQYFNDNGIDGEWTYDDATKTFTITE,-2.3916193000709987,0
MTFKLIINGKTLKGETTTEAVDAAAEKVFKQYFNDNGIDGEWTYDDATKTFTITE,-3.1000711704472104,0
MTFKLIINGKTLKGETTTEAVDAAATAEKVFKQYFNDNGIDGEWTYDDATKTFTITE,-2.8135504908967843,0
MTFKLIINGKTLKGETTTEAVDAAGTAEKVFKQYFNDNGIDGEWTYDDATKTFTITE,-3.046110311760956,0
MTFKLIINGKTLKGETTTEAVDAATAAEKVFKQYFNDNGIDGEWTYDDATKTFTITE,-2.503220738383549,0
MTFKLIINGKTLKGETTTEAVDAATAEAKVFKQYFNDNGIDGEWTYDDATKTFTITE,-3.329378156041155,0
MTFKLIINGKTLKGETTTEAVDAATAEGKVFKQYFNDNGIDGEWTYDDATKTFTITE,-3.635640074276072,0
MTFKLIINGKTLKGETTTEAVDAATAEKAVFKQYFNDNGIDGEWTYDDATKTFTITE,-3.2852995831178244,0
MTFKLIINGKTLKGETTTEAVDAATAEKFKQYFNDNGIDGEWTYDDATKTFTITE,-2.8430569604123184,0
MTFKLIINGKTLKGETTTEAVDAATAEKGVFKQYFNDNGIDGEWTYDDATKTFTITE,-3.713048395982746,0
MTFKLIINGKTLKGETTTEAVDAATAEKVAFKQYFNDNGIDGEWTYDDATKTFTITE,-3.418422505203247,0
MTFKLIINGKTLKGETTTEAVDAATAEKVFAKQYFNDNGIDGEWTYDDATKTFTITE,-1.945709219830616,0
MTFKLIINGKTLKGETTTEAVDAATAEKVFGKQYFNDNGIDGEWTYDDATKTFTITE,-2.8073417477742604,0
MTFKLIINGKTLKGETTTEAVDAATAEKVFKAQYFNDNGIDGEWTYDDATKTFTITE,-0.7915599052798439,1
MTFKLIINGKTLKGETTTEAVDAATAEKVFKGQYFNDNGIDGEWTYDDATKTFTITE,-1.3945894552565143,0
MTFKLIINGKTLKGETTTEAVDAATAEKVFKQAYFNDNGIDGEWTYDDATKTFTITE,-0.9879666513830428,1
MTFKLIINGKTLKGETTTEAVDAATAEKVFKQGYFNDNGIDGEWTYDDATKTFTITE,-1.5211325331931131,0
MTFKLIINGKTLKGETTTEAVDAATAEKVFKQYAFNDNGIDGEWTYDDATKTFTITE,-0.0464355528975395,1
MTFKLIINGKTLKGETTTEAVDAATAEKVFKQYFANDNGIDGEWTYDDATKTFTITE,-0.3415322957386424,1
MTFKLIINGKTLKGETTTEAVDAATAEKVFKQYFDNGIDGEWTYDDATKTFTITE,-0.4806664475569384,1
MTFKLIINGKTLKGETTTEAVDAATAEKVFKQYFGNDNGIDGEWTYDDATKTFTITE,-0.5064563927243864,1
MTFKLIINGKTLKGETTTEAVDAATAEKVFKQYFNADNGIDGEWTYDDATKTFTITE,-0.049487324003147,1
MTFKLIINGKTLKGETTTEAVDAATAEKVFKQYFNDANGIDGEWTYDDATKTFTITE,-0.0279613524233526,1
MTFKLIINGKTLKGETTTEAVDAATAEKVFKQYFNDGIDGEWTYDDATKTFTITE,-0.320027700039625,1
MTFKLIINGKTLKGETTTEAVDAATAEKVFKQYFNDGNGIDGEWTYDDATKTFTITE,-0.3701354515554342,1
MTFKLIINGKTLKGETTTEAVDAATAEKVFKQYFNDNAGIDGEWTYDDATKTFTITE,0.0765120799532992,1
MTFKLIINGKTLKGETTTEAVDAATAEKVFKQYFNDNGAIDGEWTYDDATKTFTITE,-0.0848744597484749,1
MTFKLIINGKTLKGETTTEAVDAATAEKVFKQYFNDNGDGEWTYDDATKTFTITE,-0.9295569760795672,1
MTFKLIINGKTLKGETTTEAVDAATAEKVFKQYFNDNGGIDGEWTYDDATKTFTITE,1.0635218159539659,1
MTFKLIINGKTLKGETTTEAVDAATAEKVFKQYFNDNGIADGEWTYDDATKTFTITE,-0.0015355975774173,1
MTFKLIINGKTLKGETTTEAVDAATAEKVFKQYFNDNGIDAGEWTYDDATKTFTITE,-0.1934296356749714,1
MTFKLIINGKTLKGETTTEAVDAATAEKVFKQYFNDNGIDEWTYDDATKTFTITE,-1.2506655402529163,0
MTFKLIINGKTLKGETTTEAVDAATAEKVFKQYFNDNGIDGAEWTYDDATKTFTITE,-0.4546706465925023,1
MTFKLIINGKTLKGETTTEAVDAATAEKVFKQYFNDNGIDGEAWTYDDATKTFTITE,-1.494086315109346,0
MTFKLIINGKTLKGETTTEAVDAATAEKVFKQYFNDNGIDGEGWTYDDATKTFTITE,-1.5462761181806173,0
MTFKLIINGKTLKGETTTEAVDAATAEKVFKQYFNDNGIDGEWATYDDATKTFTITE,-2.285470765279808,0
MTFKLIINGKTLKGETTTEAVDAATAEKVFKQYFNDNGIDGEWGTYDDATKTFTITE,-2.190301604348451,0
MTFKLIINGKTLKGETTTEAVDAATAEKVFKQYFNDNGIDGEWTAYDDATKTFTITE,-2.674702523621803,0
MTFKLIINGKTLKGETTTEAVDAATAEKVFKQYFNDNGIDGEWTGYDDATKTFTITE,-2.536654381767232,0
MTFKLIINGKTLKGETTTEAVDAATAEKVFKQYFNDNGIDGEWTYADDATKTFTITE,-3.4297308103734303,0
MTFKLIINGKTLKGETTTEAVDAATAEKVFKQYFNDNGIDGEWTYDADATKTFTITE,-3.3824240927914366,0
MTFKLIINGKTLKGETTTEAVDAATAEKVFKQYFNDNGIDGEWTYDATKTFTITE,-3.5631100125440733,0
MTFKLIINGKTLKGETTTEAVDAATAEKVFKQYFNDNGIDGEWTYDDAATKTFTITE,-3.5863068739660235,0
MTFKLIINGKTLKGETTTEAVDAATAEKVFKQYFNDNGIDGEWTYDDAGTKTFTITE,-3.031866746452696,0
MTFKLIINGKTLKGETTTEAVDAATAEKVFKQYFNDNGIDGEWTYDDAKTFTITE,-3.323549479804274,0
MTFKLIINGKTLKGETTTEAVDAATAEKVFKQYFNDNGIDGEWTYDDATAKTFTITE,-4.005056985922493,0
MTFKLIINGKTLKGETTTEAVDAATAEKVFKQYFNDNGIDGEWTYDDATGKTFTITE,-3.464982609636462,0
MTFKLIINGKTLKGETTTEAVDAATAEKVFKQYFNDNGIDGEWTYDDATKATFTITE,-3.272226671487527,0
MTFKLIINGKTLKGETTTEAVDAATAEKVFKQYFNDNGIDGEWTYDDATKFTITE,-3.536359643049241,0
MTFKLIINGKTLKGETTTEAVDAATAEKVFKQYFNDNGIDGEWTYDDATKGTFTITE,-3.620621808601138,0
MTFKLIINGKTLKGETTTEAVDAATAEKVFKQYFNDNGIDGEWTYDDATKTAFTITE,-3.667127367676099,0
MTFKLIINGKTLKGETTTEAVDAATAEKVFKQYFNDNGIDGEWTYDDATKTFATITE,-2.761592396504428,0
MTFKLIINGKTLKGETTTEAVDAATAEKVFKQYFNDNGIDGEWTYDDATKTFGTITE,-3.4269793496471035,0
MTFKLIINGKTLKGETTTEAVDAATAEKVFKQYFNDNGIDGEWTYDDATKTFITE,-2.671469987308703,0
MTFKLIINGKTLKGETTTEAVDAATAEKVFKQYFNDNGIDGEWTYDDATKTFTAITE,-1.4392088132943954,0
MTFKLIINGKTLKGETTTEAVDAATAEKVFKQYFNDNGIDGEWTYDDATKTFTGITE,-2.6807251393074107,0
MTFKLIINGKTLKGETTTEAVDAATAEKVFKQYFNDNGIDGEWTYDDATKTFTIATE,-1.0957619343043987,0
MTFKLIINGKTLKGETTTEAVDAATAEKVFKQYFNDNGIDGEWTYDDATKTFTIE,-1.1745077012248553,0
MTFKLIINGKTLKGETTTEAVDAATAEKVFKQYFNDNGIDGEWTYDDATKTFTIGTE,-1.4562262355959903,0
MTFKLIINGKTLKGETTTEAVDAATAEKVFKQYFNDNGIDGEWTYDDATKTFTIT,-0.8505172686869482,1
MTFKLIINGKTLKGETTTEAVDAATAEKVFKQYFNDNGIDGEWTYDDATKTFTITAE,-0.5721143135317543,1
MTFKLIINGKTLKGETTTEAVDAATAEKVFKQYFNDNGIDGEWTYDDATKTFTITGE,-1.103715298582249,0
MTFKLIINGKTLKGETTTEAVDAATAEKVFKQYFNDNGIDGEWTYDDATKTFTTE,-2.393466655783661,0
MTFKLIINGKTLKGETTTEAVDAATAEKVFKQYFNDNGIDGEWTYDDATKTGFTITE,-4.179824428294066,0
MTFKLIINGKTLKGETTTEAVDAATAEKVFKQYFNDNGIDGEWTYDDATTFTITE,-2.704484293811376,0
MTFKLIINGKTLKGETTTEAVDAATAEKVFKQYFNDNGIDGEWTYDDGATKTFTITE,-3.5058719524103106,0
MTFKLIINGKTLKGETTTEAVDAATAEKVFKQYFNDNGIDGEWTYDDTKTFTITE,-3.3343360502197803,0
MTFKLIINGKTLKGETTTEAVDAATAEKVFKQYFNDNGIDGEWTYDGDATKTFTITE,-3.288452535370483,0
MTFKLIINGKTLKGETTTEAVDAATAEKVFKQYFNDNGIDGGEWTYDDATKTFTITE,-0.31982865186096676,1
MTFKLIINGKTLKGETTTEAVDAATAEKVFKQYFNDNGIDGWTYDDATKTFTITE,-1.8275796736486107,0
MTFKLIINGKTLKGETTTEAVDAATAEKVFKQYFNDNGIGDGEWTYDDATKTFTITE,-0.1241093694103758,1
MTFKLIINGKTLKGETTTEAVDAATAEKVFKQYFNDNGIGEWTYDDATKTFTITE,-0.8674200870163715,1
MTFKLIINGKTLKGETTTEAVDAATAEKVFKQYFNDNIDGEWTYDDATKTFTITE,-0.3841698909660596,1
MTFKLIINGKTLKGETTTEAVDAATAEKVFKQYFNGDNGIDGEWTYDDATKTFTITE,-0.3999052250064023,1
MTFKLIINGKTLKGETTTEAVDAATAEKVFKQYFNNGIDGEWTYDDATKTFTITE,-0.3076516416006183,1
MTFKLIINGKTLKGETTTEAVDAATAEKVFKQYGFNDNGIDGEWTYDDATKTFTITE,-1.7899859797940167,0
MTFKLIINGKTLKGETTTEAVDAATAEKVFKQYNDNGIDGEWTYDDATKTFTITE,-1.6614975007568205,0
MTFKLIINGKTLKGETTTEAVDAATAEKVFKYFNDNGIDGEWTYDDATKTFTITE,-2.0146368535475774,0
MTFKLIINGKTLKGETTTEAVDAATAEKVFQYFNDNGIDGEWTYDDATKTFTITE,-2.166352276765315,0
MTFKLIINGKTLKGETTTEAVDAATAEKVGFKQYFNDNGIDGEWTYDDATKTFTITE,-3.66557621515248,0
MTFKLIINGKTLKGETTTEAVDAATAEKVKQYFNDNGIDGEWTYDDATKTFTITE,-3.0379169449057817,0
MTFKLIINGKTLKGETTTEAVDAATAEVFKQYFNDNGIDGEWTYDDATKTFTITE,-2.6606610438663454,0
MTFKLIINGKTLKGETTTEAVDAATAGEKVFKQYFNDNGIDGEWTYDDATKTFTITE,-2.921834732851217,0
MTFKLIINGKTLKGETTTEAVDAATAKVFKQYFNDNGIDGEWTYDDATKTFTITE,-3.0144830628412658,0
MTFKLIINGKTLKGETTTEAVDAATEKVFKQYFNDNGIDGEWTYDDATKTFTITE,-3.070690704258941,0
MTFKLIINGKTLKGETTTEAVDAATGAEKVFKQYFNDNGIDGEWTYDDATKTFTITE,-3.5381349238914823,0
MTFKLIINGKTLKGETTTEAVDAGATAEKVFKQYFNDNGIDGEWTYDDATKTFTITE,-3.2279405054355723,0
MTFKLIINGKTLKGETTTEAVDATAEKVFKQYFNDNGIDGEWTYDDATKTFTITE,-3.1534794772895403,0
MTFKLIINGKTLKGETTTEAVDGAATAEKVFKQYFNDNGIDGEWTYDDATKTFTITE,-2.736690616085891,0
MTFKLIINGKTLKGETTTEAVGDAATAEKVFKQYFNDNGIDGEWTYDDATKTFTITE,-2.2575487019080653,0
MTFKLIINGKTLKGETTTEGAVDAATAEKVFKQYFNDNGIDGEWTYDDATKTFTITE,-2.29343618093994,0
MTFKLIINGKTLKGETTTEVDAATAEKVFKQYFNDNGIDGEWTYDDATKTFTITE,-1.920142128817101,0
MTFKLIINGKTLKGETTTGEAVDAATAEKVFKQYFNDNGIDGEWTYDDATKTFTITE,-2.063058487371113,0
MTFKLIINGKTLKGGETTTEAVDAATAEKVFKQYFNDNGIDGEWTYDDATKTFTITE,-0.9755348235469824,1
MTFKLIINGKTLKGTTTEAVDAATAEKVFKQYFNDNGIDGEWTYDDATKTFTITE,-0.7863218852286251,1
MTFKLIINGTLKGETTTEAVDAATAEKVFKQYFNDNGIDGEWTYDDATKTFTITE,-0.6103572563301363,1
MTFKLIINKTLKGETTTEAVDAATAEKVFKQYFNDNGIDGEWTYDDATKTFTITE,-1.82298196867626,0
MTFKLINGKTLKGETTTEAVDAATAEKVFKQYFNDNGIDGEWTYDDATKTFTITE,-2.642084656181262,0
MTFLIINGKTLKGETTTEAVDAATAEKVFKQYFNDNGIDGEWTYDDATKTFTITE,-2.445989122131715,0
MTGFKLIINGKTLKGETTTEAVDAATAEKVFKQYFNDNGIDGEWTYDDATKTFTITE,-0.9729507740540848,1
MTKLIINGKTLKGETTTEAVDAATAEKVFKQYFNDNGIDGEWTYDDATKTFTITE,-3.062944100966429,0
TFKLIINGKTLKGETTTEAVDAATAEKVFKQYFNDNGIDGEWTYDDATKTFTITE,-0.4655625607402038,1
