mutated_sequence,DMS_score,DMS_score_bin
ARLIESLSQMLSMGFSDEGGWLTRLLQTKNYDIGAALDTIQ,0.1857071375401955,1
GRLIESLSQMLSMGFSDEGGWLTRLLQTKNYDIGAALDTIQ,0.0695214081896282,1
LIESLSQMLSMGFSDEGGWLTRLLQTKNYDIGAALDTIQ,-0.1656455990852134,1
RALIESLSQMLSMGFSDEGGWLTRLLQTKNYDIGAALDTIQ,-0.0456169634274914,1
RGLIESLSQMLSMGFSDEGGWLTRLLQTKNYDIGAALDTIQ,-0.2389258823174596,1
RIESLSQMLSMGFSDEGGWLTRLLQTKNYDIGAALDTIQ,-1.283264798990831,0
RLAIESLSQMLSMGFSDEGGWLTRLLQTKNYDIGAALDTIQ,-0.3556249334331012,1
RLESLSQMLSMGFSDEGGWLTRLLQTKNYDIGAALDTIQ,-1.2180944288101383,0
RLGIESLSQMLSMGFSDEGGWLTRLLQTKNYDIGAALDTIQ,-1.0426632334457422,0
RLIAESLSQMLSMGFSDEGGWLTRLLQTKNYDIGAALDTIQ,-0.4896567288426912,1
RLIEASLSQMLSMGFSDEGGWLTRLLQTKNYDIGAALDTIQ,-0.7684740605468394,1
RLIEGSLSQMLSMGFSDEGGWLTRLLQTKNYDIGAALDTIQ,-0.9693507034991804,0
RLIELSQMLSMGFSDEGGWLTRLLQTKNYDIGAALDTIQ,-1.568230674444401,0
RLIESALSQMLSMGFSDEGGWLTRLLQTKNYDIGAALDTIQ,-0.26094213987813,1
RLIESGLSQMLSMGFSDEGGWLTRLLQTKNYDIGAALDTIQ,-1.5194346376855965,0
RLIESLASQMLSMGFSDEGGWLTRLLQTKNYDIGAALDTIQ,-1.5610329213473926,0
RLIESLGSQMLSMGFSDEGGWLTRLLQTKNYDIGAALDTIQ,-1.9848168360137168,0
RLIESLQMLSMGFSDEGGWLTRLLQTKNYDIGAALDTIQ,-1.831712991899202,0
RLIESLSAQMLSMGFSDEGGWLTRLLQTKNYDIGAALDTIQ,-1.6703464003251451,0
RLIESLSGQMLSMGFSDEGGWLTRLLQTKNYDIGAALDTIQ,-2.152121828545684,0
RLIESLSMLSMGFSDEGGWLTRLLQTKNYDIGAALDTIQ,-1.6648389929743903,0
RLIESLSQAMLSMGFSDEGGWLTRLLQTKNYDIGAALDTIQ,-1.524972363808077,0
RLIESLSQGMLSMGFSDEGGWLTRLLQTKNYDIGAALDTIQ,-1.8098398520658625,0
RLIESLSQLSMGFSDEGGWLTRLLQTKNYDIGAALDTIQ,-1.922769270434628,0
RLIESLSQMALSMGFSDEGGWLTRLLQTKNYDIGAALDTIQ,-1.5119897289790354,0
RLIESLSQMGLSMGFSDEGGWLTRLLQTKNYDIGAALDTIQ,-1.984512139157604,0
RLIESLSQMLASMGFSDEGGWLTRLLQTKNYDIGAALDTIQ,-0.8139494011151958,1
RLIESLSQMLGSMGFSDEGGWLTRLLQTKNYDIGAALDTIQ,-1.08534005583063,0
RLIESLSQMLMGFSDEGGWLTRLLQTKNYDIGAALDTIQ,-1.3875369972373954,0
RLIESLSQMLSAMGFSDEGGWLTRLLQTKNYDIGAALDTIQ,-0.5462258732748158,1
RLIESLSQMLSGFSDEGGWLTRLLQTKNYDIGAALDTIQ,-1.5739855657534465,0
RLIESLSQMLSGMGFSDEGGWLTRLLQTKNYDIGAALDTIQ,-1.1433368664118326,0
RLIESLSQMLSMAGFSDEGGWLTRLLQTKNYDIGAALDTIQ,-1.1435130903772706,0
RLIESLSQMLSMFSDEGGWLTRLLQTKNYDIGAALDTIQ,-1.395209543320077,0
RLIESLSQMLSMGAFSDEGGWLTRLLQTKNYDIGAALDTIQ,-1.342509127505742,0
RLIESLSQMLSMGFASDEGGWLTRLLQTKNYDIGAALDTIQ,-1.428463570769568,0
RLIESLSQMLSMGFDEGGWLTRLLQTKNYDIGAALDTIQ,-1.442002823419072,0
RLIESLSQMLSMGFGSDEGGWLTRLLQTKNYDIGAALDTIQ,-1.2530790941883572,0
RLIESLSQMLSMGFSADEGGWLTRLLQTKNYDIGAALDTIQ,-1.2624673467310743,0
RLIESLSQMLSMGFSDAEGGWLTRLLQTKNYDIGAALDTIQ,-1.34446567433009,0
RLIESLSQMLSMGFSDEAGGWLTRLLQTKNYDIGAALDTIQ,-1.126914252698947,0
RLIESLSQMLSMGFSDEGAGWLTRLLQTKNYDIGAALDTIQ,-1.0002452488718625,0
RLIESLSQMLSMGFSDEGGAWLTRLLQTKNYDIGAALDTIQ,-1.0893866044430291,0
RLIESLSQMLSMGFSDEGGGWLTRLLQTKNYDIGAALDTIQ,-1.2601077944395787,0
RLIESLSQMLSMGFSDEGGLTRLLQTKNYDIGAALDTIQ,-2.309070047884618,0
RLIESLSQMLSMGFSDEGGWALTRLLQTKNYDIGAALDTIQ,-1.785029521949105,0
RLIESLSQMLSMGFSDEGGWGLTRLLQTKNYDIGAALDTIQ,-1.472776913495869,0
RLIESLSQMLSMGFSDEGGWLATRLLQTKNYDIGAALDTIQ,-1.811760763883309,0
RLIESLSQMLSMGFSDEGGWLGTRLLQTKNYDIGAALDTIQ,-2.1843977835565824,0
RLIESLSQMLSMGFSDEGGWLRLLQTKNYDIGAALDTIQ,-1.711024336301891,0
RLIESLSQMLSMGFSDEGGWLTARLLQTKNYDIGAALDTIQ,-1.890938140634198,0
RLIESLSQMLSMGFSDEGGWLTGRLLQTKNYDIGAALDTIQ,-1.9185105293869693,0
RLIESLSQMLSMGFSDEGGWLTLLQTKNYDIGAALDTIQ,-1.7914168073693164,0
RLIESLSQMLSMGFSDEGGWLTRALLQTKNYDIGAALDTIQ,-1.6901625945081642,0
RLIESLSQMLSMGFSDEGGWLTRGLLQTKNYDIGAALDTIQ,-2.241936632400386,0
RLIESLSQMLSMGFSDEGGWLTRLALQTKNYDIGAALDTIQ,-1.722431991463766,0
RLIESLSQMLSMGFSDEGGWLTRLGLQTKNYDIGAALDTIQ,-1.8342873027961009,0
RLIESLSQMLSMGFSDEGGWLTRLLAQTKNYDIGAALDTIQ,-0.8554133415667258,1
RLIESLSQMLSMGFSDEGGWLTRLLGQTKNYDIGAALDTIQ,-1.1078947431752266,0
RLIESLSQMLSMGFSDEGGWLTRLLQATKNYDIGAALDTIQ,-0.5728240482085174,1
RLIESLSQMLSMGFSDEGGWLTRLLQGTKNYDIGAALDTIQ,-0.8961647005107056,0
RLIESLSQMLSMGFSDEGGWLTRLLQKNYDIGAALDTIQ,-1.4111067431014357,0
RLIESLSQMLSMGFSDEGGWLTRLLQTAKNYDIGAALDTIQ,-0.9840534081475156,0
RLIESLSQMLSMGFSDEGGWLTRLLQTGKNYDIGAALDTIQ,-1.4594589977389374,0
RLIESLSQMLSMGFSDEGGWLTRLLQTKANYDIGAALDTIQ,-1.3289441984116783,0
RLIESLSQMLSMGFSDEGGWLTRLLQTKGNYDIGAALDTIQ,-1.412681946829362,0
RLIESLSQMLSMGFSDEGGWLTRLLQTKNAYDIGAALDTIQ,-1.2363168597744263,0
RLIESLSQMLSMGFSDEGGWLTRLLQTKNDIGAALDTIQ,-1.5184102731925235,0
RLIESLSQMLSMGFSDEGGWLTRLLQTKNGYDIGAALDTIQ,-1.256668397195138,0
RLIESLSQMLSMGFSDEGGWLTRLLQTKNYADIGAALDTIQ,-1.3118890706285908,0
RLIESLSQMLSMGFSDEGGWLTRLLQTKNYDAIGAALDTIQ,-1.1776924586283553,0
RLIESLSQMLSMGFSDEGGWLTRLLQTKNYDGAALDTIQ,-1.6681070805042584,0
RLIESLSQMLSMGFSDEGGWLTRLLQTKNYDGIGAALDTIQ,-1.4873305695221537,0
RLIESLSQMLSMGFSDEGGWLTRLLQTKNYDIAALDTIQ,-1.512664736557134,0
RLIESLSQMLSMGFSDEGGWLTRLLQTKNYDIAGAALDTIQ,-1.3556366602143073,0
RLIESLSQMLSMGFSDEGGWLTRLLQTKNYDIGAAALDTIQ,-1.6101260768839671,0
RLIESLSQMLSMGFSDEGGWLTRLLQTKNYDIGAADTIQ,-1.5795713239984477,0
RLIESLSQMLSMGFSDEGGWLTRLLQTKNYDIGAAGLDTIQ,-1.733239949127667,0
RLIESLSQMLSMGFSDEGGWLTRLLQTKNYDIGAALADTIQ,-1.067123885397871,0
RLIESLSQMLSMGFSDEGGWLTRLLQTKNYDIGAALDATIQ,-1.0820697822271712,0
RLIESLSQMLSMGFSDEGGWLTRLLQTKNYDIGAALDGTIQ,-1.2728608088177793,0
RLIESLSQMLSMGFSDEGGWLTRLLQTKNYDIGAALDIQ,-1.4349172557202454,0
RLIESLSQMLSMGFSDEGGWLTRLLQTKNYDIGAALDTAIQ,-0.9933585431017478,0
RLIESLSQMLSMGFSDEGGWLTRLLQTKNYDIGAALDTGIQ,-1.3023944880875653,0
RLIESLSQMLSMGFSDEGGWLTRLLQTKNYDIGAALDTI,-0.162552703103771,1
RLIESLSQMLSMGFSDEGGWLTRLLQTKNYDIGAALDTIAQ,0.3048267370942028,1
RLIESLSQMLSMGFSDEGGWLTRLLQTKNYDIGAALDTIGQ,-0.0933506265081836,1
RLIESLSQMLSMGFSDEGGWLTRLLQTKNYDIGAALDTQ,-1.544075164121274,0
RLIESLSQMLSMGFSDEGGWLTRLLQTKNYDIGAALGDTIQ,-1.4246000430918508,0
RLIESLSQMLSMGFSDEGGWLTRLLQTKNYDIGAALTIQ,-1.4579930681818127,0
RLIESLSQMLSMGFSDEGGWLTRLLQTKNYDIGAGALDTIQ,-1.576896188858341,0
RLIESLSQMLSMGFSDEGGWLTRLLQTKNYDIGALDTIQ,-1.6354150658443967,0
RLIESLSQMLSMGFSDEGGWLTRLLQTKNYDIGGAALDTIQ,-1.687853290215408,0
RLIESLSQMLSMGFSDEGGWLTRLLQTKNYGDIGAALDTIQ,-1.3231395391674985,0
RLIESLSQMLSMGFSDEGGWLTRLLQTKNYIGAALDTIQ,-1.086890170413661,0
RLIESLSQMLSMGFSDEGGWLTRLLQTKYDIGAALDTIQ,-1.4359575651510714,0
RLIESLSQMLSMGFSDEGGWLTRLLQTNYDIGAALDTIQ,-1.4828536088672626,0
RLIESLSQMLSMGFSDEGGWLTRLLTKNYDIGAALDTIQ,-1.3905633541429403,0
RLIESLSQMLSMGFSDEGGWLTRLQTKNYDIGAALDTIQ,-2.1325671471593624,0
RLIESLSQMLSMGFSDEGGWTRLLQTKNYDIGAALDTIQ,-2.1707232060362807,0
RLIESLSQMLSMGFSDEGWLTRLLQTKNYDIGAALDTIQ,-1.392299573324315,0
RLIESLSQMLSMGFSDGEGGWLTRLLQTKNYDIGAALDTIQ,-1.5198580404944986,0
RLIESLSQMLSMGFSDGGWLTRLLQTKNYDIGAALDTIQ,-1.4242333663301028,0
RLIESLSQMLSMGFSEGGWLTRLLQTKNYDIGAALDTIQ,-1.5022303606044345,0
RLIESLSQMLSMGFSGDEGGWLTRLLQTKNYDIGAALDTIQ,-1.3918826590875046,0
RLIESLSQMLSMGGFSDEGGWLTRLLQTKNYDIGAALDTIQ,-1.3546659908451584,0
RLIESLSQMLSMGSDEGGWLTRLLQTKNYDIGAALDTIQ,-1.8735311244880173,0
RLIESLSQMSMGFSDEGGWLTRLLQTKNYDIGAALDTIQ,-2.407452418871053,0
RLIESSQMLSMGFSDEGGWLTRLLQTKNYDIGAALDTIQ,-2.4852808812957394,0
RLIGESLSQMLSMGFSDEGGWLTRLLQTKNYDIGAALDTIQ,-1.1383584452699207,0
RLISLSQMLSMGFSDEGGWLTRLLQTKNYDIGAALDTIQ,-1.1701681126339547,0
