mutated_sequence,DMS_score,DMS_score_bin
AAESVIGKRVGDDGKTIEYLVKWTDMSDATWEPQDNVDSTLVLLYQQ,-0.581922821717102,1
AAVAESVIGKRVGDDGKTIEYLVKWTDMSDATWEPQDNVDSTLVLLYQQ,-0.11860839800175445,1
AGVAESVIGKRVGDDGKTIEYLVKWTDMSDATWEPQDNVDSTLVLLYQQ,-0.1738853774398365,1
AVAAESVIGKRVGDDGKTIEYLVKWTDMSDATWEPQDNVDSTLVLLYQQ,-0.5915374971257696,1
AVAEASVIGKRVGDDGKTIEYLVKWTDMSDATWEPQDNVDSTLVLLYQQ,-0.6378228867779909,1
AVAEGSVIGKRVGDDGKTIEYLVKWTDMSDATWEPQDNVDSTLVLLYQQ,-1.1650856975494122,1
AVAESAVIGKRVGDDGKTIEYLVKWTDMSDATWEPQDNVDSTLVLLYQQ,-1.3293345118234918,1
AVAESGVIGKRVGDDGKTIEYLVKWTDMSDATWEPQDNVDSTLVLLYQQ,-2.077582964607952,0
AVAESIGKRVGDDGKTIEYLVKWTDMSDATWEPQDNVDSTLVLLYQQ,-3.07711772252509,0
AVAESVAIGKRVGDDGKTIEYLVKWTDMSDATWEPQDNVDSTLVLLYQQ,-2.7868398730182493,0
AVAESVGIGKRVGDDGKTIEYLVKWTDMSDATWEPQDNVDSTLVLLYQQ,-3.3009939499696443,0
AVAESVGKRVGDDGKTIEYLVKWTDMSDATWEPQDNVDSTLVLLYQQ,-3.255445485570713,0
AVAESVIAGKRVGDDGKTIEYLVKWTDMSDATWEPQDNVDSTLVLLYQQ,-2.1966522324784314,0
AVAESVIGAKRVGDDGKTIEYLVKWTDMSDATWEPQDNVDSTLVLLYQQ,-2.3864586555650917,0
AVAESVIGGKRVGDDGKTIEYLVKWTDMSDATWEPQDNVDSTLVLLYQQ,-2.5838678713476173,0
AVAESVIGKARVGDDGKTIEYLVKWTDMSDATWEPQDNVDSTLVLLYQQ,-3.386081328049825,0
AVAESVIGKGRVGDDGKTIEYLVKWTDMSDATWEPQDNVDSTLVLLYQQ,-3.4293304853824766,0
AVAESVIGKRAVGDDGKTIEYLVKWTDMSDATWEPQDNVDSTLVLLYQQ,-1.4488076328691604,1
AVAESVIGKRGDDGKTIEYLVKWTDMSDATWEPQDNVDSTLVLLYQQ,-1.964240261357473,0
AVAESVIGKRGVGDDGKTIEYLVKWTDMSDATWEPQDNVDSTLVLLYQQ,-1.7942075559908366,0
AVAESVIGKRVAGDDGKTIEYLVKWTDMSDATWEPQDNVDSTLVLLYQQ,-1.2641779538998683,1
AVAESVIGKRVDDGKTIEYLVKWTDMSDATWEPQDNVDSTLVLLYQQ,-2.1951426316156937,0
AVAESVIGKRVGADDGKTIEYLVKWTDMSDATWEPQDNVDSTLVLLYQQ,-1.8921863798601288,0
AVAESVIGKRVGDADGKTIEYLVKWTDMSDATWEPQDNVDSTLVLLYQQ,-1.972581692688549,0
AVAESVIGKRVGDDAGKTIEYLVKWTDMSDATWEPQDNVDSTLVLLYQQ,-2.0017015041717565,0
AVAESVIGKRVGDDGAKTIEYLVKWTDMSDATWEPQDNVDSTLVLLYQQ,-2.2482380322854985,0
AVAESVIGKRVGDDGGKTIEYLVKWTDMSDATWEPQDNVDSTLVLLYQQ,-2.221387395587581,0
AVAESVIGKRVGDDGKATIEYLVKWTDMSDATWEPQDNVDSTLVLLYQQ,-2.2954031917751645,0
AVAESVIGKRVGDDGKGTIEYLVKWTDMSDATWEPQDNVDSTLVLLYQQ,-1.4636426375779097,1
AVAESVIGKRVGDDGKIEYLVKWTDMSDATWEPQDNVDSTLVLLYQQ,0.651392238883377,1
AVAESVIGKRVGDDGKTAIEYLVKWTDMSDATWEPQDNVDSTLVLLYQQ,-2.620410178333816,0
AVAESVIGKRVGDDGKTEYLVKWTDMSDATWEPQDNVDSTLVLLYQQ,0.0189992083839904,1
AVAESVIGKRVGDDGKTGIEYLVKWTDMSDATWEPQDNVDSTLVLLYQQ,-2.427686875888243,0
AVAESVIGKRVGDDGKTIAEYLVKWTDMSDATWEPQDNVDSTLVLLYQQ,-2.952265004483269,0
AVAESVIGKRVGDDGKTIEAYLVKWTDMSDATWEPQDNVDSTLVLLYQQ,-2.67015119665114,0
AVAESVIGKRVGDDGKTIEGYLVKWTDMSDATWEPQDNVDSTLVLLYQQ,-3.51400125415926,0
AVAESVIGKRVGDDGKTIELVKWTDMSDATWEPQDNVDSTLVLLYQQ,-3.5144190124910457,0
AVAESVIGKRVGDDGKTIEYALVKWTDMSDATWEPQDNVDSTLVLLYQQ,-3.1808457086853434,0
AVAESVIGKRVGDDGKTIEYGLVKWTDMSDATWEPQDNVDSTLVLLYQQ,-3.549827753105515,0
AVAESVIGKRVGDDGKTIEYLAVKWTDMSDATWEPQDNVDSTLVLLYQQ,-3.1698383270787223,0
AVAESVIGKRVGDDGKTIEYLGVKWTDMSDATWEPQDNVDSTLVLLYQQ,-3.5861693098863667,0
AVAESVIGKRVGDDGKTIEYLKWTDMSDATWEPQDNVDSTLVLLYQQ,-3.8153441322360777,0
AVAESVIGKRVGDDGKTIEYLVAKWTDMSDATWEPQDNVDSTLVLLYQQ,-2.397481642103325,0
AVAESVIGKRVGDDGKTIEYLVGKWTDMSDATWEPQDNVDSTLVLLYQQ,-2.659630125420826,0
AVAESVIGKRVGDDGKTIEYLVKAWTDMSDATWEPQDNVDSTLVLLYQQ,-2.9001122674377293,0
AVAESVIGKRVGDDGKTIEYLVKGWTDMSDATWEPQDNVDSTLVLLYQQ,-2.863218952872244,0
AVAESVIGKRVGDDGKTIEYLVKTDMSDATWEPQDNVDSTLVLLYQQ,-2.683745385168929,0
AVAESVIGKRVGDDGKTIEYLVKWATDMSDATWEPQDNVDSTLVLLYQQ,-1.1243425704291767,1
AVAESVIGKRVGDDGKTIEYLVKWDMSDATWEPQDNVDSTLVLLYQQ,-0.8914106601641802,1
AVAESVIGKRVGDDGKTIEYLVKWGTDMSDATWEPQDNVDSTLVLLYQQ,-0.8755864205580473,1
AVAESVIGKRVGDDGKTIEYLVKWTADMSDATWEPQDNVDSTLVLLYQQ,-1.1008693330113437,1
AVAESVIGKRVGDDGKTIEYLVKWTDAMSDATWEPQDNVDSTLVLLYQQ,-0.7754173726352032,1
AVAESVIGKRVGDDGKTIEYLVKWTDGMSDATWEPQDNVDSTLVLLYQQ,-0.8393755877852396,1
AVAESVIGKRVGDDGKTIEYLVKWTDMASDATWEPQDNVDSTLVLLYQQ,-1.0474756387481226,1
AVAESVIGKRVGDDGKTIEYLVKWTDMDATWEPQDNVDSTLVLLYQQ,0.0335898132131244,1
AVAESVIGKRVGDDGKTIEYLVKWTDMGSDATWEPQDNVDSTLVLLYQQ,-0.9206010835211108,1
AVAESVIGKRVGDDGKTIEYLVKWTDMSADATWEPQDNVDSTLVLLYQQ,-0.849482898075463,1
AVAESVIGKRVGDDGKTIEYLVKWTDMSATWEPQDNVDSTLVLLYQQ,0.966820789339658,1
AVAESVIGKRVGDDGKTIEYLVKWTDMSDAATWEPQDNVDSTLVLLYQQ,-1.3418832507581673,1
AVAESVIGKRVGDDGKTIEYLVKWTDMSDAGTWEPQDNVDSTLVLLYQQ,-2.1936480329185453,0
AVAESVIGKRVGDDGKTIEYLVKWTDMSDATAWEPQDNVDSTLVLLYQQ,-2.8507167792411376,0
AVAESVIGKRVGDDGKTIEYLVKWTDMSDATEPQDNVDSTLVLLYQQ,-3.2553597908874696,0
AVAESVIGKRVGDDGKTIEYLVKWTDMSDATGWEPQDNVDSTLVLLYQQ,-2.945178923090473,0
AVAESVIGKRVGDDGKTIEYLVKWTDMSDATWAEPQDNVDSTLVLLYQQ,-3.005276032423793,0
AVAESVIGKRVGDDGKTIEYLVKWTDMSDATWEAPQDNVDSTLVLLYQQ,-2.9062416640872923,0
AVAESVIGKRVGDDGKTIEYLVKWTDMSDATWEGPQDNVDSTLVLLYQQ,-3.0589274830960798,0
AVAESVIGKRVGDDGKTIEYLVKWTDMSDATWEPAQDNVDSTLVLLYQQ,-2.6324365650072075,0
AVAESVIGKRVGDDGKTIEYLVKWTDMSDATWEPDNVDSTLVLLYQQ,-2.043289219642533,0
AVAESVIGKRVGDDGKTIEYLVKWTDMSDATWEPGQDNVDSTLVLLYQQ,-2.8572339978777417,0
AVAESVIGKRVGDDGKTIEYLVKWTDMSDATWEPQADNVDSTLVLLYQQ,-2.7142068819155023,0
AVAESVIGKRVGDDGKTIEYLVKWTDMSDATWEPQDANVDSTLVLLYQQ,-2.541348517523545,0
AVAESVIGKRVGDDGKTIEYLVKWTDMSDATWEPQDGNVDSTLVLLYQQ,-2.370704268788998,0
AVAESVIGKRVGDDGKTIEYLVKWTDMSDATWEPQDNAVDSTLVLLYQQ,-2.866180548810897,0
AVAESVIGKRVGDDGKTIEYLVKWTDMSDATWEPQDNDSTLVLLYQQ,-2.5649345486039543,0
AVAESVIGKRVGDDGKTIEYLVKWTDMSDATWEPQDNGVDSTLVLLYQQ,-2.451213991957484,0
AVAESVIGKRVGDDGKTIEYLVKWTDMSDATWEPQDNVADSTLVLLYQQ,-2.153903498185008,0
AVAESVIGKRVGDDGKTIEYLVKWTDMSDATWEPQDNVDASTLVLLYQQ,-2.3104289588964297,0
AVAESVIGKRVGDDGKTIEYLVKWTDMSDATWEPQDNVDGSTLVLLYQQ,-2.464252298813883,0
AVAESVIGKRVGDDGKTIEYLVKWTDMSDATWEPQDNVDSATLVLLYQQ,-2.029715715759276,0
AVAESVIGKRVGDDGKTIEYLVKWTDMSDATWEPQDNVDSGTLVLLYQQ,-2.470986901332501,0
AVAESVIGKRVGDDGKTIEYLVKWTDMSDATWEPQDNVDSLVLLYQQ,-2.622914302650026,0
AVAESVIGKRVGDDGKTIEYLVKWTDMSDATWEPQDNVDSTALVLLYQQ,-2.524703204848852,0
AVAESVIGKRVGDDGKTIEYLVKWTDMSDATWEPQDNVDSTGLVLLYQQ,-2.5566019513544056,0
AVAESVIGKRVGDDGKTIEYLVKWTDMSDATWEPQDNVDSTLAVLLYQQ,-2.4874073175315727,0
AVAESVIGKRVGDDGKTIEYLVKWTDMSDATWEPQDNVDSTLGVLLYQQ,-3.0215975879975163,0
AVAESVIGKRVGDDGKTIEYLVKWTDMSDATWEPQDNVDSTLLLYQQ,-2.491799348471204,0
AVAESVIGKRVGDDGKTIEYLVKWTDMSDATWEPQDNVDSTLVALLYQQ,-1.9552695587683255,0
AVAESVIGKRVGDDGKTIEYLVKWTDMSDATWEPQDNVDSTLVGLLYQQ,-2.418953463544792,0
AVAESVIGKRVGDDGKTIEYLVKWTDMSDATWEPQDNVDSTLVLALYQQ,-1.9704120768863087,0
AVAESVIGKRVGDDGKTIEYLVKWTDMSDATWEPQDNVDSTLVLGLYQQ,-2.4902689593948115,0
AVAESVIGKRVGDDGKTIEYLVKWTDMSDATWEPQDNVDSTLVLLAYQQ,-1.9893560515227449,0
AVAESVIGKRVGDDGKTIEYLVKWTDMSDATWEPQDNVDSTLVLLGYQQ,-2.465784298560018,0
AVAESVIGKRVGDDGKTIEYLVKWTDMSDATWEPQDNVDSTLVLLQQ,-2.645422058313233,0
AVAESVIGKRVGDDGKTIEYLVKWTDMSDATWEPQDNVDSTLVLLYAQQ,-0.3487254341979882,1
AVAESVIGKRVGDDGKTIEYLVKWTDMSDATWEPQDNVDSTLVLLYGQQ,-0.6235777734622823,1
AVAESVIGKRVGDDGKTIEYLVKWTDMSDATWEPQDNVDSTLVLLYQ,-0.5453111631706717,1
AVAESVIGKRVGDDGKTIEYLVKWTDMSDATWEPQDNVDSTLVLLYQAQ,-0.2251580772452617,1
AVAESVIGKRVGDDGKTIEYLVKWTDMSDATWEPQDNVDSTLVLLYQGQ,-0.5153722989747207,1
AVAESVIGKRVGDDGKTIEYLVKWTDMSDATWEPQDNVDSTLVLYQQ,-2.8974518413229347,0
AVAESVIGKRVGDDGKTIEYLVKWTDMSDATWEPQDNVDSTVLLYQQ,-2.801954322064106,0
AVAESVIGKRVGDDGKTIEYLVKWTDMSDATWEPQDNVDTLVLLYQQ,-2.517739701078634,0
AVAESVIGKRVGDDGKTIEYLVKWTDMSDATWEPQDNVGDSTLVLLYQQ,-2.2711649809745342,0
AVAESVIGKRVGDDGKTIEYLVKWTDMSDATWEPQDNVSTLVLLYQQ,-2.130301536085881,0
AVAESVIGKRVGDDGKTIEYLVKWTDMSDATWEPQDVDSTLVLLYQQ,-2.286715395387917,0
AVAESVIGKRVGDDGKTIEYLVKWTDMSDATWEPQGDNVDSTLVLLYQQ,-2.1522837430872475,0
AVAESVIGKRVGDDGKTIEYLVKWTDMSDATWEPQNVDSTLVLLYQQ,-2.473249947359138,0
AVAESVIGKRVGDDGKTIEYLVKWTDMSDATWEQDNVDSTLVLLYQQ,-1.6661500244372212,0
AVAESVIGKRVGDDGKTIEYLVKWTDMSDATWGEPQDNVDSTLVLLYQQ,-2.8761411255472016,0
AVAESVIGKRVGDDGKTIEYLVKWTDMSDATWPQDNVDSTLVLLYQQ,-3.390553133907672,0
AVAESVIGKRVGDDGKTIEYLVKWTDMSDAWEPQDNVDSTLVLLYQQ,-2.149953718103155,0
AVAESVIGKRVGDDGKTIEYLVKWTDMSDGATWEPQDNVDSTLVLLYQQ,-1.0520326687326695,1
AVAESVIGKRVGDDGKTIEYLVKWTDMSDTWEPQDNVDSTLVLLYQQ,-0.5288516282087614,1
AVAESVIGKRVGDDGKTIEYLVKWTDMSGDATWEPQDNVDSTLVLLYQQ,-1.2108943859704902,1
AVAESVIGKRVGDDGKTIEYLVKWTDSDATWEPQDNVDSTLVLLYQQ,0.1173526215303693,1
AVAESVIGKRVGDDGKTIEYLVKWTGDMSDATWEPQDNVDSTLVLLYQQ,-0.3173546408424186,1
AVAESVIGKRVGDDGKTIEYLVKWTMSDATWEPQDNVDSTLVLLYQQ,-0.3134190233764182,1
AVAESVIGKRVGDDGKTIEYLVWTDMSDATWEPQDNVDSTLVLLYQQ,-2.640689000610438,0
AVAESVIGKRVGDDGKTIEYVKWTDMSDATWEPQDNVDSTLVLLYQQ,-3.463225232842219,0
AVAESVIGKRVGDDGKTIGEYLVKWTDMSDATWEPQDNVDSTLVLLYQQ,-3.584377621153149,0
AVAESVIGKRVGDDGKTIYLVKWTDMSDATWEPQDNVDSTLVLLYQQ,-1.2638840827552755,1
AVAESVIGKRVGDDGTIEYLVKWTDMSDATWEPQDNVDSTLVLLYQQ,0.5648270817305199,1
AVAESVIGKRVGDDKTIEYLVKWTDMSDATWEPQDNVDSTLVLLYQQ,-1.2728000438642777,1
AVAESVIGKRVGDGDGKTIEYLVKWTDMSDATWEPQDNVDSTLVLLYQQ,-2.0183202945233685,0
AVAESVIGKRVGDGKTIEYLVKWTDMSDATWEPQDNVDSTLVLLYQQ,-1.379554692779546,1
AVAESVIGKRVGGDDGKTIEYLVKWTDMSDATWEPQDNVDSTLVLLYQQ,-1.0195646016000262,1
AVAESVIGKVGDDGKTIEYLVKWTDMSDATWEPQDNVDSTLVLLYQQ,-2.8882339036147724,0
AVAESVIGRVGDDGKTIEYLVKWTDMSDATWEPQDNVDSTLVLLYQQ,-2.8815711700398525,0
AVAESVIKRVGDDGKTIEYLVKWTDMSDATWEPQDNVDSTLVLLYQQ,-2.6778494697726547,0
AVAEVIGKRVGDDGKTIEYLVKWTDMSDATWEPQDNVDSTLVLLYQQ,-0.2553530547756355,1
AVAGESVIGKRVGDDGKTIEYLVKWTDMSDATWEPQDNVDSTLVLLYQQ,-1.4766222319448297,1
AVASVIGKRVGDDGKTIEYLVKWTDMSDATWEPQDNVDSTLVLLYQQ,-0.2398389045132551,1
AVESVIGKRVGDDGKTIEYLVKWTDMSDATWEPQDNVDSTLVLLYQQ,-0.8851428570199054,1
AVGAESVIGKRVGDDGKTIEYLVKWTDMSDATWEPQDNVDSTLVLLYQQ,-0.9159239333452942,1
GAVAESVIGKRVGDDGKTIEYLVKWTDMSDATWEPQDNVDSTLVLLYQQ,-0.0291137893038153,1
VAESVIGKRVGDDGKTIEYLVKWTDMSDATWEPQDNVDSTLVLLYQQ,-0.2245796919224489,1
