mutated_sequence,DMS_score,DMS_score_bin
AGATAVSEWTEYKTADGKTYYYNNRTLESTWEKPQELK,0.2757880241340498,1
ATAVSEWTEYKTADGKTYYYNNRTLESTWEKPQELK,-0.0674407356068624,1
GAATAVSEWTEYKTADGKTYYYNNRTLESTWEKPQELK,0.045998784613554305,1
GAAVSEWTEYKTADGKTYYYNNRTLESTWEKPQELK,0.1415950161912786,1
GAGTAVSEWTEYKTADGKTYYYNNRTLESTWEKPQELK,-0.071138290508594,1
GATAAVSEWTEYKTADGKTYYYNNRTLESTWEKPQELK,0.02610671797889385,1
GATAGVSEWTEYKTADGKTYYYNNRTLESTWEKPQELK,0.124343431034438,1
GATASEWTEYKTADGKTYYYNNRTLESTWEKPQELK,0.079261834803082,1
GATAVASEWTEYKTADGKTYYYNNRTLESTWEKPQELK,-0.0757330187863458,1
GATAVEWTEYKTADGKTYYYNNRTLESTWEKPQELK,-0.2076421053892967,1
GATAVGSEWTEYKTADGKTYYYNNRTLESTWEKPQELK,-0.0985657317082391,1
GATAVSAEWTEYKTADGKTYYYNNRTLESTWEKPQELK,-0.0767388917210016,1
GATAVSEAWTEYKTADGKTYYYNNRTLESTWEKPQELK,-0.6750019942826069,1
GATAVSEGWTEYKTADGKTYYYNNRTLESTWEKPQELK,-0.8180145668600809,1
GATAVSEWATEYKTADGKTYYYNNRTLESTWEKPQELK,-2.2341261290820817,0
GATAVSEWEYKTADGKTYYYNNRTLESTWEKPQELK,-1.593851905121186,0
GATAVSEWGTEYKTADGKTYYYNNRTLESTWEKPQELK,-2.22386036213543,0
GATAVSEWTAEYKTADGKTYYYNNRTLESTWEKPQELK,-2.27217762164468,0
GATAVSEWTEAYKTADGKTYYYNNRTLESTWEKPQELK,-2.105194987356656,0
GATAVSEWTEGYKTADGKTYYYNNRTLESTWEKPQELK,-2.348045315629311,0
GATAVSEWTEKTADGKTYYYNNRTLESTWEKPQELK,-1.2675857171884757,0
GATAVSEWTEYAKTADGKTYYYNNRTLESTWEKPQELK,-2.1274305712363324,0
GATAVSEWTEYGKTADGKTYYYNNRTLESTWEKPQELK,-2.505701771493178,0
GATAVSEWTEYKADGKTYYYNNRTLESTWEKPQELK,-1.204332919002119,0
GATAVSEWTEYKATADGKTYYYNNRTLESTWEKPQELK,-1.9318525058572675,0
GATAVSEWTEYKTAADGKTYYYNNRTLESTWEKPQELK,-1.4588286341865386,0
GATAVSEWTEYKTADAGKTYYYNNRTLESTWEKPQELK,-2.2728481224611845,0
GATAVSEWTEYKTADGAKTYYYNNRTLESTWEKPQELK,-1.6051362453388835,0
GATAVSEWTEYKTADGGKTYYYNNRTLESTWEKPQELK,-1.423234291538352,0
GATAVSEWTEYKTADGKATYYYNNRTLESTWEKPQELK,-1.3908758824232217,0
GATAVSEWTEYKTADGKGTYYYNNRTLESTWEKPQELK,-1.279428049495516,0
GATAVSEWTEYKTADGKTAYYYNNRTLESTWEKPQELK,-1.8124045891067264,0
GATAVSEWTEYKTADGKTGYYYNNRTLESTWEKPQELK,-2.12420734530776,0
GATAVSEWTEYKTADGKTYAYYNNRTLESTWEKPQELK,-2.50315831956394,0
GATAVSEWTEYKTADGKTYGYYNNRTLESTWEKPQELK,-2.3180999220217977,0
GATAVSEWTEYKTADGKTYYAYNNRTLESTWEKPQELK,-2.295439969992947,0
GATAVSEWTEYKTADGKTYYGYNNRTLESTWEKPQELK,-2.401198676791481,0
GATAVSEWTEYKTADGKTYYNNRTLESTWEKPQELK,-2.008015323102902,0
GATAVSEWTEYKTADGKTYYYANNRTLESTWEKPQELK,-1.744848319613081,0
GATAVSEWTEYKTADGKTYYYGNNRTLESTWEKPQELK,-2.523977921857518,0
GATAVSEWTEYKTADGKTYYYNANRTLESTWEKPQELK,-2.079552914539373,0
GATAVSEWTEYKTADGKTYYYNGNRTLESTWEKPQELK,-2.259158374303797,0
GATAVSEWTEYKTADGKTYYYNNARTLESTWEKPQELK,-2.176422738343507,0
GATAVSEWTEYKTADGKTYYYNNGRTLESTWEKPQELK,-2.1075934904063014,0
GATAVSEWTEYKTADGKTYYYNNRATLESTWEKPQELK,-1.7400053328912857,0
GATAVSEWTEYKTADGKTYYYNNRGTLESTWEKPQELK,-2.1281110502153497,0
GATAVSEWTEYKTADGKTYYYNNRLESTWEKPQELK,-1.593213265470652,0
GATAVSEWTEYKTADGKTYYYNNRTALESTWEKPQELK,-2.128597771327836,0
GATAVSEWTEYKTADGKTYYYNNRTESTWEKPQELK,-1.7507889154083929,0
GATAVSEWTEYKTADGKTYYYNNRTGLESTWEKPQELK,-1.7068386500015496,0
GATAVSEWTEYKTADGKTYYYNNRTLAESTWEKPQELK,-1.83015439060926,0
GATAVSEWTEYKTADGKTYYYNNRTLEASTWEKPQELK,-2.497425318618111,0
GATAVSEWTEYKTADGKTYYYNNRTLEGSTWEKPQELK,-2.2682587351258263,0
GATAVSEWTEYKTADGKTYYYNNRTLESATWEKPQELK,-2.0660222528638483,0
GATAVSEWTEYKTADGKTYYYNNRTLESGTWEKPQELK,-2.2661744070305145,0
GATAVSEWTEYKTADGKTYYYNNRTLESTAWEKPQELK,-1.9809048782360976,0
GATAVSEWTEYKTADGKTYYYNNRTLESTEKPQELK,-1.575989825517114,0
GATAVSEWTEYKTADGKTYYYNNRTLESTGWEKPQELK,-1.7857521286579463,0
GATAVSEWTEYKTADGKTYYYNNRTLESTWAEKPQELK,-1.7768235323781547,0
GATAVSEWTEYKTADGKTYYYNNRTLESTWEAKPQELK,-1.8376383607711984,0
GATAVSEWTEYKTADGKTYYYNNRTLESTWEGKPQELK,-1.7181368018647705,0
GATAVSEWTEYKTADGKTYYYNNRTLESTWEKAPQELK,-1.462438405848172,0
GATAVSEWTEYKTADGKTYYYNNRTLESTWEKGPQELK,-1.594878300340075,0
GATAVSEWTEYKTADGKTYYYNNRTLESTWEKPAQELK,-0.6312391067401752,1
GATAVSEWTEYKTADGKTYYYNNRTLESTWEKPGQELK,-0.5269473986843285,1
GATAVSEWTEYKTADGKTYYYNNRTLESTWEKPQAELK,-0.5725412534838177,1
GATAVSEWTEYKTADGKTYYYNNRTLESTWEKPQEALK,-0.3765886112974188,1
GATAVSEWTEYKTADGKTYYYNNRTLESTWEKPQEGLK,-0.3097282416470071,1
GATAVSEWTEYKTADGKTYYYNNRTLESTWEKPQEL,0.1273358641605666,1
GATAVSEWTEYKTADGKTYYYNNRTLESTWEKPQELAK,-0.0778944477735956,1
GATAVSEWTEYKTADGKTYYYNNRTLESTWEKPQELGK,-0.1176805656280097,1
GATAVSEWTEYKTADGKTYYYNNRTLESTWEKPQGELK,-0.4002492841329204,1
GATAVSEWTEYKTADGKTYYYNNRTLESTWEKPQLK,-0.682492804872814,1
GATAVSEWTEYKTADGKTYYYNNRTLESTWEKQELK,-1.296187577585457,0
GATAVSEWTEYKTADGKTYYYNNRTLESTWEPQELK,-1.3889428907685333,0
GATAVSEWTEYKTADGKTYYYNNRTLESTWGEKPQELK,-1.3582801975860508,0
GATAVSEWTEYKTADGKTYYYNNRTLESTWKPQELK,-1.5321756768056791,0
GATAVSEWTEYKTADGKTYYYNNRTLESWEKPQELK,-1.3912852812986338,0
GATAVSEWTEYKTADGKTYYYNNRTLETWEKPQELK,-1.25725164058176,0
GATAVSEWTEYKTADGKTYYYNNRTLGESTWEKPQELK,-2.018821016429439,0
GATAVSEWTEYKTADGKTYYYNNRTLSTWEKPQELK,-1.9604184648485885,0
GATAVSEWTEYKTADGKTYYYNNTLESTWEKPQELK,-1.8550615943082849,0
GATAVSEWTEYKTADGKTYYYNRTLESTWEKPQELK,-1.9956203193435433,0
GATAVSEWTEYKTADGKYYYNNRTLESTWEKPQELK,-1.8087896558096128,0
GATAVSEWTEYKTADGTYYYNNRTLESTWEKPQELK,-1.196733718627389,1
GATAVSEWTEYKTADKTYYYNNRTLESTWEKPQELK,-1.5915599928361546,0
GATAVSEWTEYKTAGDGKTYYYNNRTLESTWEKPQELK,-1.5216657576526216,0
GATAVSEWTEYKTAGKTYYYNNRTLESTWEKPQELK,-1.7220642366478052,0
GATAVSEWTEYKTDGKTYYYNNRTLESTWEKPQELK,-1.3530873447158664,0
GATAVSEWTEYKTGADGKTYYYNNRTLESTWEKPQELK,-1.629767592808308,0
GATAVSEWTEYTADGKTYYYNNRTLESTWEKPQELK,-1.0732740432528258,1
GATAVSEWTGEYKTADGKTYYYNNRTLESTWEKPQELK,-2.0563236069237303,0
GATAVSEWTYKTADGKTYYYNNRTLESTWEKPQELK,-1.9132661801261952,0
GATAVSGEWTEYKTADGKTYYYNNRTLESTWEKPQELK,-0.1071255308164298,1
GATAVSWTEYKTADGKTYYYNNRTLESTWEKPQELK,-0.8894667410633943,1
GATGAVSEWTEYKTADGKTYYYNNRTLESTWEKPQELK,0.0344273987880972,1
GATVSEWTEYKTADGKTYYYNNRTLESTWEKPQELK,-0.0023295495759518,1
GGATAVSEWTEYKTADGKTYYYNNRTLESTWEKPQELK,0.20588148900205436,1
GTAVSEWTEYKTADGKTYYYNNRTLESTWEKPQELK,0.1244673633741131,1
