mutated_sequence,DMS_score,DMS_score_bin
AHRQALGERLYPRVQAMQPAFASKITGMLLELSPAQLLLLLASEDSLRARVDEAMELII,0.0502885819300309,1
GHRQALGERLYPRVQAMQPAFASKITGMLLELSPAQLLLLLASEDSLRARVDEAMELII,0.1006361580458206,1
HARQALGERLYPRVQAMQPAFASKITGMLLELSPAQLLLLLASEDSLRARVDEAMELII,-0.2392905638121489,1
HGRQALGERLYPRVQAMQPAFASKITGMLLELSPAQLLLLLASEDSLRARVDEAMELII,-0.1804616632893525,1
HQALGERLYPRVQAMQPAFASKITGMLLELSPAQLLLLLASEDSLRARVDEAMELII,0.4444831687581758,1
HRALGERLYPRVQAMQPAFASKITGMLLELSPAQLLLLLASEDSLRARVDEAMELII,-0.0993107424507315,1
HRAQALGERLYPRVQAMQPAFASKITGMLLELSPAQLLLLLASEDSLRARVDEAMELII,-0.7115616088472332,0
HRGQALGERLYPRVQAMQPAFASKITGMLLELSPAQLLLLLASEDSLRARVDEAMELII,-0.3326769989589899,1
HRQAALGERLYPRVQAMQPAFASKITGMLLELSPAQLLLLLASEDSLRARVDEAMELII,-0.4948913668582491,0
HRQAGERLYPRVQAMQPAFASKITGMLLELSPAQLLLLLASEDSLRARVDEAMELII,-0.8403863387293553,0
HRQAGLGERLYPRVQAMQPAFASKITGMLLELSPAQLLLLLASEDSLRARVDEAMELII,-0.6586139686574417,0
HRQALAGERLYPRVQAMQPAFASKITGMLLELSPAQLLLLLASEDSLRARVDEAMELII,-0.9726822743297364,0
HRQALERLYPRVQAMQPAFASKITGMLLELSPAQLLLLLASEDSLRARVDEAMELII,-0.2624195098552486,1
HRQALGAERLYPRVQAMQPAFASKITGMLLELSPAQLLLLLASEDSLRARVDEAMELII,-1.0386406873343552,0
HRQALGEARLYPRVQAMQPAFASKITGMLLELSPAQLLLLLASEDSLRARVDEAMELII,-0.9745616774887202,0
HRQALGEGRLYPRVQAMQPAFASKITGMLLELSPAQLLLLLASEDSLRARVDEAMELII,-1.164867241489707,0
HRQALGELYPRVQAMQPAFASKITGMLLELSPAQLLLLLASEDSLRARVDEAMELII,-0.3391629276187919,1
HRQALGERALYPRVQAMQPAFASKITGMLLELSPAQLLLLLASEDSLRARVDEAMELII,-0.9164403970826044,0
HRQALGERGLYPRVQAMQPAFASKITGMLLELSPAQLLLLLASEDSLRARVDEAMELII,-1.1652470508105188,0
HRQALGERLAYPRVQAMQPAFASKITGMLLELSPAQLLLLLASEDSLRARVDEAMELII,-1.5948773383570964,0
HRQALGERLGYPRVQAMQPAFASKITGMLLELSPAQLLLLLASEDSLRARVDEAMELII,-2.188135175777117,0
HRQALGERLYAPRVQAMQPAFASKITGMLLELSPAQLLLLLASEDSLRARVDEAMELII,-1.9913904932403332,0
HRQALGERLYGPRVQAMQPAFASKITGMLLELSPAQLLLLLASEDSLRARVDEAMELII,-1.5563763923333975,0
HRQALGERLYPARVQAMQPAFASKITGMLLELSPAQLLLLLASEDSLRARVDEAMELII,-2.080314134289827,0
HRQALGERLYPGRVQAMQPAFASKITGMLLELSPAQLLLLLASEDSLRARVDEAMELII,-2.0217413342600565,0
HRQALGERLYPRAVQAMQPAFASKITGMLLELSPAQLLLLLASEDSLRARVDEAMELII,-2.0100854901024228,0
HRQALGERLYPRGVQAMQPAFASKITGMLLELSPAQLLLLLASEDSLRARVDEAMELII,-2.0356049270082304,0
HRQALGERLYPRQAMQPAFASKITGMLLELSPAQLLLLLASEDSLRARVDEAMELII,-2.1145258919315,0
HRQALGERLYPRVAMQPAFASKITGMLLELSPAQLLLLLASEDSLRARVDEAMELII,-1.989812135052447,0
HRQALGERLYPRVAQAMQPAFASKITGMLLELSPAQLLLLLASEDSLRARVDEAMELII,-1.71864888632341,0
HRQALGERLYPRVGQAMQPAFASKITGMLLELSPAQLLLLLASEDSLRARVDEAMELII,-2.1139800008349945,0
HRQALGERLYPRVQAAMQPAFASKITGMLLELSPAQLLLLLASEDSLRARVDEAMELII,-1.9118275806639629,0
HRQALGERLYPRVQAGMQPAFASKITGMLLELSPAQLLLLLASEDSLRARVDEAMELII,-1.9561197788916929,0
HRQALGERLYPRVQAMAQPAFASKITGMLLELSPAQLLLLLASEDSLRARVDEAMELII,-0.2440911685630822,1
HRQALGERLYPRVQAMGQPAFASKITGMLLELSPAQLLLLLASEDSLRARVDEAMELII,-1.0891357277526326,0
HRQALGERLYPRVQAMPAFASKITGMLLELSPAQLLLLLASEDSLRARVDEAMELII,-1.7934003686200928,0
HRQALGERLYPRVQAMQAFASKITGMLLELSPAQLLLLLASEDSLRARVDEAMELII,-1.353704009638948,0
HRQALGERLYPRVQAMQAPAFASKITGMLLELSPAQLLLLLASEDSLRARVDEAMELII,-1.316780430488232,0
HRQALGERLYPRVQAMQGPAFASKITGMLLELSPAQLLLLLASEDSLRARVDEAMELII,-0.5178067812134937,0
HRQALGERLYPRVQAMQPAAFASKITGMLLELSPAQLLLLLASEDSLRARVDEAMELII,-0.9222185258307984,0
HRQALGERLYPRVQAMQPAASKITGMLLELSPAQLLLLLASEDSLRARVDEAMELII,-2.4736823800592145,0
HRQALGERLYPRVQAMQPAFAASKITGMLLELSPAQLLLLLASEDSLRARVDEAMELII,-1.4640536820187973,0
HRQALGERLYPRVQAMQPAFAGSKITGMLLELSPAQLLLLLASEDSLRARVDEAMELII,-2.4229937046850227,0
HRQALGERLYPRVQAMQPAFAKITGMLLELSPAQLLLLLASEDSLRARVDEAMELII,-2.038312804414278,0
HRQALGERLYPRVQAMQPAFASAKITGMLLELSPAQLLLLLASEDSLRARVDEAMELII,-1.957764897550488,0
HRQALGERLYPRVQAMQPAFASGKITGMLLELSPAQLLLLLASEDSLRARVDEAMELII,-2.1658826990061404,0
HRQALGERLYPRVQAMQPAFASITGMLLELSPAQLLLLLASEDSLRARVDEAMELII,-2.2431594534247425,0
HRQALGERLYPRVQAMQPAFASKAITGMLLELSPAQLLLLLASEDSLRARVDEAMELII,-2.117908645606245,0
HRQALGERLYPRVQAMQPAFASKGITGMLLELSPAQLLLLLASEDSLRARVDEAMELII,-2.396890535473432,0
HRQALGERLYPRVQAMQPAFASKIATGMLLELSPAQLLLLLASEDSLRARVDEAMELII,-1.7216877588875557,0
HRQALGERLYPRVQAMQPAFASKIGMLLELSPAQLLLLLASEDSLRARVDEAMELII,-2.302268917997172,0
HRQALGERLYPRVQAMQPAFASKIGTGMLLELSPAQLLLLLASEDSLRARVDEAMELII,-2.4461200792583875,0
HRQALGERLYPRVQAMQPAFASKITAGMLLELSPAQLLLLLASEDSLRARVDEAMELII,-0.9227177486862544,0
HRQALGERLYPRVQAMQPAFASKITGAMLLELSPAQLLLLLASEDSLRARVDEAMELII,-0.8862920559375032,0
HRQALGERLYPRVQAMQPAFASKITGGMLLELSPAQLLLLLASEDSLRARVDEAMELII,-1.634900218471167,0
HRQALGERLYPRVQAMQPAFASKITGLLELSPAQLLLLLASEDSLRARVDEAMELII,-2.5967127183596075,0
HRQALGERLYPRVQAMQPAFASKITGMALLELSPAQLLLLLASEDSLRARVDEAMELII,-2.0272207965486246,0
HRQALGERLYPRVQAMQPAFASKITGMGLLELSPAQLLLLLASEDSLRARVDEAMELII,-2.576004438654965,0
HRQALGERLYPRVQAMQPAFASKITGMLALELSPAQLLLLLASEDSLRARVDEAMELII,-0.794697345726576,0
HRQALGERLYPRVQAMQPAFASKITGMLELSPAQLLLLLASEDSLRARVDEAMELII,-2.598865803595146,0
HRQALGERLYPRVQAMQPAFASKITGMLGLELSPAQLLLLLASEDSLRARVDEAMELII,-1.605152478622094,0
HRQALGERLYPRVQAMQPAFASKITGMLLAELSPAQLLLLLASEDSLRARVDEAMELII,-0.0254625592832504,1
HRQALGERLYPRVQAMQPAFASKITGMLLEALSPAQLLLLLASEDSLRARVDEAMELII,-0.1591451715426686,1
HRQALGERLYPRVQAMQPAFASKITGMLLEGLSPAQLLLLLASEDSLRARVDEAMELII,-0.2356566575474095,1
HRQALGERLYPRVQAMQPAFASKITGMLLELASPAQLLLLLASEDSLRARVDEAMELII,-0.174715262489506,1
HRQALGERLYPRVQAMQPAFASKITGMLLELGSPAQLLLLLASEDSLRARVDEAMELII,-0.4943351661043107,0
HRQALGERLYPRVQAMQPAFASKITGMLLELPAQLLLLLASEDSLRARVDEAMELII,-1.400574226809364,0
HRQALGERLYPRVQAMQPAFASKITGMLLELSAPAQLLLLLASEDSLRARVDEAMELII,-0.4103892291064599,1
HRQALGERLYPRVQAMQPAFASKITGMLLELSAQLLLLLASEDSLRARVDEAMELII,-1.7030622698847633,0
HRQALGERLYPRVQAMQPAFASKITGMLLELSGPAQLLLLLASEDSLRARVDEAMELII,-0.6878505317718449,0
HRQALGERLYPRVQAMQPAFASKITGMLLELSPAAQLLLLLASEDSLRARVDEAMELII,-0.7764084506695099,0
HRQALGERLYPRVQAMQPAFASKITGMLLELSPAGQLLLLLASEDSLRARVDEAMELII,-0.9596847295666991,0
HRQALGERLYPRVQAMQPAFASKITGMLLELSPALLLLLASEDSLRARVDEAMELII,-1.7576611787843337,0
HRQALGERLYPRVQAMQPAFASKITGMLLELSPAQALLLLLASEDSLRARVDEAMELII,-0.8844668268496418,0
HRQALGERLYPRVQAMQPAFASKITGMLLELSPAQGLLLLLASEDSLRARVDEAMELII,-1.2702855073756658,0
HRQALGERLYPRVQAMQPAFASKITGMLLELSPAQLALLLLASEDSLRARVDEAMELII,-0.8189562999465263,0
HRQALGERLYPRVQAMQPAFASKITGMLLELSPAQLGLLLLASEDSLRARVDEAMELII,-1.0775342573991913,0
HRQALGERLYPRVQAMQPAFASKITGMLLELSPAQLLALLLASEDSLRARVDEAMELII,-0.6087354567338394,0
HRQALGERLYPRVQAMQPAFASKITGMLLELSPAQLLGLLLASEDSLRARVDEAMELII,-0.8508658233991042,0
HRQALGERLYPRVQAMQPAFASKITGMLLELSPAQLLLALLASEDSLRARVDEAMELII,-0.9609720944024076,0
HRQALGERLYPRVQAMQPAFASKITGMLLELSPAQLLLGLLASEDSLRARVDEAMELII,-1.1404443105740811,0
HRQALGERLYPRVQAMQPAFASKITGMLLELSPAQLLLLALASEDSLRARVDEAMELII,-1.2108510288615784,0
HRQALGERLYPRVQAMQPAFASKITGMLLELSPAQLLLLASEDSLRARVDEAMELII,-1.4896375806885511,0
HRQALGERLYPRVQAMQPAFASKITGMLLELSPAQLLLLGLASEDSLRARVDEAMELII,-1.9587744501158229,0
HRQALGERLYPRVQAMQPAFASKITGMLLELSPAQLLLLLAASEDSLRARVDEAMELII,-0.4882722016994743,0
HRQALGERLYPRVQAMQPAFASKITGMLLELSPAQLLLLLAEDSLRARVDEAMELII,-1.638960742236915,0
HRQALGERLYPRVQAMQPAFASKITGMLLELSPAQLLLLLAGSEDSLRARVDEAMELII,-0.2335235509696089,1
HRQALGERLYPRVQAMQPAFASKITGMLLELSPAQLLLLLASAEDSLRARVDEAMELII,-0.8200443262846568,0
HRQALGERLYPRVQAMQPAFASKITGMLLELSPAQLLLLLASDSLRARVDEAMELII,-1.550686736238425,0
HRQALGERLYPRVQAMQPAFASKITGMLLELSPAQLLLLLASEADSLRARVDEAMELII,-0.925027168472074,0
HRQALGERLYPRVQAMQPAFASKITGMLLELSPAQLLLLLASEDASLRARVDEAMELII,-0.5716660306890717,0
HRQALGERLYPRVQAMQPAFASKITGMLLELSPAQLLLLLASEDGSLRARVDEAMELII,-0.3014457457371713,1
HRQALGERLYPRVQAMQPAFASKITGMLLELSPAQLLLLLASEDLRARVDEAMELII,-1.4940821957388553,0
HRQALGERLYPRVQAMQPAFASKITGMLLELSPAQLLLLLASEDSALRARVDEAMELII,-0.1707683661760062,1
HRQALGERLYPRVQAMQPAFASKITGMLLELSPAQLLLLLASEDSGLRARVDEAMELII,-0.7522764474835726,0
HRQALGERLYPRVQAMQPAFASKITGMLLELSPAQLLLLLASEDSLARARVDEAMELII,-2.326692782881725,0
HRQALGERLYPRVQAMQPAFASKITGMLLELSPAQLLLLLASEDSLARVDEAMELII,-2.281360357897693,0
HRQALGERLYPRVQAMQPAFASKITGMLLELSPAQLLLLLASEDSLGRARVDEAMELII,-2.326824261672855,0
HRQALGERLYPRVQAMQPAFASKITGMLLELSPAQLLLLLASEDSLRAARVDEAMELII,-2.2622626068200917,0
HRQALGERLYPRVQAMQPAFASKITGMLLELSPAQLLLLLASEDSLRAGRVDEAMELII,-2.3288743677859074,0
HRQALGERLYPRVQAMQPAFASKITGMLLELSPAQLLLLLASEDSLRARAVDEAMELII,-2.4420544859103264,0
HRQALGERLYPRVQAMQPAFASKITGMLLELSPAQLLLLLASEDSLRARDEAMELII,-2.4899330153538064,0
HRQALGERLYPRVQAMQPAFASKITGMLLELSPAQLLLLLASEDSLRARGVDEAMELII,-2.329884402352377,0
HRQALGERLYPRVQAMQPAFASKITGMLLELSPAQLLLLLASEDSLRARVADEAMELII,-2.0669733009478057,0
HRQALGERLYPRVQAMQPAFASKITGMLLELSPAQLLLLLASEDSLRARVDAEAMELII,-1.063338395793735,0
HRQALGERLYPRVQAMQPAFASKITGMLLELSPAQLLLLLASEDSLRARVDAMELII,-1.048017703887652,0
HRQALGERLYPRVQAMQPAFASKITGMLLELSPAQLLLLLASEDSLRARVDEAAMELII,-0.5194071437263754,0
HRQALGERLYPRVQAMQPAFASKITGMLLELSPAQLLLLLASEDSLRARVDEAELII,-1.4626534040299903,0
HRQALGERLYPRVQAMQPAFASKITGMLLELSPAQLLLLLASEDSLRARVDEAGMELII,-1.9032753441114605,0
HRQALGERLYPRVQAMQPAFASKITGMLLELSPAQLLLLLASEDSLRARVDEAMAELII,-0.2562254478104768,1
HRQALGERLYPRVQAMQPAFASKITGMLLELSPAQLLLLLASEDSLRARVDEAMEALII,-0.3051664549302697,1
HRQALGERLYPRVQAMQPAFASKITGMLLELSPAQLLLLLASEDSLRARVDEAMEGLII,-0.6323270824207499,0
HRQALGERLYPRVQAMQPAFASKITGMLLELSPAQLLLLLASEDSLRARVDEAMEII,-0.1393023626947198,1
HRQALGERLYPRVQAMQPAFASKITGMLLELSPAQLLLLLASEDSLRARVDEAMELAII,-1.0795370782550089,0
HRQALGERLYPRVQAMQPAFASKITGMLLELSPAQLLLLLASEDSLRARVDEAMELGII,-1.476768083741247,0
HRQALGERLYPRVQAMQPAFASKITGMLLELSPAQLLLLLASEDSLRARVDEAMELI,-0.0963522300707768,1
HRQALGERLYPRVQAMQPAFASKITGMLLELSPAQLLLLLASEDSLRARVDEAMELIAI,-0.1573463790841978,1
HRQALGERLYPRVQAMQPAFASKITGMLLELSPAQLLLLLASEDSLRARVDEAMELIGI,-0.2074471091652605,1
HRQALGERLYPRVQAMQPAFASKITGMLLELSPAQLLLLLASEDSLRARVDEAMGELII,-0.5106778327998152,0
HRQALGERLYPRVQAMQPAFASKITGMLLELSPAQLLLLLASEDSLRARVDEAMLII,0.01667085617744,1
HRQALGERLYPRVQAMQPAFASKITGMLLELSPAQLLLLLASEDSLRARVDEGAMELII,-2.0649893401621604,0
HRQALGERLYPRVQAMQPAFASKITGMLLELSPAQLLLLLASEDSLRARVDEMELII,-0.9657948414371657,0
HRQALGERLYPRVQAMQPAFASKITGMLLELSPAQLLLLLASEDSLRARVDGEAMELII,-2.028898680248643,0
HRQALGERLYPRVQAMQPAFASKITGMLLELSPAQLLLLLASEDSLRARVEAMELII,-0.8849332655267834,0
HRQALGERLYPRVQAMQPAFASKITGMLLELSPAQLLLLLASEDSLRARVGDEAMELII,-2.2889888292284346,0
HRQALGERLYPRVQAMQPAFASKITGMLLELSPAQLLLLLASEDSLRAVDEAMELII,-2.308609254469081,0
HRQALGERLYPRVQAMQPAFASKITGMLLELSPAQLLLLLASEDSLRGARVDEAMELII,-2.137361322769485,0
HRQALGERLYPRVQAMQPAFASKITGMLLELSPAQLLLLLASEDSLRRVDEAMELII,-2.322234645028538,0
HRQALGERLYPRVQAMQPAFASKITGMLLELSPAQLLLLLASEGDSLRARVDEAMELII,-0.8126086940990862,0
HRQALGERLYPRVQAMQPAFASKITGMLLELSPAQLLLLLASESLRARVDEAMELII,-1.65363673153593,0
HRQALGERLYPRVQAMQPAFASKITGMLLELSPAQLLLLLASGEDSLRARVDEAMELII,-0.3803777969186845,1
HRQALGERLYPRVQAMQPAFASKITGMLLELSPAQLLLLLGASEDSLRARVDEAMELII,-0.6023762231100149,0
HRQALGERLYPRVQAMQPAFASKITGMLLELSPAQLLLLLSEDSLRARVDEAMELII,-1.029364479089892,0
HRQALGERLYPRVQAMQPAFASKITGMLLELSPGAQLLLLLASEDSLRARVDEAMELII,-1.2269888592838418,0
HRQALGERLYPRVQAMQPAFASKITGMLLELSPQLLLLLASEDSLRARVDEAMELII,-1.8110756521674825,0
HRQALGERLYPRVQAMQPAFASKITGMLLESPAQLLLLLASEDSLRARVDEAMELII,-1.7106535243658525,0
HRQALGERLYPRVQAMQPAFASKITGMLLGELSPAQLLLLLASEDSLRARVDEAMELII,-0.1357278475278338,1
HRQALGERLYPRVQAMQPAFASKITGMLLLSPAQLLLLLASEDSLRARVDEAMELII,-1.918331841125822,0
HRQALGERLYPRVQAMQPAFASKITMLLELSPAQLLLLLASEDSLRARVDEAMELII,-1.6880335667294313,0
HRQALGERLYPRVQAMQPAFASKTGMLLELSPAQLLLLLASEDSLRARVDEAMELII,-2.7278623174337664,0
HRQALGERLYPRVQAMQPAFGASKITGMLLELSPAQLLLLLASEDSLRARVDEAMELII,-1.7090476265045145,0
HRQALGERLYPRVQAMQPAFSKITGMLLELSPAQLLLLLASEDSLRARVDEAMELII,-1.5275925022238963,0
HRQALGERLYPRVQAMQPAGFASKITGMLLELSPAQLLLLLASEDSLRARVDEAMELII,-0.8193513434721784,0
HRQALGERLYPRVQAMQPFASKITGMLLELSPAQLLLLLASEDSLRARVDEAMELII,-1.887440754813038,0
HRQALGERLYPRVQAMQPGAFASKITGMLLELSPAQLLLLLASEDSLRARVDEAMELII,-0.4062183045336671,1
HRQALGERLYPRVQAQPAFASKITGMLLELSPAQLLLLLASEDSLRARVDEAMELII,-2.125057985262359,0
HRQALGERLYPRVQGAMQPAFASKITGMLLELSPAQLLLLLASEDSLRARVDEAMELII,-1.9115536780079865,0
HRQALGERLYPRVQMQPAFASKITGMLLELSPAQLLLLLASEDSLRARVDEAMELII,-2.010904642402748,0
HRQALGERLYPVQAMQPAFASKITGMLLELSPAQLLLLLASEDSLRARVDEAMELII,-1.9775563897055932,0
HRQALGERLYRVQAMQPAFASKITGMLLELSPAQLLLLLASEDSLRARVDEAMELII,-2.152749768624209,0
HRQALGERYPRVQAMQPAFASKITGMLLELSPAQLLLLLASEDSLRARVDEAMELII,-2.0716504317373428,0
HRQALGGERLYPRVQAMQPAFASKITGMLLELSPAQLLLLLASEDSLRARVDEAMELII,-1.3006144838322211,0
HRQALGRLYPRVQAMQPAFASKITGMLLELSPAQLLLLLASEDSLRARVDEAMELII,-0.6193568374376599,0
HRQGALGERLYPRVQAMQPAFASKITGMLLELSPAQLLLLLASEDSLRARVDEAMELII,-0.4210685306695132,1
HRQLGERLYPRVQAMQPAFASKITGMLLELSPAQLLLLLASEDSLRARVDEAMELII,0.0036408993629044,1
RQALGERLYPRVQAMQPAFASKITGMLLELSPAQLLLLLASEDSLRARVDEAMELII,0.1028636565653142,1
