mutated_sequence,DMS_score,DMS_score_bin
AITGDVSAANKDAIRKQMDAAASKGDVETYRKLKAKLKGIR,-0.0674681618698478,1
GITGDVSAANKDAIRKQMDAAASKGDVETYRKLKAKLKGIR,-0.0827252545478527,1
IATGDVSAANKDAIRKQMDAAASKGDVETYRKLKAKLKGIR,0.0937505579930617,1
IGDVSAANKDAIRKQMDAAASKGDVETYRKLKAKLKGIR,-0.1740029433798092,1
IGTGDVSAANKDAIRKQMDAAASKGDVETYRKLKAKLKGIR,-0.0469259904916512,1
ITAGDVSAANKDAIRKQMDAAASKGDVETYRKLKAKLKGIR,-0.0847460470403447,1
ITDVSAANKDAIRKQMDAAASKGDVETYRKLKAKLKGIR,0.106984445732958,1
ITGADVSAANKDAIRKQMDAAASKGDVETYRKLKAKLKGIR,-0.0503327940639977,1
ITGDAVSAANKDAIRKQMDAAASKGDVETYRKLKAKLKGIR,0.0211696138448271,1
ITGDGVSAANKDAIRKQMDAAASKGDVETYRKLKAKLKGIR,-0.0803390689717094,1
ITGDSAANKDAIRKQMDAAASKGDVETYRKLKAKLKGIR,-0.1422712761962896,1
ITGDVAANKDAIRKQMDAAASKGDVETYRKLKAKLKGIR,0.0350689872132965,1
ITGDVASAANKDAIRKQMDAAASKGDVETYRKLKAKLKGIR,-0.0605205448733421,1
ITGDVGSAANKDAIRKQMDAAASKGDVETYRKLKAKLKGIR,-0.1869968496914548,1
ITGDVSAAANKDAIRKQMDAAASKGDVETYRKLKAKLKGIR,-0.06785838551239416,1
ITGDVSAAGNKDAIRKQMDAAASKGDVETYRKLKAKLKGIR,-0.1607498531386484,1
ITGDVSAAKDAIRKQMDAAASKGDVETYRKLKAKLKGIR,0.1397470997187782,1
ITGDVSAANAKDAIRKQMDAAASKGDVETYRKLKAKLKGIR,0.1339565452211462,1
ITGDVSAANDAIRKQMDAAASKGDVETYRKLKAKLKGIR,-0.0815664283329631,1
ITGDVSAANGKDAIRKQMDAAASKGDVETYRKLKAKLKGIR,-0.2173776790472787,0
ITGDVSAANKADAIRKQMDAAASKGDVETYRKLKAKLKGIR,0.3451467533965056,1
ITGDVSAANKAIRKQMDAAASKGDVETYRKLKAKLKGIR,0.0181946250720672,1
ITGDVSAANKDAAIRKQMDAAASKGDVETYRKLKAKLKGIR,-0.007417090855525551,1
ITGDVSAANKDAGIRKQMDAAASKGDVETYRKLKAKLKGIR,-0.4178722277984364,0
ITGDVSAANKDAIARKQMDAAASKGDVETYRKLKAKLKGIR,-0.8334593443215946,0
ITGDVSAANKDAIGRKQMDAAASKGDVETYRKLKAKLKGIR,-0.9560558144454564,0
ITGDVSAANKDAIKQMDAAASKGDVETYRKLKAKLKGIR,-0.8250564499753582,0
ITGDVSAANKDAIRAKQMDAAASKGDVETYRKLKAKLKGIR,-0.9746074066275568,0
ITGDVSAANKDAIRGKQMDAAASKGDVETYRKLKAKLKGIR,-1.185357742856959,0
ITGDVSAANKDAIRKAQMDAAASKGDVETYRKLKAKLKGIR,-0.7549752386001114,0
ITGDVSAANKDAIRKGQMDAAASKGDVETYRKLKAKLKGIR,-1.1574757534143598,0
ITGDVSAANKDAIRKQAMDAAASKGDVETYRKLKAKLKGIR,-1.1313485053653969,0
ITGDVSAANKDAIRKQDAAASKGDVETYRKLKAKLKGIR,-0.9885446178558438,0
ITGDVSAANKDAIRKQGMDAAASKGDVETYRKLKAKLKGIR,-0.9317941167031352,0
ITGDVSAANKDAIRKQMAAASKGDVETYRKLKAKLKGIR,-0.6062285395386118,0
ITGDVSAANKDAIRKQMADAAASKGDVETYRKLKAKLKGIR,-1.0218414028132388,0
ITGDVSAANKDAIRKQMDAAAASKGDVETYRKLKAKLKGIR,-0.9793497092053376,0
ITGDVSAANKDAIRKQMDAAAGSKGDVETYRKLKAKLKGIR,-1.0323214464794654,0
ITGDVSAANKDAIRKQMDAAAKGDVETYRKLKAKLKGIR,-0.7374807445824783,0
ITGDVSAANKDAIRKQMDAAASAKGDVETYRKLKAKLKGIR,-0.9088067262920724,0
ITGDVSAANKDAIRKQMDAAASGDVETYRKLKAKLKGIR,-1.0820488972862172,0
ITGDVSAANKDAIRKQMDAAASGKGDVETYRKLKAKLKGIR,-0.8937087983145664,0
ITGDVSAANKDAIRKQMDAAASKAGDVETYRKLKAKLKGIR,-1.2517809078447364,0
ITGDVSAANKDAIRKQMDAAASKDVETYRKLKAKLKGIR,-0.7773695007381106,0
ITGDVSAANKDAIRKQMDAAASKGADVETYRKLKAKLKGIR,-0.9799688833646536,0
ITGDVSAANKDAIRKQMDAAASKGDAVETYRKLKAKLKGIR,-1.3813590920862648,0
ITGDVSAANKDAIRKQMDAAASKGDETYRKLKAKLKGIR,-0.8905728747818713,0
ITGDVSAANKDAIRKQMDAAASKGDGVETYRKLKAKLKGIR,-2.022041098096803,0
ITGDVSAANKDAIRKQMDAAASKGDVAETYRKLKAKLKGIR,-1.0933240346490052,0
ITGDVSAANKDAIRKQMDAAASKGDVEATYRKLKAKLKGIR,-0.7811599136214885,0
ITGDVSAANKDAIRKQMDAAASKGDVEGTYRKLKAKLKGIR,-1.2847528117157554,0
ITGDVSAANKDAIRKQMDAAASKGDVETAYRKLKAKLKGIR,-1.0465293219135796,0
ITGDVSAANKDAIRKQMDAAASKGDVETGYRKLKAKLKGIR,-1.0897571035196014,0
ITGDVSAANKDAIRKQMDAAASKGDVETRKLKAKLKGIR,-1.429801606571021,0
ITGDVSAANKDAIRKQMDAAASKGDVETYRAKLKAKLKGIR,-1.4335439944604194,0
ITGDVSAANKDAIRKQMDAAASKGDVETYRKALKAKLKGIR,-1.3196302867013907,0
ITGDVSAANKDAIRKQMDAAASKGDVETYRKGLKAKLKGIR,-1.277666440298051,0
ITGDVSAANKDAIRKQMDAAASKGDVETYRKKAKLKGIR,-1.6369388945704733,0
ITGDVSAANKDAIRKQMDAAASKGDVETYRKLAKAKLKGIR,-1.36909156216724,0
ITGDVSAANKDAIRKQMDAAASKGDVETYRKLAKLKGIR,-0.9855626896742395,0
ITGDVSAANKDAIRKQMDAAASKGDVETYRKLGKAKLKGIR,-1.304551441432248,0
ITGDVSAANKDAIRKQMDAAASKGDVETYRKLKAAKLKGIR,-1.0583555914897078,0
ITGDVSAANKDAIRKQMDAAASKGDVETYRKLKAGKLKGIR,-1.729746028821756,0
ITGDVSAANKDAIRKQMDAAASKGDVETYRKLKAKALKGIR,-1.3456116604565662,0
ITGDVSAANKDAIRKQMDAAASKGDVETYRKLKAKGLKGIR,-1.5167874565158808,0
ITGDVSAANKDAIRKQMDAAASKGDVETYRKLKAKKGIR,-0.9170165955109244,0
ITGDVSAANKDAIRKQMDAAASKGDVETYRKLKAKLAKGIR,-0.450586548529756,0
ITGDVSAANKDAIRKQMDAAASKGDVETYRKLKAKLGIR,-0.5130377534778665,0
ITGDVSAANKDAIRKQMDAAASKGDVETYRKLKAKLGKGIR,-0.5766067148572336,0
ITGDVSAANKDAIRKQMDAAASKGDVETYRKLKAKLKAGIR,-0.4868759403154719,0
ITGDVSAANKDAIRKQMDAAASKGDVETYRKLKAKLKGAIR,-0.3441528155278224,0
ITGDVSAANKDAIRKQMDAAASKGDVETYRKLKAKLKGGIR,-0.6119053753568908,0
ITGDVSAANKDAIRKQMDAAASKGDVETYRKLKAKLKGI,0.1014806979224736,1
ITGDVSAANKDAIRKQMDAAASKGDVETYRKLKAKLKGIAR,-0.0394000906692415,1
ITGDVSAANKDAIRKQMDAAASKGDVETYRKLKAKLKGIGR,-0.0769830072129154,1
ITGDVSAANKDAIRKQMDAAASKGDVETYRKLKAKLKGR,-0.4257580017988156,0
ITGDVSAANKDAIRKQMDAAASKGDVETYRKLKAKLKIR,-0.3473751889407048,0
ITGDVSAANKDAIRKQMDAAASKGDVETYRKLKALKGIR,-1.305336921676934,0
ITGDVSAANKDAIRKQMDAAASKGDVETYRKLKGAKLKGIR,-1.6569241433138,0
ITGDVSAANKDAIRKQMDAAASKGDVETYRKLKKLKGIR,-0.9600523552084542,0
ITGDVSAANKDAIRKQMDAAASKGDVEYRKLKAKLKGIR,-0.7350358022178016,0
ITGDVSAANKDAIRKQMDAAASKGDVGETYRKLKAKLKGIR,-1.2600449188483192,0
ITGDVSAANKDAIRKQMDAAASKGDVTYRKLKAKLKGIR,-0.8995270395772679,0
ITGDVSAANKDAIRKQMDAAASKGGDVETYRKLKAKLKGIR,-0.8838967443167502,0
ITGDVSAANKDAIRKQMDAAASKGVETYRKLKAKLKGIR,-1.3959823307355586,0
ITGDVSAANKDAIRKQMDAAGASKGDVETYRKLKAKLKGIR,-1.0293596383474533,0
ITGDVSAANKDAIRKQMDAASKGDVETYRKLKAKLKGIR,-1.0737303805250396,0
ITGDVSAANKDAIRKQMDAGAASKGDVETYRKLKAKLKGIR,-0.7782122389645778,0
ITGDVSAANKDAIRKQMDGAAASKGDVETYRKLKAKLKGIR,-1.1401455090612884,0
ITGDVSAANKDAIRKQMGDAAASKGDVETYRKLKAKLKGIR,-1.268270686770147,0
ITGDVSAANKDAIRQMDAAASKGDVETYRKLKAKLKGIR,-0.7224550178577072,0
ITGDVSAANKDARKQMDAAASKGDVETYRKLKAKLKGIR,-0.9012431819969404,0
ITGDVSAANKDGAIRKQMDAAASKGDVETYRKLKAKLKGIR,-0.560484998253217,0
ITGDVSAANKDIRKQMDAAASKGDVETYRKLKAKLKGIR,-0.25343662372631,0
ITGDVSAANKGDAIRKQMDAAASKGDVETYRKLKAKLKGIR,0.0231050842073534,1
ITGDVSAGANKDAIRKQMDAAASKGDVETYRKLKAKLKGIR,-0.1590868430219398,1
ITGDVSANKDAIRKQMDAAASKGDVETYRKLKAKLKGIR,-0.0532160671770244,1
ITGDVSGAANKDAIRKQMDAAASKGDVETYRKLKAKLKGIR,-0.17858232545145,1
ITGGDVSAANKDAIRKQMDAAASKGDVETYRKLKAKLKGIR,-0.09446038204180104,1
ITGVSAANKDAIRKQMDAAASKGDVETYRKLKAKLKGIR,0.1178517293251919,1
TGDVSAANKDAIRKQMDAAASKGDVETYRKLKAKLKGIR,0.0940553815356721,1
