mutated_sequence,DMS_score,DMS_score_bin
ASLSVDNKKFWATVESSEHSFEVPIYAETLDEALELAEWQYVPAGFEVTRVRPCVAP,-0.1626936513785,1
GSLSVDNKKFWATVESSEHSFEVPIYAETLDEALELAEWQYVPAGFEVTRVRPCVAP,-0.0578686014524745,1
LSVDNKKFWATVESSEHSFEVPIYAETLDEALELAEWQYVPAGFEVTRVRPCVAP,-0.2066481947026668,1
SALSVDNKKFWATVESSEHSFEVPIYAETLDEALELAEWQYVPAGFEVTRVRPCVAP,0.0292688312064477,1
SGLSVDNKKFWATVESSEHSFEVPIYAETLDEALELAEWQYVPAGFEVTRVRPCVAP,-0.0941576487841757,1
SLASVDNKKFWATVESSEHSFEVPIYAETLDEALELAEWQYVPAGFEVTRVRPCVAP,-0.1289722379423428,1
SLGSVDNKKFWATVESSEHSFEVPIYAETLDEALELAEWQYVPAGFEVTRVRPCVAP,-0.2246298617558877,1
SLSAVDNKKFWATVESSEHSFEVPIYAETLDEALELAEWQYVPAGFEVTRVRPCVAP,-0.3074827367953197,1
SLSDNKKFWATVESSEHSFEVPIYAETLDEALELAEWQYVPAGFEVTRVRPCVAP,0.0086287207743347,1
SLSGVDNKKFWATVESSEHSFEVPIYAETLDEALELAEWQYVPAGFEVTRVRPCVAP,-0.1852386742584926,1
SLSVADNKKFWATVESSEHSFEVPIYAETLDEALELAEWQYVPAGFEVTRVRPCVAP,0.1603316158802252,1
SLSVDANKKFWATVESSEHSFEVPIYAETLDEALELAEWQYVPAGFEVTRVRPCVAP,0.1595672614539904,1
SLSVDGNKKFWATVESSEHSFEVPIYAETLDEALELAEWQYVPAGFEVTRVRPCVAP,0.171667149721471,1
SLSVDKKFWATVESSEHSFEVPIYAETLDEALELAEWQYVPAGFEVTRVRPCVAP,-0.2114247860571674,1
SLSVDNAKKFWATVESSEHSFEVPIYAETLDEALELAEWQYVPAGFEVTRVRPCVAP,0.0555893558162541,1
SLSVDNGKKFWATVESSEHSFEVPIYAETLDEALELAEWQYVPAGFEVTRVRPCVAP,-0.1355703058215911,1
SLSVDNKAKFWATVESSEHSFEVPIYAETLDEALELAEWQYVPAGFEVTRVRPCVAP,0.3112431458703728,1
SLSVDNKFWATVESSEHSFEVPIYAETLDEALELAEWQYVPAGFEVTRVRPCVAP,-0.6368758191943844,1
SLSVDNKGKFWATVESSEHSFEVPIYAETLDEALELAEWQYVPAGFEVTRVRPCVAP,-0.1540928297609856,1
SLSVDNKKAFWATVESSEHSFEVPIYAETLDEALELAEWQYVPAGFEVTRVRPCVAP,0.2501496968388732,1
SLSVDNKKFATVESSEHSFEVPIYAETLDEALELAEWQYVPAGFEVTRVRPCVAP,-2.0509362525574657,0
SLSVDNKKFAWATVESSEHSFEVPIYAETLDEALELAEWQYVPAGFEVTRVRPCVAP,-1.946082900469584,0
SLSVDNKKFGWATVESSEHSFEVPIYAETLDEALELAEWQYVPAGFEVTRVRPCVAP,-2.476717944898987,0
SLSVDNKKFWAATVESSEHSFEVPIYAETLDEALELAEWQYVPAGFEVTRVRPCVAP,0.184051590241465,1
SLSVDNKKFWAGTVESSEHSFEVPIYAETLDEALELAEWQYVPAGFEVTRVRPCVAP,-1.6327000061180523,0
SLSVDNKKFWATAVESSEHSFEVPIYAETLDEALELAEWQYVPAGFEVTRVRPCVAP,-1.2929422993764494,0
SLSVDNKKFWATESSEHSFEVPIYAETLDEALELAEWQYVPAGFEVTRVRPCVAP,-2.836279671534602,0
SLSVDNKKFWATGVESSEHSFEVPIYAETLDEALELAEWQYVPAGFEVTRVRPCVAP,-1.835235634700524,0
SLSVDNKKFWATVAESSEHSFEVPIYAETLDEALELAEWQYVPAGFEVTRVRPCVAP,-0.9956524959568228,1
SLSVDNKKFWATVEASSEHSFEVPIYAETLDEALELAEWQYVPAGFEVTRVRPCVAP,-1.0970545605786073,1
SLSVDNKKFWATVEGSSEHSFEVPIYAETLDEALELAEWQYVPAGFEVTRVRPCVAP,-1.2980503111043442,0
SLSVDNKKFWATVESASEHSFEVPIYAETLDEALELAEWQYVPAGFEVTRVRPCVAP,-1.142381105305367,0
SLSVDNKKFWATVESEHSFEVPIYAETLDEALELAEWQYVPAGFEVTRVRPCVAP,-1.8690650608401211,0
SLSVDNKKFWATVESGSEHSFEVPIYAETLDEALELAEWQYVPAGFEVTRVRPCVAP,-0.775645539968612,1
SLSVDNKKFWATVESSAEHSFEVPIYAETLDEALELAEWQYVPAGFEVTRVRPCVAP,-1.070037208761201,1
SLSVDNKKFWATVESSEAHSFEVPIYAETLDEALELAEWQYVPAGFEVTRVRPCVAP,-0.9119702112673064,1
SLSVDNKKFWATVESSEGHSFEVPIYAETLDEALELAEWQYVPAGFEVTRVRPCVAP,0.6488493098648336,1
SLSVDNKKFWATVESSEHASFEVPIYAETLDEALELAEWQYVPAGFEVTRVRPCVAP,-0.4368637075375154,1
SLSVDNKKFWATVESSEHFEVPIYAETLDEALELAEWQYVPAGFEVTRVRPCVAP,-2.073344687097652,0
SLSVDNKKFWATVESSEHGSFEVPIYAETLDEALELAEWQYVPAGFEVTRVRPCVAP,0.4187582843411479,1
SLSVDNKKFWATVESSEHSAFEVPIYAETLDEALELAEWQYVPAGFEVTRVRPCVAP,-0.655883509087213,1
SLSVDNKKFWATVESSEHSFAEVPIYAETLDEALELAEWQYVPAGFEVTRVRPCVAP,-1.5480381586230572,0
SLSVDNKKFWATVESSEHSFEAVPIYAETLDEALELAEWQYVPAGFEVTRVRPCVAP,-2.188003331600151,0
SLSVDNKKFWATVESSEHSFEGVPIYAETLDEALELAEWQYVPAGFEVTRVRPCVAP,-2.384988255588136,0
SLSVDNKKFWATVESSEHSFEPIYAETLDEALELAEWQYVPAGFEVTRVRPCVAP,-2.4144927701382635,0
SLSVDNKKFWATVESSEHSFEVAPIYAETLDEALELAEWQYVPAGFEVTRVRPCVAP,-2.1026209755301464,0
SLSVDNKKFWATVESSEHSFEVGPIYAETLDEALELAEWQYVPAGFEVTRVRPCVAP,-0.5787406840320257,1
SLSVDNKKFWATVESSEHSFEVIYAETLDEALELAEWQYVPAGFEVTRVRPCVAP,-1.9173160299841,0
SLSVDNKKFWATVESSEHSFEVPAIYAETLDEALELAEWQYVPAGFEVTRVRPCVAP,-2.234976739915649,0
SLSVDNKKFWATVESSEHSFEVPGIYAETLDEALELAEWQYVPAGFEVTRVRPCVAP,-1.8033980827330467,0
SLSVDNKKFWATVESSEHSFEVPIAETLDEALELAEWQYVPAGFEVTRVRPCVAP,-1.8996000184234696,0
SLSVDNKKFWATVESSEHSFEVPIAYAETLDEALELAEWQYVPAGFEVTRVRPCVAP,-1.813923114313243,0
SLSVDNKKFWATVESSEHSFEVPIGYAETLDEALELAEWQYVPAGFEVTRVRPCVAP,-2.1868881563369693,0
SLSVDNKKFWATVESSEHSFEVPIYAAETLDEALELAEWQYVPAGFEVTRVRPCVAP,-1.7768992739473053,0
SLSVDNKKFWATVESSEHSFEVPIYAEATLDEALELAEWQYVPAGFEVTRVRPCVAP,-2.289881486051956,0
SLSVDNKKFWATVESSEHSFEVPIYAEGTLDEALELAEWQYVPAGFEVTRVRPCVAP,-2.089205670513265,0
SLSVDNKKFWATVESSEHSFEVPIYAELDEALELAEWQYVPAGFEVTRVRPCVAP,-1.8889823694058656,0
SLSVDNKKFWATVESSEHSFEVPIYAETALDEALELAEWQYVPAGFEVTRVRPCVAP,-2.024099390984884,0
SLSVDNKKFWATVESSEHSFEVPIYAETDEALELAEWQYVPAGFEVTRVRPCVAP,-2.373234927400305,0
SLSVDNKKFWATVESSEHSFEVPIYAETGLDEALELAEWQYVPAGFEVTRVRPCVAP,-2.176079679292254,0
SLSVDNKKFWATVESSEHSFEVPIYAETLADEALELAEWQYVPAGFEVTRVRPCVAP,-2.031568651700586,0
SLSVDNKKFWATVESSEHSFEVPIYAETLDAEALELAEWQYVPAGFEVTRVRPCVAP,-1.6429670633152766,0
SLSVDNKKFWATVESSEHSFEVPIYAETLDALELAEWQYVPAGFEVTRVRPCVAP,-2.070782235285201,0
SLSVDNKKFWATVESSEHSFEVPIYAETLDEAALELAEWQYVPAGFEVTRVRPCVAP,-1.9758885166664255,0
SLSVDNKKFWATVESSEHSFEVPIYAETLDEAELAEWQYVPAGFEVTRVRPCVAP,-2.1153925180329862,0
SLSVDNKKFWATVESSEHSFEVPIYAETLDEAGLELAEWQYVPAGFEVTRVRPCVAP,-2.231360362820945,0
SLSVDNKKFWATVESSEHSFEVPIYAETLDEALAELAEWQYVPAGFEVTRVRPCVAP,-1.0516641392337782,1
SLSVDNKKFWATVESSEHSFEVPIYAETLDEALEAEWQYVPAGFEVTRVRPCVAP,-1.879363781387812,0
SLSVDNKKFWATVESSEHSFEVPIYAETLDEALEALAEWQYVPAGFEVTRVRPCVAP,-0.8471813881420649,1
SLSVDNKKFWATVESSEHSFEVPIYAETLDEALEGLAEWQYVPAGFEVTRVRPCVAP,-1.5849351166499388,0
SLSVDNKKFWATVESSEHSFEVPIYAETLDEALELAAEWQYVPAGFEVTRVRPCVAP,-0.7403736395930096,1
SLSVDNKKFWATVESSEHSFEVPIYAETLDEALELAEAWQYVPAGFEVTRVRPCVAP,-1.002387887161624,1
SLSVDNKKFWATVESSEHSFEVPIYAETLDEALELAEGWQYVPAGFEVTRVRPCVAP,-1.1809221846006397,0
SLSVDNKKFWATVESSEHSFEVPIYAETLDEALELAEQYVPAGFEVTRVRPCVAP,0.2230141952548834,1
SLSVDNKKFWATVESSEHSFEVPIYAETLDEALELAEWAQYVPAGFEVTRVRPCVAP,-1.467455297009487,0
SLSVDNKKFWATVESSEHSFEVPIYAETLDEALELAEWGQYVPAGFEVTRVRPCVAP,-1.51863742172047,0
SLSVDNKKFWATVESSEHSFEVPIYAETLDEALELAEWQAYVPAGFEVTRVRPCVAP,-1.9717433850265216,0
SLSVDNKKFWATVESSEHSFEVPIYAETLDEALELAEWQGYVPAGFEVTRVRPCVAP,-1.24710353134249,0
SLSVDNKKFWATVESSEHSFEVPIYAETLDEALELAEWQVPAGFEVTRVRPCVAP,-0.0812028931323167,1
SLSVDNKKFWATVESSEHSFEVPIYAETLDEALELAEWQYAVPAGFEVTRVRPCVAP,-0.8397008678796349,1
SLSVDNKKFWATVESSEHSFEVPIYAETLDEALELAEWQYGVPAGFEVTRVRPCVAP,-0.7601312107771447,1
SLSVDNKKFWATVESSEHSFEVPIYAETLDEALELAEWQYPAGFEVTRVRPCVAP,-1.0626835227883924,1
SLSVDNKKFWATVESSEHSFEVPIYAETLDEALELAEWQYVAGFEVTRVRPCVAP,-1.1168702745360315,0
SLSVDNKKFWATVESSEHSFEVPIYAETLDEALELAEWQYVAPAGFEVTRVRPCVAP,-0.8880728892845016,1
SLSVDNKKFWATVESSEHSFEVPIYAETLDEALELAEWQYVGPAGFEVTRVRPCVAP,-1.077377033490692,1
SLSVDNKKFWATVESSEHSFEVPIYAETLDEALELAEWQYVPAAGFEVTRVRPCVAP,-1.1026008580717992,0
SLSVDNKKFWATVESSEHSFEVPIYAETLDEALELAEWQYVPAFEVTRVRPCVAP,-1.1537263692975317,0
SLSVDNKKFWATVESSEHSFEVPIYAETLDEALELAEWQYVPAGAFEVTRVRPCVAP,-1.5599998684474534,0
SLSVDNKKFWATVESSEHSFEVPIYAETLDEALELAEWQYVPAGEVTRVRPCVAP,-1.9448247821794564,0
SLSVDNKKFWATVESSEHSFEVPIYAETLDEALELAEWQYVPAGFAEVTRVRPCVAP,-1.8458503220433824,0
SLSVDNKKFWATVESSEHSFEVPIYAETLDEALELAEWQYVPAGFEAVTRVRPCVAP,-2.276113869948351,0
SLSVDNKKFWATVESSEHSFEVPIYAETLDEALELAEWQYVPAGFEGVTRVRPCVAP,-1.6053644944575074,0
SLSVDNKKFWATVESSEHSFEVPIYAETLDEALELAEWQYVPAGFETRVRPCVAP,-2.021234622100625,0
SLSVDNKKFWATVESSEHSFEVPIYAETLDEALELAEWQYVPAGFEVATRVRPCVAP,-2.642733656112207,0
SLSVDNKKFWATVESSEHSFEVPIYAETLDEALELAEWQYVPAGFEVRVRPCVAP,-0.9013217127237928,1
SLSVDNKKFWATVESSEHSFEVPIYAETLDEALELAEWQYVPAGFEVTARVRPCVAP,-1.6009829678714165,0
SLSVDNKKFWATVESSEHSFEVPIYAETLDEALELAEWQYVPAGFEVTRAVRPCVAP,-2.4123944644773267,0
SLSVDNKKFWATVESSEHSFEVPIYAETLDEALELAEWQYVPAGFEVTRRPCVAP,-1.8769769232916615,0
SLSVDNKKFWATVESSEHSFEVPIYAETLDEALELAEWQYVPAGFEVTRVARPCVAP,-1.7051229043883698,0
SLSVDNKKFWATVESSEHSFEVPIYAETLDEALELAEWQYVPAGFEVTRVGRPCVAP,-1.6390611993381556,0
SLSVDNKKFWATVESSEHSFEVPIYAETLDEALELAEWQYVPAGFEVTRVPCVAP,-1.758186702392589,0
SLSVDNKKFWATVESSEHSFEVPIYAETLDEALELAEWQYVPAGFEVTRVRAPCVAP,-0.6730802820018953,1
SLSVDNKKFWATVESSEHSFEVPIYAETLDEALELAEWQYVPAGFEVTRVRCVAP,-0.8517623066234452,1
SLSVDNKKFWATVESSEHSFEVPIYAETLDEALELAEWQYVPAGFEVTRVRGPCVAP,0.3167817620263591,1
SLSVDNKKFWATVESSEHSFEVPIYAETLDEALELAEWQYVPAGFEVTRVRPACVAP,0.3848466041339877,1
SLSVDNKKFWATVESSEHSFEVPIYAETLDEALELAEWQYVPAGFEVTRVRPCAP,-0.4241658266329868,1
SLSVDNKKFWATVESSEHSFEVPIYAETLDEALELAEWQYVPAGFEVTRVRPCAVAP,-0.0549960171615158,1
SLSVDNKKFWATVESSEHSFEVPIYAETLDEALELAEWQYVPAGFEVTRVRPCGVAP,-0.353778012868188,1
SLSVDNKKFWATVESSEHSFEVPIYAETLDEALELAEWQYVPAGFEVTRVRPCVA,-0.1112650843520621,1
SLSVDNKKFWATVESSEHSFEVPIYAETLDEALELAEWQYVPAGFEVTRVRPCVAAP,0.031017280423743153,1
SLSVDNKKFWATVESSEHSFEVPIYAETLDEALELAEWQYVPAGFEVTRVRPCVAGP,-0.0945399283145933,1
SLSVDNKKFWATVESSEHSFEVPIYAETLDEALELAEWQYVPAGFEVTRVRPCVGAP,-0.2607357317830896,1
SLSVDNKKFWATVESSEHSFEVPIYAETLDEALELAEWQYVPAGFEVTRVRPCVP,-0.3402667524659546,1
SLSVDNKKFWATVESSEHSFEVPIYAETLDEALELAEWQYVPAGFEVTRVRPGCVAP,-0.3810267095661315,1
SLSVDNKKFWATVESSEHSFEVPIYAETLDEALELAEWQYVPAGFEVTRVRPVAP,-0.6444799005849886,1
SLSVDNKKFWATVESSEHSFEVPIYAETLDEALELAEWQYVPAGFEVTVRPCVAP,-0.8877854410115766,1
SLSVDNKKFWATVESSEHSFEVPIYAETLDEALELAEWQYVPAGFGEVTRVRPCVAP,-1.926926261561752,0
SLSVDNKKFWATVESSEHSFEVPIYAETLDEALELAEWQYVPAGFVTRVRPCVAP,-1.73559134422789,0
SLSVDNKKFWATVESSEHSFEVPIYAETLDEALELAEWQYVPAGGFEVTRVRPCVAP,-1.3062487061282813,0
SLSVDNKKFWATVESSEHSFEVPIYAETLDEALELAEWQYVPGAGFEVTRVRPCVAP,-1.127522443082395,0
SLSVDNKKFWATVESSEHSFEVPIYAETLDEALELAEWQYVPGFEVTRVRPCVAP,-1.4125758784729965,0
SLSVDNKKFWATVESSEHSFEVPIYAETLDEALELAEWYVPAGFEVTRVRPCVAP,0.2633658003362225,1
SLSVDNKKFWATVESSEHSFEVPIYAETLDEALELAGEWQYVPAGFEVTRVRPCVAP,-1.1056065769206032,0
SLSVDNKKFWATVESSEHSFEVPIYAETLDEALELAWQYVPAGFEVTRVRPCVAP,0.636907492189684,1
SLSVDNKKFWATVESSEHSFEVPIYAETLDEALELEWQYVPAGFEVTRVRPCVAP,-2.007707588729386,0
SLSVDNKKFWATVESSEHSFEVPIYAETLDEALELGAEWQYVPAGFEVTRVRPCVAP,-1.196402529962406,0
SLSVDNKKFWATVESSEHSFEVPIYAETLDEALGELAEWQYVPAGFEVTRVRPCVAP,-1.5545519857632,0
SLSVDNKKFWATVESSEHSFEVPIYAETLDEALLAEWQYVPAGFEVTRVRPCVAP,-1.7501855783942148,0
SLSVDNKKFWATVESSEHSFEVPIYAETLDEGALELAEWQYVPAGFEVTRVRPCVAP,-2.3003907989652177,0
SLSVDNKKFWATVESSEHSFEVPIYAETLDELELAEWQYVPAGFEVTRVRPCVAP,-2.2231209880453298,0
SLSVDNKKFWATVESSEHSFEVPIYAETLDGEALELAEWQYVPAGFEVTRVRPCVAP,-1.8578145763517728,0
SLSVDNKKFWATVESSEHSFEVPIYAETLEALELAEWQYVPAGFEVTRVRPCVAP,-2.2622787780058777,0
SLSVDNKKFWATVESSEHSFEVPIYAETLGDEALELAEWQYVPAGFEVTRVRPCVAP,-1.7988225019778954,0
SLSVDNKKFWATVESSEHSFEVPIYAGETLDEALELAEWQYVPAGFEVTRVRPCVAP,-2.046368332471275,0
SLSVDNKKFWATVESSEHSFEVPIYATLDEALELAEWQYVPAGFEVTRVRPCVAP,-1.6362581935188685,0
SLSVDNKKFWATVESSEHSFEVPIYETLDEALELAEWQYVPAGFEVTRVRPCVAP,-1.9176319855316304,0
SLSVDNKKFWATVESSEHSFEVPIYGAETLDEALELAEWQYVPAGFEVTRVRPCVAP,-0.8284040990512489,1
SLSVDNKKFWATVESSEHSFEVPYAETLDEALELAEWQYVPAGFEVTRVRPCVAP,-2.0743664743939134,0
SLSVDNKKFWATVESSEHSFGEVPIYAETLDEALELAEWQYVPAGFEVTRVRPCVAP,-1.629172602500077,0
SLSVDNKKFWATVESSEHSFVPIYAETLDEALELAEWQYVPAGFEVTRVRPCVAP,-1.8574755082571104,0
SLSVDNKKFWATVESSEHSGFEVPIYAETLDEALELAEWQYVPAGFEVTRVRPCVAP,-1.237690501599804,0
SLSVDNKKFWATVESSESFEVPIYAETLDEALELAEWQYVPAGFEVTRVRPCVAP,-1.7298438071610025,0
SLSVDNKKFWATVESSGEHSFEVPIYAETLDEALELAEWQYVPAGFEVTRVRPCVAP,-0.792755272655195,1
SLSVDNKKFWATVESSHSFEVPIYAETLDEALELAEWQYVPAGFEVTRVRPCVAP,-1.6223164560783072,0
SLSVDNKKFWATVGESSEHSFEVPIYAETLDEALELAEWQYVPAGFEVTRVRPCVAP,-1.3615292272328017,0
SLSVDNKKFWATVSSEHSFEVPIYAETLDEALELAEWQYVPAGFEVTRVRPCVAP,-1.2256807389840367,0
SLSVDNKKFWAVESSEHSFEVPIYAETLDEALELAEWQYVPAGFEVTRVRPCVAP,-3.3060678270503767,0
SLSVDNKKFWGATVESSEHSFEVPIYAETLDEALELAEWQYVPAGFEVTRVRPCVAP,-0.7554398122274684,1
SLSVDNKKFWTVESSEHSFEVPIYAETLDEALELAEWQYVPAGFEVTRVRPCVAP,-2.1719019925844303,0
SLSVDNKKGFWATVESSEHSFEVPIYAETLDEALELAEWQYVPAGFEVTRVRPCVAP,0.2821806546111416,1
SLSVGDNKKFWATVESSEHSFEVPIYAETLDEALELAEWQYVPAGFEVTRVRPCVAP,-0.0871955354577047,1
SLSVNKKFWATVESSEHSFEVPIYAETLDEALELAEWQYVPAGFEVTRVRPCVAP,0.6698240532076696,1
SLVDNKKFWATVESSEHSFEVPIYAETLDEALELAEWQYVPAGFEVTRVRPCVAP,-0.1818311028287276,1
SSVDNKKFWATVESSEHSFEVPIYAETLDEALELAEWQYVPAGFEVTRVRPCVAP,0.3403156043882225,1
