mutated_sequence,DMS_score,DMS_score_bin
AMISNAKIARINELAAKAKAGVITEEEKAEQQKLRQEYLK,-0.0367936353120668,1
GMISNAKIARINELAAKAKAGVITEEEKAEQQKLRQEYLK,-0.040536872671268,1
ISNAKIARINELAAKAKAGVITEEEKAEQQKLRQEYLK,-0.0572029209379421,1
MAISNAKIARINELAAKAKAGVITEEEKAEQQKLRQEYLK,-0.142965210929947,1
MGISNAKIARINELAAKAKAGVITEEEKAEQQKLRQEYLK,0.0271287743720627,1
MIASNAKIARINELAAKAKAGVITEEEKAEQQKLRQEYLK,-0.4672452344178843,1
MIGSNAKIARINELAAKAKAGVITEEEKAEQQKLRQEYLK,-0.3851954159773048,1
MINAKIARINELAAKAKAGVITEEEKAEQQKLRQEYLK,-0.1137667301316538,1
MISAKIARINELAAKAKAGVITEEEKAEQQKLRQEYLK,0.0327044501189801,1
MISANAKIARINELAAKAKAGVITEEEKAEQQKLRQEYLK,-0.2978381335530538,1
MISGNAKIARINELAAKAKAGVITEEEKAEQQKLRQEYLK,-0.4603513278241629,1
MISNAAKIARINELAAKAKAGVITEEEKAEQQKLRQEYLK,0.0083391068846175,1
MISNAGKIARINELAAKAKAGVITEEEKAEQQKLRQEYLK,-0.3998906568675566,1
MISNAIARINELAAKAKAGVITEEEKAEQQKLRQEYLK,-0.0843786184524608,1
MISNAKAIARINELAAKAKAGVITEEEKAEQQKLRQEYLK,-0.1034337795907349,1
MISNAKARINELAAKAKAGVITEEEKAEQQKLRQEYLK,-0.5319726768791133,1
MISNAKGIARINELAAKAKAGVITEEEKAEQQKLRQEYLK,-0.626959736810268,1
MISNAKIAARINELAAKAKAGVITEEEKAEQQKLRQEYLK,0.14379284186068594,1
MISNAKIAGRINELAAKAKAGVITEEEKAEQQKLRQEYLK,-0.5273774363714048,1
MISNAKIAINELAAKAKAGVITEEEKAEQQKLRQEYLK,-2.485947214573623,0
MISNAKIARAINELAAKAKAGVITEEEKAEQQKLRQEYLK,-1.6334404525053865,0
MISNAKIARGINELAAKAKAGVITEEEKAEQQKLRQEYLK,-2.2557859589428864,0
MISNAKIARIANELAAKAKAGVITEEEKAEQQKLRQEYLK,-2.10427530739126,0
MISNAKIARIELAAKAKAGVITEEEKAEQQKLRQEYLK,-2.3367481975092828,0
MISNAKIARIGNELAAKAKAGVITEEEKAEQQKLRQEYLK,-2.328638340773653,0
MISNAKIARINAELAAKAKAGVITEEEKAEQQKLRQEYLK,-2.422672288066429,0
MISNAKIARINEAAKAKAGVITEEEKAEQQKLRQEYLK,-2.761384238921871,0
MISNAKIARINEALAAKAKAGVITEEEKAEQQKLRQEYLK,-2.350310921958412,0
MISNAKIARINEGLAAKAKAGVITEEEKAEQQKLRQEYLK,-2.2950685367325,0
MISNAKIARINELAAAKAGVITEEEKAEQQKLRQEYLK,-2.193654603466737,0
MISNAKIARINELAAAKAKAGVITEEEKAEQQKLRQEYLK,-2.0882486799026982,0
MISNAKIARINELAAGKAKAGVITEEEKAEQQKLRQEYLK,-2.164726587773397,0
MISNAKIARINELAAKAAGVITEEEKAEQQKLRQEYLK,-1.87902533324354,0
MISNAKIARINELAAKAAKAGVITEEEKAEQQKLRQEYLK,-1.8504098534652016,0
MISNAKIARINELAAKAGKAGVITEEEKAEQQKLRQEYLK,-2.658121598929825,0
MISNAKIARINELAAKAKAAGVITEEEKAEQQKLRQEYLK,-1.9400674026689193,0
MISNAKIARINELAAKAKAGAVITEEEKAEQQKLRQEYLK,-1.600653153051689,0
MISNAKIARINELAAKAKAGGVITEEEKAEQQKLRQEYLK,-1.3731104330653976,0
MISNAKIARINELAAKAKAGITEEEKAEQQKLRQEYLK,-1.7877996553500553,0
MISNAKIARINELAAKAKAGVAITEEEKAEQQKLRQEYLK,-1.531020255541732,0
MISNAKIARINELAAKAKAGVGITEEEKAEQQKLRQEYLK,-1.5343587698415022,0
MISNAKIARINELAAKAKAGVIATEEEKAEQQKLRQEYLK,-1.8569191471411783,0
MISNAKIARINELAAKAKAGVIEEEKAEQQKLRQEYLK,-2.615092077494289,0
MISNAKIARINELAAKAKAGVIGTEEEKAEQQKLRQEYLK,-2.036604341284804,0
MISNAKIARINELAAKAKAGVITAEEEKAEQQKLRQEYLK,-2.1273563306345147,0
MISNAKIARINELAAKAKAGVITEAEEKAEQQKLRQEYLK,-2.316804697822191,0
MISNAKIARINELAAKAKAGVITEEAEKAEQQKLRQEYLK,-2.2282359558030884,0
MISNAKIARINELAAKAKAGVITEEEAEQQKLRQEYLK,-1.9184113056535872,0
MISNAKIARINELAAKAKAGVITEEEAKAEQQKLRQEYLK,-1.845800568473812,0
MISNAKIARINELAAKAKAGVITEEEGKAEQQKLRQEYLK,-2.727089945685683,0
MISNAKIARINELAAKAKAGVITEEEKAAEQQKLRQEYLK,-2.142531302101439,0
MISNAKIARINELAAKAKAGVITEEEKAEAQQKLRQEYLK,-2.433670616279402,0
MISNAKIARINELAAKAKAGVITEEEKAEGQQKLRQEYLK,-2.702771762880427,0
MISNAKIARINELAAKAKAGVITEEEKAEQAQKLRQEYLK,-1.883045508380456,0
MISNAKIARINELAAKAKAGVITEEEKAEQGQKLRQEYLK,-2.601800736131598,0
MISNAKIARINELAAKAKAGVITEEEKAEQKLRQEYLK,-2.039510851276755,0
MISNAKIARINELAAKAKAGVITEEEKAEQQAKLRQEYLK,-2.2639656674109965,0
MISNAKIARINELAAKAKAGVITEEEKAEQQGKLRQEYLK,-2.921325602055818,0
MISNAKIARINELAAKAKAGVITEEEKAEQQKALRQEYLK,-2.166256410669016,0
MISNAKIARINELAAKAKAGVITEEEKAEQQKGLRQEYLK,-3.119119227814417,0
MISNAKIARINELAAKAKAGVITEEEKAEQQKLARQEYLK,-1.1167745893760943,0
MISNAKIARINELAAKAKAGVITEEEKAEQQKLGRQEYLK,-1.5769670782587362,0
MISNAKIARINELAAKAKAGVITEEEKAEQQKLQEYLK,0.0629523982069955,1
MISNAKIARINELAAKAKAGVITEEEKAEQQKLRAQEYLK,-0.9889739685811936,1
MISNAKIARINELAAKAKAGVITEEEKAEQQKLREYLK,0.0824148144476399,1
MISNAKIARINELAAKAKAGVITEEEKAEQQKLRGQEYLK,-1.1877489406392767,0
MISNAKIARINELAAKAKAGVITEEEKAEQQKLRQAEYLK,-1.0983761309352378,0
MISNAKIARINELAAKAKAGVITEEEKAEQQKLRQEAYLK,-0.8098807106251305,1
MISNAKIARINELAAKAKAGVITEEEKAEQQKLRQEGYLK,-0.9309589583762614,1
MISNAKIARINELAAKAKAGVITEEEKAEQQKLRQELK,0.2802329418819052,1
MISNAKIARINELAAKAKAGVITEEEKAEQQKLRQEYALK,-0.6624989164336552,1
MISNAKIARINELAAKAKAGVITEEEKAEQQKLRQEYGLK,-0.9588186982284356,1
MISNAKIARINELAAKAKAGVITEEEKAEQQKLRQEYK,-0.1826496028807176,1
MISNAKIARINELAAKAKAGVITEEEKAEQQKLRQEYL,0.2001501131634531,1
MISNAKIARINELAAKAKAGVITEEEKAEQQKLRQEYLAK,-0.1099765221987407,1
MISNAKIARINELAAKAKAGVITEEEKAEQQKLRQEYLGK,-0.1010102248254267,1
MISNAKIARINELAAKAKAGVITEEEKAEQQKLRQGEYLK,-1.1248158572772726,0
MISNAKIARINELAAKAKAGVITEEEKAEQQKLRQYLK,-0.172653519537774,1
MISNAKIARINELAAKAKAGVITEEEKAEQQKRQEYLK,-2.192326709008832,0
MISNAKIARINELAAKAKAGVITEEEKAEQQLRQEYLK,-2.3864969195363224,0
MISNAKIARINELAAKAKAGVITEEEKAGEQQKLRQEYLK,-2.8524339047309963,0
MISNAKIARINELAAKAKAGVITEEEKAQQKLRQEYLK,-2.049615267351042,0
MISNAKIARINELAAKAKAGVITEEEKEQQKLRQEYLK,-2.2339702675997293,0
MISNAKIARINELAAKAKAGVITEEEKGAEQQKLRQEYLK,-2.488687407719346,0
MISNAKIARINELAAKAKAGVITEEGEKAEQQKLRQEYLK,-2.830229395080914,0
MISNAKIARINELAAKAKAGVITEEKAEQQKLRQEYLK,-2.851779543937415,0
MISNAKIARINELAAKAKAGVITEGEEKAEQQKLRQEYLK,-2.465068339376405,0
MISNAKIARINELAAKAKAGVTEEEKAEQQKLRQEYLK,-2.120055937333137,0
MISNAKIARINELAAKAKAVITEEEKAEQQKLRQEYLK,-2.2054118030668377,0
MISNAKIARINELAAKAKGAGVITEEEKAEQQKLRQEYLK,-1.9767181130338471,0
MISNAKIARINELAAKAKGVITEEEKAEQQKLRQEYLK,-2.025058120425445,0
MISNAKIARINELAAKGAKAGVITEEEKAEQQKLRQEYLK,-2.417546590248897,0
MISNAKIARINELAAKKAGVITEEEKAEQQKLRQEYLK,-2.036734028354081,0
MISNAKIARINELAGAKAKAGVITEEEKAEQQKLRQEYLK,-2.514276888982721,0
MISNAKIARINELAKAKAGVITEEEKAEQQKLRQEYLK,-2.1981630550153444,0
MISNAKIARINELGAAKAKAGVITEEEKAEQQKLRQEYLK,-2.257352029023015,0
MISNAKIARINGELAAKAKAGVITEEEKAEQQKLRQEYLK,-2.126415091573739,0
MISNAKIARINLAAKAKAGVITEEEKAEQQKLRQEYLK,-2.374171821889634,0
MISNAKIARNELAAKAKAGVITEEEKAEQQKLRQEYLK,-2.2055077646549077,0
MISNAKIGARINELAAKAKAGVITEEEKAEQQKLRQEYLK,-0.4607874269012277,1
MISNAKIRINELAAKAKAGVITEEEKAEQQKLRQEYLK,-0.7650865339424948,1
MISNGAKIARINELAAKAKAGVITEEEKAEQQKLRQEYLK,-0.2360837455286848,1
MISNKIARINELAAKAKAGVITEEEKAEQQKLRQEYLK,-0.1748816226064145,1
MSNAKIARINELAAKAKAGVITEEEKAEQQKLRQEYLK,0.113791475780776,1
