ID,DMS_Score,DMS_Score_Bin,mutated_sequence,Alignment,Align_score,Insertions,Deletions,NumberOfInsertionSites,NumberOfDeletionSites
4,-1.399907744,1,YAFQGQLNAMAHQIQEMFPQVPYHLVLQDLQLTRSVEITTDNILEGRI,"YAFQGQLNAMAHQIQEMFPQVPYHLVLQDLQLTRSVEITTDNILEGRI
Y-FQGQLNAMAHQIQEMFPQVPYHLVLQDLQLTRSVEITTDNILEGRI",239,'A' inserted at '2',None,1,0
5,-0.282859384,1,YFAQGQLNAMAHQIQEMFPQVPYHLVLQDLQLTRSVEITTDNILEGRI,"YFAQGQLNAMAHQIQEMFPQVPYHLVLQDLQLTRSVEITTDNILEGRI
YF-QGQLNAMAHQIQEMFPQVPYHLVLQDLQLTRSVEITTDNILEGRI",239,'A' inserted at '3',None,1,0
6,0.206734258,1,YFGQGQLNAMAHQIQEMFPQVPYHLVLQDLQLTRSVEITTDNILEGRI,"YFGQGQLNAMAHQIQEMFPQVPYHLVLQDLQLTRSVEITTDNILEGRI
YF-QGQLNAMAHQIQEMFPQVPYHLVLQDLQLTRSVEITTDNILEGRI",239,'G' inserted at '3',None,1,0
8,-0.231636529,1,YFQAGQLNAMAHQIQEMFPQVPYHLVLQDLQLTRSVEITTDNILEGRI,"YFQAGQLNAMAHQIQEMFPQVPYHLVLQDLQLTRSVEITTDNILEGRI
YFQ-GQLNAMAHQIQEMFPQVPYHLVLQDLQLTRSVEITTDNILEGRI",239,'A' inserted at '4',None,1,0
9,-0.03636795,1,YFQGAQLNAMAHQIQEMFPQVPYHLVLQDLQLTRSVEITTDNILEGRI,"YFQGAQLNAMAHQIQEMFPQVPYHLVLQDLQLTRSVEITTDNILEGRI
YFQG-QLNAMAHQIQEMFPQVPYHLVLQDLQLTRSVEITTDNILEGRI",239,'A' inserted at '5',None,1,0
10,-0.40689006,1,YFQGGQLNAMAHQIQEMFPQVPYHLVLQDLQLTRSVEITTDNILEGRI,"YFQGGQLNAMAHQIQEMFPQVPYHLVLQDLQLTRSVEITTDNILEGRI
YFQG-QLNAMAHQIQEMFPQVPYHLVLQDLQLTRSVEITTDNILEGRI",239,'G' inserted at '5',None,1,0
12,-0.165295417,1,YFQGQALNAMAHQIQEMFPQVPYHLVLQDLQLTRSVEITTDNILEGRI,"YFQGQALNAMAHQIQEMFPQVPYHLVLQDLQLTRSVEITTDNILEGRI
YFQGQ-LNAMAHQIQEMFPQVPYHLVLQDLQLTRSVEITTDNILEGRI",239,'A' inserted at '6',None,1,0
13,-0.386422347,1,YFQGQGLNAMAHQIQEMFPQVPYHLVLQDLQLTRSVEITTDNILEGRI,"YFQGQGLNAMAHQIQEMFPQVPYHLVLQDLQLTRSVEITTDNILEGRI
YFQGQ-LNAMAHQIQEMFPQVPYHLVLQDLQLTRSVEITTDNILEGRI",239,'G' inserted at '6',None,1,0
15,-1.233415025,1,YFQGQLANAMAHQIQEMFPQVPYHLVLQDLQLTRSVEITTDNILEGRI,"YFQGQLANAMAHQIQEMFPQVPYHLVLQDLQLTRSVEITTDNILEGRI
YFQGQL-NAMAHQIQEMFPQVPYHLVLQDLQLTRSVEITTDNILEGRI",239,'A' inserted at '7',None,1,0
16,-2.023048496,0,YFQGQLGNAMAHQIQEMFPQVPYHLVLQDLQLTRSVEITTDNILEGRI,"YFQGQLGNAMAHQIQEMFPQVPYHLVLQDLQLTRSVEITTDNILEGRI
YFQGQL-NAMAHQIQEMFPQVPYHLVLQDLQLTRSVEITTDNILEGRI",239,'G' inserted at '7',None,1,0
18,-1.384601855,1,YFQGQLNAAMAHQIQEMFPQVPYHLVLQDLQLTRSVEITTDNILEGRI,"YFQGQLNAAMAHQIQEMFPQVPYHLVLQDLQLTRSVEITTDNILEGRI
YFQGQLNA-MAHQIQEMFPQVPYHLVLQDLQLTRSVEITTDNILEGRI",239,'A' inserted at '9',None,1,0
19,-2.097741288,0,YFQGQLNAGMAHQIQEMFPQVPYHLVLQDLQLTRSVEITTDNILEGRI,"YFQGQLNAGMAHQIQEMFPQVPYHLVLQDLQLTRSVEITTDNILEGRI
YFQGQLNA-MAHQIQEMFPQVPYHLVLQDLQLTRSVEITTDNILEGRI",239,'G' inserted at '9',None,1,0
20,-1.770095757,0,YFQGQLNAMAAHQIQEMFPQVPYHLVLQDLQLTRSVEITTDNILEGRI,"YFQGQLNAMAAHQIQEMFPQVPYHLVLQDLQLTRSVEITTDNILEGRI
YFQGQLNAMA-HQIQEMFPQVPYHLVLQDLQLTRSVEITTDNILEGRI",239,'A' inserted at '11',None,1,0
21,-2.952177084,0,YFQGQLNAMAGHQIQEMFPQVPYHLVLQDLQLTRSVEITTDNILEGRI,"YFQGQLNAMAGHQIQEMFPQVPYHLVLQDLQLTRSVEITTDNILEGRI
YFQGQLNAMA-HQIQEMFPQVPYHLVLQDLQLTRSVEITTDNILEGRI",239,'G' inserted at '11',None,1,0
22,-3.176613752,0,YFQGQLNAMAHAQIQEMFPQVPYHLVLQDLQLTRSVEITTDNILEGRI,"YFQGQLNAMAHAQIQEMFPQVPYHLVLQDLQLTRSVEITTDNILEGRI
YFQGQLNAMAH-QIQEMFPQVPYHLVLQDLQLTRSVEITTDNILEGRI",239,'A' inserted at '12',None,1,0
24,-2.732666206,0,YFQGQLNAMAHQAIQEMFPQVPYHLVLQDLQLTRSVEITTDNILEGRI,"YFQGQLNAMAHQAIQEMFPQVPYHLVLQDLQLTRSVEITTDNILEGRI
YFQGQLNAMAHQ-IQEMFPQVPYHLVLQDLQLTRSVEITTDNILEGRI",239,'A' inserted at '13',None,1,0
25,-2.280874622,0,YFQGQLNAMAHQIAQEMFPQVPYHLVLQDLQLTRSVEITTDNILEGRI,"YFQGQLNAMAHQIAQEMFPQVPYHLVLQDLQLTRSVEITTDNILEGRI
YFQGQLNAMAHQI-QEMFPQVPYHLVLQDLQLTRSVEITTDNILEGRI",239,'A' inserted at '14',None,1,0
26,-3.029886115,0,YFQGQLNAMAHQIGQEMFPQVPYHLVLQDLQLTRSVEITTDNILEGRI,"YFQGQLNAMAHQIGQEMFPQVPYHLVLQDLQLTRSVEITTDNILEGRI
YFQGQLNAMAHQI-QEMFPQVPYHLVLQDLQLTRSVEITTDNILEGRI",239,'G' inserted at '14',None,1,0
27,-2.499521684,0,YFQGQLNAMAHQIQAEMFPQVPYHLVLQDLQLTRSVEITTDNILEGRI,"YFQGQLNAMAHQIQAEMFPQVPYHLVLQDLQLTRSVEITTDNILEGRI
YFQGQLNAMAHQIQ-EMFPQVPYHLVLQDLQLTRSVEITTDNILEGRI",239,'A' inserted at '15',None,1,0
28,-2.738126245,0,YFQGQLNAMAHQIQEAMFPQVPYHLVLQDLQLTRSVEITTDNILEGRI,"YFQGQLNAMAHQIQEAMFPQVPYHLVLQDLQLTRSVEITTDNILEGRI
YFQGQLNAMAHQIQE-MFPQVPYHLVLQDLQLTRSVEITTDNILEGRI",239,'A' inserted at '16',None,1,0
30,-3.062849502,0,YFQGQLNAMAHQIQEGMFPQVPYHLVLQDLQLTRSVEITTDNILEGRI,"YFQGQLNAMAHQIQEGMFPQVPYHLVLQDLQLTRSVEITTDNILEGRI
YFQGQLNAMAHQIQE-MFPQVPYHLVLQDLQLTRSVEITTDNILEGRI",239,'G' inserted at '16',None,1,0
31,-2.910956159,0,YFQGQLNAMAHQIQEMAFPQVPYHLVLQDLQLTRSVEITTDNILEGRI,"YFQGQLNAMAHQIQEMAFPQVPYHLVLQDLQLTRSVEITTDNILEGRI
YFQGQLNAMAHQIQEM-FPQVPYHLVLQDLQLTRSVEITTDNILEGRI",239,'A' inserted at '17',None,1,0
32,-1.947792465,0,YFQGQLNAMAHQIQEMFAPQVPYHLVLQDLQLTRSVEITTDNILEGRI,"YFQGQLNAMAHQIQEMFAPQVPYHLVLQDLQLTRSVEITTDNILEGRI
YFQGQLNAMAHQIQEMF-PQVPYHLVLQDLQLTRSVEITTDNILEGRI",239,'A' inserted at '18',None,1,0
33,-1.554404577,0,YFQGQLNAMAHQIQEMFGPQVPYHLVLQDLQLTRSVEITTDNILEGRI,"YFQGQLNAMAHQIQEMFGPQVPYHLVLQDLQLTRSVEITTDNILEGRI
YFQGQLNAMAHQIQEMF-PQVPYHLVLQDLQLTRSVEITTDNILEGRI",239,'G' inserted at '18',None,1,0
34,-2.372891775,0,YFQGQLNAMAHQIQEMFPAQVPYHLVLQDLQLTRSVEITTDNILEGRI,"YFQGQLNAMAHQIQEMFPAQVPYHLVLQDLQLTRSVEITTDNILEGRI
YFQGQLNAMAHQIQEMFP-QVPYHLVLQDLQLTRSVEITTDNILEGRI",239,'A' inserted at '19',None,1,0
35,-1.575811654,0,YFQGQLNAMAHQIQEMFPGQVPYHLVLQDLQLTRSVEITTDNILEGRI,"YFQGQLNAMAHQIQEMFPGQVPYHLVLQDLQLTRSVEITTDNILEGRI
YFQGQLNAMAHQIQEMFP-QVPYHLVLQDLQLTRSVEITTDNILEGRI",239,'G' inserted at '19',None,1,0
36,-2.511984369,0,YFQGQLNAMAHQIQEMFPQAVPYHLVLQDLQLTRSVEITTDNILEGRI,"YFQGQLNAMAHQIQEMFPQAVPYHLVLQDLQLTRSVEITTDNILEGRI
YFQGQLNAMAHQIQEMFPQ-VPYHLVLQDLQLTRSVEITTDNILEGRI",239,'A' inserted at '20',None,1,0
37,-1.934243168,0,YFQGQLNAMAHQIQEMFPQGVPYHLVLQDLQLTRSVEITTDNILEGRI,"YFQGQLNAMAHQIQEMFPQGVPYHLVLQDLQLTRSVEITTDNILEGRI
YFQGQLNAMAHQIQEMFPQ-VPYHLVLQDLQLTRSVEITTDNILEGRI",239,'G' inserted at '20',None,1,0
38,-3.053989239,0,YFQGQLNAMAHQIQEMFPQVAPYHLVLQDLQLTRSVEITTDNILEGRI,"YFQGQLNAMAHQIQEMFPQVAPYHLVLQDLQLTRSVEITTDNILEGRI
YFQGQLNAMAHQIQEMFPQV-PYHLVLQDLQLTRSVEITTDNILEGRI",239,'A' inserted at '21',None,1,0
39,-2.268796701,0,YFQGQLNAMAHQIQEMFPQVGPYHLVLQDLQLTRSVEITTDNILEGRI,"YFQGQLNAMAHQIQEMFPQVGPYHLVLQDLQLTRSVEITTDNILEGRI
YFQGQLNAMAHQIQEMFPQV-PYHLVLQDLQLTRSVEITTDNILEGRI",239,'G' inserted at '21',None,1,0
40,-2.211781226,0,YFQGQLNAMAHQIQEMFPQVPAYHLVLQDLQLTRSVEITTDNILEGRI,"YFQGQLNAMAHQIQEMFPQVPAYHLVLQDLQLTRSVEITTDNILEGRI
YFQGQLNAMAHQIQEMFPQVP-YHLVLQDLQLTRSVEITTDNILEGRI",239,'A' inserted at '22',None,1,0
41,-2.275366201,0,YFQGQLNAMAHQIQEMFPQVPGYHLVLQDLQLTRSVEITTDNILEGRI,"YFQGQLNAMAHQIQEMFPQVPGYHLVLQDLQLTRSVEITTDNILEGRI
YFQGQLNAMAHQIQEMFPQVP-YHLVLQDLQLTRSVEITTDNILEGRI",239,'G' inserted at '22',None,1,0
43,-2.181758725,0,YFQGQLNAMAHQIQEMFPQVPYAHLVLQDLQLTRSVEITTDNILEGRI,"YFQGQLNAMAHQIQEMFPQVPYAHLVLQDLQLTRSVEITTDNILEGRI
YFQGQLNAMAHQIQEMFPQVPY-HLVLQDLQLTRSVEITTDNILEGRI",239,'A' inserted at '23',None,1,0
44,-2.79922371,0,YFQGQLNAMAHQIQEMFPQVPYGHLVLQDLQLTRSVEITTDNILEGRI,"YFQGQLNAMAHQIQEMFPQVPYGHLVLQDLQLTRSVEITTDNILEGRI
YFQGQLNAMAHQIQEMFPQVPY-HLVLQDLQLTRSVEITTDNILEGRI",239,'G' inserted at '23',None,1,0
45,-2.772863639,0,YFQGQLNAMAHQIQEMFPQVPYHLAVLQDLQLTRSVEITTDNILEGRI,"YFQGQLNAMAHQIQEMFPQVPYHLAVLQDLQLTRSVEITTDNILEGRI
YFQGQLNAMAHQIQEMFPQVPYHL-VLQDLQLTRSVEITTDNILEGRI",239,'A' inserted at '25',None,1,0
46,-2.944708734,0,YFQGQLNAMAHQIQEMFPQVPYHLVALQDLQLTRSVEITTDNILEGRI,"YFQGQLNAMAHQIQEMFPQVPYHLVALQDLQLTRSVEITTDNILEGRI
YFQGQLNAMAHQIQEMFPQVPYHLV-LQDLQLTRSVEITTDNILEGRI",239,'A' inserted at '26',None,1,0
47,-2.906846985,0,YFQGQLNAMAHQIQEMFPQVPYHLVLAQDLQLTRSVEITTDNILEGRI,"YFQGQLNAMAHQIQEMFPQVPYHLVLAQDLQLTRSVEITTDNILEGRI
YFQGQLNAMAHQIQEMFPQVPYHLVL-QDLQLTRSVEITTDNILEGRI",239,'A' inserted at '27',None,1,0
49,-2.316616595,0,YFQGQLNAMAHQIQEMFPQVPYHLVLQADLQLTRSVEITTDNILEGRI,"YFQGQLNAMAHQIQEMFPQVPYHLVLQADLQLTRSVEITTDNILEGRI
YFQGQLNAMAHQIQEMFPQVPYHLVLQ-DLQLTRSVEITTDNILEGRI",239,'A' inserted at '28',None,1,0
50,-2.552570673,0,YFQGQLNAMAHQIQEMFPQVPYHLVLQDALQLTRSVEITTDNILEGRI,"YFQGQLNAMAHQIQEMFPQVPYHLVLQDALQLTRSVEITTDNILEGRI
YFQGQLNAMAHQIQEMFPQVPYHLVLQD-LQLTRSVEITTDNILEGRI",239,'A' inserted at '29',None,1,0
51,-2.345791226,0,YFQGQLNAMAHQIQEMFPQVPYHLVLQDLAQLTRSVEITTDNILEGRI,"YFQGQLNAMAHQIQEMFPQVPYHLVLQDLAQLTRSVEITTDNILEGRI
YFQGQLNAMAHQIQEMFPQVPYHLVLQDL-QLTRSVEITTDNILEGRI",239,'A' inserted at '30',None,1,0
52,-3.031494753,0,YFQGQLNAMAHQIQEMFPQVPYHLVLQDLGQLTRSVEITTDNILEGRI,"YFQGQLNAMAHQIQEMFPQVPYHLVLQDLGQLTRSVEITTDNILEGRI
YFQGQLNAMAHQIQEMFPQVPYHLVLQDL-QLTRSVEITTDNILEGRI",239,'G' inserted at '30',None,1,0
54,-1.952250932,0,YFQGQLNAMAHQIQEMFPQVPYHLVLQDLQALTRSVEITTDNILEGRI,"YFQGQLNAMAHQIQEMFPQVPYHLVLQDLQALTRSVEITTDNILEGRI
YFQGQLNAMAHQIQEMFPQVPYHLVLQDLQ-LTRSVEITTDNILEGRI",239,'A' inserted at '31',None,1,0
55,-2.716401181,0,YFQGQLNAMAHQIQEMFPQVPYHLVLQDLQGLTRSVEITTDNILEGRI,"YFQGQLNAMAHQIQEMFPQVPYHLVLQDLQGLTRSVEITTDNILEGRI
YFQGQLNAMAHQIQEMFPQVPYHLVLQDLQ-LTRSVEITTDNILEGRI",239,'G' inserted at '31',None,1,0
56,-3.312705071,0,YFQGQLNAMAHQIQEMFPQVPYHLVLQDLQLATRSVEITTDNILEGRI,"YFQGQLNAMAHQIQEMFPQVPYHLVLQDLQLATRSVEITTDNILEGRI
YFQGQLNAMAHQIQEMFPQVPYHLVLQDLQL-TRSVEITTDNILEGRI",239,'A' inserted at '32',None,1,0
57,-2.84134409,0,YFQGQLNAMAHQIQEMFPQVPYHLVLQDLQLGTRSVEITTDNILEGRI,"YFQGQLNAMAHQIQEMFPQVPYHLVLQDLQLGTRSVEITTDNILEGRI
YFQGQLNAMAHQIQEMFPQVPYHLVLQDLQL-TRSVEITTDNILEGRI",239,'G' inserted at '32',None,1,0
59,-2.705418258,0,YFQGQLNAMAHQIQEMFPQVPYHLVLQDLQLTARSVEITTDNILEGRI,"YFQGQLNAMAHQIQEMFPQVPYHLVLQDLQLTARSVEITTDNILEGRI
YFQGQLNAMAHQIQEMFPQVPYHLVLQDLQLT-RSVEITTDNILEGRI",239,'A' inserted at '33',None,1,0
60,-2.542884833,0,YFQGQLNAMAHQIQEMFPQVPYHLVLQDLQLTGRSVEITTDNILEGRI,"YFQGQLNAMAHQIQEMFPQVPYHLVLQDLQLTGRSVEITTDNILEGRI
YFQGQLNAMAHQIQEMFPQVPYHLVLQDLQLT-RSVEITTDNILEGRI",239,'G' inserted at '33',None,1,0
61,-2.999632559,0,YFQGQLNAMAHQIQEMFPQVPYHLVLQDLQLTRASVEITTDNILEGRI,"YFQGQLNAMAHQIQEMFPQVPYHLVLQDLQLTRASVEITTDNILEGRI
YFQGQLNAMAHQIQEMFPQVPYHLVLQDLQLTR-SVEITTDNILEGRI",239,'A' inserted at '34',None,1,0
62,-2.047304168,0,YFQGQLNAMAHQIQEMFPQVPYHLVLQDLQLTRGSVEITTDNILEGRI,"YFQGQLNAMAHQIQEMFPQVPYHLVLQDLQLTRGSVEITTDNILEGRI
YFQGQLNAMAHQIQEMFPQVPYHLVLQDLQLTR-SVEITTDNILEGRI",239,'G' inserted at '34',None,1,0
63,-2.407144451,0,YFQGQLNAMAHQIQEMFPQVPYHLVLQDLQLTRSAVEITTDNILEGRI,"YFQGQLNAMAHQIQEMFPQVPYHLVLQDLQLTRSAVEITTDNILEGRI
YFQGQLNAMAHQIQEMFPQVPYHLVLQDLQLTRS-VEITTDNILEGRI",239,'A' inserted at '35',None,1,0
65,-2.452875407,0,YFQGQLNAMAHQIQEMFPQVPYHLVLQDLQLTRSGVEITTDNILEGRI,"YFQGQLNAMAHQIQEMFPQVPYHLVLQDLQLTRSGVEITTDNILEGRI
YFQGQLNAMAHQIQEMFPQVPYHLVLQDLQLTRS-VEITTDNILEGRI",239,'G' inserted at '35',None,1,0
66,-2.941753804,0,YFQGQLNAMAHQIQEMFPQVPYHLVLQDLQLTRSVAEITTDNILEGRI,"YFQGQLNAMAHQIQEMFPQVPYHLVLQDLQLTRSVAEITTDNILEGRI
YFQGQLNAMAHQIQEMFPQVPYHLVLQDLQLTRSV-EITTDNILEGRI",239,'A' inserted at '36',None,1,0
67,-3.316016129,0,YFQGQLNAMAHQIQEMFPQVPYHLVLQDLQLTRSVEAITTDNILEGRI,"YFQGQLNAMAHQIQEMFPQVPYHLVLQDLQLTRSVEAITTDNILEGRI
YFQGQLNAMAHQIQEMFPQVPYHLVLQDLQLTRSVE-ITTDNILEGRI",239,'A' inserted at '37',None,1,0
68,-3.048381206,0,YFQGQLNAMAHQIQEMFPQVPYHLVLQDLQLTRSVEGITTDNILEGRI,"YFQGQLNAMAHQIQEMFPQVPYHLVLQDLQLTRSVEGITTDNILEGRI
YFQGQLNAMAHQIQEMFPQVPYHLVLQDLQLTRSVE-ITTDNILEGRI",239,'G' inserted at '37',None,1,0
69,-2.742473677,0,YFQGQLNAMAHQIQEMFPQVPYHLVLQDLQLTRSVEIGTTDNILEGRI,"YFQGQLNAMAHQIQEMFPQVPYHLVLQDLQLTRSVEIGTTDNILEGRI
YFQGQLNAMAHQIQEMFPQVPYHLVLQDLQLTRSVEI-TTDNILEGRI",239,'G' inserted at '38',None,1,0
70,-3.211137512,0,YFQGQLNAMAHQIQEMFPQVPYHLVLQDLQLTRSVEITATDNILEGRI,"YFQGQLNAMAHQIQEMFPQVPYHLVLQDLQLTRSVEITATDNILEGRI
YFQGQLNAMAHQIQEMFPQVPYHLVLQDLQLTRSVEIT-TDNILEGRI",239,'A' inserted at '39',None,1,0
72,-2.753722045,0,YFQGQLNAMAHQIQEMFPQVPYHLVLQDLQLTRSVEITGTDNILEGRI,"YFQGQLNAMAHQIQEMFPQVPYHLVLQDLQLTRSVEITGTDNILEGRI
YFQGQLNAMAHQIQEMFPQVPYHLVLQDLQLTRSVEIT-TDNILEGRI",239,'G' inserted at '39',None,1,0
73,-3.084059861,0,YFQGQLNAMAHQIQEMFPQVPYHLVLQDLQLTRSVEITTDANILEGRI,"YFQGQLNAMAHQIQEMFPQVPYHLVLQDLQLTRSVEITTDANILEGRI
YFQGQLNAMAHQIQEMFPQVPYHLVLQDLQLTRSVEITTD-NILEGRI",239,'A' inserted at '41',None,1,0
74,-3.022231422,0,YFQGQLNAMAHQIQEMFPQVPYHLVLQDLQLTRSVEITTDGNILEGRI,"YFQGQLNAMAHQIQEMFPQVPYHLVLQDLQLTRSVEITTDGNILEGRI
YFQGQLNAMAHQIQEMFPQVPYHLVLQDLQLTRSVEITTD-NILEGRI",239,'G' inserted at '41',None,1,0
76,-2.972045864,0,YFQGQLNAMAHQIQEMFPQVPYHLVLQDLQLTRSVEITTDNAILEGRI,"YFQGQLNAMAHQIQEMFPQVPYHLVLQDLQLTRSVEITTDNAILEGRI
YFQGQLNAMAHQIQEMFPQVPYHLVLQDLQLTRSVEITTDN-ILEGRI",239,'A' inserted at '42',None,1,0
77,-2.857127783,0,YFQGQLNAMAHQIQEMFPQVPYHLVLQDLQLTRSVEITTDNGILEGRI,"YFQGQLNAMAHQIQEMFPQVPYHLVLQDLQLTRSVEITTDNGILEGRI
YFQGQLNAMAHQIQEMFPQVPYHLVLQDLQLTRSVEITTDN-ILEGRI",239,'G' inserted at '42',None,1,0
78,-2.570014255,0,YFQGQLNAMAHQIQEMFPQVPYHLVLQDLQLTRSVEITTDNIALEGRI,"YFQGQLNAMAHQIQEMFPQVPYHLVLQDLQLTRSVEITTDNIALEGRI
YFQGQLNAMAHQIQEMFPQVPYHLVLQDLQLTRSVEITTDNI-LEGRI",239,'A' inserted at '43',None,1,0
80,-2.803528406,0,YFQGQLNAMAHQIQEMFPQVPYHLVLQDLQLTRSVEITTDNIGLEGRI,"YFQGQLNAMAHQIQEMFPQVPYHLVLQDLQLTRSVEITTDNIGLEGRI
YFQGQLNAMAHQIQEMFPQVPYHLVLQDLQLTRSVEITTDNI-LEGRI",239,'G' inserted at '43',None,1,0
81,-2.069941439,0,YFQGQLNAMAHQIQEMFPQVPYHLVLQDLQLTRSVEITTDNILAEGRI,"YFQGQLNAMAHQIQEMFPQVPYHLVLQDLQLTRSVEITTDNILAEGRI
YFQGQLNAMAHQIQEMFPQVPYHLVLQDLQLTRSVEITTDNIL-EGRI",239,'A' inserted at '44',None,1,0
82,-1.99419524,0,YFQGQLNAMAHQIQEMFPQVPYHLVLQDLQLTRSVEITTDNILEAGRI,"YFQGQLNAMAHQIQEMFPQVPYHLVLQDLQLTRSVEITTDNILEAGRI
YFQGQLNAMAHQIQEMFPQVPYHLVLQDLQLTRSVEITTDNILE-GRI",239,'A' inserted at '45',None,1,0
83,-1.413607539,1,YFQGQLNAMAHQIQEMFPQVPYHLVLQDLQLTRSVEITTDNILEGARI,"YFQGQLNAMAHQIQEMFPQVPYHLVLQDLQLTRSVEITTDNILEGARI
YFQGQLNAMAHQIQEMFPQVPYHLVLQDLQLTRSVEITTDNILEG-RI",239,'A' inserted at '46',None,1,0
84,-2.251470535,0,YFQGQLNAMAHQIQEMFPQVPYHLVLQDLQLTRSVEITTDNILEGGRI,"YFQGQLNAMAHQIQEMFPQVPYHLVLQDLQLTRSVEITTDNILEGGRI
YFQGQLNAMAHQIQEMFPQVPYHLVLQDLQLTRSVEITTDNILEG-RI",239,'G' inserted at '46',None,1,0
87,-1.849213216,0,YFQGQLNAMAHQIQEMFPQVPYHLVLQDLQLTRSVEITTDNILEGRAI,"YFQGQLNAMAHQIQEMFPQVPYHLVLQDLQLTRSVEITTDNILEGRAI
YFQGQLNAMAHQIQEMFPQVPYHLVLQDLQLTRSVEITTDNILEGR-I",239,'A' inserted at '47',None,1,0
88,-1.892858012,0,YFQGQLNAMAHQIQEMFPQVPYHLVLQDLQLTRSVEITTDNILEGRGI,"YFQGQLNAMAHQIQEMFPQVPYHLVLQDLQLTRSVEITTDNILEGRGI
YFQGQLNAMAHQIQEMFPQVPYHLVLQDLQLTRSVEITTDNILEGR-I",239,'G' inserted at '47',None,1,0
90,-2.307620237,0,YFQGQLNAMAHQIQEMFPQVPYHLVLQDLQLTRSVEITTDNILGEGRI,"YFQGQLNAMAHQIQEMFPQVPYHLVLQDLQLTRSVEITTDNILGEGRI
YFQGQLNAMAHQIQEMFPQVPYHLVLQDLQLTRSVEITTDNIL-EGRI",239,'G' inserted at '44',None,1,0
93,-2.896209991,0,YFQGQLNAMAHQIQEMFPQVPYHLVLQDLQLTRSVEITTGDNILEGRI,"YFQGQLNAMAHQIQEMFPQVPYHLVLQDLQLTRSVEITTGDNILEGRI
YFQGQLNAMAHQIQEMFPQVPYHLVLQDLQLTRSVEITT-DNILEGRI",239,'G' inserted at '40',None,1,0
98,-2.892131756,0,YFQGQLNAMAHQIQEMFPQVPYHLVLQGDLQLTRSVEITTDNILEGRI,"YFQGQLNAMAHQIQEMFPQVPYHLVLQGDLQLTRSVEITTDNILEGRI
YFQGQLNAMAHQIQEMFPQVPYHLVLQ-DLQLTRSVEITTDNILEGRI",239,'G' inserted at '28',None,1,0
105,-2.841584164,0,YFQGQLNAMAHQIQEMGFPQVPYHLVLQDLQLTRSVEITTDNILEGRI,"YFQGQLNAMAHQIQEMGFPQVPYHLVLQDLQLTRSVEITTDNILEGRI
YFQGQLNAMAHQIQEM-FPQVPYHLVLQDLQLTRSVEITTDNILEGRI",239,'G' inserted at '17',None,1,0
106,-2.71915044,0,YFQGQLNAMAHQIQGEMFPQVPYHLVLQDLQLTRSVEITTDNILEGRI,"YFQGQLNAMAHQIQGEMFPQVPYHLVLQDLQLTRSVEITTDNILEGRI
YFQGQLNAMAHQIQ-EMFPQVPYHLVLQDLQLTRSVEITTDNILEGRI",239,'G' inserted at '15',None,1,0
110,-2.461705272,0,YFQGQLNAMGAHQIQEMFPQVPYHLVLQDLQLTRSVEITTDNILEGRI,"YFQGQLNAMGAHQIQEMFPQVPYHLVLQDLQLTRSVEITTDNILEGRI
YFQGQLNAM-AHQIQEMFPQVPYHLVLQDLQLTRSVEITTDNILEGRI",239,'G' inserted at '10',None,1,0
112,-1.979633369,0,YFQGQLNGAMAHQIQEMFPQVPYHLVLQDLQLTRSVEITTDNILEGRI,"YFQGQLNGAMAHQIQEMFPQVPYHLVLQDLQLTRSVEITTDNILEGRI
YFQGQLN-AMAHQIQEMFPQVPYHLVLQDLQLTRSVEITTDNILEGRI",239,'G' inserted at '8',None,1,0
116,-1.083961649,1,YGFQGQLNAMAHQIQEMFPQVPYHLVLQDLQLTRSVEITTDNILEGRI,"YGFQGQLNAMAHQIQEMFPQVPYHLVLQDLQLTRSVEITTDNILEGRI
Y-FQGQLNAMAHQIQEMFPQVPYHLVLQDLQLTRSVEITTDNILEGRI",239,'G' inserted at '2',None,1,0
1,-0.116542062,1,AYFQGQLNAMAHQIQEMFPQVPYHLVLQDLQLTRSVEITTDNILEGRI,"YFQGQLNAMAHQIQEMFPQVPYHLVLQDLQLTRSVEITTDNILEGRI
YFQGQLNAMAHQIQEMFPQVPYHLVLQDLQLTRSVEITTDNILEGRI",239,None,None,0,0
2,0.185852345,1,FQGQLNAMAHQIQEMFPQVPYHLVLQDLQLTRSVEITTDNILEGRI,"FQGQLNAMAHQIQEMFPQVPYHLVLQDLQLTRSVEITTDNILEGRI
FQGQLNAMAHQIQEMFPQVPYHLVLQDLQLTRSVEITTDNILEGRI",232,None,None,0,0
3,0.189352746,1,GYFQGQLNAMAHQIQEMFPQVPYHLVLQDLQLTRSVEITTDNILEGRI,"YFQGQLNAMAHQIQEMFPQVPYHLVLQDLQLTRSVEITTDNILEGRI
YFQGQLNAMAHQIQEMFPQVPYHLVLQDLQLTRSVEITTDNILEGRI",239,None,None,0,0
7,0.123061024,1,YFGQLNAMAHQIQEMFPQVPYHLVLQDLQLTRSVEITTDNILEGRI,"YF-GQLNAMAHQIQEMFPQVPYHLVLQDLQLTRSVEITTDNILEGRI
YFQGQLNAMAHQIQEMFPQVPYHLVLQDLQLTRSVEITTDNILEGRI",234,None,'Q' deleted in '3',0,1
11,-0.01648809,1,YFQGLNAMAHQIQEMFPQVPYHLVLQDLQLTRSVEITTDNILEGRI,"YFQG-LNAMAHQIQEMFPQVPYHLVLQDLQLTRSVEITTDNILEGRI
YFQGQLNAMAHQIQEMFPQVPYHLVLQDLQLTRSVEITTDNILEGRI",234,None,'Q' deleted in '5',0,1
14,-0.695819622,1,YFQGQLAMAHQIQEMFPQVPYHLVLQDLQLTRSVEITTDNILEGRI,"YFQGQL-AMAHQIQEMFPQVPYHLVLQDLQLTRSVEITTDNILEGRI
YFQGQLNAMAHQIQEMFPQVPYHLVLQDLQLTRSVEITTDNILEGRI",233,None,'N' deleted in '7',0,1
17,-1.892463795,0,YFQGQLNAAHQIQEMFPQVPYHLVLQDLQLTRSVEITTDNILEGRI,"YFQGQLNA-AHQIQEMFPQVPYHLVLQDLQLTRSVEITTDNILEGRI
YFQGQLNAMAHQIQEMFPQVPYHLVLQDLQLTRSVEITTDNILEGRI",234,None,'M' deleted in '9',0,1
23,-2.239390027,0,YFQGQLNAMAHIQEMFPQVPYHLVLQDLQLTRSVEITTDNILEGRI,"YFQGQLNAMAH-IQEMFPQVPYHLVLQDLQLTRSVEITTDNILEGRI
YFQGQLNAMAHQIQEMFPQVPYHLVLQDLQLTRSVEITTDNILEGRI",234,None,'Q' deleted in '12',0,1
29,-3.051097747,0,YFQGQLNAMAHQIQEFPQVPYHLVLQDLQLTRSVEITTDNILEGRI,"YFQGQLNAMAHQIQE-FPQVPYHLVLQDLQLTRSVEITTDNILEGRI
YFQGQLNAMAHQIQEMFPQVPYHLVLQDLQLTRSVEITTDNILEGRI",234,None,'M' deleted in '16',0,1
42,-1.509892382,0,YFQGQLNAMAHQIQEMFPQVPHLVLQDLQLTRSVEITTDNILEGRI,"YFQGQLNAMAHQIQEMFPQVP-HLVLQDLQLTRSVEITTDNILEGRI
YFQGQLNAMAHQIQEMFPQVPYHLVLQDLQLTRSVEITTDNILEGRI",232,None,'Y' deleted in '22',0,1
48,-1.427422691,1,YFQGQLNAMAHQIQEMFPQVPYHLVLDLQLTRSVEITTDNILEGRI,"YFQGQLNAMAHQIQEMFPQVPYHLVL-DLQLTRSVEITTDNILEGRI
YFQGQLNAMAHQIQEMFPQVPYHLVLQDLQLTRSVEITTDNILEGRI",234,None,'Q' deleted in '27',0,1
53,-2.221613618,0,YFQGQLNAMAHQIQEMFPQVPYHLVLQDLLTRSVEITTDNILEGRI,"YFQGQLNAMAHQIQEMFPQVPYHLVLQDL-LTRSVEITTDNILEGRI
YFQGQLNAMAHQIQEMFPQVPYHLVLQDLQLTRSVEITTDNILEGRI",234,None,'Q' deleted in '30',0,1
58,-2.572463639,0,YFQGQLNAMAHQIQEMFPQVPYHLVLQDLQLRSVEITTDNILEGRI,"YFQGQLNAMAHQIQEMFPQVPYHLVLQDLQL-RSVEITTDNILEGRI
YFQGQLNAMAHQIQEMFPQVPYHLVLQDLQLTRSVEITTDNILEGRI",234,None,'T' deleted in '32',0,1
64,-3.145550682,0,YFQGQLNAMAHQIQEMFPQVPYHLVLQDLQLTRSEITTDNILEGRI,"YFQGQLNAMAHQIQEMFPQVPYHLVLQDLQLTRS-EITTDNILEGRI
YFQGQLNAMAHQIQEMFPQVPYHLVLQDLQLTRSVEITTDNILEGRI",235,None,'V' deleted in '35',0,1
71,-2.701416881,0,YFQGQLNAMAHQIQEMFPQVPYHLVLQDLQLTRSVEITDNILEGRI,"YFQGQLNAMAHQIQEMFPQVPYHLVLQDLQLTRSVEIT-DNILEGRI
YFQGQLNAMAHQIQEMFPQVPYHLVLQDLQLTRSVEITTDNILEGRI",234,None,'T' deleted in '39',0,1
75,-1.871920561,0,YFQGQLNAMAHQIQEMFPQVPYHLVLQDLQLTRSVEITTDILEGRI,"YFQGQLNAMAHQIQEMFPQVPYHLVLQDLQLTRSVEITTD-ILEGRI
YFQGQLNAMAHQIQEMFPQVPYHLVLQDLQLTRSVEITTDNILEGRI",233,None,'N' deleted in '41',0,1
79,-2.274647045,0,YFQGQLNAMAHQIQEMFPQVPYHLVLQDLQLTRSVEITTDNIEGRI,"YFQGQLNAMAHQIQEMFPQVPYHLVLQDLQLTRSVEITTDNI-EGRI
YFQGQLNAMAHQIQEMFPQVPYHLVLQDLQLTRSVEITTDNILEGRI",235,None,'L' deleted in '43',0,1
85,-1.658465007,0,YFQGQLNAMAHQIQEMFPQVPYHLVLQDLQLTRSVEITTDNILEGI,"YFQGQLNAMAHQIQEMFPQVPYHLVLQDLQLTRSVEITTDNILEG-I
YFQGQLNAMAHQIQEMFPQVPYHLVLQDLQLTRSVEITTDNILEGRI",234,None,'R' deleted in '46',0,1
86,-2.052786548,0,YFQGQLNAMAHQIQEMFPQVPYHLVLQDLQLTRSVEITTDNILEGR,"YFQGQLNAMAHQIQEMFPQVPYHLVLQDLQLTRSVEITTDNILEGR
YFQGQLNAMAHQIQEMFPQVPYHLVLQDLQLTRSVEITTDNILEGR",235,None,None,0,0
89,-1.076242057,1,YFQGQLNAMAHQIQEMFPQVPYHLVLQDLQLTRSVEITTDNILERI,"YFQGQLNAMAHQIQEMFPQVPYHLVLQDLQLTRSVEITTDNILE-RI
YFQGQLNAMAHQIQEMFPQVPYHLVLQDLQLTRSVEITTDNILEGRI",233,None,'G' deleted in '45',0,1
91,-1.025102694,1,YFQGQLNAMAHQIQEMFPQVPYHLVLQDLQLTRSVEITTDNILGRI,"YFQGQLNAMAHQIQEMFPQVPYHLVLQDLQLTRSVEITTDNIL-GRI
YFQGQLNAMAHQIQEMFPQVPYHLVLQDLQLTRSVEITTDNILEGRI",234,None,'E' deleted in '44',0,1
92,-1.940819897,0,YFQGQLNAMAHQIQEMFPQVPYHLVLQDLQLTRSVEITTDNLEGRI,"YFQGQLNAMAHQIQEMFPQVPYHLVLQDLQLTRSVEITTDN-LEGRI
YFQGQLNAMAHQIQEMFPQVPYHLVLQDLQLTRSVEITTDNILEGRI",235,None,'I' deleted in '42',0,1
94,-1.969353302,0,YFQGQLNAMAHQIQEMFPQVPYHLVLQDLQLTRSVEITTNILEGRI,"YFQGQLNAMAHQIQEMFPQVPYHLVLQDLQLTRSVEITT-NILEGRI
YFQGQLNAMAHQIQEMFPQVPYHLVLQDLQLTRSVEITTDNILEGRI",233,None,'D' deleted in '40',0,1
95,-2.968528762,0,YFQGQLNAMAHQIQEMFPQVPYHLVLQDLQLTRSVITTDNILEGRI,"YFQGQLNAMAHQIQEMFPQVPYHLVLQDLQLTRSV-ITTDNILEGRI
YFQGQLNAMAHQIQEMFPQVPYHLVLQDLQLTRSVEITTDNILEGRI",234,None,'E' deleted in '36',0,1
96,-2.528369443,0,YFQGQLNAMAHQIQEMFPQVPYHLVLQDLQLTRVEITTDNILEGRI,"YFQGQLNAMAHQIQEMFPQVPYHLVLQDLQLTR-VEITTDNILEGRI
YFQGQLNAMAHQIQEMFPQVPYHLVLQDLQLTRSVEITTDNILEGRI",235,None,'S' deleted in '34',0,1
97,-2.670372755,0,YFQGQLNAMAHQIQEMFPQVPYHLVLQDLQLTSVEITTDNILEGRI,"YFQGQLNAMAHQIQEMFPQVPYHLVLQDLQLT-SVEITTDNILEGRI
YFQGQLNAMAHQIQEMFPQVPYHLVLQDLQLTRSVEITTDNILEGRI",234,None,'R' deleted in '33',0,1
99,-0.562595921,1,YFQGQLNAMAHQIQEMFPQVPYHLVLQLQLTRSVEITTDNILEGRI,"YFQGQLNAMAHQIQEMFPQVPYHLVLQ-LQLTRSVEITTDNILEGRI
YFQGQLNAMAHQIQEMFPQVPYHLVLQDLQLTRSVEITTDNILEGRI",233,None,'D' deleted in '28',0,1
100,-3.180944868,0,YFQGQLNAMAHQIQEMFPQVPYHVLQDLQLTRSVEITTDNILEGRI,"YFQGQLNAMAHQIQEMFPQVPYH-VLQDLQLTRSVEITTDNILEGRI
YFQGQLNAMAHQIQEMFPQVPYHLVLQDLQLTRSVEITTDNILEGRI",235,None,'L' deleted in '24',0,1
101,-3.340477865,0,YFQGQLNAMAHQIQEMFPQVPYLVLQDLQLTRSVEITTDNILEGRI,"YFQGQLNAMAHQIQEMFPQVPY-LVLQDLQLTRSVEITTDNILEGRI
YFQGQLNAMAHQIQEMFPQVPYHLVLQDLQLTRSVEITTDNILEGRI",231,None,'H' deleted in '23',0,1
102,-2.211613764,0,YFQGQLNAMAHQIQEMFPQVYHLVLQDLQLTRSVEITTDNILEGRI,"YFQGQLNAMAHQIQEMFPQV-YHLVLQDLQLTRSVEITTDNILEGRI
YFQGQLNAMAHQIQEMFPQVPYHLVLQDLQLTRSVEITTDNILEGRI",232,None,'P' deleted in '21',0,1
103,-2.659228124,0,YFQGQLNAMAHQIQEMFPVPYHLVLQDLQLTRSVEITTDNILEGRI,"YFQGQLNAMAHQIQEMFP-VPYHLVLQDLQLTRSVEITTDNILEGRI
YFQGQLNAMAHQIQEMFPQVPYHLVLQDLQLTRSVEITTDNILEGRI",234,None,'Q' deleted in '19',0,1
104,-1.442114166,1,YFQGQLNAMAHQIQEMFQVPYHLVLQDLQLTRSVEITTDNILEGRI,"YFQGQLNAMAHQIQEMF-QVPYHLVLQDLQLTRSVEITTDNILEGRI
YFQGQLNAMAHQIQEMFPQVPYHLVLQDLQLTRSVEITTDNILEGRI",232,None,'P' deleted in '18',0,1
107,-2.798064741,0,YFQGQLNAMAHQIQMFPQVPYHLVLQDLQLTRSVEITTDNILEGRI,"YFQGQLNAMAHQIQ-MFPQVPYHLVLQDLQLTRSVEITTDNILEGRI
YFQGQLNAMAHQIQEMFPQVPYHLVLQDLQLTRSVEITTDNILEGRI",234,None,'E' deleted in '15',0,1
108,-3.115507846,0,YFQGQLNAMAHQQEMFPQVPYHLVLQDLQLTRSVEITTDNILEGRI,"YFQGQLNAMAHQ-QEMFPQVPYHLVLQDLQLTRSVEITTDNILEGRI
YFQGQLNAMAHQIQEMFPQVPYHLVLQDLQLTRSVEITTDNILEGRI",235,None,'I' deleted in '13',0,1
109,-2.175482964,0,YFQGQLNAMAQIQEMFPQVPYHLVLQDLQLTRSVEITTDNILEGRI,"YFQGQLNAMA-QIQEMFPQVPYHLVLQDLQLTRSVEITTDNILEGRI
YFQGQLNAMAHQIQEMFPQVPYHLVLQDLQLTRSVEITTDNILEGRI",231,None,'H' deleted in '11',0,1
111,-2.374420838,0,YFQGQLNAMHQIQEMFPQVPYHLVLQDLQLTRSVEITTDNILEGRI,"YFQGQLNAM-HQIQEMFPQVPYHLVLQDLQLTRSVEITTDNILEGRI
YFQGQLNAMAHQIQEMFPQVPYHLVLQDLQLTRSVEITTDNILEGRI",235,None,'A' deleted in '10',0,1
113,-1.323774692,1,YFQGQLNMAHQIQEMFPQVPYHLVLQDLQLTRSVEITTDNILEGRI,"YFQGQLN-MAHQIQEMFPQVPYHLVLQDLQLTRSVEITTDNILEGRI
YFQGQLNAMAHQIQEMFPQVPYHLVLQDLQLTRSVEITTDNILEGRI",235,None,'A' deleted in '8',0,1
114,-1.350434491,1,YFQGQNAMAHQIQEMFPQVPYHLVLQDLQLTRSVEITTDNILEGRI,"YFQGQ-NAMAHQIQEMFPQVPYHLVLQDLQLTRSVEITTDNILEGRI
YFQGQLNAMAHQIQEMFPQVPYHLVLQDLQLTRSVEITTDNILEGRI",235,None,'L' deleted in '6',0,1
115,0.617241122,1,YFQQLNAMAHQIQEMFPQVPYHLVLQDLQLTRSVEITTDNILEGRI,"YFQ-QLNAMAHQIQEMFPQVPYHLVLQDLQLTRSVEITTDNILEGRI
YFQGQLNAMAHQIQEMFPQVPYHLVLQDLQLTRSVEITTDNILEGRI",233,None,'G' deleted in '4',0,1
117,-0.019252686,1,YQGQLNAMAHQIQEMFPQVPYHLVLQDLQLTRSVEITTDNILEGRI,"Y-QGQLNAMAHQIQEMFPQVPYHLVLQDLQLTRSVEITTDNILEGRI
YFQGQLNAMAHQIQEMFPQVPYHLVLQDLQLTRSVEITTDNILEGRI",233,None,'F' deleted in '2',0,1
