ID,DMS_Score,DMS_Score_Bin,mutated_sequence,Alignment,Align_score,Insertions,Deletions,NumberOfInsertionSites,NumberOfDeletionSites
2,0.103835145,1,EALSWTAEAEKMLGKVPFFVRKKVRKNTDNYAREIGEPVVTADVFRKAKEHLG,"EALSWTAEAEKMLGKVPFFVRKKVRKNTDNYAREIGEPVVTADVFRKAKEHLG
E-LSWTAEAEKMLGKVPFFVRKKVRKNTDNYAREIGEPVVTADVFRKAKEHLG",267,'A' inserted at '2',None,1,0
3,0.159967607,1,EGLSWTAEAEKMLGKVPFFVRKKVRKNTDNYAREIGEPVVTADVFRKAKEHLG,"EGLSWTAEAEKMLGKVPFFVRKKVRKNTDNYAREIGEPVVTADVFRKAKEHLG
E-LSWTAEAEKMLGKVPFFVRKKVRKNTDNYAREIGEPVVTADVFRKAKEHLG",267,'G' inserted at '2',None,1,0
4,-1.61608278,0,ELASWTAEAEKMLGKVPFFVRKKVRKNTDNYAREIGEPVVTADVFRKAKEHLG,"ELASWTAEAEKMLGKVPFFVRKKVRKNTDNYAREIGEPVVTADVFRKAKEHLG
EL-SWTAEAEKMLGKVPFFVRKKVRKNTDNYAREIGEPVVTADVFRKAKEHLG",267,'A' inserted at '3',None,1,0
5,-1.654822201,0,ELGSWTAEAEKMLGKVPFFVRKKVRKNTDNYAREIGEPVVTADVFRKAKEHLG,"ELGSWTAEAEKMLGKVPFFVRKKVRKNTDNYAREIGEPVVTADVFRKAKEHLG
EL-SWTAEAEKMLGKVPFFVRKKVRKNTDNYAREIGEPVVTADVFRKAKEHLG",267,'G' inserted at '3',None,1,0
6,-1.579926379,0,ELSAWTAEAEKMLGKVPFFVRKKVRKNTDNYAREIGEPVVTADVFRKAKEHLG,"ELSAWTAEAEKMLGKVPFFVRKKVRKNTDNYAREIGEPVVTADVFRKAKEHLG
ELS-WTAEAEKMLGKVPFFVRKKVRKNTDNYAREIGEPVVTADVFRKAKEHLG",267,'A' inserted at '4',None,1,0
7,-1.603405572,0,ELSGWTAEAEKMLGKVPFFVRKKVRKNTDNYAREIGEPVVTADVFRKAKEHLG,"ELSGWTAEAEKMLGKVPFFVRKKVRKNTDNYAREIGEPVVTADVFRKAKEHLG
ELS-WTAEAEKMLGKVPFFVRKKVRKNTDNYAREIGEPVVTADVFRKAKEHLG",267,'G' inserted at '4',None,1,0
8,-4.415604919,0,ELSWTAEAEKAMLGKVPFFVRKKVRKNTDNYAREIGEPVVTADVFRKAKEHLG,"ELSWTAEAEKAMLGKVPFFVRKKVRKNTDNYAREIGEPVVTADVFRKAKEHLG
ELSWTAEAEK-MLGKVPFFVRKKVRKNTDNYAREIGEPVVTADVFRKAKEHLG",267,'A' inserted at '11',None,1,0
9,-2.445365971,0,ELSWTAEAEKMLAGKVPFFVRKKVRKNTDNYAREIGEPVVTADVFRKAKEHLG,"ELSWTAEAEKMLAGKVPFFVRKKVRKNTDNYAREIGEPVVTADVFRKAKEHLG
ELSWTAEAEKML-GKVPFFVRKKVRKNTDNYAREIGEPVVTADVFRKAKEHLG",267,'A' inserted at '13',None,1,0
10,-2.689404527,0,ELSWTAEAEKMLGAKVPFFVRKKVRKNTDNYAREIGEPVVTADVFRKAKEHLG,"ELSWTAEAEKMLGAKVPFFVRKKVRKNTDNYAREIGEPVVTADVFRKAKEHLG
ELSWTAEAEKMLG-KVPFFVRKKVRKNTDNYAREIGEPVVTADVFRKAKEHLG",267,'A' inserted at '14',None,1,0
11,-3.377629214,0,ELSWTAEAEKMLGGKVPFFVRKKVRKNTDNYAREIGEPVVTADVFRKAKEHLG,"ELSWTAEAEKMLGGKVPFFVRKKVRKNTDNYAREIGEPVVTADVFRKAKEHLG
ELSWTAEAEKMLG-KVPFFVRKKVRKNTDNYAREIGEPVVTADVFRKAKEHLG",267,'G' inserted at '14',None,1,0
12,-2.602497312,0,ELSWTAEAEKMLGKAVPFFVRKKVRKNTDNYAREIGEPVVTADVFRKAKEHLG,"ELSWTAEAEKMLGKAVPFFVRKKVRKNTDNYAREIGEPVVTADVFRKAKEHLG
ELSWTAEAEKMLGK-VPFFVRKKVRKNTDNYAREIGEPVVTADVFRKAKEHLG",267,'A' inserted at '15',None,1,0
13,-2.993073425,0,ELSWTAEAEKMLGKGVPFFVRKKVRKNTDNYAREIGEPVVTADVFRKAKEHLG,"ELSWTAEAEKMLGKGVPFFVRKKVRKNTDNYAREIGEPVVTADVFRKAKEHLG
ELSWTAEAEKMLGK-VPFFVRKKVRKNTDNYAREIGEPVVTADVFRKAKEHLG",267,'G' inserted at '15',None,1,0
14,-1.57743979,0,ELSWTAEAEKMLGKVAPFFVRKKVRKNTDNYAREIGEPVVTADVFRKAKEHLG,"ELSWTAEAEKMLGKVAPFFVRKKVRKNTDNYAREIGEPVVTADVFRKAKEHLG
ELSWTAEAEKMLGKV-PFFVRKKVRKNTDNYAREIGEPVVTADVFRKAKEHLG",267,'A' inserted at '16',None,1,0
16,-1.355088772,0,ELSWTAEAEKMLGKVGPFFVRKKVRKNTDNYAREIGEPVVTADVFRKAKEHLG,"ELSWTAEAEKMLGKVGPFFVRKKVRKNTDNYAREIGEPVVTADVFRKAKEHLG
ELSWTAEAEKMLGKV-PFFVRKKVRKNTDNYAREIGEPVVTADVFRKAKEHLG",267,'G' inserted at '16',None,1,0
17,-2.98018228,0,ELSWTAEAEKMLGKVPAFFVRKKVRKNTDNYAREIGEPVVTADVFRKAKEHLG,"ELSWTAEAEKMLGKVPAFFVRKKVRKNTDNYAREIGEPVVTADVFRKAKEHLG
ELSWTAEAEKMLGKVP-FFVRKKVRKNTDNYAREIGEPVVTADVFRKAKEHLG",267,'A' inserted at '17',None,1,0
18,-1.832470789,0,ELSWTAEAEKMLGKVPFAFVRKKVRKNTDNYAREIGEPVVTADVFRKAKEHLG,"ELSWTAEAEKMLGKVPFAFVRKKVRKNTDNYAREIGEPVVTADVFRKAKEHLG
ELSWTAEAEKMLGKVPF-FVRKKVRKNTDNYAREIGEPVVTADVFRKAKEHLG",267,'A' inserted at '18',None,1,0
19,-1.802240397,0,ELSWTAEAEKMLGKVPFFAVRKKVRKNTDNYAREIGEPVVTADVFRKAKEHLG,"ELSWTAEAEKMLGKVPFFAVRKKVRKNTDNYAREIGEPVVTADVFRKAKEHLG
ELSWTAEAEKMLGKVPFF-VRKKVRKNTDNYAREIGEPVVTADVFRKAKEHLG",267,'A' inserted at '19',None,1,0
20,-2.351849389,0,ELSWTAEAEKMLGKVPFFGVRKKVRKNTDNYAREIGEPVVTADVFRKAKEHLG,"ELSWTAEAEKMLGKVPFFGVRKKVRKNTDNYAREIGEPVVTADVFRKAKEHLG
ELSWTAEAEKMLGKVPFF-VRKKVRKNTDNYAREIGEPVVTADVFRKAKEHLG",267,'G' inserted at '19',None,1,0
22,-2.072087107,0,ELSWTAEAEKMLGKVPFFVARKKVRKNTDNYAREIGEPVVTADVFRKAKEHLG,"ELSWTAEAEKMLGKVPFFVARKKVRKNTDNYAREIGEPVVTADVFRKAKEHLG
ELSWTAEAEKMLGKVPFFV-RKKVRKNTDNYAREIGEPVVTADVFRKAKEHLG",267,'A' inserted at '20',None,1,0
23,-2.591982756,0,ELSWTAEAEKMLGKVPFFVGRKKVRKNTDNYAREIGEPVVTADVFRKAKEHLG,"ELSWTAEAEKMLGKVPFFVGRKKVRKNTDNYAREIGEPVVTADVFRKAKEHLG
ELSWTAEAEKMLGKVPFFV-RKKVRKNTDNYAREIGEPVVTADVFRKAKEHLG",267,'G' inserted at '20',None,1,0
25,-3.941041011,0,ELSWTAEAEKMLGKVPFFVRAKKVRKNTDNYAREIGEPVVTADVFRKAKEHLG,"ELSWTAEAEKMLGKVPFFVRAKKVRKNTDNYAREIGEPVVTADVFRKAKEHLG
ELSWTAEAEKMLGKVPFFVR-KKVRKNTDNYAREIGEPVVTADVFRKAKEHLG",267,'A' inserted at '21',None,1,0
26,-3.047960512,0,ELSWTAEAEKMLGKVPFFVRKAKVRKNTDNYAREIGEPVVTADVFRKAKEHLG,"ELSWTAEAEKMLGKVPFFVRKAKVRKNTDNYAREIGEPVVTADVFRKAKEHLG
ELSWTAEAEKMLGKVPFFVRK-KVRKNTDNYAREIGEPVVTADVFRKAKEHLG",267,'A' inserted at '22',None,1,0
27,-3.811844455,0,ELSWTAEAEKMLGKVPFFVRKGKVRKNTDNYAREIGEPVVTADVFRKAKEHLG,"ELSWTAEAEKMLGKVPFFVRKGKVRKNTDNYAREIGEPVVTADVFRKAKEHLG
ELSWTAEAEKMLGKVPFFVRK-KVRKNTDNYAREIGEPVVTADVFRKAKEHLG",267,'G' inserted at '22',None,1,0
28,-3.284595451,0,ELSWTAEAEKMLGKVPFFVRKKAVRKNTDNYAREIGEPVVTADVFRKAKEHLG,"ELSWTAEAEKMLGKVPFFVRKKAVRKNTDNYAREIGEPVVTADVFRKAKEHLG
ELSWTAEAEKMLGKVPFFVRKK-VRKNTDNYAREIGEPVVTADVFRKAKEHLG",267,'A' inserted at '23',None,1,0
29,-3.751390637,0,ELSWTAEAEKMLGKVPFFVRKKGVRKNTDNYAREIGEPVVTADVFRKAKEHLG,"ELSWTAEAEKMLGKVPFFVRKKGVRKNTDNYAREIGEPVVTADVFRKAKEHLG
ELSWTAEAEKMLGKVPFFVRKK-VRKNTDNYAREIGEPVVTADVFRKAKEHLG",267,'G' inserted at '23',None,1,0
30,-4.137368515,0,ELSWTAEAEKMLGKVPFFVRKKVARKNTDNYAREIGEPVVTADVFRKAKEHLG,"ELSWTAEAEKMLGKVPFFVRKKVARKNTDNYAREIGEPVVTADVFRKAKEHLG
ELSWTAEAEKMLGKVPFFVRKKV-RKNTDNYAREIGEPVVTADVFRKAKEHLG",267,'A' inserted at '24',None,1,0
31,-4.626685704,0,ELSWTAEAEKMLGKVPFFVRKKVRKANTDNYAREIGEPVVTADVFRKAKEHLG,"ELSWTAEAEKMLGKVPFFVRKKVRKANTDNYAREIGEPVVTADVFRKAKEHLG
ELSWTAEAEKMLGKVPFFVRKKVRK-NTDNYAREIGEPVVTADVFRKAKEHLG",267,'A' inserted at '26',None,1,0
32,-4.172988702,0,ELSWTAEAEKMLGKVPFFVRKKVRKNTDNYAAREIGEPVVTADVFRKAKEHLG,"ELSWTAEAEKMLGKVPFFVRKKVRKNTDNYAAREIGEPVVTADVFRKAKEHLG
ELSWTAEAEKMLGKVPFFVRKKVRKNTDNYA-REIGEPVVTADVFRKAKEHLG",267,'A' inserted at '32',None,1,0
33,-3.562620492,0,ELSWTAEAEKMLGKVPFFVRKKVRKNTDNYARAEIGEPVVTADVFRKAKEHLG,"ELSWTAEAEKMLGKVPFFVRKKVRKNTDNYARAEIGEPVVTADVFRKAKEHLG
ELSWTAEAEKMLGKVPFFVRKKVRKNTDNYAR-EIGEPVVTADVFRKAKEHLG",267,'A' inserted at '33',None,1,0
34,-3.645867434,0,ELSWTAEAEKMLGKVPFFVRKKVRKNTDNYAREAIGEPVVTADVFRKAKEHLG,"ELSWTAEAEKMLGKVPFFVRKKVRKNTDNYAREAIGEPVVTADVFRKAKEHLG
ELSWTAEAEKMLGKVPFFVRKKVRKNTDNYARE-IGEPVVTADVFRKAKEHLG",267,'A' inserted at '34',None,1,0
35,-4.617771783,0,ELSWTAEAEKMLGKVPFFVRKKVRKNTDNYAREGIGEPVVTADVFRKAKEHLG,"ELSWTAEAEKMLGKVPFFVRKKVRKNTDNYAREGIGEPVVTADVFRKAKEHLG
ELSWTAEAEKMLGKVPFFVRKKVRKNTDNYARE-IGEPVVTADVFRKAKEHLG",267,'G' inserted at '34',None,1,0
36,-2.047134043,0,ELSWTAEAEKMLGKVPFFVRKKVRKNTDNYAREIAGEPVVTADVFRKAKEHLG,"ELSWTAEAEKMLGKVPFFVRKKVRKNTDNYAREIAGEPVVTADVFRKAKEHLG
ELSWTAEAEKMLGKVPFFVRKKVRKNTDNYAREI-GEPVVTADVFRKAKEHLG",267,'A' inserted at '35',None,1,0
37,-3.11058987,0,ELSWTAEAEKMLGKVPFFVRKKVRKNTDNYAREIGAEPVVTADVFRKAKEHLG,"ELSWTAEAEKMLGKVPFFVRKKVRKNTDNYAREIGAEPVVTADVFRKAKEHLG
ELSWTAEAEKMLGKVPFFVRKKVRKNTDNYAREIG-EPVVTADVFRKAKEHLG",267,'A' inserted at '36',None,1,0
38,-3.199288051,0,ELSWTAEAEKMLGKVPFFVRKKVRKNTDNYAREIGEAPVVTADVFRKAKEHLG,"ELSWTAEAEKMLGKVPFFVRKKVRKNTDNYAREIGEAPVVTADVFRKAKEHLG
ELSWTAEAEKMLGKVPFFVRKKVRKNTDNYAREIGE-PVVTADVFRKAKEHLG",267,'A' inserted at '37',None,1,0
39,-3.136639188,0,ELSWTAEAEKMLGKVPFFVRKKVRKNTDNYAREIGEGPVVTADVFRKAKEHLG,"ELSWTAEAEKMLGKVPFFVRKKVRKNTDNYAREIGEGPVVTADVFRKAKEHLG
ELSWTAEAEKMLGKVPFFVRKKVRKNTDNYAREIGE-PVVTADVFRKAKEHLG",267,'G' inserted at '37',None,1,0
40,-3.536621341,0,ELSWTAEAEKMLGKVPFFVRKKVRKNTDNYAREIGEPAVVTADVFRKAKEHLG,"ELSWTAEAEKMLGKVPFFVRKKVRKNTDNYAREIGEPAVVTADVFRKAKEHLG
ELSWTAEAEKMLGKVPFFVRKKVRKNTDNYAREIGEP-VVTADVFRKAKEHLG",267,'A' inserted at '38',None,1,0
41,-3.423995341,0,ELSWTAEAEKMLGKVPFFVRKKVRKNTDNYAREIGEPGVVTADVFRKAKEHLG,"ELSWTAEAEKMLGKVPFFVRKKVRKNTDNYAREIGEPGVVTADVFRKAKEHLG
ELSWTAEAEKMLGKVPFFVRKKVRKNTDNYAREIGEP-VVTADVFRKAKEHLG",267,'G' inserted at '38',None,1,0
42,-4.611687951,0,ELSWTAEAEKMLGKVPFFVRKKVRKNTDNYAREIGEPVAVTADVFRKAKEHLG,"ELSWTAEAEKMLGKVPFFVRKKVRKNTDNYAREIGEPVAVTADVFRKAKEHLG
ELSWTAEAEKMLGKVPFFVRKKVRKNTDNYAREIGEPV-VTADVFRKAKEHLG",267,'A' inserted at '39',None,1,0
44,-3.877930913,0,ELSWTAEAEKMLGKVPFFVRKKVRKNTDNYAREIGEPVVTAADVFRKAKEHLG,"ELSWTAEAEKMLGKVPFFVRKKVRKNTDNYAREIGEPVVTAADVFRKAKEHLG
ELSWTAEAEKMLGKVPFFVRKKVRKNTDNYAREIGEPVVTA-DVFRKAKEHLG",267,'A' inserted at '42',None,1,0
45,-4.111688113,0,ELSWTAEAEKMLGKVPFFVRKKVRKNTDNYAREIGEPVVTADAVFRKAKEHLG,"ELSWTAEAEKMLGKVPFFVRKKVRKNTDNYAREIGEPVVTADAVFRKAKEHLG
ELSWTAEAEKMLGKVPFFVRKKVRKNTDNYAREIGEPVVTAD-VFRKAKEHLG",267,'A' inserted at '43',None,1,0
46,-4.296722164,0,ELSWTAEAEKMLGKVPFFVRKKVRKNTDNYAREIGEPVVTADVAFRKAKEHLG,"ELSWTAEAEKMLGKVPFFVRKKVRKNTDNYAREIGEPVVTADVAFRKAKEHLG
ELSWTAEAEKMLGKVPFFVRKKVRKNTDNYAREIGEPVVTADV-FRKAKEHLG",267,'A' inserted at '44',None,1,0
47,-2.495560692,0,ELSWTAEAEKMLGKVPFFVRKKVRKNTDNYAREIGEPVVTADVFARKAKEHLG,"ELSWTAEAEKMLGKVPFFVRKKVRKNTDNYAREIGEPVVTADVFARKAKEHLG
ELSWTAEAEKMLGKVPFFVRKKVRKNTDNYAREIGEPVVTADVF-RKAKEHLG",267,'A' inserted at '45',None,1,0
48,-3.119165263,0,ELSWTAEAEKMLGKVPFFVRKKVRKNTDNYAREIGEPVVTADVFGRKAKEHLG,"ELSWTAEAEKMLGKVPFFVRKKVRKNTDNYAREIGEPVVTADVFGRKAKEHLG
ELSWTAEAEKMLGKVPFFVRKKVRKNTDNYAREIGEPVVTADVF-RKAKEHLG",267,'G' inserted at '45',None,1,0
50,-2.056124498,0,ELSWTAEAEKMLGKVPFFVRKKVRKNTDNYAREIGEPVVTADVFRAKAKEHLG,"ELSWTAEAEKMLGKVPFFVRKKVRKNTDNYAREIGEPVVTADVFRAKAKEHLG
ELSWTAEAEKMLGKVPFFVRKKVRKNTDNYAREIGEPVVTADVFR-KAKEHLG",267,'A' inserted at '46',None,1,0
52,-2.809369123,0,ELSWTAEAEKMLGKVPFFVRKKVRKNTDNYAREIGEPVVTADVFRGKAKEHLG,"ELSWTAEAEKMLGKVPFFVRKKVRKNTDNYAREIGEPVVTADVFRGKAKEHLG
ELSWTAEAEKMLGKVPFFVRKKVRKNTDNYAREIGEPVVTADVFR-KAKEHLG",267,'G' inserted at '46',None,1,0
53,-0.216943567,1,ELSWTAEAEKMLGKVPFFVRKKVRKNTDNYAREIGEPVVTADVFRKAAKEHLG,"ELSWTAEAEKMLGKVPFFVRKKVRKNTDNYAREIGEPVVTADVFRKAAKEHLG
ELSWTAEAEKMLGKVPFFVRKKVRKNTDNYAREIGEPVVTADVFRKA-KEHLG",267,'A' inserted at '48',None,1,0
55,-0.798004173,1,ELSWTAEAEKMLGKVPFFVRKKVRKNTDNYAREIGEPVVTADVFRKAGKEHLG,"ELSWTAEAEKMLGKVPFFVRKKVRKNTDNYAREIGEPVVTADVFRKAGKEHLG
ELSWTAEAEKMLGKVPFFVRKKVRKNTDNYAREIGEPVVTADVFRKA-KEHLG",267,'G' inserted at '48',None,1,0
56,-0.527386961,1,ELSWTAEAEKMLGKVPFFVRKKVRKNTDNYAREIGEPVVTADVFRKAKAEHLG,"ELSWTAEAEKMLGKVPFFVRKKVRKNTDNYAREIGEPVVTADVFRKAKAEHLG
ELSWTAEAEKMLGKVPFFVRKKVRKNTDNYAREIGEPVVTADVFRKAK-EHLG",267,'A' inserted at '49',None,1,0
57,0.021429506,1,ELSWTAEAEKMLGKVPFFVRKKVRKNTDNYAREIGEPVVTADVFRKAKEAHLG,"ELSWTAEAEKMLGKVPFFVRKKVRKNTDNYAREIGEPVVTADVFRKAKEAHLG
ELSWTAEAEKMLGKVPFFVRKKVRKNTDNYAREIGEPVVTADVFRKAKE-HLG",267,'A' inserted at '50',None,1,0
58,-0.899617323,1,ELSWTAEAEKMLGKVPFFVRKKVRKNTDNYAREIGEPVVTADVFRKAKEGHLG,"ELSWTAEAEKMLGKVPFFVRKKVRKNTDNYAREIGEPVVTADVFRKAKEGHLG
ELSWTAEAEKMLGKVPFFVRKKVRKNTDNYAREIGEPVVTADVFRKAKE-HLG",267,'G' inserted at '50',None,1,0
59,-0.0903514,1,ELSWTAEAEKMLGKVPFFVRKKVRKNTDNYAREIGEPVVTADVFRKAKEHALG,"ELSWTAEAEKMLGKVPFFVRKKVRKNTDNYAREIGEPVVTADVFRKAKEHALG
ELSWTAEAEKMLGKVPFFVRKKVRKNTDNYAREIGEPVVTADVFRKAKEH-LG",267,'A' inserted at '51',None,1,0
61,-0.253391619,1,ELSWTAEAEKMLGKVPFFVRKKVRKNTDNYAREIGEPVVTADVFRKAKEHGLG,"ELSWTAEAEKMLGKVPFFVRKKVRKNTDNYAREIGEPVVTADVFRKAKEHGLG
ELSWTAEAEKMLGKVPFFVRKKVRKNTDNYAREIGEPVVTADVFRKAKEH-LG",267,'G' inserted at '51',None,1,0
63,0.15544337,1,ELSWTAEAEKMLGKVPFFVRKKVRKNTDNYAREIGEPVVTADVFRKAKEHLAG,"ELSWTAEAEKMLGKVPFFVRKKVRKNTDNYAREIGEPVVTADVFRKAKEHLAG
ELSWTAEAEKMLGKVPFFVRKKVRKNTDNYAREIGEPVVTADVFRKAKEHL-G",267,'A' inserted at '52',None,1,0
66,-0.905597962,1,ELSWTAEAEKMLGKVPFFVRKKVRKNTDNYAREIGEPVVTADVFRKAKGEHLG,"ELSWTAEAEKMLGKVPFFVRKKVRKNTDNYAREIGEPVVTADVFRKAKGEHLG
ELSWTAEAEKMLGKVPFFVRKKVRKNTDNYAREIGEPVVTADVFRKAK-EHLG",267,'G' inserted at '49',None,1,0
68,-1.666041474,0,ELSWTAEAEKMLGKVPFFVRKKVRKNTDNYAREIGEPVVTADVFRKGAKEHLG,"ELSWTAEAEKMLGKVPFFVRKKVRKNTDNYAREIGEPVVTADVFRKGAKEHLG
ELSWTAEAEKMLGKVPFFVRKKVRKNTDNYAREIGEPVVTADVFRK-AKEHLG",267,'G' inserted at '47',None,1,0
71,-4.760332876,0,ELSWTAEAEKMLGKVPFFVRKKVRKNTDNYAREIGEPVVTAGDVFRKAKEHLG,"ELSWTAEAEKMLGKVPFFVRKKVRKNTDNYAREIGEPVVTAGDVFRKAKEHLG
ELSWTAEAEKMLGKVPFFVRKKVRKNTDNYAREIGEPVVTA-DVFRKAKEHLG",267,'G' inserted at '42',None,1,0
73,-2.691600095,0,ELSWTAEAEKMLGKVPFFVRKKVRKNTDNYAREIGGEPVVTADVFRKAKEHLG,"ELSWTAEAEKMLGKVPFFVRKKVRKNTDNYAREIGGEPVVTADVFRKAKEHLG
ELSWTAEAEKMLGKVPFFVRKKVRKNTDNYAREIG-EPVVTADVFRKAKEHLG",267,'G' inserted at '36',None,1,0
74,-3.934690561,0,ELSWTAEAEKMLGKVPFFVRKKVRKNTDNYARGEIGEPVVTADVFRKAKEHLG,"ELSWTAEAEKMLGKVPFFVRKKVRKNTDNYARGEIGEPVVTADVFRKAKEHLG
ELSWTAEAEKMLGKVPFFVRKKVRKNTDNYAR-EIGEPVVTADVFRKAKEHLG",267,'G' inserted at '33',None,1,0
76,-1.638668363,0,ELSWTAEAEKMLGKVPFGFVRKKVRKNTDNYAREIGEPVVTADVFRKAKEHLG,"ELSWTAEAEKMLGKVPFGFVRKKVRKNTDNYAREIGEPVVTADVFRKAKEHLG
ELSWTAEAEKMLGKVPF-FVRKKVRKNTDNYAREIGEPVVTADVFRKAKEHLG",267,'G' inserted at '18',None,1,0
78,-1.401000376,0,ELSWTAEAEKMLGKVPGFFVRKKVRKNTDNYAREIGEPVVTADVFRKAKEHLG,"ELSWTAEAEKMLGKVPGFFVRKKVRKNTDNYAREIGEPVVTADVFRKAKEHLG
ELSWTAEAEKMLGKVP-FFVRKKVRKNTDNYAREIGEPVVTADVFRKAKEHLG",267,'G' inserted at '17',None,1,0
1,0.023832534,1,AELSWTAEAEKMLGKVPFFVRKKVRKNTDNYAREIGEPVVTADVFRKAKEHLG,"ELSWTAEAEKMLGKVPFFVRKKVRKNTDNYAREIGEPVVTADVFRKAKEHLG
ELSWTAEAEKMLGKVPFFVRKKVRKNTDNYAREIGEPVVTADVFRKAKEHLG",267,None,None,0,0
15,-3.975888694,0,ELSWTAEAEKMLGKVFFVRKKVRKNTDNYAREIGEPVVTADVFRKAKEHLG,"ELSWTAEAEKMLGKV-FFVRKKVRKNTDNYAREIGEPVVTADVFRKAKEHLG
ELSWTAEAEKMLGKVPFFVRKKVRKNTDNYAREIGEPVVTADVFRKAKEHLG",260,None,'P' deleted in '16',0,1
21,-2.56637388,0,ELSWTAEAEKMLGKVPFFRKKVRKNTDNYAREIGEPVVTADVFRKAKEHLG,"ELSWTAEAEKMLGKVPFF-RKKVRKNTDNYAREIGEPVVTADVFRKAKEHLG
ELSWTAEAEKMLGKVPFFVRKKVRKNTDNYAREIGEPVVTADVFRKAKEHLG",263,None,'V' deleted in '19',0,1
24,-3.395231903,0,ELSWTAEAEKMLGKVPFFVKKVRKNTDNYAREIGEPVVTADVFRKAKEHLG,"ELSWTAEAEKMLGKVPFFV-KKVRKNTDNYAREIGEPVVTADVFRKAKEHLG
ELSWTAEAEKMLGKVPFFVRKKVRKNTDNYAREIGEPVVTADVFRKAKEHLG",262,None,'R' deleted in '20',0,1
43,-3.987038546,0,ELSWTAEAEKMLGKVPFFVRKKVRKNTDNYAREIGEPVTADVFRKAKEHLG,"ELSWTAEAEKMLGKVPFFVRKKVRKNTDNYAREIGEPV-TADVFRKAKEHLG
ELSWTAEAEKMLGKVPFFVRKKVRKNTDNYAREIGEPVVTADVFRKAKEHLG",263,None,'V' deleted in '39',0,1
49,-2.771289097,0,ELSWTAEAEKMLGKVPFFVRKKVRKNTDNYAREIGEPVVTADVFKAKEHLG,"ELSWTAEAEKMLGKVPFFVRKKVRKNTDNYAREIGEPVVTADVF-KAKEHLG
ELSWTAEAEKMLGKVPFFVRKKVRKNTDNYAREIGEPVVTADVFRKAKEHLG",262,None,'R' deleted in '45',0,1
51,-2.716157502,0,ELSWTAEAEKMLGKVPFFVRKKVRKNTDNYAREIGEPVVTADVFRAKEHLG,"ELSWTAEAEKMLGKVPFFVRKKVRKNTDNYAREIGEPVVTADVFR-AKEHLG
ELSWTAEAEKMLGKVPFFVRKKVRKNTDNYAREIGEPVVTADVFRKAKEHLG",262,None,'K' deleted in '46',0,1
54,-1.114003751,0,ELSWTAEAEKMLGKVPFFVRKKVRKNTDNYAREIGEPVVTADVFRKAEHLG,"ELSWTAEAEKMLGKVPFFVRKKVRKNTDNYAREIGEPVVTADVFRKA-EHLG
ELSWTAEAEKMLGKVPFFVRKKVRKNTDNYAREIGEPVVTADVFRKAKEHLG",262,None,'K' deleted in '48',0,1
60,-0.223398168,1,ELSWTAEAEKMLGKVPFFVRKKVRKNTDNYAREIGEPVVTADVFRKAKEHG,"ELSWTAEAEKMLGKVPFFVRKKVRKNTDNYAREIGEPVVTADVFRKAKEH-G
ELSWTAEAEKMLGKVPFFVRKKVRKNTDNYAREIGEPVVTADVFRKAKEHLG",263,None,'L' deleted in '51',0,1
62,0.149541111,1,ELSWTAEAEKMLGKVPFFVRKKVRKNTDNYAREIGEPVVTADVFRKAKEHL,"ELSWTAEAEKMLGKVPFFVRKKVRKNTDNYAREIGEPVVTADVFRKAKEHL
ELSWTAEAEKMLGKVPFFVRKKVRKNTDNYAREIGEPVVTADVFRKAKEHL",261,None,None,0,0
64,-0.09761787,1,ELSWTAEAEKMLGKVPFFVRKKVRKNTDNYAREIGEPVVTADVFRKAKEHLGG,"ELSWTAEAEKMLGKVPFFVRKKVRKNTDNYAREIGEPVVTADVFRKAKEHLG
ELSWTAEAEKMLGKVPFFVRKKVRKNTDNYAREIGEPVVTADVFRKAKEHLG",267,None,None,0,0
65,-0.36772248,1,ELSWTAEAEKMLGKVPFFVRKKVRKNTDNYAREIGEPVVTADVFRKAKELG,"ELSWTAEAEKMLGKVPFFVRKKVRKNTDNYAREIGEPVVTADVFRKAKE-LG
ELSWTAEAEKMLGKVPFFVRKKVRKNTDNYAREIGEPVVTADVFRKAKEHLG",259,None,'H' deleted in '50',0,1
67,-0.589642456,1,ELSWTAEAEKMLGKVPFFVRKKVRKNTDNYAREIGEPVVTADVFRKAKHLG,"ELSWTAEAEKMLGKVPFFVRKKVRKNTDNYAREIGEPVVTADVFRKAK-HLG
ELSWTAEAEKMLGKVPFFVRKKVRKNTDNYAREIGEPVVTADVFRKAKEHLG",262,None,'E' deleted in '49',0,1
69,-2.810511313,0,ELSWTAEAEKMLGKVPFFVRKKVRKNTDNYAREIGEPVVTADVFRKKEHLG,"ELSWTAEAEKMLGKVPFFVRKKVRKNTDNYAREIGEPVVTADVFRK-KEHLG
ELSWTAEAEKMLGKVPFFVRKKVRKNTDNYAREIGEPVVTADVFRKAKEHLG",263,None,'A' deleted in '47',0,1
70,-4.775718787,0,ELSWTAEAEKMLGKVPFFVRKKVRKNTDNYAREIGEPVVTADVRKAKEHLG,"ELSWTAEAEKMLGKVPFFVRKKVRKNTDNYAREIGEPVVTADV-RKAKEHLG
ELSWTAEAEKMLGKVPFFVRKKVRKNTDNYAREIGEPVVTADVFRKAKEHLG",261,None,'F' deleted in '44',0,1
72,-3.803859805,0,ELSWTAEAEKMLGKVPFFVRKKVRKNTDNYAREIGEVVTADVFRKAKEHLG,"ELSWTAEAEKMLGKVPFFVRKKVRKNTDNYAREIGE-VVTADVFRKAKEHLG
ELSWTAEAEKMLGKVPFFVRKKVRKNTDNYAREIGEPVVTADVFRKAKEHLG",260,None,'P' deleted in '37',0,1
75,-3.560271319,0,ELSWTAEAEKMLGKVPFFVRKVRKNTDNYAREIGEPVVTADVFRKAKEHLG,"ELSWTAEAEKMLGKVPFFVRK-VRKNTDNYAREIGEPVVTADVFRKAKEHLG
ELSWTAEAEKMLGKVPFFVRKKVRKNTDNYAREIGEPVVTADVFRKAKEHLG",262,None,'K' deleted in '22',0,1
77,-3.568000747,0,ELSWTAEAEKMLGKVPFVRKKVRKNTDNYAREIGEPVVTADVFRKAKEHLG,"ELSWTAEAEKMLGKVPF-VRKKVRKNTDNYAREIGEPVVTADVFRKAKEHLG
ELSWTAEAEKMLGKVPFFVRKKVRKNTDNYAREIGEPVVTADVFRKAKEHLG",261,None,'F' deleted in '18',0,1
79,-2.162934478,0,ELWTAEAEKMLGKVPFFVRKKVRKNTDNYAREIGEPVVTADVFRKAKEHLG,"EL-WTAEAEKMLGKVPFFVRKKVRKNTDNYAREIGEPVVTADVFRKAKEHLG
ELSWTAEAEKMLGKVPFFVRKKVRKNTDNYAREIGEPVVTADVFRKAKEHLG",263,None,'S' deleted in '3',0,1
80,-2.218611815,0,ESWTAEAEKMLGKVPFFVRKKVRKNTDNYAREIGEPVVTADVFRKAKEHLG,"E-SWTAEAEKMLGKVPFFVRKKVRKNTDNYAREIGEPVVTADVFRKAKEHLG
ELSWTAEAEKMLGKVPFFVRKKVRKNTDNYAREIGEPVVTADVFRKAKEHLG",263,None,'L' deleted in '2',0,1
81,-0.010612518,1,GELSWTAEAEKMLGKVPFFVRKKVRKNTDNYAREIGEPVVTADVFRKAKEHLG,"ELSWTAEAEKMLGKVPFFVRKKVRKNTDNYAREIGEPVVTADVFRKAKEHLG
ELSWTAEAEKMLGKVPFFVRKKVRKNTDNYAREIGEPVVTADVFRKAKEHLG",267,None,None,0,0
82,0.082704024,1,LSWTAEAEKMLGKVPFFVRKKVRKNTDNYAREIGEPVVTADVFRKAKEHLG,"LSWTAEAEKMLGKVPFFVRKKVRKNTDNYAREIGEPVVTADVFRKAKEHLG
LSWTAEAEKMLGKVPFFVRKKVRKNTDNYAREIGEPVVTADVFRKAKEHLG",262,None,None,0,0
