ID,DMS_Score,DMS_Score_Bin,mutated_sequence,Alignment,Align_score,Insertions,Deletions,NumberOfInsertionSites,NumberOfDeletionSites
1,0.029061422,1,AAVESIEKKRIRKGRVEYLVKWRGWSPKYNTWEPEENILDPRLLIAFQNRE,"AAVESIEKKRIRKGRVEYLVKWRGWSPKYNTWEPEENILDPRLLIAFQNRE
A-VESIEKKRIRKGRVEYLVKWRGWSPKYNTWEPEENILDPRLLIAFQNRE",268,'A' inserted at '2',None,1,0
3,-0.198120005,1,AGVESIEKKRIRKGRVEYLVKWRGWSPKYNTWEPEENILDPRLLIAFQNRE,"AGVESIEKKRIRKGRVEYLVKWRGWSPKYNTWEPEENILDPRLLIAFQNRE
A-VESIEKKRIRKGRVEYLVKWRGWSPKYNTWEPEENILDPRLLIAFQNRE",268,'G' inserted at '2',None,1,0
4,0.556366522,1,AVAESIEKKRIRKGRVEYLVKWRGWSPKYNTWEPEENILDPRLLIAFQNRE,"AVAESIEKKRIRKGRVEYLVKWRGWSPKYNTWEPEENILDPRLLIAFQNRE
AV-ESIEKKRIRKGRVEYLVKWRGWSPKYNTWEPEENILDPRLLIAFQNRE",268,'A' inserted at '3',None,1,0
5,-2.009384991,0,AVEASIEKKRIRKGRVEYLVKWRGWSPKYNTWEPEENILDPRLLIAFQNRE,"AVEASIEKKRIRKGRVEYLVKWRGWSPKYNTWEPEENILDPRLLIAFQNRE
AVE-SIEKKRIRKGRVEYLVKWRGWSPKYNTWEPEENILDPRLLIAFQNRE",268,'A' inserted at '4',None,1,0
6,-2.095404922,0,AVEGSIEKKRIRKGRVEYLVKWRGWSPKYNTWEPEENILDPRLLIAFQNRE,"AVEGSIEKKRIRKGRVEYLVKWRGWSPKYNTWEPEENILDPRLLIAFQNRE
AVE-SIEKKRIRKGRVEYLVKWRGWSPKYNTWEPEENILDPRLLIAFQNRE",268,'G' inserted at '4',None,1,0
8,-2.684494224,0,AVESAIEKKRIRKGRVEYLVKWRGWSPKYNTWEPEENILDPRLLIAFQNRE,"AVESAIEKKRIRKGRVEYLVKWRGWSPKYNTWEPEENILDPRLLIAFQNRE
AVES-IEKKRIRKGRVEYLVKWRGWSPKYNTWEPEENILDPRLLIAFQNRE",268,'A' inserted at '5',None,1,0
10,-2.911899883,0,AVESGIEKKRIRKGRVEYLVKWRGWSPKYNTWEPEENILDPRLLIAFQNRE,"AVESGIEKKRIRKGRVEYLVKWRGWSPKYNTWEPEENILDPRLLIAFQNRE
AVES-IEKKRIRKGRVEYLVKWRGWSPKYNTWEPEENILDPRLLIAFQNRE",268,'G' inserted at '5',None,1,0
11,-2.78415557,0,AVESIAEKKRIRKGRVEYLVKWRGWSPKYNTWEPEENILDPRLLIAFQNRE,"AVESIAEKKRIRKGRVEYLVKWRGWSPKYNTWEPEENILDPRLLIAFQNRE
AVESI-EKKRIRKGRVEYLVKWRGWSPKYNTWEPEENILDPRLLIAFQNRE",268,'A' inserted at '6',None,1,0
12,-2.084338618,0,AVESIEAKKRIRKGRVEYLVKWRGWSPKYNTWEPEENILDPRLLIAFQNRE,"AVESIEAKKRIRKGRVEYLVKWRGWSPKYNTWEPEENILDPRLLIAFQNRE
AVESIE-KKRIRKGRVEYLVKWRGWSPKYNTWEPEENILDPRLLIAFQNRE",268,'A' inserted at '7',None,1,0
13,-3.042277188,0,AVESIEGKKRIRKGRVEYLVKWRGWSPKYNTWEPEENILDPRLLIAFQNRE,"AVESIEGKKRIRKGRVEYLVKWRGWSPKYNTWEPEENILDPRLLIAFQNRE
AVESIE-KKRIRKGRVEYLVKWRGWSPKYNTWEPEENILDPRLLIAFQNRE",268,'G' inserted at '7',None,1,0
14,-3.204149143,0,AVESIEKAKRIRKGRVEYLVKWRGWSPKYNTWEPEENILDPRLLIAFQNRE,"AVESIEKAKRIRKGRVEYLVKWRGWSPKYNTWEPEENILDPRLLIAFQNRE
AVESIEK-KRIRKGRVEYLVKWRGWSPKYNTWEPEENILDPRLLIAFQNRE",268,'A' inserted at '8',None,1,0
15,-2.649628301,0,AVESIEKKARIRKGRVEYLVKWRGWSPKYNTWEPEENILDPRLLIAFQNRE,"AVESIEKKARIRKGRVEYLVKWRGWSPKYNTWEPEENILDPRLLIAFQNRE
AVESIEKK-RIRKGRVEYLVKWRGWSPKYNTWEPEENILDPRLLIAFQNRE",268,'A' inserted at '9',None,1,0
16,-2.363198508,0,AVESIEKKRAIRKGRVEYLVKWRGWSPKYNTWEPEENILDPRLLIAFQNRE,"AVESIEKKRAIRKGRVEYLVKWRGWSPKYNTWEPEENILDPRLLIAFQNRE
AVESIEKKR-IRKGRVEYLVKWRGWSPKYNTWEPEENILDPRLLIAFQNRE",268,'A' inserted at '10',None,1,0
17,-3.225061593,0,AVESIEKKRGIRKGRVEYLVKWRGWSPKYNTWEPEENILDPRLLIAFQNRE,"AVESIEKKRGIRKGRVEYLVKWRGWSPKYNTWEPEENILDPRLLIAFQNRE
AVESIEKKR-IRKGRVEYLVKWRGWSPKYNTWEPEENILDPRLLIAFQNRE",268,'G' inserted at '10',None,1,0
18,-1.894496369,0,AVESIEKKRIARKGRVEYLVKWRGWSPKYNTWEPEENILDPRLLIAFQNRE,"AVESIEKKRIARKGRVEYLVKWRGWSPKYNTWEPEENILDPRLLIAFQNRE
AVESIEKKRI-RKGRVEYLVKWRGWSPKYNTWEPEENILDPRLLIAFQNRE",268,'A' inserted at '11',None,1,0
19,-0.785193459,1,AVESIEKKRIGRKGRVEYLVKWRGWSPKYNTWEPEENILDPRLLIAFQNRE,"AVESIEKKRIGRKGRVEYLVKWRGWSPKYNTWEPEENILDPRLLIAFQNRE
AVESIEKKRI-RKGRVEYLVKWRGWSPKYNTWEPEENILDPRLLIAFQNRE",268,'G' inserted at '11',None,1,0
21,-1.309351326,1,AVESIEKKRIRAKGRVEYLVKWRGWSPKYNTWEPEENILDPRLLIAFQNRE,"AVESIEKKRIRAKGRVEYLVKWRGWSPKYNTWEPEENILDPRLLIAFQNRE
AVESIEKKRIR-KGRVEYLVKWRGWSPKYNTWEPEENILDPRLLIAFQNRE",268,'A' inserted at '12',None,1,0
22,-1.193478107,1,AVESIEKKRIRGKGRVEYLVKWRGWSPKYNTWEPEENILDPRLLIAFQNRE,"AVESIEKKRIRGKGRVEYLVKWRGWSPKYNTWEPEENILDPRLLIAFQNRE
AVESIEKKRIR-KGRVEYLVKWRGWSPKYNTWEPEENILDPRLLIAFQNRE",268,'G' inserted at '12',None,1,0
24,-1.547271992,1,AVESIEKKRIRKAGRVEYLVKWRGWSPKYNTWEPEENILDPRLLIAFQNRE,"AVESIEKKRIRKAGRVEYLVKWRGWSPKYNTWEPEENILDPRLLIAFQNRE
AVESIEKKRIRK-GRVEYLVKWRGWSPKYNTWEPEENILDPRLLIAFQNRE",268,'A' inserted at '13',None,1,0
25,-1.731493404,0,AVESIEKKRIRKGARVEYLVKWRGWSPKYNTWEPEENILDPRLLIAFQNRE,"AVESIEKKRIRKGARVEYLVKWRGWSPKYNTWEPEENILDPRLLIAFQNRE
AVESIEKKRIRKG-RVEYLVKWRGWSPKYNTWEPEENILDPRLLIAFQNRE",268,'A' inserted at '14',None,1,0
26,-0.527922189,1,AVESIEKKRIRKGGRVEYLVKWRGWSPKYNTWEPEENILDPRLLIAFQNRE,"AVESIEKKRIRKGGRVEYLVKWRGWSPKYNTWEPEENILDPRLLIAFQNRE
AVESIEKKRIRKG-RVEYLVKWRGWSPKYNTWEPEENILDPRLLIAFQNRE",268,'G' inserted at '14',None,1,0
27,-2.642304742,0,AVESIEKKRIRKGRAVEYLVKWRGWSPKYNTWEPEENILDPRLLIAFQNRE,"AVESIEKKRIRKGRAVEYLVKWRGWSPKYNTWEPEENILDPRLLIAFQNRE
AVESIEKKRIRKGR-VEYLVKWRGWSPKYNTWEPEENILDPRLLIAFQNRE",268,'A' inserted at '15',None,1,0
28,-1.662781031,0,AVESIEKKRIRKGRGVEYLVKWRGWSPKYNTWEPEENILDPRLLIAFQNRE,"AVESIEKKRIRKGRGVEYLVKWRGWSPKYNTWEPEENILDPRLLIAFQNRE
AVESIEKKRIRKGR-VEYLVKWRGWSPKYNTWEPEENILDPRLLIAFQNRE",268,'G' inserted at '15',None,1,0
29,-2.874315656,0,AVESIEKKRIRKGRVAEYLVKWRGWSPKYNTWEPEENILDPRLLIAFQNRE,"AVESIEKKRIRKGRVAEYLVKWRGWSPKYNTWEPEENILDPRLLIAFQNRE
AVESIEKKRIRKGRV-EYLVKWRGWSPKYNTWEPEENILDPRLLIAFQNRE",268,'A' inserted at '16',None,1,0
30,-2.498861951,0,AVESIEKKRIRKGRVEAYLVKWRGWSPKYNTWEPEENILDPRLLIAFQNRE,"AVESIEKKRIRKGRVEAYLVKWRGWSPKYNTWEPEENILDPRLLIAFQNRE
AVESIEKKRIRKGRVE-YLVKWRGWSPKYNTWEPEENILDPRLLIAFQNRE",268,'A' inserted at '17',None,1,0
31,-3.622615544,0,AVESIEKKRIRKGRVEGYLVKWRGWSPKYNTWEPEENILDPRLLIAFQNRE,"AVESIEKKRIRKGRVEGYLVKWRGWSPKYNTWEPEENILDPRLLIAFQNRE
AVESIEKKRIRKGRVE-YLVKWRGWSPKYNTWEPEENILDPRLLIAFQNRE",268,'G' inserted at '17',None,1,0
32,-3.214213039,0,AVESIEKKRIRKGRVEYLAVKWRGWSPKYNTWEPEENILDPRLLIAFQNRE,"AVESIEKKRIRKGRVEYLAVKWRGWSPKYNTWEPEENILDPRLLIAFQNRE
AVESIEKKRIRKGRVEYL-VKWRGWSPKYNTWEPEENILDPRLLIAFQNRE",268,'A' inserted at '19',None,1,0
33,-2.752735548,0,AVESIEKKRIRKGRVEYLVAKWRGWSPKYNTWEPEENILDPRLLIAFQNRE,"AVESIEKKRIRKGRVEYLVAKWRGWSPKYNTWEPEENILDPRLLIAFQNRE
AVESIEKKRIRKGRVEYLV-KWRGWSPKYNTWEPEENILDPRLLIAFQNRE",268,'A' inserted at '20',None,1,0
35,-2.060309977,0,AVESIEKKRIRKGRVEYLVKWARGWSPKYNTWEPEENILDPRLLIAFQNRE,"AVESIEKKRIRKGRVEYLVKWARGWSPKYNTWEPEENILDPRLLIAFQNRE
AVESIEKKRIRKGRVEYLVKW-RGWSPKYNTWEPEENILDPRLLIAFQNRE",268,'A' inserted at '22',None,1,0
36,-1.984137734,0,AVESIEKKRIRKGRVEYLVKWGRGWSPKYNTWEPEENILDPRLLIAFQNRE,"AVESIEKKRIRKGRVEYLVKWGRGWSPKYNTWEPEENILDPRLLIAFQNRE
AVESIEKKRIRKGRVEYLVKW-RGWSPKYNTWEPEENILDPRLLIAFQNRE",268,'G' inserted at '22',None,1,0
38,-1.01563545,1,AVESIEKKRIRKGRVEYLVKWRAGWSPKYNTWEPEENILDPRLLIAFQNRE,"AVESIEKKRIRKGRVEYLVKWRAGWSPKYNTWEPEENILDPRLLIAFQNRE
AVESIEKKRIRKGRVEYLVKWR-GWSPKYNTWEPEENILDPRLLIAFQNRE",268,'A' inserted at '23',None,1,0
39,-1.529140524,1,AVESIEKKRIRKGRVEYLVKWRGAWSPKYNTWEPEENILDPRLLIAFQNRE,"AVESIEKKRIRKGRVEYLVKWRGAWSPKYNTWEPEENILDPRLLIAFQNRE
AVESIEKKRIRKGRVEYLVKWRG-WSPKYNTWEPEENILDPRLLIAFQNRE",268,'A' inserted at '24',None,1,0
40,-1.659651458,0,AVESIEKKRIRKGRVEYLVKWRGGWSPKYNTWEPEENILDPRLLIAFQNRE,"AVESIEKKRIRKGRVEYLVKWRGGWSPKYNTWEPEENILDPRLLIAFQNRE
AVESIEKKRIRKGRVEYLVKWRG-WSPKYNTWEPEENILDPRLLIAFQNRE",268,'G' inserted at '24',None,1,0
42,-0.621424929,1,AVESIEKKRIRKGRVEYLVKWRGWASPKYNTWEPEENILDPRLLIAFQNRE,"AVESIEKKRIRKGRVEYLVKWRGWASPKYNTWEPEENILDPRLLIAFQNRE
AVESIEKKRIRKGRVEYLVKWRGW-SPKYNTWEPEENILDPRLLIAFQNRE",268,'A' inserted at '25',None,1,0
43,-1.046593303,1,AVESIEKKRIRKGRVEYLVKWRGWGSPKYNTWEPEENILDPRLLIAFQNRE,"AVESIEKKRIRKGRVEYLVKWRGWGSPKYNTWEPEENILDPRLLIAFQNRE
AVESIEKKRIRKGRVEYLVKWRGW-SPKYNTWEPEENILDPRLLIAFQNRE",268,'G' inserted at '25',None,1,0
45,-1.277735036,1,AVESIEKKRIRKGRVEYLVKWRGWSAPKYNTWEPEENILDPRLLIAFQNRE,"AVESIEKKRIRKGRVEYLVKWRGWSAPKYNTWEPEENILDPRLLIAFQNRE
AVESIEKKRIRKGRVEYLVKWRGWS-PKYNTWEPEENILDPRLLIAFQNRE",268,'A' inserted at '26',None,1,0
46,-1.236924575,1,AVESIEKKRIRKGRVEYLVKWRGWSGPKYNTWEPEENILDPRLLIAFQNRE,"AVESIEKKRIRKGRVEYLVKWRGWSGPKYNTWEPEENILDPRLLIAFQNRE
AVESIEKKRIRKGRVEYLVKWRGWS-PKYNTWEPEENILDPRLLIAFQNRE",268,'G' inserted at '26',None,1,0
48,-1.706522837,0,AVESIEKKRIRKGRVEYLVKWRGWSPAKYNTWEPEENILDPRLLIAFQNRE,"AVESIEKKRIRKGRVEYLVKWRGWSPAKYNTWEPEENILDPRLLIAFQNRE
AVESIEKKRIRKGRVEYLVKWRGWSP-KYNTWEPEENILDPRLLIAFQNRE",268,'A' inserted at '27',None,1,0
49,-2.107575698,0,AVESIEKKRIRKGRVEYLVKWRGWSPGKYNTWEPEENILDPRLLIAFQNRE,"AVESIEKKRIRKGRVEYLVKWRGWSPGKYNTWEPEENILDPRLLIAFQNRE
AVESIEKKRIRKGRVEYLVKWRGWSP-KYNTWEPEENILDPRLLIAFQNRE",268,'G' inserted at '27',None,1,0
50,-1.894796483,0,AVESIEKKRIRKGRVEYLVKWRGWSPKAYNTWEPEENILDPRLLIAFQNRE,"AVESIEKKRIRKGRVEYLVKWRGWSPKAYNTWEPEENILDPRLLIAFQNRE
AVESIEKKRIRKGRVEYLVKWRGWSPK-YNTWEPEENILDPRLLIAFQNRE",268,'A' inserted at '28',None,1,0
51,-1.33508235,1,AVESIEKKRIRKGRVEYLVKWRGWSPKGYNTWEPEENILDPRLLIAFQNRE,"AVESIEKKRIRKGRVEYLVKWRGWSPKGYNTWEPEENILDPRLLIAFQNRE
AVESIEKKRIRKGRVEYLVKWRGWSPK-YNTWEPEENILDPRLLIAFQNRE",268,'G' inserted at '28',None,1,0
53,-2.355408397,0,AVESIEKKRIRKGRVEYLVKWRGWSPKYANTWEPEENILDPRLLIAFQNRE,"AVESIEKKRIRKGRVEYLVKWRGWSPKYANTWEPEENILDPRLLIAFQNRE
AVESIEKKRIRKGRVEYLVKWRGWSPKY-NTWEPEENILDPRLLIAFQNRE",268,'A' inserted at '29',None,1,0
54,-2.048970082,0,AVESIEKKRIRKGRVEYLVKWRGWSPKYGNTWEPEENILDPRLLIAFQNRE,"AVESIEKKRIRKGRVEYLVKWRGWSPKYGNTWEPEENILDPRLLIAFQNRE
AVESIEKKRIRKGRVEYLVKWRGWSPKY-NTWEPEENILDPRLLIAFQNRE",268,'G' inserted at '29',None,1,0
55,-1.66589509,0,AVESIEKKRIRKGRVEYLVKWRGWSPKYNATWEPEENILDPRLLIAFQNRE,"AVESIEKKRIRKGRVEYLVKWRGWSPKYNATWEPEENILDPRLLIAFQNRE
AVESIEKKRIRKGRVEYLVKWRGWSPKYN-TWEPEENILDPRLLIAFQNRE",268,'A' inserted at '30',None,1,0
56,-2.301004948,0,AVESIEKKRIRKGRVEYLVKWRGWSPKYNGTWEPEENILDPRLLIAFQNRE,"AVESIEKKRIRKGRVEYLVKWRGWSPKYNGTWEPEENILDPRLLIAFQNRE
AVESIEKKRIRKGRVEYLVKWRGWSPKYN-TWEPEENILDPRLLIAFQNRE",268,'G' inserted at '30',None,1,0
57,-2.769686729,0,AVESIEKKRIRKGRVEYLVKWRGWSPKYNTAWEPEENILDPRLLIAFQNRE,"AVESIEKKRIRKGRVEYLVKWRGWSPKYNTAWEPEENILDPRLLIAFQNRE
AVESIEKKRIRKGRVEYLVKWRGWSPKYNT-WEPEENILDPRLLIAFQNRE",268,'A' inserted at '31',None,1,0
59,-2.696415382,0,AVESIEKKRIRKGRVEYLVKWRGWSPKYNTGWEPEENILDPRLLIAFQNRE,"AVESIEKKRIRKGRVEYLVKWRGWSPKYNTGWEPEENILDPRLLIAFQNRE
AVESIEKKRIRKGRVEYLVKWRGWSPKYNT-WEPEENILDPRLLIAFQNRE",268,'G' inserted at '31',None,1,0
60,-3.036454533,0,AVESIEKKRIRKGRVEYLVKWRGWSPKYNTWAEPEENILDPRLLIAFQNRE,"AVESIEKKRIRKGRVEYLVKWRGWSPKYNTWAEPEENILDPRLLIAFQNRE
AVESIEKKRIRKGRVEYLVKWRGWSPKYNTW-EPEENILDPRLLIAFQNRE",268,'A' inserted at '32',None,1,0
61,-2.056499878,0,AVESIEKKRIRKGRVEYLVKWRGWSPKYNTWEAPEENILDPRLLIAFQNRE,"AVESIEKKRIRKGRVEYLVKWRGWSPKYNTWEAPEENILDPRLLIAFQNRE
AVESIEKKRIRKGRVEYLVKWRGWSPKYNTWE-PEENILDPRLLIAFQNRE",268,'A' inserted at '33',None,1,0
63,-2.821461103,0,AVESIEKKRIRKGRVEYLVKWRGWSPKYNTWEGPEENILDPRLLIAFQNRE,"AVESIEKKRIRKGRVEYLVKWRGWSPKYNTWEGPEENILDPRLLIAFQNRE
AVESIEKKRIRKGRVEYLVKWRGWSPKYNTWE-PEENILDPRLLIAFQNRE",268,'G' inserted at '33',None,1,0
64,-2.119037946,0,AVESIEKKRIRKGRVEYLVKWRGWSPKYNTWEPAEENILDPRLLIAFQNRE,"AVESIEKKRIRKGRVEYLVKWRGWSPKYNTWEPAEENILDPRLLIAFQNRE
AVESIEKKRIRKGRVEYLVKWRGWSPKYNTWEP-EENILDPRLLIAFQNRE",268,'A' inserted at '34',None,1,0
65,-2.635200214,0,AVESIEKKRIRKGRVEYLVKWRGWSPKYNTWEPEAENILDPRLLIAFQNRE,"AVESIEKKRIRKGRVEYLVKWRGWSPKYNTWEPEAENILDPRLLIAFQNRE
AVESIEKKRIRKGRVEYLVKWRGWSPKYNTWEPE-ENILDPRLLIAFQNRE",268,'A' inserted at '35',None,1,0
66,-1.683407821,0,AVESIEKKRIRKGRVEYLVKWRGWSPKYNTWEPEEANILDPRLLIAFQNRE,"AVESIEKKRIRKGRVEYLVKWRGWSPKYNTWEPEEANILDPRLLIAFQNRE
AVESIEKKRIRKGRVEYLVKWRGWSPKYNTWEPEE-NILDPRLLIAFQNRE",268,'A' inserted at '36',None,1,0
67,-1.831550579,0,AVESIEKKRIRKGRVEYLVKWRGWSPKYNTWEPEEGNILDPRLLIAFQNRE,"AVESIEKKRIRKGRVEYLVKWRGWSPKYNTWEPEEGNILDPRLLIAFQNRE
AVESIEKKRIRKGRVEYLVKWRGWSPKYNTWEPEE-NILDPRLLIAFQNRE",268,'G' inserted at '36',None,1,0
69,-1.09338817,1,AVESIEKKRIRKGRVEYLVKWRGWSPKYNTWEPEENAILDPRLLIAFQNRE,"AVESIEKKRIRKGRVEYLVKWRGWSPKYNTWEPEENAILDPRLLIAFQNRE
AVESIEKKRIRKGRVEYLVKWRGWSPKYNTWEPEEN-ILDPRLLIAFQNRE",268,'A' inserted at '37',None,1,0
70,-1.379308187,1,AVESIEKKRIRKGRVEYLVKWRGWSPKYNTWEPEENGILDPRLLIAFQNRE,"AVESIEKKRIRKGRVEYLVKWRGWSPKYNTWEPEENGILDPRLLIAFQNRE
AVESIEKKRIRKGRVEYLVKWRGWSPKYNTWEPEEN-ILDPRLLIAFQNRE",268,'G' inserted at '37',None,1,0
71,-0.482442191,1,AVESIEKKRIRKGRVEYLVKWRGWSPKYNTWEPEENIALDPRLLIAFQNRE,"AVESIEKKRIRKGRVEYLVKWRGWSPKYNTWEPEENIALDPRLLIAFQNRE
AVESIEKKRIRKGRVEYLVKWRGWSPKYNTWEPEENI-LDPRLLIAFQNRE",268,'A' inserted at '38',None,1,0
73,-1.06728664,1,AVESIEKKRIRKGRVEYLVKWRGWSPKYNTWEPEENIGLDPRLLIAFQNRE,"AVESIEKKRIRKGRVEYLVKWRGWSPKYNTWEPEENIGLDPRLLIAFQNRE
AVESIEKKRIRKGRVEYLVKWRGWSPKYNTWEPEENI-LDPRLLIAFQNRE",268,'G' inserted at '38',None,1,0
74,-0.514560455,1,AVESIEKKRIRKGRVEYLVKWRGWSPKYNTWEPEENILADPRLLIAFQNRE,"AVESIEKKRIRKGRVEYLVKWRGWSPKYNTWEPEENILADPRLLIAFQNRE
AVESIEKKRIRKGRVEYLVKWRGWSPKYNTWEPEENIL-DPRLLIAFQNRE",268,'A' inserted at '39',None,1,0
75,-0.716666031,1,AVESIEKKRIRKGRVEYLVKWRGWSPKYNTWEPEENILDAPRLLIAFQNRE,"AVESIEKKRIRKGRVEYLVKWRGWSPKYNTWEPEENILDAPRLLIAFQNRE
AVESIEKKRIRKGRVEYLVKWRGWSPKYNTWEPEENILD-PRLLIAFQNRE",268,'A' inserted at '40',None,1,0
76,-1.494389847,1,AVESIEKKRIRKGRVEYLVKWRGWSPKYNTWEPEENILDGPRLLIAFQNRE,"AVESIEKKRIRKGRVEYLVKWRGWSPKYNTWEPEENILDGPRLLIAFQNRE
AVESIEKKRIRKGRVEYLVKWRGWSPKYNTWEPEENILD-PRLLIAFQNRE",268,'G' inserted at '40',None,1,0
77,-1.230291572,1,AVESIEKKRIRKGRVEYLVKWRGWSPKYNTWEPEENILDPARLLIAFQNRE,"AVESIEKKRIRKGRVEYLVKWRGWSPKYNTWEPEENILDPARLLIAFQNRE
AVESIEKKRIRKGRVEYLVKWRGWSPKYNTWEPEENILDP-RLLIAFQNRE",268,'A' inserted at '41',None,1,0
78,-1.567225304,1,AVESIEKKRIRKGRVEYLVKWRGWSPKYNTWEPEENILDPGRLLIAFQNRE,"AVESIEKKRIRKGRVEYLVKWRGWSPKYNTWEPEENILDPGRLLIAFQNRE
AVESIEKKRIRKGRVEYLVKWRGWSPKYNTWEPEENILDP-RLLIAFQNRE",268,'G' inserted at '41',None,1,0
80,-1.332586741,1,AVESIEKKRIRKGRVEYLVKWRGWSPKYNTWEPEENILDPRALLIAFQNRE,"AVESIEKKRIRKGRVEYLVKWRGWSPKYNTWEPEENILDPRALLIAFQNRE
AVESIEKKRIRKGRVEYLVKWRGWSPKYNTWEPEENILDPR-LLIAFQNRE",268,'A' inserted at '42',None,1,0
81,-1.209850743,1,AVESIEKKRIRKGRVEYLVKWRGWSPKYNTWEPEENILDPRGLLIAFQNRE,"AVESIEKKRIRKGRVEYLVKWRGWSPKYNTWEPEENILDPRGLLIAFQNRE
AVESIEKKRIRKGRVEYLVKWRGWSPKYNTWEPEENILDPR-LLIAFQNRE",268,'G' inserted at '42',None,1,0
82,-1.656942803,0,AVESIEKKRIRKGRVEYLVKWRGWSPKYNTWEPEENILDPRLALIAFQNRE,"AVESIEKKRIRKGRVEYLVKWRGWSPKYNTWEPEENILDPRLALIAFQNRE
AVESIEKKRIRKGRVEYLVKWRGWSPKYNTWEPEENILDPRL-LIAFQNRE",268,'A' inserted at '43',None,1,0
83,-2.081489352,0,AVESIEKKRIRKGRVEYLVKWRGWSPKYNTWEPEENILDPRLGLIAFQNRE,"AVESIEKKRIRKGRVEYLVKWRGWSPKYNTWEPEENILDPRLGLIAFQNRE
AVESIEKKRIRKGRVEYLVKWRGWSPKYNTWEPEENILDPRL-LIAFQNRE",268,'G' inserted at '43',None,1,0
86,-1.801729766,0,AVESIEKKRIRKGRVEYLVKWRGWSPKYNTWEPEENILDPRLLAIAFQNRE,"AVESIEKKRIRKGRVEYLVKWRGWSPKYNTWEPEENILDPRLLAIAFQNRE
AVESIEKKRIRKGRVEYLVKWRGWSPKYNTWEPEENILDPRLL-IAFQNRE",268,'A' inserted at '44',None,1,0
87,-2.077953307,0,AVESIEKKRIRKGRVEYLVKWRGWSPKYNTWEPEENILDPRLLGIAFQNRE,"AVESIEKKRIRKGRVEYLVKWRGWSPKYNTWEPEENILDPRLLGIAFQNRE
AVESIEKKRIRKGRVEYLVKWRGWSPKYNTWEPEENILDPRLL-IAFQNRE",268,'G' inserted at '44',None,1,0
88,-1.827959296,0,AVESIEKKRIRKGRVEYLVKWRGWSPKYNTWEPEENILDPRLLIAAFQNRE,"AVESIEKKRIRKGRVEYLVKWRGWSPKYNTWEPEENILDPRLLIAAFQNRE
AVESIEKKRIRKGRVEYLVKWRGWSPKYNTWEPEENILDPRLLIA-FQNRE",268,'A' inserted at '46',None,1,0
89,-0.786926934,1,AVESIEKKRIRKGRVEYLVKWRGWSPKYNTWEPEENILDPRLLIAFAQNRE,"AVESIEKKRIRKGRVEYLVKWRGWSPKYNTWEPEENILDPRLLIAFAQNRE
AVESIEKKRIRKGRVEYLVKWRGWSPKYNTWEPEENILDPRLLIAF-QNRE",268,'A' inserted at '47',None,1,0
90,-1.078637495,1,AVESIEKKRIRKGRVEYLVKWRGWSPKYNTWEPEENILDPRLLIAFGQNRE,"AVESIEKKRIRKGRVEYLVKWRGWSPKYNTWEPEENILDPRLLIAFGQNRE
AVESIEKKRIRKGRVEYLVKWRGWSPKYNTWEPEENILDPRLLIAF-QNRE",268,'G' inserted at '47',None,1,0
92,-0.682443142,1,AVESIEKKRIRKGRVEYLVKWRGWSPKYNTWEPEENILDPRLLIAFQANRE,"AVESIEKKRIRKGRVEYLVKWRGWSPKYNTWEPEENILDPRLLIAFQANRE
AVESIEKKRIRKGRVEYLVKWRGWSPKYNTWEPEENILDPRLLIAFQ-NRE",268,'A' inserted at '48',None,1,0
93,-0.780385694,1,AVESIEKKRIRKGRVEYLVKWRGWSPKYNTWEPEENILDPRLLIAFQGNRE,"AVESIEKKRIRKGRVEYLVKWRGWSPKYNTWEPEENILDPRLLIAFQGNRE
AVESIEKKRIRKGRVEYLVKWRGWSPKYNTWEPEENILDPRLLIAFQ-NRE",268,'G' inserted at '48',None,1,0
94,-0.647047972,1,AVESIEKKRIRKGRVEYLVKWRGWSPKYNTWEPEENILDPRLLIAFQNARE,"AVESIEKKRIRKGRVEYLVKWRGWSPKYNTWEPEENILDPRLLIAFQNARE
AVESIEKKRIRKGRVEYLVKWRGWSPKYNTWEPEENILDPRLLIAFQN-RE",268,'A' inserted at '49',None,1,0
96,-0.716576933,1,AVESIEKKRIRKGRVEYLVKWRGWSPKYNTWEPEENILDPRLLIAFQNGRE,"AVESIEKKRIRKGRVEYLVKWRGWSPKYNTWEPEENILDPRLLIAFQNGRE
AVESIEKKRIRKGRVEYLVKWRGWSPKYNTWEPEENILDPRLLIAFQN-RE",268,'G' inserted at '49',None,1,0
98,-0.089037026,1,AVESIEKKRIRKGRVEYLVKWRGWSPKYNTWEPEENILDPRLLIAFQNRAE,"AVESIEKKRIRKGRVEYLVKWRGWSPKYNTWEPEENILDPRLLIAFQNRAE
AVESIEKKRIRKGRVEYLVKWRGWSPKYNTWEPEENILDPRLLIAFQNR-E",268,'A' inserted at '50',None,1,0
99,-0.335359995,1,AVESIEKKRIRKGRVEYLVKWRGWSPKYNTWEPEENILDPRLLIAFQNRGE,"AVESIEKKRIRKGRVEYLVKWRGWSPKYNTWEPEENILDPRLLIAFQNRGE
AVESIEKKRIRKGRVEYLVKWRGWSPKYNTWEPEENILDPRLLIAFQNR-E",268,'G' inserted at '50',None,1,0
101,-2.040173951,0,AVESIEKKRIRKGRVEYLVKWRGWSPKYNTWEPEENILDPRLLIAGFQNRE,"AVESIEKKRIRKGRVEYLVKWRGWSPKYNTWEPEENILDPRLLIAGFQNRE
AVESIEKKRIRKGRVEYLVKWRGWSPKYNTWEPEENILDPRLLIA-FQNRE",268,'G' inserted at '46',None,1,0
104,-1.746511382,0,AVESIEKKRIRKGRVEYLVKWRGWSPKYNTWEPEENILDPRLLIGAFQNRE,"AVESIEKKRIRKGRVEYLVKWRGWSPKYNTWEPEENILDPRLLIGAFQNRE
AVESIEKKRIRKGRVEYLVKWRGWSPKYNTWEPEENILDPRLLI-AFQNRE",268,'G' inserted at '45',None,1,0
106,-0.648467958,1,AVESIEKKRIRKGRVEYLVKWRGWSPKYNTWEPEENILGDPRLLIAFQNRE,"AVESIEKKRIRKGRVEYLVKWRGWSPKYNTWEPEENILGDPRLLIAFQNRE
AVESIEKKRIRKGRVEYLVKWRGWSPKYNTWEPEENIL-DPRLLIAFQNRE",268,'G' inserted at '39',None,1,0
109,-2.032522223,0,AVESIEKKRIRKGRVEYLVKWRGWSPKYNTWEPEGENILDPRLLIAFQNRE,"AVESIEKKRIRKGRVEYLVKWRGWSPKYNTWEPEGENILDPRLLIAFQNRE
AVESIEKKRIRKGRVEYLVKWRGWSPKYNTWEPE-ENILDPRLLIAFQNRE",268,'G' inserted at '35',None,1,0
111,-2.351518271,0,AVESIEKKRIRKGRVEYLVKWRGWSPKYNTWEPGEENILDPRLLIAFQNRE,"AVESIEKKRIRKGRVEYLVKWRGWSPKYNTWEPGEENILDPRLLIAFQNRE
AVESIEKKRIRKGRVEYLVKWRGWSPKYNTWEP-EENILDPRLLIAFQNRE",268,'G' inserted at '34',None,1,0
112,-3.278085641,0,AVESIEKKRIRKGRVEYLVKWRGWSPKYNTWGEPEENILDPRLLIAFQNRE,"AVESIEKKRIRKGRVEYLVKWRGWSPKYNTWGEPEENILDPRLLIAFQNRE
AVESIEKKRIRKGRVEYLVKWRGWSPKYNTW-EPEENILDPRLLIAFQNRE",268,'G' inserted at '32',None,1,0
124,-3.463448344,0,AVESIGEKKRIRKGRVEYLVKWRGWSPKYNTWEPEENILDPRLLIAFQNRE,"AVESIGEKKRIRKGRVEYLVKWRGWSPKYNTWEPEENILDPRLLIAFQNRE
AVESI-EKKRIRKGRVEYLVKWRGWSPKYNTWEPEENILDPRLLIAFQNRE",268,'G' inserted at '6',None,1,0
126,-0.673117239,1,AVGESIEKKRIRKGRVEYLVKWRGWSPKYNTWEPEENILDPRLLIAFQNRE,"AVGESIEKKRIRKGRVEYLVKWRGWSPKYNTWEPEENILDPRLLIAFQNRE
AV-ESIEKKRIRKGRVEYLVKWRGWSPKYNTWEPEENILDPRLLIAFQNRE",268,'G' inserted at '3',None,1,0
2,-0.526015542,1,AESIEKKRIRKGRVEYLVKWRGWSPKYNTWEPEENILDPRLLIAFQNRE,"A-ESIEKKRIRKGRVEYLVKWRGWSPKYNTWEPEENILDPRLLIAFQNRE
AVESIEKKRIRKGRVEYLVKWRGWSPKYNTWEPEENILDPRLLIAFQNRE",264,None,'V' deleted in '2',0,1
7,-2.075049613,0,AVEIEKKRIRKGRVEYLVKWRGWSPKYNTWEPEENILDPRLLIAFQNRE,"AVE-IEKKRIRKGRVEYLVKWRGWSPKYNTWEPEENILDPRLLIAFQNRE
AVESIEKKRIRKGRVEYLVKWRGWSPKYNTWEPEENILDPRLLIAFQNRE",264,None,'S' deleted in '4',0,1
9,-3.401722649,0,AVESEKKRIRKGRVEYLVKWRGWSPKYNTWEPEENILDPRLLIAFQNRE,"AVES-EKKRIRKGRVEYLVKWRGWSPKYNTWEPEENILDPRLLIAFQNRE
AVESIEKKRIRKGRVEYLVKWRGWSPKYNTWEPEENILDPRLLIAFQNRE",264,None,'I' deleted in '5',0,1
20,-2.648056019,0,AVESIEKKRIKGRVEYLVKWRGWSPKYNTWEPEENILDPRLLIAFQNRE,"AVESIEKKRI-KGRVEYLVKWRGWSPKYNTWEPEENILDPRLLIAFQNRE
AVESIEKKRIRKGRVEYLVKWRGWSPKYNTWEPEENILDPRLLIAFQNRE",263,None,'R' deleted in '11',0,1
23,-1.779590573,0,AVESIEKKRIRGRVEYLVKWRGWSPKYNTWEPEENILDPRLLIAFQNRE,"AVESIEKKRIR-GRVEYLVKWRGWSPKYNTWEPEENILDPRLLIAFQNRE
AVESIEKKRIRKGRVEYLVKWRGWSPKYNTWEPEENILDPRLLIAFQNRE",263,None,'K' deleted in '12',0,1
34,-2.347411605,0,AVESIEKKRIRKGRVEYLVKRGWSPKYNTWEPEENILDPRLLIAFQNRE,"AVESIEKKRIRKGRVEYLVK-RGWSPKYNTWEPEENILDPRLLIAFQNRE
AVESIEKKRIRKGRVEYLVKWRGWSPKYNTWEPEENILDPRLLIAFQNRE",257,None,'W' deleted in '21',0,1
37,-2.273635181,0,AVESIEKKRIRKGRVEYLVKWGWSPKYNTWEPEENILDPRLLIAFQNRE,"AVESIEKKRIRKGRVEYLVKW-GWSPKYNTWEPEENILDPRLLIAFQNRE
AVESIEKKRIRKGRVEYLVKWRGWSPKYNTWEPEENILDPRLLIAFQNRE",263,None,'R' deleted in '22',0,1
41,-0.921058378,1,AVESIEKKRIRKGRVEYLVKWRGSPKYNTWEPEENILDPRLLIAFQNRE,"AVESIEKKRIRKGRVEYLVKWRG-SPKYNTWEPEENILDPRLLIAFQNRE
AVESIEKKRIRKGRVEYLVKWRGWSPKYNTWEPEENILDPRLLIAFQNRE",257,None,'W' deleted in '24',0,1
44,-0.776783406,1,AVESIEKKRIRKGRVEYLVKWRGWPKYNTWEPEENILDPRLLIAFQNRE,"AVESIEKKRIRKGRVEYLVKWRGW-PKYNTWEPEENILDPRLLIAFQNRE
AVESIEKKRIRKGRVEYLVKWRGWSPKYNTWEPEENILDPRLLIAFQNRE",264,None,'S' deleted in '25',0,1
47,-1.465038224,1,AVESIEKKRIRKGRVEYLVKWRGWSKYNTWEPEENILDPRLLIAFQNRE,"AVESIEKKRIRKGRVEYLVKWRGWS-KYNTWEPEENILDPRLLIAFQNRE
AVESIEKKRIRKGRVEYLVKWRGWSPKYNTWEPEENILDPRLLIAFQNRE",261,None,'P' deleted in '26',0,1
52,-1.682232199,0,AVESIEKKRIRKGRVEYLVKWRGWSPKNTWEPEENILDPRLLIAFQNRE,"AVESIEKKRIRKGRVEYLVKWRGWSPK-NTWEPEENILDPRLLIAFQNRE
AVESIEKKRIRKGRVEYLVKWRGWSPKYNTWEPEENILDPRLLIAFQNRE",261,None,'Y' deleted in '28',0,1
58,-3.314042565,0,AVESIEKKRIRKGRVEYLVKWRGWSPKYNTEPEENILDPRLLIAFQNRE,"AVESIEKKRIRKGRVEYLVKWRGWSPKYNT-EPEENILDPRLLIAFQNRE
AVESIEKKRIRKGRVEYLVKWRGWSPKYNTWEPEENILDPRLLIAFQNRE",257,None,'W' deleted in '31',0,1
62,-0.469989901,1,AVESIEKKRIRKGRVEYLVKWRGWSPKYNTWEEENILDPRLLIAFQNRE,"AVESIEKKRIRKGRVEYLVKWRGWSPKYNTWE-EENILDPRLLIAFQNRE
AVESIEKKRIRKGRVEYLVKWRGWSPKYNTWEPEENILDPRLLIAFQNRE",261,None,'P' deleted in '33',0,1
68,0.30825601,1,AVESIEKKRIRKGRVEYLVKWRGWSPKYNTWEPEEILDPRLLIAFQNRE,"AVESIEKKRIRKGRVEYLVKWRGWSPKYNTWEPEE-ILDPRLLIAFQNRE
AVESIEKKRIRKGRVEYLVKWRGWSPKYNTWEPEENILDPRLLIAFQNRE",262,None,'N' deleted in '36',0,1
72,0.805668529,1,AVESIEKKRIRKGRVEYLVKWRGWSPKYNTWEPEENIDPRLLIAFQNRE,"AVESIEKKRIRKGRVEYLVKWRGWSPKYNTWEPEENI-DPRLLIAFQNRE
AVESIEKKRIRKGRVEYLVKWRGWSPKYNTWEPEENILDPRLLIAFQNRE",264,None,'L' deleted in '38',0,1
79,-1.248598752,1,AVESIEKKRIRKGRVEYLVKWRGWSPKYNTWEPEENILDPLLIAFQNRE,"AVESIEKKRIRKGRVEYLVKWRGWSPKYNTWEPEENILDP-LLIAFQNRE
AVESIEKKRIRKGRVEYLVKWRGWSPKYNTWEPEENILDPRLLIAFQNRE",263,None,'R' deleted in '41',0,1
84,-2.068252654,0,AVESIEKKRIRKGRVEYLVKWRGWSPKYNTWEPEENILDPRLIAFQNRE,"AVESIEKKRIRKGRVEYLVKWRGWSPKYNTWEPEENILDPRL-IAFQNRE
AVESIEKKRIRKGRVEYLVKWRGWSPKYNTWEPEENILDPRLLIAFQNRE",264,None,'L' deleted in '43',0,1
85,-2.019405353,0,AVESIEKKRIRKGRVEYLVKWRGWSPKYNTWEPEENILDPRLLAFQNRE,"AVESIEKKRIRKGRVEYLVKWRGWSPKYNTWEPEENILDPRLL-AFQNRE
AVESIEKKRIRKGRVEYLVKWRGWSPKYNTWEPEENILDPRLLIAFQNRE",264,None,'I' deleted in '44',0,1
91,-0.42718681,1,AVESIEKKRIRKGRVEYLVKWRGWSPKYNTWEPEENILDPRLLIAFNRE,"AVESIEKKRIRKGRVEYLVKWRGWSPKYNTWEPEENILDPRLLIAF-NRE
AVESIEKKRIRKGRVEYLVKWRGWSPKYNTWEPEENILDPRLLIAFQNRE",263,None,'Q' deleted in '47',0,1
95,-0.458050579,1,AVESIEKKRIRKGRVEYLVKWRGWSPKYNTWEPEENILDPRLLIAFQNE,"AVESIEKKRIRKGRVEYLVKWRGWSPKYNTWEPEENILDPRLLIAFQN-E
AVESIEKKRIRKGRVEYLVKWRGWSPKYNTWEPEENILDPRLLIAFQNRE",263,None,'R' deleted in '49',0,1
97,-0.367499694,1,AVESIEKKRIRKGRVEYLVKWRGWSPKYNTWEPEENILDPRLLIAFQNR,"AVESIEKKRIRKGRVEYLVKWRGWSPKYNTWEPEENILDPRLLIAFQNR
AVESIEKKRIRKGRVEYLVKWRGWSPKYNTWEPEENILDPRLLIAFQNR",263,None,None,0,0
100,-0.70087559,1,AVESIEKKRIRKGRVEYLVKWRGWSPKYNTWEPEENILDPRLLIAFQRE,"AVESIEKKRIRKGRVEYLVKWRGWSPKYNTWEPEENILDPRLLIAFQ-RE
AVESIEKKRIRKGRVEYLVKWRGWSPKYNTWEPEENILDPRLLIAFQNRE",262,None,'N' deleted in '48',0,1
102,-2.064321187,0,AVESIEKKRIRKGRVEYLVKWRGWSPKYNTWEPEENILDPRLLIAQNRE,"AVESIEKKRIRKGRVEYLVKWRGWSPKYNTWEPEENILDPRLLIA-QNRE
AVESIEKKRIRKGRVEYLVKWRGWSPKYNTWEPEENILDPRLLIAFQNRE",262,None,'F' deleted in '46',0,1
103,-1.933474072,0,AVESIEKKRIRKGRVEYLVKWRGWSPKYNTWEPEENILDPRLLIFQNRE,"AVESIEKKRIRKGRVEYLVKWRGWSPKYNTWEPEENILDPRLLI-FQNRE
AVESIEKKRIRKGRVEYLVKWRGWSPKYNTWEPEENILDPRLLIAFQNRE",264,None,'A' deleted in '45',0,1
105,-0.962046684,1,AVESIEKKRIRKGRVEYLVKWRGWSPKYNTWEPEENILDRLLIAFQNRE,"AVESIEKKRIRKGRVEYLVKWRGWSPKYNTWEPEENILD-RLLIAFQNRE
AVESIEKKRIRKGRVEYLVKWRGWSPKYNTWEPEENILDPRLLIAFQNRE",261,None,'P' deleted in '40',0,1
107,-0.255231359,1,AVESIEKKRIRKGRVEYLVKWRGWSPKYNTWEPEENILPRLLIAFQNRE,"AVESIEKKRIRKGRVEYLVKWRGWSPKYNTWEPEENIL-PRLLIAFQNRE
AVESIEKKRIRKGRVEYLVKWRGWSPKYNTWEPEENILDPRLLIAFQNRE",262,None,'D' deleted in '39',0,1
108,0.610392567,1,AVESIEKKRIRKGRVEYLVKWRGWSPKYNTWEPEENLDPRLLIAFQNRE,"AVESIEKKRIRKGRVEYLVKWRGWSPKYNTWEPEEN-LDPRLLIAFQNRE
AVESIEKKRIRKGRVEYLVKWRGWSPKYNTWEPEENILDPRLLIAFQNRE",264,None,'I' deleted in '37',0,1
110,-0.032997642,1,AVESIEKKRIRKGRVEYLVKWRGWSPKYNTWEPENILDPRLLIAFQNRE,"AVESIEKKRIRKGRVEYLVKWRGWSPKYNTWEPE-NILDPRLLIAFQNRE
AVESIEKKRIRKGRVEYLVKWRGWSPKYNTWEPEENILDPRLLIAFQNRE",263,None,'E' deleted in '35',0,1
113,-3.027255485,0,AVESIEKKRIRKGRVEYLVKWRGWSPKYNTWPEENILDPRLLIAFQNRE,"AVESIEKKRIRKGRVEYLVKWRGWSPKYNTW-PEENILDPRLLIAFQNRE
AVESIEKKRIRKGRVEYLVKWRGWSPKYNTWEPEENILDPRLLIAFQNRE",263,None,'E' deleted in '32',0,1
114,-1.836922488,0,AVESIEKKRIRKGRVEYLVKWRGWSPKYNWEPEENILDPRLLIAFQNRE,"AVESIEKKRIRKGRVEYLVKWRGWSPKYN-WEPEENILDPRLLIAFQNRE
AVESIEKKRIRKGRVEYLVKWRGWSPKYNTWEPEENILDPRLLIAFQNRE",263,None,'T' deleted in '30',0,1
115,0.189556945,1,AVESIEKKRIRKGRVEYLVKWRGWSPKYTWEPEENILDPRLLIAFQNRE,"AVESIEKKRIRKGRVEYLVKWRGWSPKY-TWEPEENILDPRLLIAFQNRE
AVESIEKKRIRKGRVEYLVKWRGWSPKYNTWEPEENILDPRLLIAFQNRE",262,None,'N' deleted in '29',0,1
116,-1.626685122,1,AVESIEKKRIRKGRVEYLVKWRGWSPYNTWEPEENILDPRLLIAFQNRE,"AVESIEKKRIRKGRVEYLVKWRGWSP-YNTWEPEENILDPRLLIAFQNRE
AVESIEKKRIRKGRVEYLVKWRGWSPKYNTWEPEENILDPRLLIAFQNRE",263,None,'K' deleted in '27',0,1
117,-1.630097247,1,AVESIEKKRIRKGRVEYLVKWRWSPKYNTWEPEENILDPRLLIAFQNRE,"AVESIEKKRIRKGRVEYLVKWR-WSPKYNTWEPEENILDPRLLIAFQNRE
AVESIEKKRIRKGRVEYLVKWRGWSPKYNTWEPEENILDPRLLIAFQNRE",262,None,'G' deleted in '23',0,1
118,-2.496812093,0,AVESIEKKRIRKGRVEYLVWRGWSPKYNTWEPEENILDPRLLIAFQNRE,"AVESIEKKRIRKGRVEYLV-WRGWSPKYNTWEPEENILDPRLLIAFQNRE
AVESIEKKRIRKGRVEYLVKWRGWSPKYNTWEPEENILDPRLLIAFQNRE",263,None,'K' deleted in '20',0,1
119,-2.531581777,0,AVESIEKKRIRKGRVYLVKWRGWSPKYNTWEPEENILDPRLLIAFQNRE,"AVESIEKKRIRKGRV-YLVKWRGWSPKYNTWEPEENILDPRLLIAFQNRE
AVESIEKKRIRKGRVEYLVKWRGWSPKYNTWEPEENILDPRLLIAFQNRE",263,None,'E' deleted in '16',0,1
120,-2.57513649,0,AVESIEKKRIRKGVEYLVKWRGWSPKYNTWEPEENILDPRLLIAFQNRE,"AVESIEKKRIRKG-VEYLVKWRGWSPKYNTWEPEENILDPRLLIAFQNRE
AVESIEKKRIRKGRVEYLVKWRGWSPKYNTWEPEENILDPRLLIAFQNRE",263,None,'R' deleted in '14',0,1
121,-2.965100376,0,AVESIEKKRIRKRVEYLVKWRGWSPKYNTWEPEENILDPRLLIAFQNRE,"AVESIEKKRIRK-RVEYLVKWRGWSPKYNTWEPEENILDPRLLIAFQNRE
AVESIEKKRIRKGRVEYLVKWRGWSPKYNTWEPEENILDPRLLIAFQNRE",262,None,'G' deleted in '13',0,1
122,-2.493516848,0,AVESIEKKRRKGRVEYLVKWRGWSPKYNTWEPEENILDPRLLIAFQNRE,"AVESIEKKR-RKGRVEYLVKWRGWSPKYNTWEPEENILDPRLLIAFQNRE
AVESIEKKRIRKGRVEYLVKWRGWSPKYNTWEPEENILDPRLLIAFQNRE",264,None,'I' deleted in '10',0,1
123,-2.702797658,0,AVESIEKRIRKGRVEYLVKWRGWSPKYNTWEPEENILDPRLLIAFQNRE,"AVESIEK-RIRKGRVEYLVKWRGWSPKYNTWEPEENILDPRLLIAFQNRE
AVESIEKKRIRKGRVEYLVKWRGWSPKYNTWEPEENILDPRLLIAFQNRE",263,None,'K' deleted in '8',0,1
125,-2.738113435,0,AVESIKKRIRKGRVEYLVKWRGWSPKYNTWEPEENILDPRLLIAFQNRE,"AVESI-KKRIRKGRVEYLVKWRGWSPKYNTWEPEENILDPRLLIAFQNRE
AVESIEKKRIRKGRVEYLVKWRGWSPKYNTWEPEENILDPRLLIAFQNRE",263,None,'E' deleted in '6',0,1
127,-1.618075889,1,AVSIEKKRIRKGRVEYLVKWRGWSPKYNTWEPEENILDPRLLIAFQNRE,"AV-SIEKKRIRKGRVEYLVKWRGWSPKYNTWEPEENILDPRLLIAFQNRE
AVESIEKKRIRKGRVEYLVKWRGWSPKYNTWEPEENILDPRLLIAFQNRE",263,None,'E' deleted in '3',0,1
128,0.003762199,1,GAVESIEKKRIRKGRVEYLVKWRGWSPKYNTWEPEENILDPRLLIAFQNRE,"AVESIEKKRIRKGRVEYLVKWRGWSPKYNTWEPEENILDPRLLIAFQNRE
AVESIEKKRIRKGRVEYLVKWRGWSPKYNTWEPEENILDPRLLIAFQNRE",268,None,None,0,0
129,-0.203443408,1,VESIEKKRIRKGRVEYLVKWRGWSPKYNTWEPEENILDPRLLIAFQNRE,"VESIEKKRIRKGRVEYLVKWRGWSPKYNTWEPEENILDPRLLIAFQNRE
VESIEKKRIRKGRVEYLVKWRGWSPKYNTWEPEENILDPRLLIAFQNRE",264,None,None,0,0
