ID,DMS_Score,DMS_Score_Bin,mutated_sequence,Alignment,Align_score,Insertions,Deletions,NumberOfInsertionSites,NumberOfDeletionSites
3,-0.13019194,1,TAVKFKYKGEEKQVDISKIKKVWRVGKMISFTYDEGGGKTGRGAVSEKDAPKELLQ,"TAVKFKYKGEEKQVDISKIKKVWRVGKMISFTYDEGGGKTGRGAVSEKDAPKELLQ
T-VKFKYKGEEKQVDISKIKKVWRVGKMISFTYDEGGGKTGRGAVSEKDAPKELLQ",282,'A' inserted at '2',None,1,0
4,-0.85153183,0,TGVKFKYKGEEKQVDISKIKKVWRVGKMISFTYDEGGGKTGRGAVSEKDAPKELLQ,"TGVKFKYKGEEKQVDISKIKKVWRVGKMISFTYDEGGGKTGRGAVSEKDAPKELLQ
T-VKFKYKGEEKQVDISKIKKVWRVGKMISFTYDEGGGKTGRGAVSEKDAPKELLQ",282,'G' inserted at '2',None,1,0
6,-1.83647957,0,TVAKFKYKGEEKQVDISKIKKVWRVGKMISFTYDEGGGKTGRGAVSEKDAPKELLQ,"TVAKFKYKGEEKQVDISKIKKVWRVGKMISFTYDEGGGKTGRGAVSEKDAPKELLQ
TV-KFKYKGEEKQVDISKIKKVWRVGKMISFTYDEGGGKTGRGAVSEKDAPKELLQ",282,'A' inserted at '3',None,1,0
8,-3.533465836,0,TVGKFKYKGEEKQVDISKIKKVWRVGKMISFTYDEGGGKTGRGAVSEKDAPKELLQ,"TVGKFKYKGEEKQVDISKIKKVWRVGKMISFTYDEGGGKTGRGAVSEKDAPKELLQ
TV-KFKYKGEEKQVDISKIKKVWRVGKMISFTYDEGGGKTGRGAVSEKDAPKELLQ",282,'G' inserted at '3',None,1,0
9,-3.239509232,0,TVKAFKYKGEEKQVDISKIKKVWRVGKMISFTYDEGGGKTGRGAVSEKDAPKELLQ,"TVKAFKYKGEEKQVDISKIKKVWRVGKMISFTYDEGGGKTGRGAVSEKDAPKELLQ
TVK-FKYKGEEKQVDISKIKKVWRVGKMISFTYDEGGGKTGRGAVSEKDAPKELLQ",282,'A' inserted at '4',None,1,0
10,-2.496546557,0,TVKFAKYKGEEKQVDISKIKKVWRVGKMISFTYDEGGGKTGRGAVSEKDAPKELLQ,"TVKFAKYKGEEKQVDISKIKKVWRVGKMISFTYDEGGGKTGRGAVSEKDAPKELLQ
TVKF-KYKGEEKQVDISKIKKVWRVGKMISFTYDEGGGKTGRGAVSEKDAPKELLQ",282,'A' inserted at '5',None,1,0
11,-2.22290288,0,TVKFGKYKGEEKQVDISKIKKVWRVGKMISFTYDEGGGKTGRGAVSEKDAPKELLQ,"TVKFGKYKGEEKQVDISKIKKVWRVGKMISFTYDEGGGKTGRGAVSEKDAPKELLQ
TVKF-KYKGEEKQVDISKIKKVWRVGKMISFTYDEGGGKTGRGAVSEKDAPKELLQ",282,'G' inserted at '5',None,1,0
12,-1.26245737,0,TVKFKAYKGEEKQVDISKIKKVWRVGKMISFTYDEGGGKTGRGAVSEKDAPKELLQ,"TVKFKAYKGEEKQVDISKIKKVWRVGKMISFTYDEGGGKTGRGAVSEKDAPKELLQ
TVKFK-YKGEEKQVDISKIKKVWRVGKMISFTYDEGGGKTGRGAVSEKDAPKELLQ",282,'A' inserted at '6',None,1,0
13,-0.438946483,1,TVKFKGYKGEEKQVDISKIKKVWRVGKMISFTYDEGGGKTGRGAVSEKDAPKELLQ,"TVKFKGYKGEEKQVDISKIKKVWRVGKMISFTYDEGGGKTGRGAVSEKDAPKELLQ
TVKFK-YKGEEKQVDISKIKKVWRVGKMISFTYDEGGGKTGRGAVSEKDAPKELLQ",282,'G' inserted at '6',None,1,0
15,-2.082106625,0,TVKFKYAKGEEKQVDISKIKKVWRVGKMISFTYDEGGGKTGRGAVSEKDAPKELLQ,"TVKFKYAKGEEKQVDISKIKKVWRVGKMISFTYDEGGGKTGRGAVSEKDAPKELLQ
TVKFKY-KGEEKQVDISKIKKVWRVGKMISFTYDEGGGKTGRGAVSEKDAPKELLQ",282,'A' inserted at '7',None,1,0
17,-1.423497458,0,TVKFKYGKGEEKQVDISKIKKVWRVGKMISFTYDEGGGKTGRGAVSEKDAPKELLQ,"TVKFKYGKGEEKQVDISKIKKVWRVGKMISFTYDEGGGKTGRGAVSEKDAPKELLQ
TVKFKY-KGEEKQVDISKIKKVWRVGKMISFTYDEGGGKTGRGAVSEKDAPKELLQ",282,'G' inserted at '7',None,1,0
18,-1.622341213,0,TVKFKYKAGEEKQVDISKIKKVWRVGKMISFTYDEGGGKTGRGAVSEKDAPKELLQ,"TVKFKYKAGEEKQVDISKIKKVWRVGKMISFTYDEGGGKTGRGAVSEKDAPKELLQ
TVKFKYK-GEEKQVDISKIKKVWRVGKMISFTYDEGGGKTGRGAVSEKDAPKELLQ",282,'A' inserted at '8',None,1,0
20,-1.437215569,0,TVKFKYKGAEEKQVDISKIKKVWRVGKMISFTYDEGGGKTGRGAVSEKDAPKELLQ,"TVKFKYKGAEEKQVDISKIKKVWRVGKMISFTYDEGGGKTGRGAVSEKDAPKELLQ
TVKFKYKG-EEKQVDISKIKKVWRVGKMISFTYDEGGGKTGRGAVSEKDAPKELLQ",282,'A' inserted at '9',None,1,0
21,-1.539416655,0,TVKFKYKGEAEKQVDISKIKKVWRVGKMISFTYDEGGGKTGRGAVSEKDAPKELLQ,"TVKFKYKGEAEKQVDISKIKKVWRVGKMISFTYDEGGGKTGRGAVSEKDAPKELLQ
TVKFKYKGE-EKQVDISKIKKVWRVGKMISFTYDEGGGKTGRGAVSEKDAPKELLQ",282,'A' inserted at '10',None,1,0
22,-2.011994858,0,TVKFKYKGEEAKQVDISKIKKVWRVGKMISFTYDEGGGKTGRGAVSEKDAPKELLQ,"TVKFKYKGEEAKQVDISKIKKVWRVGKMISFTYDEGGGKTGRGAVSEKDAPKELLQ
TVKFKYKGEE-KQVDISKIKKVWRVGKMISFTYDEGGGKTGRGAVSEKDAPKELLQ",282,'A' inserted at '11',None,1,0
23,-2.411279128,0,TVKFKYKGEEGKQVDISKIKKVWRVGKMISFTYDEGGGKTGRGAVSEKDAPKELLQ,"TVKFKYKGEEGKQVDISKIKKVWRVGKMISFTYDEGGGKTGRGAVSEKDAPKELLQ
TVKFKYKGEE-KQVDISKIKKVWRVGKMISFTYDEGGGKTGRGAVSEKDAPKELLQ",282,'G' inserted at '11',None,1,0
24,-3.279890176,0,TVKFKYKGEEKAQVDISKIKKVWRVGKMISFTYDEGGGKTGRGAVSEKDAPKELLQ,"TVKFKYKGEEKAQVDISKIKKVWRVGKMISFTYDEGGGKTGRGAVSEKDAPKELLQ
TVKFKYKGEEK-QVDISKIKKVWRVGKMISFTYDEGGGKTGRGAVSEKDAPKELLQ",282,'A' inserted at '12',None,1,0
25,-2.909781765,0,TVKFKYKGEEKGQVDISKIKKVWRVGKMISFTYDEGGGKTGRGAVSEKDAPKELLQ,"TVKFKYKGEEKGQVDISKIKKVWRVGKMISFTYDEGGGKTGRGAVSEKDAPKELLQ
TVKFKYKGEEK-QVDISKIKKVWRVGKMISFTYDEGGGKTGRGAVSEKDAPKELLQ",282,'G' inserted at '12',None,1,0
26,-3.103696038,0,TVKFKYKGEEKQAVDISKIKKVWRVGKMISFTYDEGGGKTGRGAVSEKDAPKELLQ,"TVKFKYKGEEKQAVDISKIKKVWRVGKMISFTYDEGGGKTGRGAVSEKDAPKELLQ
TVKFKYKGEEKQ-VDISKIKKVWRVGKMISFTYDEGGGKTGRGAVSEKDAPKELLQ",282,'A' inserted at '13',None,1,0
28,-3.477677663,0,TVKFKYKGEEKQGVDISKIKKVWRVGKMISFTYDEGGGKTGRGAVSEKDAPKELLQ,"TVKFKYKGEEKQGVDISKIKKVWRVGKMISFTYDEGGGKTGRGAVSEKDAPKELLQ
TVKFKYKGEEKQ-VDISKIKKVWRVGKMISFTYDEGGGKTGRGAVSEKDAPKELLQ",282,'G' inserted at '13',None,1,0
29,-3.39065865,0,TVKFKYKGEEKQVADISKIKKVWRVGKMISFTYDEGGGKTGRGAVSEKDAPKELLQ,"TVKFKYKGEEKQVADISKIKKVWRVGKMISFTYDEGGGKTGRGAVSEKDAPKELLQ
TVKFKYKGEEKQV-DISKIKKVWRVGKMISFTYDEGGGKTGRGAVSEKDAPKELLQ",282,'A' inserted at '14',None,1,0
30,-3.867230546,0,TVKFKYKGEEKQVDAISKIKKVWRVGKMISFTYDEGGGKTGRGAVSEKDAPKELLQ,"TVKFKYKGEEKQVDAISKIKKVWRVGKMISFTYDEGGGKTGRGAVSEKDAPKELLQ
TVKFKYKGEEKQVD-ISKIKKVWRVGKMISFTYDEGGGKTGRGAVSEKDAPKELLQ",282,'A' inserted at '15',None,1,0
31,-3.904746339,0,TVKFKYKGEEKQVDGISKIKKVWRVGKMISFTYDEGGGKTGRGAVSEKDAPKELLQ,"TVKFKYKGEEKQVDGISKIKKVWRVGKMISFTYDEGGGKTGRGAVSEKDAPKELLQ
TVKFKYKGEEKQVD-ISKIKKVWRVGKMISFTYDEGGGKTGRGAVSEKDAPKELLQ",282,'G' inserted at '15',None,1,0
32,-3.07478026,0,TVKFKYKGEEKQVDIASKIKKVWRVGKMISFTYDEGGGKTGRGAVSEKDAPKELLQ,"TVKFKYKGEEKQVDIASKIKKVWRVGKMISFTYDEGGGKTGRGAVSEKDAPKELLQ
TVKFKYKGEEKQVDI-SKIKKVWRVGKMISFTYDEGGGKTGRGAVSEKDAPKELLQ",282,'A' inserted at '16',None,1,0
33,-3.38858087,0,TVKFKYKGEEKQVDIGSKIKKVWRVGKMISFTYDEGGGKTGRGAVSEKDAPKELLQ,"TVKFKYKGEEKQVDIGSKIKKVWRVGKMISFTYDEGGGKTGRGAVSEKDAPKELLQ
TVKFKYKGEEKQVDI-SKIKKVWRVGKMISFTYDEGGGKTGRGAVSEKDAPKELLQ",282,'G' inserted at '16',None,1,0
35,-3.578718478,0,TVKFKYKGEEKQVDISAKIKKVWRVGKMISFTYDEGGGKTGRGAVSEKDAPKELLQ,"TVKFKYKGEEKQVDISAKIKKVWRVGKMISFTYDEGGGKTGRGAVSEKDAPKELLQ
TVKFKYKGEEKQVDIS-KIKKVWRVGKMISFTYDEGGGKTGRGAVSEKDAPKELLQ",282,'A' inserted at '17',None,1,0
36,-3.204327891,0,TVKFKYKGEEKQVDISGKIKKVWRVGKMISFTYDEGGGKTGRGAVSEKDAPKELLQ,"TVKFKYKGEEKQVDISGKIKKVWRVGKMISFTYDEGGGKTGRGAVSEKDAPKELLQ
TVKFKYKGEEKQVDIS-KIKKVWRVGKMISFTYDEGGGKTGRGAVSEKDAPKELLQ",282,'G' inserted at '17',None,1,0
38,-2.926622666,0,TVKFKYKGEEKQVDISKAIKKVWRVGKMISFTYDEGGGKTGRGAVSEKDAPKELLQ,"TVKFKYKGEEKQVDISKAIKKVWRVGKMISFTYDEGGGKTGRGAVSEKDAPKELLQ
TVKFKYKGEEKQVDISK-IKKVWRVGKMISFTYDEGGGKTGRGAVSEKDAPKELLQ",282,'A' inserted at '18',None,1,0
39,-3.430770637,0,TVKFKYKGEEKQVDISKGIKKVWRVGKMISFTYDEGGGKTGRGAVSEKDAPKELLQ,"TVKFKYKGEEKQVDISKGIKKVWRVGKMISFTYDEGGGKTGRGAVSEKDAPKELLQ
TVKFKYKGEEKQVDISK-IKKVWRVGKMISFTYDEGGGKTGRGAVSEKDAPKELLQ",282,'G' inserted at '18',None,1,0
40,-4.059073092,0,TVKFKYKGEEKQVDISKIAKKVWRVGKMISFTYDEGGGKTGRGAVSEKDAPKELLQ,"TVKFKYKGEEKQVDISKIAKKVWRVGKMISFTYDEGGGKTGRGAVSEKDAPKELLQ
TVKFKYKGEEKQVDISKI-KKVWRVGKMISFTYDEGGGKTGRGAVSEKDAPKELLQ",282,'A' inserted at '19',None,1,0
41,-3.320091127,0,TVKFKYKGEEKQVDISKIGKKVWRVGKMISFTYDEGGGKTGRGAVSEKDAPKELLQ,"TVKFKYKGEEKQVDISKIGKKVWRVGKMISFTYDEGGGKTGRGAVSEKDAPKELLQ
TVKFKYKGEEKQVDISKI-KKVWRVGKMISFTYDEGGGKTGRGAVSEKDAPKELLQ",282,'G' inserted at '19',None,1,0
42,-3.695348285,0,TVKFKYKGEEKQVDISKIKAKVWRVGKMISFTYDEGGGKTGRGAVSEKDAPKELLQ,"TVKFKYKGEEKQVDISKIKAKVWRVGKMISFTYDEGGGKTGRGAVSEKDAPKELLQ
TVKFKYKGEEKQVDISKIK-KVWRVGKMISFTYDEGGGKTGRGAVSEKDAPKELLQ",282,'A' inserted at '20',None,1,0
43,-2.930361689,0,TVKFKYKGEEKQVDISKIKGKVWRVGKMISFTYDEGGGKTGRGAVSEKDAPKELLQ,"TVKFKYKGEEKQVDISKIKGKVWRVGKMISFTYDEGGGKTGRGAVSEKDAPKELLQ
TVKFKYKGEEKQVDISKIK-KVWRVGKMISFTYDEGGGKTGRGAVSEKDAPKELLQ",282,'G' inserted at '20',None,1,0
44,-3.009946591,0,TVKFKYKGEEKQVDISKIKKAVWRVGKMISFTYDEGGGKTGRGAVSEKDAPKELLQ,"TVKFKYKGEEKQVDISKIKKAVWRVGKMISFTYDEGGGKTGRGAVSEKDAPKELLQ
TVKFKYKGEEKQVDISKIKK-VWRVGKMISFTYDEGGGKTGRGAVSEKDAPKELLQ",282,'A' inserted at '21',None,1,0
45,-3.799564069,0,TVKFKYKGEEKQVDISKIKKGVWRVGKMISFTYDEGGGKTGRGAVSEKDAPKELLQ,"TVKFKYKGEEKQVDISKIKKGVWRVGKMISFTYDEGGGKTGRGAVSEKDAPKELLQ
TVKFKYKGEEKQVDISKIKK-VWRVGKMISFTYDEGGGKTGRGAVSEKDAPKELLQ",282,'G' inserted at '21',None,1,0
46,-3.244869641,0,TVKFKYKGEEKQVDISKIKKVAWRVGKMISFTYDEGGGKTGRGAVSEKDAPKELLQ,"TVKFKYKGEEKQVDISKIKKVAWRVGKMISFTYDEGGGKTGRGAVSEKDAPKELLQ
TVKFKYKGEEKQVDISKIKKV-WRVGKMISFTYDEGGGKTGRGAVSEKDAPKELLQ",282,'A' inserted at '22',None,1,0
47,-3.575140878,0,TVKFKYKGEEKQVDISKIKKVGWRVGKMISFTYDEGGGKTGRGAVSEKDAPKELLQ,"TVKFKYKGEEKQVDISKIKKVGWRVGKMISFTYDEGGGKTGRGAVSEKDAPKELLQ
TVKFKYKGEEKQVDISKIKKV-WRVGKMISFTYDEGGGKTGRGAVSEKDAPKELLQ",282,'G' inserted at '22',None,1,0
49,-2.69241557,0,TVKFKYKGEEKQVDISKIKKVWARVGKMISFTYDEGGGKTGRGAVSEKDAPKELLQ,"TVKFKYKGEEKQVDISKIKKVWARVGKMISFTYDEGGGKTGRGAVSEKDAPKELLQ
TVKFKYKGEEKQVDISKIKKVW-RVGKMISFTYDEGGGKTGRGAVSEKDAPKELLQ",282,'A' inserted at '23',None,1,0
50,-2.872878227,0,TVKFKYKGEEKQVDISKIKKVWGRVGKMISFTYDEGGGKTGRGAVSEKDAPKELLQ,"TVKFKYKGEEKQVDISKIKKVWGRVGKMISFTYDEGGGKTGRGAVSEKDAPKELLQ
TVKFKYKGEEKQVDISKIKKVW-RVGKMISFTYDEGGGKTGRGAVSEKDAPKELLQ",282,'G' inserted at '23',None,1,0
51,-1.23427282,0,TVKFKYKGEEKQVDISKIKKVWRAVGKMISFTYDEGGGKTGRGAVSEKDAPKELLQ,"TVKFKYKGEEKQVDISKIKKVWRAVGKMISFTYDEGGGKTGRGAVSEKDAPKELLQ
TVKFKYKGEEKQVDISKIKKVWR-VGKMISFTYDEGGGKTGRGAVSEKDAPKELLQ",282,'A' inserted at '24',None,1,0
53,-1.073616496,0,TVKFKYKGEEKQVDISKIKKVWRGVGKMISFTYDEGGGKTGRGAVSEKDAPKELLQ,"TVKFKYKGEEKQVDISKIKKVWRGVGKMISFTYDEGGGKTGRGAVSEKDAPKELLQ
TVKFKYKGEEKQVDISKIKKVWR-VGKMISFTYDEGGGKTGRGAVSEKDAPKELLQ",282,'G' inserted at '24',None,1,0
54,-0.79502032,0,TVKFKYKGEEKQVDISKIKKVWRVAGKMISFTYDEGGGKTGRGAVSEKDAPKELLQ,"TVKFKYKGEEKQVDISKIKKVWRVAGKMISFTYDEGGGKTGRGAVSEKDAPKELLQ
TVKFKYKGEEKQVDISKIKKVWRV-GKMISFTYDEGGGKTGRGAVSEKDAPKELLQ",282,'A' inserted at '25',None,1,0
55,-0.871929182,0,TVKFKYKGEEKQVDISKIKKVWRVGGKMISFTYDEGGGKTGRGAVSEKDAPKELLQ,"TVKFKYKGEEKQVDISKIKKVWRVGGKMISFTYDEGGGKTGRGAVSEKDAPKELLQ
TVKFKYKGEEKQVDISKIKKVWRVG-KMISFTYDEGGGKTGRGAVSEKDAPKELLQ",282,'G' inserted at '26',None,1,0
56,-0.787281907,0,TVKFKYKGEEKQVDISKIKKVWRVGKAMISFTYDEGGGKTGRGAVSEKDAPKELLQ,"TVKFKYKGEEKQVDISKIKKVWRVGKAMISFTYDEGGGKTGRGAVSEKDAPKELLQ
TVKFKYKGEEKQVDISKIKKVWRVGK-MISFTYDEGGGKTGRGAVSEKDAPKELLQ",282,'A' inserted at '27',None,1,0
57,-0.324905365,1,TVKFKYKGEEKQVDISKIKKVWRVGKGMISFTYDEGGGKTGRGAVSEKDAPKELLQ,"TVKFKYKGEEKQVDISKIKKVWRVGKGMISFTYDEGGGKTGRGAVSEKDAPKELLQ
TVKFKYKGEEKQVDISKIKKVWRVGK-MISFTYDEGGGKTGRGAVSEKDAPKELLQ",282,'G' inserted at '27',None,1,0
59,-2.256061967,0,TVKFKYKGEEKQVDISKIKKVWRVGKMAISFTYDEGGGKTGRGAVSEKDAPKELLQ,"TVKFKYKGEEKQVDISKIKKVWRVGKMAISFTYDEGGGKTGRGAVSEKDAPKELLQ
TVKFKYKGEEKQVDISKIKKVWRVGKM-ISFTYDEGGGKTGRGAVSEKDAPKELLQ",282,'A' inserted at '28',None,1,0
60,-1.909166017,0,TVKFKYKGEEKQVDISKIKKVWRVGKMGISFTYDEGGGKTGRGAVSEKDAPKELLQ,"TVKFKYKGEEKQVDISKIKKVWRVGKMGISFTYDEGGGKTGRGAVSEKDAPKELLQ
TVKFKYKGEEKQVDISKIKKVWRVGKM-ISFTYDEGGGKTGRGAVSEKDAPKELLQ",282,'G' inserted at '28',None,1,0
61,-4.542607127,0,TVKFKYKGEEKQVDISKIKKVWRVGKMIASFTYDEGGGKTGRGAVSEKDAPKELLQ,"TVKFKYKGEEKQVDISKIKKVWRVGKMIASFTYDEGGGKTGRGAVSEKDAPKELLQ
TVKFKYKGEEKQVDISKIKKVWRVGKMI-SFTYDEGGGKTGRGAVSEKDAPKELLQ",282,'A' inserted at '29',None,1,0
63,-5.072637178,0,TVKFKYKGEEKQVDISKIKKVWRVGKMISAFTYDEGGGKTGRGAVSEKDAPKELLQ,"TVKFKYKGEEKQVDISKIKKVWRVGKMISAFTYDEGGGKTGRGAVSEKDAPKELLQ
TVKFKYKGEEKQVDISKIKKVWRVGKMIS-FTYDEGGGKTGRGAVSEKDAPKELLQ",282,'A' inserted at '30',None,1,0
64,-1.439320785,0,TVKFKYKGEEKQVDISKIKKVWRVGKMISFTYADEGGGKTGRGAVSEKDAPKELLQ,"TVKFKYKGEEKQVDISKIKKVWRVGKMISFTYADEGGGKTGRGAVSEKDAPKELLQ
TVKFKYKGEEKQVDISKIKKVWRVGKMISFTY-DEGGGKTGRGAVSEKDAPKELLQ",282,'A' inserted at '33',None,1,0
65,-1.579939789,0,TVKFKYKGEEKQVDISKIKKVWRVGKMISFTYDAEGGGKTGRGAVSEKDAPKELLQ,"TVKFKYKGEEKQVDISKIKKVWRVGKMISFTYDAEGGGKTGRGAVSEKDAPKELLQ
TVKFKYKGEEKQVDISKIKKVWRVGKMISFTYD-EGGGKTGRGAVSEKDAPKELLQ",282,'A' inserted at '34',None,1,0
66,-1.576932614,0,TVKFKYKGEEKQVDISKIKKVWRVGKMISFTYDEAGGGKTGRGAVSEKDAPKELLQ,"TVKFKYKGEEKQVDISKIKKVWRVGKMISFTYDEAGGGKTGRGAVSEKDAPKELLQ
TVKFKYKGEEKQVDISKIKKVWRVGKMISFTYDE-GGGKTGRGAVSEKDAPKELLQ",282,'A' inserted at '35',None,1,0
67,-1.087810917,0,TVKFKYKGEEKQVDISKIKKVWRVGKMISFTYDEGAGGKTGRGAVSEKDAPKELLQ,"TVKFKYKGEEKQVDISKIKKVWRVGKMISFTYDEGAGGKTGRGAVSEKDAPKELLQ
TVKFKYKGEEKQVDISKIKKVWRVGKMISFTYDEG-GGKTGRGAVSEKDAPKELLQ",282,'A' inserted at '36',None,1,0
68,-1.291316201,0,TVKFKYKGEEKQVDISKIKKVWRVGKMISFTYDEGGAGKTGRGAVSEKDAPKELLQ,"TVKFKYKGEEKQVDISKIKKVWRVGKMISFTYDEGGAGKTGRGAVSEKDAPKELLQ
TVKFKYKGEEKQVDISKIKKVWRVGKMISFTYDEGG-GKTGRGAVSEKDAPKELLQ",282,'A' inserted at '37',None,1,0
69,-1.500957023,0,TVKFKYKGEEKQVDISKIKKVWRVGKMISFTYDEGGGAKTGRGAVSEKDAPKELLQ,"TVKFKYKGEEKQVDISKIKKVWRVGKMISFTYDEGGGAKTGRGAVSEKDAPKELLQ
TVKFKYKGEEKQVDISKIKKVWRVGKMISFTYDEGGG-KTGRGAVSEKDAPKELLQ",282,'A' inserted at '38',None,1,0
70,-1.211430382,0,TVKFKYKGEEKQVDISKIKKVWRVGKMISFTYDEGGGGKTGRGAVSEKDAPKELLQ,"TVKFKYKGEEKQVDISKIKKVWRVGKMISFTYDEGGGGKTGRGAVSEKDAPKELLQ
TVKFKYKGEEKQVDISKIKKVWRVGKMISFTYDEGGG-KTGRGAVSEKDAPKELLQ",282,'G' inserted at '38',None,1,0
71,-1.067101057,0,TVKFKYKGEEKQVDISKIKKVWRVGKMISFTYDEGGGKATGRGAVSEKDAPKELLQ,"TVKFKYKGEEKQVDISKIKKVWRVGKMISFTYDEGGGKATGRGAVSEKDAPKELLQ
TVKFKYKGEEKQVDISKIKKVWRVGKMISFTYDEGGGK-TGRGAVSEKDAPKELLQ",282,'A' inserted at '39',None,1,0
73,-0.996302621,0,TVKFKYKGEEKQVDISKIKKVWRVGKMISFTYDEGGGKGTGRGAVSEKDAPKELLQ,"TVKFKYKGEEKQVDISKIKKVWRVGKMISFTYDEGGGKGTGRGAVSEKDAPKELLQ
TVKFKYKGEEKQVDISKIKKVWRVGKMISFTYDEGGGK-TGRGAVSEKDAPKELLQ",282,'G' inserted at '39',None,1,0
74,-1.912624075,0,TVKFKYKGEEKQVDISKIKKVWRVGKMISFTYDEGGGKTAGRGAVSEKDAPKELLQ,"TVKFKYKGEEKQVDISKIKKVWRVGKMISFTYDEGGGKTAGRGAVSEKDAPKELLQ
TVKFKYKGEEKQVDISKIKKVWRVGKMISFTYDEGGGKT-GRGAVSEKDAPKELLQ",282,'A' inserted at '40',None,1,0
75,-2.461183424,0,TVKFKYKGEEKQVDISKIKKVWRVGKMISFTYDEGGGKTGARGAVSEKDAPKELLQ,"TVKFKYKGEEKQVDISKIKKVWRVGKMISFTYDEGGGKTGARGAVSEKDAPKELLQ
TVKFKYKGEEKQVDISKIKKVWRVGKMISFTYDEGGGKTG-RGAVSEKDAPKELLQ",282,'A' inserted at '41',None,1,0
77,-2.152121889,0,TVKFKYKGEEKQVDISKIKKVWRVGKMISFTYDEGGGKTGGRGAVSEKDAPKELLQ,"TVKFKYKGEEKQVDISKIKKVWRVGKMISFTYDEGGGKTGGRGAVSEKDAPKELLQ
TVKFKYKGEEKQVDISKIKKVWRVGKMISFTYDEGGGKTG-RGAVSEKDAPKELLQ",282,'G' inserted at '41',None,1,0
78,-3.262870726,0,TVKFKYKGEEKQVDISKIKKVWRVGKMISFTYDEGGGKTGRAGAVSEKDAPKELLQ,"TVKFKYKGEEKQVDISKIKKVWRVGKMISFTYDEGGGKTGRAGAVSEKDAPKELLQ
TVKFKYKGEEKQVDISKIKKVWRVGKMISFTYDEGGGKTGR-GAVSEKDAPKELLQ",282,'A' inserted at '42',None,1,0
79,-3.648639974,0,TVKFKYKGEEKQVDISKIKKVWRVGKMISFTYDEGGGKTGRGAAVSEKDAPKELLQ,"TVKFKYKGEEKQVDISKIKKVWRVGKMISFTYDEGGGKTGRGAAVSEKDAPKELLQ
TVKFKYKGEEKQVDISKIKKVWRVGKMISFTYDEGGGKTGRGA-VSEKDAPKELLQ",282,'A' inserted at '44',None,1,0
80,-3.439165136,0,TVKFKYKGEEKQVDISKIKKVWRVGKMISFTYDEGGGKTGRGAGVSEKDAPKELLQ,"TVKFKYKGEEKQVDISKIKKVWRVGKMISFTYDEGGGKTGRGAGVSEKDAPKELLQ
TVKFKYKGEEKQVDISKIKKVWRVGKMISFTYDEGGGKTGRGA-VSEKDAPKELLQ",282,'G' inserted at '44',None,1,0
81,-2.939759618,0,TVKFKYKGEEKQVDISKIKKVWRVGKMISFTYDEGGGKTGRGAVASEKDAPKELLQ,"TVKFKYKGEEKQVDISKIKKVWRVGKMISFTYDEGGGKTGRGAVASEKDAPKELLQ
TVKFKYKGEEKQVDISKIKKVWRVGKMISFTYDEGGGKTGRGAV-SEKDAPKELLQ",282,'A' inserted at '45',None,1,0
83,-3.251021497,0,TVKFKYKGEEKQVDISKIKKVWRVGKMISFTYDEGGGKTGRGAVGSEKDAPKELLQ,"TVKFKYKGEEKQVDISKIKKVWRVGKMISFTYDEGGGKTGRGAVGSEKDAPKELLQ
TVKFKYKGEEKQVDISKIKKVWRVGKMISFTYDEGGGKTGRGAV-SEKDAPKELLQ",282,'G' inserted at '45',None,1,0
84,-2.442694116,0,TVKFKYKGEEKQVDISKIKKVWRVGKMISFTYDEGGGKTGRGAVSAEKDAPKELLQ,"TVKFKYKGEEKQVDISKIKKVWRVGKMISFTYDEGGGKTGRGAVSAEKDAPKELLQ
TVKFKYKGEEKQVDISKIKKVWRVGKMISFTYDEGGGKTGRGAVS-EKDAPKELLQ",282,'A' inserted at '46',None,1,0
85,-3.14250938,0,TVKFKYKGEEKQVDISKIKKVWRVGKMISFTYDEGGGKTGRGAVSEAKDAPKELLQ,"TVKFKYKGEEKQVDISKIKKVWRVGKMISFTYDEGGGKTGRGAVSEAKDAPKELLQ
TVKFKYKGEEKQVDISKIKKVWRVGKMISFTYDEGGGKTGRGAVSE-KDAPKELLQ",282,'A' inserted at '47',None,1,0
87,-2.943647891,0,TVKFKYKGEEKQVDISKIKKVWRVGKMISFTYDEGGGKTGRGAVSEGKDAPKELLQ,"TVKFKYKGEEKQVDISKIKKVWRVGKMISFTYDEGGGKTGRGAVSEGKDAPKELLQ
TVKFKYKGEEKQVDISKIKKVWRVGKMISFTYDEGGGKTGRGAVSE-KDAPKELLQ",282,'G' inserted at '47',None,1,0
88,-2.975368632,0,TVKFKYKGEEKQVDISKIKKVWRVGKMISFTYDEGGGKTGRGAVSEKADAPKELLQ,"TVKFKYKGEEKQVDISKIKKVWRVGKMISFTYDEGGGKTGRGAVSEKADAPKELLQ
TVKFKYKGEEKQVDISKIKKVWRVGKMISFTYDEGGGKTGRGAVSEK-DAPKELLQ",282,'A' inserted at '48',None,1,0
90,-2.858755917,0,TVKFKYKGEEKQVDISKIKKVWRVGKMISFTYDEGGGKTGRGAVSEKDAAPKELLQ,"TVKFKYKGEEKQVDISKIKKVWRVGKMISFTYDEGGGKTGRGAVSEKDAAPKELLQ
TVKFKYKGEEKQVDISKIKKVWRVGKMISFTYDEGGGKTGRGAVSEKDA-PKELLQ",282,'A' inserted at '50',None,1,0
91,-3.030950372,0,TVKFKYKGEEKQVDISKIKKVWRVGKMISFTYDEGGGKTGRGAVSEKDAGPKELLQ,"TVKFKYKGEEKQVDISKIKKVWRVGKMISFTYDEGGGKTGRGAVSEKDAGPKELLQ
TVKFKYKGEEKQVDISKIKKVWRVGKMISFTYDEGGGKTGRGAVSEKDA-PKELLQ",282,'G' inserted at '50',None,1,0
93,-1.991679731,0,TVKFKYKGEEKQVDISKIKKVWRVGKMISFTYDEGGGKTGRGAVSEKDAPAKELLQ,"TVKFKYKGEEKQVDISKIKKVWRVGKMISFTYDEGGGKTGRGAVSEKDAPAKELLQ
TVKFKYKGEEKQVDISKIKKVWRVGKMISFTYDEGGGKTGRGAVSEKDAP-KELLQ",282,'A' inserted at '51',None,1,0
95,-2.590136197,0,TVKFKYKGEEKQVDISKIKKVWRVGKMISFTYDEGGGKTGRGAVSEKDAPGKELLQ,"TVKFKYKGEEKQVDISKIKKVWRVGKMISFTYDEGGGKTGRGAVSEKDAPGKELLQ
TVKFKYKGEEKQVDISKIKKVWRVGKMISFTYDEGGGKTGRGAVSEKDAP-KELLQ",282,'G' inserted at '51',None,1,0
96,-2.807159051,0,TVKFKYKGEEKQVDISKIKKVWRVGKMISFTYDEGGGKTGRGAVSEKDAPKAELLQ,"TVKFKYKGEEKQVDISKIKKVWRVGKMISFTYDEGGGKTGRGAVSEKDAPKAELLQ
TVKFKYKGEEKQVDISKIKKVWRVGKMISFTYDEGGGKTGRGAVSEKDAPK-ELLQ",282,'A' inserted at '52',None,1,0
97,-2.766617186,0,TVKFKYKGEEKQVDISKIKKVWRVGKMISFTYDEGGGKTGRGAVSEKDAPKEALLQ,"TVKFKYKGEEKQVDISKIKKVWRVGKMISFTYDEGGGKTGRGAVSEKDAPKEALLQ
TVKFKYKGEEKQVDISKIKKVWRVGKMISFTYDEGGGKTGRGAVSEKDAPKE-LLQ",282,'A' inserted at '53',None,1,0
98,-2.536436268,0,TVKFKYKGEEKQVDISKIKKVWRVGKMISFTYDEGGGKTGRGAVSEKDAPKEGLLQ,"TVKFKYKGEEKQVDISKIKKVWRVGKMISFTYDEGGGKTGRGAVSEKDAPKEGLLQ
TVKFKYKGEEKQVDISKIKKVWRVGKMISFTYDEGGGKTGRGAVSEKDAPKE-LLQ",282,'G' inserted at '53',None,1,0
99,-0.873403709,0,TVKFKYKGEEKQVDISKIKKVWRVGKMISFTYDEGGGKTGRGAVSEKDAPKELALQ,"TVKFKYKGEEKQVDISKIKKVWRVGKMISFTYDEGGGKTGRGAVSEKDAPKELALQ
TVKFKYKGEEKQVDISKIKKVWRVGKMISFTYDEGGGKTGRGAVSEKDAPKEL-LQ",282,'A' inserted at '54',None,1,0
100,-1.5914942,0,TVKFKYKGEEKQVDISKIKKVWRVGKMISFTYDEGGGKTGRGAVSEKDAPKELGLQ,"TVKFKYKGEEKQVDISKIKKVWRVGKMISFTYDEGGGKTGRGAVSEKDAPKELGLQ
TVKFKYKGEEKQVDISKIKKVWRVGKMISFTYDEGGGKTGRGAVSEKDAPKEL-LQ",282,'G' inserted at '54',None,1,0
102,-0.03685858,1,TVKFKYKGEEKQVDISKIKKVWRVGKMISFTYDEGGGKTGRGAVSEKDAPKELLAQ,"TVKFKYKGEEKQVDISKIKKVWRVGKMISFTYDEGGGKTGRGAVSEKDAPKELLAQ
TVKFKYKGEEKQVDISKIKKVWRVGKMISFTYDEGGGKTGRGAVSEKDAPKELL-Q",282,'A' inserted at '55',None,1,0
103,-0.593528038,0,TVKFKYKGEEKQVDISKIKKVWRVGKMISFTYDEGGGKTGRGAVSEKDAPKELLGQ,"TVKFKYKGEEKQVDISKIKKVWRVGKMISFTYDEGGGKTGRGAVSEKDAPKELLGQ
TVKFKYKGEEKQVDISKIKKVWRVGKMISFTYDEGGGKTGRGAVSEKDAPKELL-Q",282,'G' inserted at '55',None,1,0
105,-2.955267556,0,TVKFKYKGEEKQVDISKIKKVWRVGKMISFTYDEGGGKTGRGAVSEKDAPKGELLQ,"TVKFKYKGEEKQVDISKIKKVWRVGKMISFTYDEGGGKTGRGAVSEKDAPKGELLQ
TVKFKYKGEEKQVDISKIKKVWRVGKMISFTYDEGGGKTGRGAVSEKDAPK-ELLQ",282,'G' inserted at '52',None,1,0
107,-2.659516564,0,TVKFKYKGEEKQVDISKIKKVWRVGKMISFTYDEGGGKTGRGAVSEKDGAPKELLQ,"TVKFKYKGEEKQVDISKIKKVWRVGKMISFTYDEGGGKTGRGAVSEKDGAPKELLQ
TVKFKYKGEEKQVDISKIKKVWRVGKMISFTYDEGGGKTGRGAVSEKD-APKELLQ",282,'G' inserted at '49',None,1,0
109,-3.114270507,0,TVKFKYKGEEKQVDISKIKKVWRVGKMISFTYDEGGGKTGRGAVSEKGDAPKELLQ,"TVKFKYKGEEKQVDISKIKKVWRVGKMISFTYDEGGGKTGRGAVSEKGDAPKELLQ
TVKFKYKGEEKQVDISKIKKVWRVGKMISFTYDEGGGKTGRGAVSEK-DAPKELLQ",282,'G' inserted at '48',None,1,0
110,-2.920814558,0,TVKFKYKGEEKQVDISKIKKVWRVGKMISFTYDEGGGKTGRGAVSGEKDAPKELLQ,"TVKFKYKGEEKQVDISKIKKVWRVGKMISFTYDEGGGKTGRGAVSGEKDAPKELLQ
TVKFKYKGEEKQVDISKIKKVWRVGKMISFTYDEGGGKTGRGAVS-EKDAPKELLQ",282,'G' inserted at '46',None,1,0
112,-3.394857763,0,TVKFKYKGEEKQVDISKIKKVWRVGKMISFTYDEGGGKTGRGGAVSEKDAPKELLQ,"TVKFKYKGEEKQVDISKIKKVWRVGKMISFTYDEGGGKTGRGGAVSEKDAPKELLQ
TVKFKYKGEEKQVDISKIKKVWRVGKMISFTYDEGGGKTGRG-AVSEKDAPKELLQ",282,'G' inserted at '43',None,1,0
117,-1.953527905,0,TVKFKYKGEEKQVDISKIKKVWRVGKMISFTYDGEGGGKTGRGAVSEKDAPKELLQ,"TVKFKYKGEEKQVDISKIKKVWRVGKMISFTYDGEGGGKTGRGAVSEKDAPKELLQ
TVKFKYKGEEKQVDISKIKKVWRVGKMISFTYD-EGGGKTGRGAVSEKDAPKELLQ",282,'G' inserted at '34',None,1,0
120,-1.730413595,0,TVKFKYKGEEKQVDISKIKKVWRVGKMISFTYGDEGGGKTGRGAVSEKDAPKELLQ,"TVKFKYKGEEKQVDISKIKKVWRVGKMISFTYGDEGGGKTGRGAVSEKDAPKELLQ
TVKFKYKGEEKQVDISKIKKVWRVGKMISFTY-DEGGGKTGRGAVSEKDAPKELLQ",282,'G' inserted at '33',None,1,0
126,-3.50163005,0,TVKFKYKGEEKQVGDISKIKKVWRVGKMISFTYDEGGGKTGRGAVSEKDAPKELLQ,"TVKFKYKGEEKQVGDISKIKKVWRVGKMISFTYDEGGGKTGRGAVSEKDAPKELLQ
TVKFKYKGEEKQV-DISKIKKVWRVGKMISFTYDEGGGKTGRGAVSEKDAPKELLQ",282,'G' inserted at '14',None,1,0
130,-1.581968082,0,TVKFKYKGEGEKQVDISKIKKVWRVGKMISFTYDEGGGKTGRGAVSEKDAPKELLQ,"TVKFKYKGEGEKQVDISKIKKVWRVGKMISFTYDEGGGKTGRGAVSEKDAPKELLQ
TVKFKYKGE-EKQVDISKIKKVWRVGKMISFTYDEGGGKTGRGAVSEKDAPKELLQ",282,'G' inserted at '10',None,1,0
132,-0.932745822,0,TVKFKYKGGEEKQVDISKIKKVWRVGKMISFTYDEGGGKTGRGAVSEKDAPKELLQ,"TVKFKYKGGEEKQVDISKIKKVWRVGKMISFTYDEGGGKTGRGAVSEKDAPKELLQ
TVKFKYKG-EEKQVDISKIKKVWRVGKMISFTYDEGGGKTGRGAVSEKDAPKELLQ",282,'G' inserted at '9',None,1,0
134,-3.421542464,0,TVKGFKYKGEEKQVDISKIKKVWRVGKMISFTYDEGGGKTGRGAVSEKDAPKELLQ,"TVKGFKYKGEEKQVDISKIKKVWRVGKMISFTYDEGGGKTGRGAVSEKDAPKELLQ
TVK-FKYKGEEKQVDISKIKKVWRVGKMISFTYDEGGGKTGRGAVSEKDAPKELLQ",282,'G' inserted at '4',None,1,0
1,0.12068635,1,ATVKFKYKGEEKQVDISKIKKVWRVGKMISFTYDEGGGKTGRGAVSEKDAPKELLQ,"TVKFKYKGEEKQVDISKIKKVWRVGKMISFTYDEGGGKTGRGAVSEKDAPKELLQ
TVKFKYKGEEKQVDISKIKKVWRVGKMISFTYDEGGGKTGRGAVSEKDAPKELLQ",282,None,None,0,0
2,-0.022678558,1,GTVKFKYKGEEKQVDISKIKKVWRVGKMISFTYDEGGGKTGRGAVSEKDAPKELLQ,"TVKFKYKGEEKQVDISKIKKVWRVGKMISFTYDEGGGKTGRGAVSEKDAPKELLQ
TVKFKYKGEEKQVDISKIKKVWRVGKMISFTYDEGGGKTGRGAVSEKDAPKELLQ",282,None,None,0,0
5,-2.831255171,0,TKFKYKGEEKQVDISKIKKVWRVGKMISFTYDEGGGKTGRGAVSEKDAPKELLQ,"T-KFKYKGEEKQVDISKIKKVWRVGKMISFTYDEGGGKTGRGAVSEKDAPKELLQ
TVKFKYKGEEKQVDISKIKKVWRVGKMISFTYDEGGGKTGRGAVSEKDAPKELLQ",278,None,'V' deleted in '2',0,1
7,-3.031383733,0,TVFKYKGEEKQVDISKIKKVWRVGKMISFTYDEGGGKTGRGAVSEKDAPKELLQ,"TV-FKYKGEEKQVDISKIKKVWRVGKMISFTYDEGGGKTGRGAVSEKDAPKELLQ
TVKFKYKGEEKQVDISKIKKVWRVGKMISFTYDEGGGKTGRGAVSEKDAPKELLQ",277,None,'K' deleted in '3',0,1
14,-3.438581175,0,TVKFKKGEEKQVDISKIKKVWRVGKMISFTYDEGGGKTGRGAVSEKDAPKELLQ,"TVKFK-KGEEKQVDISKIKKVWRVGKMISFTYDEGGGKTGRGAVSEKDAPKELLQ
TVKFKYKGEEKQVDISKIKKVWRVGKMISFTYDEGGGKTGRGAVSEKDAPKELLQ",275,None,'Y' deleted in '6',0,1
16,-2.90695136,0,TVKFKYGEEKQVDISKIKKVWRVGKMISFTYDEGGGKTGRGAVSEKDAPKELLQ,"TVKFKY-GEEKQVDISKIKKVWRVGKMISFTYDEGGGKTGRGAVSEKDAPKELLQ
TVKFKYKGEEKQVDISKIKKVWRVGKMISFTYDEGGGKTGRGAVSEKDAPKELLQ",277,None,'K' deleted in '7',0,1
19,-3.251992879,0,TVKFKYKEEKQVDISKIKKVWRVGKMISFTYDEGGGKTGRGAVSEKDAPKELLQ,"TVKFKYK-EEKQVDISKIKKVWRVGKMISFTYDEGGGKTGRGAVSEKDAPKELLQ
TVKFKYKGEEKQVDISKIKKVWRVGKMISFTYDEGGGKTGRGAVSEKDAPKELLQ",276,None,'G' deleted in '8',0,1
27,-4.027914803,0,TVKFKYKGEEKQDISKIKKVWRVGKMISFTYDEGGGKTGRGAVSEKDAPKELLQ,"TVKFKYKGEEKQ-DISKIKKVWRVGKMISFTYDEGGGKTGRGAVSEKDAPKELLQ
TVKFKYKGEEKQVDISKIKKVWRVGKMISFTYDEGGGKTGRGAVSEKDAPKELLQ",278,None,'V' deleted in '13',0,1
34,-3.897634981,0,TVKFKYKGEEKQVDIKIKKVWRVGKMISFTYDEGGGKTGRGAVSEKDAPKELLQ,"TVKFKYKGEEKQVDI-KIKKVWRVGKMISFTYDEGGGKTGRGAVSEKDAPKELLQ
TVKFKYKGEEKQVDISKIKKVWRVGKMISFTYDEGGGKTGRGAVSEKDAPKELLQ",278,None,'S' deleted in '16',0,1
37,-4.304622604,0,TVKFKYKGEEKQVDISIKKVWRVGKMISFTYDEGGGKTGRGAVSEKDAPKELLQ,"TVKFKYKGEEKQVDIS-IKKVWRVGKMISFTYDEGGGKTGRGAVSEKDAPKELLQ
TVKFKYKGEEKQVDISKIKKVWRVGKMISFTYDEGGGKTGRGAVSEKDAPKELLQ",277,None,'K' deleted in '17',0,1
48,-3.724092641,0,TVKFKYKGEEKQVDISKIKKVRVGKMISFTYDEGGGKTGRGAVSEKDAPKELLQ,"TVKFKYKGEEKQVDISKIKKV-RVGKMISFTYDEGGGKTGRGAVSEKDAPKELLQ
TVKFKYKGEEKQVDISKIKKVWRVGKMISFTYDEGGGKTGRGAVSEKDAPKELLQ",271,None,'W' deleted in '22',0,1
52,-2.687654018,0,TVKFKYKGEEKQVDISKIKKVWRGKMISFTYDEGGGKTGRGAVSEKDAPKELLQ,"TVKFKYKGEEKQVDISKIKKVWR-GKMISFTYDEGGGKTGRGAVSEKDAPKELLQ
TVKFKYKGEEKQVDISKIKKVWRVGKMISFTYDEGGGKTGRGAVSEKDAPKELLQ",278,None,'V' deleted in '24',0,1
58,-4.447969944,0,TVKFKYKGEEKQVDISKIKKVWRVGKISFTYDEGGGKTGRGAVSEKDAPKELLQ,"TVKFKYKGEEKQVDISKIKKVWRVGK-ISFTYDEGGGKTGRGAVSEKDAPKELLQ
TVKFKYKGEEKQVDISKIKKVWRVGKMISFTYDEGGGKTGRGAVSEKDAPKELLQ",277,None,'M' deleted in '27',0,1
62,-5.059943471,0,TVKFKYKGEEKQVDISKIKKVWRVGKMIFTYDEGGGKTGRGAVSEKDAPKELLQ,"TVKFKYKGEEKQVDISKIKKVWRVGKMI-FTYDEGGGKTGRGAVSEKDAPKELLQ
TVKFKYKGEEKQVDISKIKKVWRVGKMISFTYDEGGGKTGRGAVSEKDAPKELLQ",278,None,'S' deleted in '29',0,1
72,-1.787423719,0,TVKFKYKGEEKQVDISKIKKVWRVGKMISFTYDEGGGKGRGAVSEKDAPKELLQ,"TVKFKYKGEEKQVDISKIKKVWRVGKMISFTYDEGGGK-GRGAVSEKDAPKELLQ
TVKFKYKGEEKQVDISKIKKVWRVGKMISFTYDEGGGKTGRGAVSEKDAPKELLQ",277,None,'T' deleted in '39',0,1
76,-3.475960691,0,TVKFKYKGEEKQVDISKIKKVWRVGKMISFTYDEGGGKTGGAVSEKDAPKELLQ,"TVKFKYKGEEKQVDISKIKKVWRVGKMISFTYDEGGGKTG-GAVSEKDAPKELLQ
TVKFKYKGEEKQVDISKIKKVWRVGKMISFTYDEGGGKTGRGAVSEKDAPKELLQ",277,None,'R' deleted in '41',0,1
82,-3.721308385,0,TVKFKYKGEEKQVDISKIKKVWRVGKMISFTYDEGGGKTGRGAVEKDAPKELLQ,"TVKFKYKGEEKQVDISKIKKVWRVGKMISFTYDEGGGKTGRGAV-EKDAPKELLQ
TVKFKYKGEEKQVDISKIKKVWRVGKMISFTYDEGGGKTGRGAVSEKDAPKELLQ",278,None,'S' deleted in '45',0,1
86,-3.450543743,0,TVKFKYKGEEKQVDISKIKKVWRVGKMISFTYDEGGGKTGRGAVSEDAPKELLQ,"TVKFKYKGEEKQVDISKIKKVWRVGKMISFTYDEGGGKTGRGAVSE-DAPKELLQ
TVKFKYKGEEKQVDISKIKKVWRVGKMISFTYDEGGGKTGRGAVSEKDAPKELLQ",277,None,'K' deleted in '47',0,1
89,-3.434193895,0,TVKFKYKGEEKQVDISKIKKVWRVGKMISFTYDEGGGKTGRGAVSEKAPKELLQ,"TVKFKYKGEEKQVDISKIKKVWRVGKMISFTYDEGGGKTGRGAVSEK-APKELLQ
TVKFKYKGEEKQVDISKIKKVWRVGKMISFTYDEGGGKTGRGAVSEKDAPKELLQ",276,None,'D' deleted in '48',0,1
92,-1.523917688,0,TVKFKYKGEEKQVDISKIKKVWRVGKMISFTYDEGGGKTGRGAVSEKDAKELLQ,"TVKFKYKGEEKQVDISKIKKVWRVGKMISFTYDEGGGKTGRGAVSEKDA-KELLQ
TVKFKYKGEEKQVDISKIKKVWRVGKMISFTYDEGGGKTGRGAVSEKDAPKELLQ",275,None,'P' deleted in '50',0,1
94,-1.125270953,0,TVKFKYKGEEKQVDISKIKKVWRVGKMISFTYDEGGGKTGRGAVSEKDAPELLQ,"TVKFKYKGEEKQVDISKIKKVWRVGKMISFTYDEGGGKTGRGAVSEKDAP-ELLQ
TVKFKYKGEEKQVDISKIKKVWRVGKMISFTYDEGGGKTGRGAVSEKDAPKELLQ",277,None,'K' deleted in '51',0,1
101,-0.367324376,1,TVKFKYKGEEKQVDISKIKKVWRVGKMISFTYDEGGGKTGRGAVSEKDAPKELL,"TVKFKYKGEEKQVDISKIKKVWRVGKMISFTYDEGGGKTGRGAVSEKDAPKELL
TVKFKYKGEEKQVDISKIKKVWRVGKMISFTYDEGGGKTGRGAVSEKDAPKELL",277,None,None,0,0
104,-1.157075384,0,TVKFKYKGEEKQVDISKIKKVWRVGKMISFTYDEGGGKTGRGAVSEKDAPKELQ,"TVKFKYKGEEKQVDISKIKKVWRVGKMISFTYDEGGGKTGRGAVSEKDAPKEL-Q
TVKFKYKGEEKQVDISKIKKVWRVGKMISFTYDEGGGKTGRGAVSEKDAPKELLQ",278,None,'L' deleted in '54',0,1
106,-1.282886083,0,TVKFKYKGEEKQVDISKIKKVWRVGKMISFTYDEGGGKTGRGAVSEKDAPKLLQ,"TVKFKYKGEEKQVDISKIKKVWRVGKMISFTYDEGGGKTGRGAVSEKDAPK-LLQ
TVKFKYKGEEKQVDISKIKKVWRVGKMISFTYDEGGGKTGRGAVSEKDAPKELLQ",277,None,'E' deleted in '52',0,1
108,-3.975400332,0,TVKFKYKGEEKQVDISKIKKVWRVGKMISFTYDEGGGKTGRGAVSEKDPKELLQ,"TVKFKYKGEEKQVDISKIKKVWRVGKMISFTYDEGGGKTGRGAVSEKD-PKELLQ
TVKFKYKGEEKQVDISKIKKVWRVGKMISFTYDEGGGKTGRGAVSEKDAPKELLQ",278,None,'A' deleted in '49',0,1
111,-3.229513245,0,TVKFKYKGEEKQVDISKIKKVWRVGKMISFTYDEGGGKTGRGAVSKDAPKELLQ,"TVKFKYKGEEKQVDISKIKKVWRVGKMISFTYDEGGGKTGRGAVS-KDAPKELLQ
TVKFKYKGEEKQVDISKIKKVWRVGKMISFTYDEGGGKTGRGAVSEKDAPKELLQ",277,None,'E' deleted in '46',0,1
113,-4.444181747,0,TVKFKYKGEEKQVDISKIKKVWRVGKMISFTYDEGGGKTGRGVSEKDAPKELLQ,"TVKFKYKGEEKQVDISKIKKVWRVGKMISFTYDEGGGKTGRG-VSEKDAPKELLQ
TVKFKYKGEEKQVDISKIKKVWRVGKMISFTYDEGGGKTGRGAVSEKDAPKELLQ",278,None,'A' deleted in '43',0,1
114,-2.357875305,0,TVKFKYKGEEKQVDISKIKKVWRVGKMISFTYDEGGGKTRGAVSEKDAPKELLQ,"TVKFKYKGEEKQVDISKIKKVWRVGKMISFTYDEGGGKT-RGAVSEKDAPKELLQ
TVKFKYKGEEKQVDISKIKKVWRVGKMISFTYDEGGGKTGRGAVSEKDAPKELLQ",276,None,'G' deleted in '40',0,1
115,-0.908816056,0,TVKFKYKGEEKQVDISKIKKVWRVGKMISFTYDEGGGTGRGAVSEKDAPKELLQ,"TVKFKYKGEEKQVDISKIKKVWRVGKMISFTYDEGGG-TGRGAVSEKDAPKELLQ
TVKFKYKGEEKQVDISKIKKVWRVGKMISFTYDEGGGKTGRGAVSEKDAPKELLQ",277,None,'K' deleted in '38',0,1
116,-0.43295509,1,TVKFKYKGEEKQVDISKIKKVWRVGKMISFTYDEGGKTGRGAVSEKDAPKELLQ,"TVKFKYKGEEKQVDISKIKKVWRVGKMISFTYDEGG-KTGRGAVSEKDAPKELLQ
TVKFKYKGEEKQVDISKIKKVWRVGKMISFTYDEGGGKTGRGAVSEKDAPKELLQ",276,None,'G' deleted in '37',0,1
118,-1.501398414,0,TVKFKYKGEEKQVDISKIKKVWRVGKMISFTYDGGGKTGRGAVSEKDAPKELLQ,"TVKFKYKGEEKQVDISKIKKVWRVGKMISFTYD-GGGKTGRGAVSEKDAPKELLQ
TVKFKYKGEEKQVDISKIKKVWRVGKMISFTYDEGGGKTGRGAVSEKDAPKELLQ",277,None,'E' deleted in '34',0,1
119,-1.837233107,0,TVKFKYKGEEKQVDISKIKKVWRVGKMISFTYEGGGKTGRGAVSEKDAPKELLQ,"TVKFKYKGEEKQVDISKIKKVWRVGKMISFTY-EGGGKTGRGAVSEKDAPKELLQ
TVKFKYKGEEKQVDISKIKKVWRVGKMISFTYDEGGGKTGRGAVSEKDAPKELLQ",276,None,'D' deleted in '33',0,1
121,-3.959786573,0,TVKFKYKGEEKQVDISKIKKVWRVGMISFTYDEGGGKTGRGAVSEKDAPKELLQ,"TVKFKYKGEEKQVDISKIKKVWRVG-MISFTYDEGGGKTGRGAVSEKDAPKELLQ
TVKFKYKGEEKQVDISKIKKVWRVGKMISFTYDEGGGKTGRGAVSEKDAPKELLQ",277,None,'K' deleted in '26',0,1
122,-4.188423151,0,TVKFKYKGEEKQVDISKIKKVWRVKMISFTYDEGGGKTGRGAVSEKDAPKELLQ,"TVKFKYKGEEKQVDISKIKKVWRV-KMISFTYDEGGGKTGRGAVSEKDAPKELLQ
TVKFKYKGEEKQVDISKIKKVWRVGKMISFTYDEGGGKTGRGAVSEKDAPKELLQ",276,None,'G' deleted in '25',0,1
123,-2.835124227,0,TVKFKYKGEEKQVDISKIKKVWVGKMISFTYDEGGGKTGRGAVSEKDAPKELLQ,"TVKFKYKGEEKQVDISKIKKVW-VGKMISFTYDEGGGKTGRGAVSEKDAPKELLQ
TVKFKYKGEEKQVDISKIKKVWRVGKMISFTYDEGGGKTGRGAVSEKDAPKELLQ",277,None,'R' deleted in '23',0,1
124,-4.539664775,0,TVKFKYKGEEKQVDISKIKKWRVGKMISFTYDEGGGKTGRGAVSEKDAPKELLQ,"TVKFKYKGEEKQVDISKIKK-WRVGKMISFTYDEGGGKTGRGAVSEKDAPKELLQ
TVKFKYKGEEKQVDISKIKKVWRVGKMISFTYDEGGGKTGRGAVSEKDAPKELLQ",278,None,'V' deleted in '21',0,1
125,-3.599273498,0,TVKFKYKGEEKQVDISKIKVWRVGKMISFTYDEGGGKTGRGAVSEKDAPKELLQ,"TVKFKYKGEEKQVDISKIK-VWRVGKMISFTYDEGGGKTGRGAVSEKDAPKELLQ
TVKFKYKGEEKQVDISKIKKVWRVGKMISFTYDEGGGKTGRGAVSEKDAPKELLQ",277,None,'K' deleted in '20',0,1
127,-4.632439075,0,TVKFKYKGEEKQVISKIKKVWRVGKMISFTYDEGGGKTGRGAVSEKDAPKELLQ,"TVKFKYKGEEKQV-ISKIKKVWRVGKMISFTYDEGGGKTGRGAVSEKDAPKELLQ
TVKFKYKGEEKQVDISKIKKVWRVGKMISFTYDEGGGKTGRGAVSEKDAPKELLQ",276,None,'D' deleted in '14',0,1
128,-3.701155085,0,TVKFKYKGEEKVDISKIKKVWRVGKMISFTYDEGGGKTGRGAVSEKDAPKELLQ,"TVKFKYKGEEK-VDISKIKKVWRVGKMISFTYDEGGGKTGRGAVSEKDAPKELLQ
TVKFKYKGEEKQVDISKIKKVWRVGKMISFTYDEGGGKTGRGAVSEKDAPKELLQ",277,None,'Q' deleted in '12',0,1
129,-3.414924297,0,TVKFKYKGEEQVDISKIKKVWRVGKMISFTYDEGGGKTGRGAVSEKDAPKELLQ,"TVKFKYKGEE-QVDISKIKKVWRVGKMISFTYDEGGGKTGRGAVSEKDAPKELLQ
TVKFKYKGEEKQVDISKIKKVWRVGKMISFTYDEGGGKTGRGAVSEKDAPKELLQ",277,None,'K' deleted in '11',0,1
131,-2.531298589,0,TVKFKYKGEKQVDISKIKKVWRVGKMISFTYDEGGGKTGRGAVSEKDAPKELLQ,"TVKFKYKGE-KQVDISKIKKVWRVGKMISFTYDEGGGKTGRGAVSEKDAPKELLQ
TVKFKYKGEEKQVDISKIKKVWRVGKMISFTYDEGGGKTGRGAVSEKDAPKELLQ",277,None,'E' deleted in '10',0,1
133,-2.48177351,0,TVKFYKGEEKQVDISKIKKVWRVGKMISFTYDEGGGKTGRGAVSEKDAPKELLQ,"TVKF-YKGEEKQVDISKIKKVWRVGKMISFTYDEGGGKTGRGAVSEKDAPKELLQ
TVKFKYKGEEKQVDISKIKKVWRVGKMISFTYDEGGGKTGRGAVSEKDAPKELLQ",277,None,'K' deleted in '5',0,1
135,-3.813754741,0,TVKKYKGEEKQVDISKIKKVWRVGKMISFTYDEGGGKTGRGAVSEKDAPKELLQ,"TVK-KYKGEEKQVDISKIKKVWRVGKMISFTYDEGGGKTGRGAVSEKDAPKELLQ
TVKFKYKGEEKQVDISKIKKVWRVGKMISFTYDEGGGKTGRGAVSEKDAPKELLQ",276,None,'F' deleted in '4',0,1
136,-0.258135876,1,VKFKYKGEEKQVDISKIKKVWRVGKMISFTYDEGGGKTGRGAVSEKDAPKELLQ,"VKFKYKGEEKQVDISKIKKVWRVGKMISFTYDEGGGKTGRGAVSEKDAPKELLQ
VKFKYKGEEKQVDISKIKKVWRVGKMISFTYDEGGGKTGRGAVSEKDAPKELLQ",277,None,None,0,0
