ID,DMS_Score,DMS_Score_Bin,mutated_sequence,Alignment,Align_score,Insertions,Deletions,NumberOfInsertionSites,NumberOfDeletionSites
4,0.209378334,1,VARQEELAAARAALHDLMTGKRVATVQKDGRRVEFTATSVSDLKKYIAELEVQTGM,"VARQEELAAARAALHDLMTGKRVATVQKDGRRVEFTATSVSDLKKYIAELEVQTGM
V-RQEELAAARAALHDLMTGKRVATVQKDGRRVEFTATSVSDLKKYIAELEVQTGM",263,'A' inserted at '2',None,1,0
5,0.11423124,1,VGRQEELAAARAALHDLMTGKRVATVQKDGRRVEFTATSVSDLKKYIAELEVQTGM,"VGRQEELAAARAALHDLMTGKRVATVQKDGRRVEFTATSVSDLKKYIAELEVQTGM
V-RQEELAAARAALHDLMTGKRVATVQKDGRRVEFTATSVSDLKKYIAELEVQTGM",263,'G' inserted at '2',None,1,0
7,0.152811226,1,VRAQEELAAARAALHDLMTGKRVATVQKDGRRVEFTATSVSDLKKYIAELEVQTGM,"VRAQEELAAARAALHDLMTGKRVATVQKDGRRVEFTATSVSDLKKYIAELEVQTGM
VR-QEELAAARAALHDLMTGKRVATVQKDGRRVEFTATSVSDLKKYIAELEVQTGM",263,'A' inserted at '3',None,1,0
9,-0.007099673,1,VRGQEELAAARAALHDLMTGKRVATVQKDGRRVEFTATSVSDLKKYIAELEVQTGM,"VRGQEELAAARAALHDLMTGKRVATVQKDGRRVEFTATSVSDLKKYIAELEVQTGM
VR-QEELAAARAALHDLMTGKRVATVQKDGRRVEFTATSVSDLKKYIAELEVQTGM",263,'G' inserted at '3',None,1,0
10,-0.017298249,1,VRQAEELAAARAALHDLMTGKRVATVQKDGRRVEFTATSVSDLKKYIAELEVQTGM,"VRQAEELAAARAALHDLMTGKRVATVQKDGRRVEFTATSVSDLKKYIAELEVQTGM
VRQ-EELAAARAALHDLMTGKRVATVQKDGRRVEFTATSVSDLKKYIAELEVQTGM",263,'A' inserted at '4',None,1,0
11,-0.162178246,1,VRQEAELAAARAALHDLMTGKRVATVQKDGRRVEFTATSVSDLKKYIAELEVQTGM,"VRQEAELAAARAALHDLMTGKRVATVQKDGRRVEFTATSVSDLKKYIAELEVQTGM
VRQE-ELAAARAALHDLMTGKRVATVQKDGRRVEFTATSVSDLKKYIAELEVQTGM",263,'A' inserted at '5',None,1,0
13,0.336468868,1,VRQEEALAAARAALHDLMTGKRVATVQKDGRRVEFTATSVSDLKKYIAELEVQTGM,"VRQEEALAAARAALHDLMTGKRVATVQKDGRRVEFTATSVSDLKKYIAELEVQTGM
VRQEE-LAAARAALHDLMTGKRVATVQKDGRRVEFTATSVSDLKKYIAELEVQTGM",263,'A' inserted at '6',None,1,0
14,-0.800688862,0,VRQEEGLAAARAALHDLMTGKRVATVQKDGRRVEFTATSVSDLKKYIAELEVQTGM,"VRQEEGLAAARAALHDLMTGKRVATVQKDGRRVEFTATSVSDLKKYIAELEVQTGM
VRQEE-LAAARAALHDLMTGKRVATVQKDGRRVEFTATSVSDLKKYIAELEVQTGM",263,'G' inserted at '6',None,1,0
16,-1.097545931,0,VRQEELAAAARAALHDLMTGKRVATVQKDGRRVEFTATSVSDLKKYIAELEVQTGM,"VRQEELAAAARAALHDLMTGKRVATVQKDGRRVEFTATSVSDLKKYIAELEVQTGM
VRQEELAAA-RAALHDLMTGKRVATVQKDGRRVEFTATSVSDLKKYIAELEVQTGM",263,'A' inserted at '10',None,1,0
17,-2.601486525,0,VRQEELAAAGRAALHDLMTGKRVATVQKDGRRVEFTATSVSDLKKYIAELEVQTGM,"VRQEELAAAGRAALHDLMTGKRVATVQKDGRRVEFTATSVSDLKKYIAELEVQTGM
VRQEELAAA-RAALHDLMTGKRVATVQKDGRRVEFTATSVSDLKKYIAELEVQTGM",263,'G' inserted at '10',None,1,0
18,-2.461747103,0,VRQEELAAARAAALHDLMTGKRVATVQKDGRRVEFTATSVSDLKKYIAELEVQTGM,"VRQEELAAARAAALHDLMTGKRVATVQKDGRRVEFTATSVSDLKKYIAELEVQTGM
VRQEELAAARAA-LHDLMTGKRVATVQKDGRRVEFTATSVSDLKKYIAELEVQTGM",263,'A' inserted at '13',None,1,0
19,-2.591848747,0,VRQEELAAARAAGLHDLMTGKRVATVQKDGRRVEFTATSVSDLKKYIAELEVQTGM,"VRQEELAAARAAGLHDLMTGKRVATVQKDGRRVEFTATSVSDLKKYIAELEVQTGM
VRQEELAAARAA-LHDLMTGKRVATVQKDGRRVEFTATSVSDLKKYIAELEVQTGM",263,'G' inserted at '13',None,1,0
21,-2.510092773,0,VRQEELAAARAALAHDLMTGKRVATVQKDGRRVEFTATSVSDLKKYIAELEVQTGM,"VRQEELAAARAALAHDLMTGKRVATVQKDGRRVEFTATSVSDLKKYIAELEVQTGM
VRQEELAAARAAL-HDLMTGKRVATVQKDGRRVEFTATSVSDLKKYIAELEVQTGM",263,'A' inserted at '14',None,1,0
23,-2.749065687,0,VRQEELAAARAALGHDLMTGKRVATVQKDGRRVEFTATSVSDLKKYIAELEVQTGM,"VRQEELAAARAALGHDLMTGKRVATVQKDGRRVEFTATSVSDLKKYIAELEVQTGM
VRQEELAAARAAL-HDLMTGKRVATVQKDGRRVEFTATSVSDLKKYIAELEVQTGM",263,'G' inserted at '14',None,1,0
24,-2.789295216,0,VRQEELAAARAALHADLMTGKRVATVQKDGRRVEFTATSVSDLKKYIAELEVQTGM,"VRQEELAAARAALHADLMTGKRVATVQKDGRRVEFTATSVSDLKKYIAELEVQTGM
VRQEELAAARAALH-DLMTGKRVATVQKDGRRVEFTATSVSDLKKYIAELEVQTGM",263,'A' inserted at '15',None,1,0
25,-1.881438229,0,VRQEELAAARAALHDALMTGKRVATVQKDGRRVEFTATSVSDLKKYIAELEVQTGM,"VRQEELAAARAALHDALMTGKRVATVQKDGRRVEFTATSVSDLKKYIAELEVQTGM
VRQEELAAARAALHD-LMTGKRVATVQKDGRRVEFTATSVSDLKKYIAELEVQTGM",263,'A' inserted at '16',None,1,0
26,-2.787266581,0,VRQEELAAARAALHDGLMTGKRVATVQKDGRRVEFTATSVSDLKKYIAELEVQTGM,"VRQEELAAARAALHDGLMTGKRVATVQKDGRRVEFTATSVSDLKKYIAELEVQTGM
VRQEELAAARAALHD-LMTGKRVATVQKDGRRVEFTATSVSDLKKYIAELEVQTGM",263,'G' inserted at '16',None,1,0
27,-1.517070183,0,VRQEELAAARAALHDLAMTGKRVATVQKDGRRVEFTATSVSDLKKYIAELEVQTGM,"VRQEELAAARAALHDLAMTGKRVATVQKDGRRVEFTATSVSDLKKYIAELEVQTGM
VRQEELAAARAALHDL-MTGKRVATVQKDGRRVEFTATSVSDLKKYIAELEVQTGM",263,'A' inserted at '17',None,1,0
28,-2.30562165,0,VRQEELAAARAALHDLGMTGKRVATVQKDGRRVEFTATSVSDLKKYIAELEVQTGM,"VRQEELAAARAALHDLGMTGKRVATVQKDGRRVEFTATSVSDLKKYIAELEVQTGM
VRQEELAAARAALHDL-MTGKRVATVQKDGRRVEFTATSVSDLKKYIAELEVQTGM",263,'G' inserted at '17',None,1,0
29,-1.159476536,0,VRQEELAAARAALHDLMATGKRVATVQKDGRRVEFTATSVSDLKKYIAELEVQTGM,"VRQEELAAARAALHDLMATGKRVATVQKDGRRVEFTATSVSDLKKYIAELEVQTGM
VRQEELAAARAALHDLM-TGKRVATVQKDGRRVEFTATSVSDLKKYIAELEVQTGM",263,'A' inserted at '18',None,1,0
31,-1.639921314,0,VRQEELAAARAALHDLMGTGKRVATVQKDGRRVEFTATSVSDLKKYIAELEVQTGM,"VRQEELAAARAALHDLMGTGKRVATVQKDGRRVEFTATSVSDLKKYIAELEVQTGM
VRQEELAAARAALHDLM-TGKRVATVQKDGRRVEFTATSVSDLKKYIAELEVQTGM",263,'G' inserted at '18',None,1,0
32,-0.748655685,0,VRQEELAAARAALHDLMTAGKRVATVQKDGRRVEFTATSVSDLKKYIAELEVQTGM,"VRQEELAAARAALHDLMTAGKRVATVQKDGRRVEFTATSVSDLKKYIAELEVQTGM
VRQEELAAARAALHDLMT-GKRVATVQKDGRRVEFTATSVSDLKKYIAELEVQTGM",263,'A' inserted at '19',None,1,0
33,0.299567249,1,VRQEELAAARAALHDLMTGAKRVATVQKDGRRVEFTATSVSDLKKYIAELEVQTGM,"VRQEELAAARAALHDLMTGAKRVATVQKDGRRVEFTATSVSDLKKYIAELEVQTGM
VRQEELAAARAALHDLMTG-KRVATVQKDGRRVEFTATSVSDLKKYIAELEVQTGM",263,'A' inserted at '20',None,1,0
34,-0.072903618,1,VRQEELAAARAALHDLMTGGKRVATVQKDGRRVEFTATSVSDLKKYIAELEVQTGM,"VRQEELAAARAALHDLMTGGKRVATVQKDGRRVEFTATSVSDLKKYIAELEVQTGM
VRQEELAAARAALHDLMTG-KRVATVQKDGRRVEFTATSVSDLKKYIAELEVQTGM",263,'G' inserted at '20',None,1,0
35,0.377955248,1,VRQEELAAARAALHDLMTGKARVATVQKDGRRVEFTATSVSDLKKYIAELEVQTGM,"VRQEELAAARAALHDLMTGKARVATVQKDGRRVEFTATSVSDLKKYIAELEVQTGM
VRQEELAAARAALHDLMTGK-RVATVQKDGRRVEFTATSVSDLKKYIAELEVQTGM",263,'A' inserted at '21',None,1,0
36,-0.61710566,0,VRQEELAAARAALHDLMTGKGRVATVQKDGRRVEFTATSVSDLKKYIAELEVQTGM,"VRQEELAAARAALHDLMTGKGRVATVQKDGRRVEFTATSVSDLKKYIAELEVQTGM
VRQEELAAARAALHDLMTGK-RVATVQKDGRRVEFTATSVSDLKKYIAELEVQTGM",263,'G' inserted at '21',None,1,0
38,0.669550764,1,VRQEELAAARAALHDLMTGKRAVATVQKDGRRVEFTATSVSDLKKYIAELEVQTGM,"VRQEELAAARAALHDLMTGKRAVATVQKDGRRVEFTATSVSDLKKYIAELEVQTGM
VRQEELAAARAALHDLMTGKR-VATVQKDGRRVEFTATSVSDLKKYIAELEVQTGM",263,'A' inserted at '22',None,1,0
39,0.051357335,1,VRQEELAAARAALHDLMTGKRGVATVQKDGRRVEFTATSVSDLKKYIAELEVQTGM,"VRQEELAAARAALHDLMTGKRGVATVQKDGRRVEFTATSVSDLKKYIAELEVQTGM
VRQEELAAARAALHDLMTGKR-VATVQKDGRRVEFTATSVSDLKKYIAELEVQTGM",263,'G' inserted at '22',None,1,0
40,0.294348746,1,VRQEELAAARAALHDLMTGKRVAATVQKDGRRVEFTATSVSDLKKYIAELEVQTGM,"VRQEELAAARAALHDLMTGKRVAATVQKDGRRVEFTATSVSDLKKYIAELEVQTGM
VRQEELAAARAALHDLMTGKRVA-TVQKDGRRVEFTATSVSDLKKYIAELEVQTGM",263,'A' inserted at '24',None,1,0
41,-1.370426154,0,VRQEELAAARAALHDLMTGKRVAGTVQKDGRRVEFTATSVSDLKKYIAELEVQTGM,"VRQEELAAARAALHDLMTGKRVAGTVQKDGRRVEFTATSVSDLKKYIAELEVQTGM
VRQEELAAARAALHDLMTGKRVA-TVQKDGRRVEFTATSVSDLKKYIAELEVQTGM",263,'G' inserted at '24',None,1,0
42,-0.492213183,0,VRQEELAAARAALHDLMTGKRVATAVQKDGRRVEFTATSVSDLKKYIAELEVQTGM,"VRQEELAAARAALHDLMTGKRVATAVQKDGRRVEFTATSVSDLKKYIAELEVQTGM
VRQEELAAARAALHDLMTGKRVAT-VQKDGRRVEFTATSVSDLKKYIAELEVQTGM",263,'A' inserted at '25',None,1,0
43,-0.911270983,0,VRQEELAAARAALHDLMTGKRVATGVQKDGRRVEFTATSVSDLKKYIAELEVQTGM,"VRQEELAAARAALHDLMTGKRVATGVQKDGRRVEFTATSVSDLKKYIAELEVQTGM
VRQEELAAARAALHDLMTGKRVAT-VQKDGRRVEFTATSVSDLKKYIAELEVQTGM",263,'G' inserted at '25',None,1,0
45,-0.582696671,0,VRQEELAAARAALHDLMTGKRVATVAQKDGRRVEFTATSVSDLKKYIAELEVQTGM,"VRQEELAAARAALHDLMTGKRVATVAQKDGRRVEFTATSVSDLKKYIAELEVQTGM
VRQEELAAARAALHDLMTGKRVATV-QKDGRRVEFTATSVSDLKKYIAELEVQTGM",263,'A' inserted at '26',None,1,0
46,-1.166949008,0,VRQEELAAARAALHDLMTGKRVATVGQKDGRRVEFTATSVSDLKKYIAELEVQTGM,"VRQEELAAARAALHDLMTGKRVATVGQKDGRRVEFTATSVSDLKKYIAELEVQTGM
VRQEELAAARAALHDLMTGKRVATV-QKDGRRVEFTATSVSDLKKYIAELEVQTGM",263,'G' inserted at '26',None,1,0
48,-0.574444964,0,VRQEELAAARAALHDLMTGKRVATVQAKDGRRVEFTATSVSDLKKYIAELEVQTGM,"VRQEELAAARAALHDLMTGKRVATVQAKDGRRVEFTATSVSDLKKYIAELEVQTGM
VRQEELAAARAALHDLMTGKRVATVQ-KDGRRVEFTATSVSDLKKYIAELEVQTGM",263,'A' inserted at '27',None,1,0
50,-0.196839368,1,VRQEELAAARAALHDLMTGKRVATVQGKDGRRVEFTATSVSDLKKYIAELEVQTGM,"VRQEELAAARAALHDLMTGKRVATVQGKDGRRVEFTATSVSDLKKYIAELEVQTGM
VRQEELAAARAALHDLMTGKRVATVQ-KDGRRVEFTATSVSDLKKYIAELEVQTGM",263,'G' inserted at '27',None,1,0
51,0.066520176,1,VRQEELAAARAALHDLMTGKRVATVQKADGRRVEFTATSVSDLKKYIAELEVQTGM,"VRQEELAAARAALHDLMTGKRVATVQKADGRRVEFTATSVSDLKKYIAELEVQTGM
VRQEELAAARAALHDLMTGKRVATVQK-DGRRVEFTATSVSDLKKYIAELEVQTGM",263,'A' inserted at '28',None,1,0
52,-1.626342476,0,VRQEELAAARAALHDLMTGKRVATVQKDAGRRVEFTATSVSDLKKYIAELEVQTGM,"VRQEELAAARAALHDLMTGKRVATVQKDAGRRVEFTATSVSDLKKYIAELEVQTGM
VRQEELAAARAALHDLMTGKRVATVQKD-GRRVEFTATSVSDLKKYIAELEVQTGM",263,'A' inserted at '29',None,1,0
53,-1.61578522,0,VRQEELAAARAALHDLMTGKRVATVQKDGARRVEFTATSVSDLKKYIAELEVQTGM,"VRQEELAAARAALHDLMTGKRVATVQKDGARRVEFTATSVSDLKKYIAELEVQTGM
VRQEELAAARAALHDLMTGKRVATVQKDG-RRVEFTATSVSDLKKYIAELEVQTGM",263,'A' inserted at '30',None,1,0
54,-0.971513745,0,VRQEELAAARAALHDLMTGKRVATVQKDGGRRVEFTATSVSDLKKYIAELEVQTGM,"VRQEELAAARAALHDLMTGKRVATVQKDGGRRVEFTATSVSDLKKYIAELEVQTGM
VRQEELAAARAALHDLMTGKRVATVQKDG-RRVEFTATSVSDLKKYIAELEVQTGM",263,'G' inserted at '30',None,1,0
55,-1.838475435,0,VRQEELAAARAALHDLMTGKRVATVQKDGRARVEFTATSVSDLKKYIAELEVQTGM,"VRQEELAAARAALHDLMTGKRVATVQKDGRARVEFTATSVSDLKKYIAELEVQTGM
VRQEELAAARAALHDLMTGKRVATVQKDGR-RVEFTATSVSDLKKYIAELEVQTGM",263,'A' inserted at '31',None,1,0
56,-1.637437933,0,VRQEELAAARAALHDLMTGKRVATVQKDGRGRVEFTATSVSDLKKYIAELEVQTGM,"VRQEELAAARAALHDLMTGKRVATVQKDGRGRVEFTATSVSDLKKYIAELEVQTGM
VRQEELAAARAALHDLMTGKRVATVQKDGR-RVEFTATSVSDLKKYIAELEVQTGM",263,'G' inserted at '31',None,1,0
57,-1.164741228,0,VRQEELAAARAALHDLMTGKRVATVQKDGRRAVEFTATSVSDLKKYIAELEVQTGM,"VRQEELAAARAALHDLMTGKRVATVQKDGRRAVEFTATSVSDLKKYIAELEVQTGM
VRQEELAAARAALHDLMTGKRVATVQKDGRR-VEFTATSVSDLKKYIAELEVQTGM",263,'A' inserted at '32',None,1,0
59,-1.792726939,0,VRQEELAAARAALHDLMTGKRVATVQKDGRRGVEFTATSVSDLKKYIAELEVQTGM,"VRQEELAAARAALHDLMTGKRVATVQKDGRRGVEFTATSVSDLKKYIAELEVQTGM
VRQEELAAARAALHDLMTGKRVATVQKDGRR-VEFTATSVSDLKKYIAELEVQTGM",263,'G' inserted at '32',None,1,0
60,-1.861152606,0,VRQEELAAARAALHDLMTGKRVATVQKDGRRVAEFTATSVSDLKKYIAELEVQTGM,"VRQEELAAARAALHDLMTGKRVATVQKDGRRVAEFTATSVSDLKKYIAELEVQTGM
VRQEELAAARAALHDLMTGKRVATVQKDGRRV-EFTATSVSDLKKYIAELEVQTGM",263,'A' inserted at '33',None,1,0
61,-1.973011693,0,VRQEELAAARAALHDLMTGKRVATVQKDGRRVEAFTATSVSDLKKYIAELEVQTGM,"VRQEELAAARAALHDLMTGKRVATVQKDGRRVEAFTATSVSDLKKYIAELEVQTGM
VRQEELAAARAALHDLMTGKRVATVQKDGRRVE-FTATSVSDLKKYIAELEVQTGM",263,'A' inserted at '34',None,1,0
62,-2.029934772,0,VRQEELAAARAALHDLMTGKRVATVQKDGRRVEFATATSVSDLKKYIAELEVQTGM,"VRQEELAAARAALHDLMTGKRVATVQKDGRRVEFATATSVSDLKKYIAELEVQTGM
VRQEELAAARAALHDLMTGKRVATVQKDGRRVEF-TATSVSDLKKYIAELEVQTGM",263,'A' inserted at '35',None,1,0
64,-1.871694961,0,VRQEELAAARAALHDLMTGKRVATVQKDGRRVEFGTATSVSDLKKYIAELEVQTGM,"VRQEELAAARAALHDLMTGKRVATVQKDGRRVEFGTATSVSDLKKYIAELEVQTGM
VRQEELAAARAALHDLMTGKRVATVQKDGRRVEF-TATSVSDLKKYIAELEVQTGM",263,'G' inserted at '35',None,1,0
65,-1.86492291,0,VRQEELAAARAALHDLMTGKRVATVQKDGRRVEFTAATSVSDLKKYIAELEVQTGM,"VRQEELAAARAALHDLMTGKRVATVQKDGRRVEFTAATSVSDLKKYIAELEVQTGM
VRQEELAAARAALHDLMTGKRVATVQKDGRRVEFTA-TSVSDLKKYIAELEVQTGM",263,'A' inserted at '37',None,1,0
66,-1.695422982,0,VRQEELAAARAALHDLMTGKRVATVQKDGRRVEFTAGTSVSDLKKYIAELEVQTGM,"VRQEELAAARAALHDLMTGKRVATVQKDGRRVEFTAGTSVSDLKKYIAELEVQTGM
VRQEELAAARAALHDLMTGKRVATVQKDGRRVEFTA-TSVSDLKKYIAELEVQTGM",263,'G' inserted at '37',None,1,0
68,-1.953366226,0,VRQEELAAARAALHDLMTGKRVATVQKDGRRVEFTATASVSDLKKYIAELEVQTGM,"VRQEELAAARAALHDLMTGKRVATVQKDGRRVEFTATASVSDLKKYIAELEVQTGM
VRQEELAAARAALHDLMTGKRVATVQKDGRRVEFTAT-SVSDLKKYIAELEVQTGM",263,'A' inserted at '38',None,1,0
69,-1.682933388,0,VRQEELAAARAALHDLMTGKRVATVQKDGRRVEFTATGSVSDLKKYIAELEVQTGM,"VRQEELAAARAALHDLMTGKRVATVQKDGRRVEFTATGSVSDLKKYIAELEVQTGM
VRQEELAAARAALHDLMTGKRVATVQKDGRRVEFTAT-SVSDLKKYIAELEVQTGM",263,'G' inserted at '38',None,1,0
70,-1.914617829,0,VRQEELAAARAALHDLMTGKRVATVQKDGRRVEFTATSAVSDLKKYIAELEVQTGM,"VRQEELAAARAALHDLMTGKRVATVQKDGRRVEFTATSAVSDLKKYIAELEVQTGM
VRQEELAAARAALHDLMTGKRVATVQKDGRRVEFTATS-VSDLKKYIAELEVQTGM",263,'A' inserted at '39',None,1,0
71,-0.805990103,0,VRQEELAAARAALHDLMTGKRVATVQKDGRRVEFTATSGVSDLKKYIAELEVQTGM,"VRQEELAAARAALHDLMTGKRVATVQKDGRRVEFTATSGVSDLKKYIAELEVQTGM
VRQEELAAARAALHDLMTGKRVATVQKDGRRVEFTATS-VSDLKKYIAELEVQTGM",263,'G' inserted at '39',None,1,0
73,-2.409269772,0,VRQEELAAARAALHDLMTGKRVATVQKDGRRVEFTATSVASDLKKYIAELEVQTGM,"VRQEELAAARAALHDLMTGKRVATVQKDGRRVEFTATSVASDLKKYIAELEVQTGM
VRQEELAAARAALHDLMTGKRVATVQKDGRRVEFTATSV-SDLKKYIAELEVQTGM",263,'A' inserted at '40',None,1,0
75,-2.347788453,0,VRQEELAAARAALHDLMTGKRVATVQKDGRRVEFTATSVGSDLKKYIAELEVQTGM,"VRQEELAAARAALHDLMTGKRVATVQKDGRRVEFTATSVGSDLKKYIAELEVQTGM
VRQEELAAARAALHDLMTGKRVATVQKDGRRVEFTATSV-SDLKKYIAELEVQTGM",263,'G' inserted at '40',None,1,0
76,-2.537584131,0,VRQEELAAARAALHDLMTGKRVATVQKDGRRVEFTATSVSADLKKYIAELEVQTGM,"VRQEELAAARAALHDLMTGKRVATVQKDGRRVEFTATSVSADLKKYIAELEVQTGM
VRQEELAAARAALHDLMTGKRVATVQKDGRRVEFTATSVS-DLKKYIAELEVQTGM",263,'A' inserted at '41',None,1,0
77,-2.151040117,0,VRQEELAAARAALHDLMTGKRVATVQKDGRRVEFTATSVSDALKKYIAELEVQTGM,"VRQEELAAARAALHDLMTGKRVATVQKDGRRVEFTATSVSDALKKYIAELEVQTGM
VRQEELAAARAALHDLMTGKRVATVQKDGRRVEFTATSVSD-LKKYIAELEVQTGM",263,'A' inserted at '42',None,1,0
78,-2.623605991,0,VRQEELAAARAALHDLMTGKRVATVQKDGRRVEFTATSVSDGLKKYIAELEVQTGM,"VRQEELAAARAALHDLMTGKRVATVQKDGRRVEFTATSVSDGLKKYIAELEVQTGM
VRQEELAAARAALHDLMTGKRVATVQKDGRRVEFTATSVSD-LKKYIAELEVQTGM",263,'G' inserted at '42',None,1,0
80,-2.601599462,0,VRQEELAAARAALHDLMTGKRVATVQKDGRRVEFTATSVSDLAKKYIAELEVQTGM,"VRQEELAAARAALHDLMTGKRVATVQKDGRRVEFTATSVSDLAKKYIAELEVQTGM
VRQEELAAARAALHDLMTGKRVATVQKDGRRVEFTATSVSDL-KKYIAELEVQTGM",263,'A' inserted at '43',None,1,0
81,-2.64004984,0,VRQEELAAARAALHDLMTGKRVATVQKDGRRVEFTATSVSDLGKKYIAELEVQTGM,"VRQEELAAARAALHDLMTGKRVATVQKDGRRVEFTATSVSDLGKKYIAELEVQTGM
VRQEELAAARAALHDLMTGKRVATVQKDGRRVEFTATSVSDL-KKYIAELEVQTGM",263,'G' inserted at '43',None,1,0
82,-2.632757614,0,VRQEELAAARAALHDLMTGKRVATVQKDGRRVEFTATSVSDLKAKYIAELEVQTGM,"VRQEELAAARAALHDLMTGKRVATVQKDGRRVEFTATSVSDLKAKYIAELEVQTGM
VRQEELAAARAALHDLMTGKRVATVQKDGRRVEFTATSVSDLK-KYIAELEVQTGM",263,'A' inserted at '44',None,1,0
83,-2.929760627,0,VRQEELAAARAALHDLMTGKRVATVQKDGRRVEFTATSVSDLKGKYIAELEVQTGM,"VRQEELAAARAALHDLMTGKRVATVQKDGRRVEFTATSVSDLKGKYIAELEVQTGM
VRQEELAAARAALHDLMTGKRVATVQKDGRRVEFTATSVSDLK-KYIAELEVQTGM",263,'G' inserted at '44',None,1,0
84,-2.49047794,0,VRQEELAAARAALHDLMTGKRVATVQKDGRRVEFTATSVSDLKKAYIAELEVQTGM,"VRQEELAAARAALHDLMTGKRVATVQKDGRRVEFTATSVSDLKKAYIAELEVQTGM
VRQEELAAARAALHDLMTGKRVATVQKDGRRVEFTATSVSDLKK-YIAELEVQTGM",263,'A' inserted at '45',None,1,0
85,-2.800567675,0,VRQEELAAARAALHDLMTGKRVATVQKDGRRVEFTATSVSDLKKGYIAELEVQTGM,"VRQEELAAARAALHDLMTGKRVATVQKDGRRVEFTATSVSDLKKGYIAELEVQTGM
VRQEELAAARAALHDLMTGKRVATVQKDGRRVEFTATSVSDLKK-YIAELEVQTGM",263,'G' inserted at '45',None,1,0
88,-2.702902004,0,VRQEELAAARAALHDLMTGKRVATVQKDGRRVEFTATSVSDLKKYAIAELEVQTGM,"VRQEELAAARAALHDLMTGKRVATVQKDGRRVEFTATSVSDLKKYAIAELEVQTGM
VRQEELAAARAALHDLMTGKRVATVQKDGRRVEFTATSVSDLKKY-IAELEVQTGM",263,'A' inserted at '46',None,1,0
89,-2.731097747,0,VRQEELAAARAALHDLMTGKRVATVQKDGRRVEFTATSVSDLKKYGIAELEVQTGM,"VRQEELAAARAALHDLMTGKRVATVQKDGRRVEFTATSVSDLKKYGIAELEVQTGM
VRQEELAAARAALHDLMTGKRVATVQKDGRRVEFTATSVSDLKKY-IAELEVQTGM",263,'G' inserted at '46',None,1,0
90,-2.410799269,0,VRQEELAAARAALHDLMTGKRVATVQKDGRRVEFTATSVSDLKKYIAAELEVQTGM,"VRQEELAAARAALHDLMTGKRVATVQKDGRRVEFTATSVSDLKKYIAAELEVQTGM
VRQEELAAARAALHDLMTGKRVATVQKDGRRVEFTATSVSDLKKYIA-ELEVQTGM",263,'A' inserted at '48',None,1,0
91,-2.040452445,0,VRQEELAAARAALHDLMTGKRVATVQKDGRRVEFTATSVSDLKKYIAEALEVQTGM,"VRQEELAAARAALHDLMTGKRVATVQKDGRRVEFTATSVSDLKKYIAEALEVQTGM
VRQEELAAARAALHDLMTGKRVATVQKDGRRVEFTATSVSDLKKYIAE-LEVQTGM",263,'A' inserted at '49',None,1,0
93,-2.457773188,0,VRQEELAAARAALHDLMTGKRVATVQKDGRRVEFTATSVSDLKKYIAEGLEVQTGM,"VRQEELAAARAALHDLMTGKRVATVQKDGRRVEFTATSVSDLKKYIAEGLEVQTGM
VRQEELAAARAALHDLMTGKRVATVQKDGRRVEFTATSVSDLKKYIAE-LEVQTGM",263,'G' inserted at '49',None,1,0
94,-0.950929476,0,VRQEELAAARAALHDLMTGKRVATVQKDGRRVEFTATSVSDLKKYIAELAEVQTGM,"VRQEELAAARAALHDLMTGKRVATVQKDGRRVEFTATSVSDLKKYIAELAEVQTGM
VRQEELAAARAALHDLMTGKRVATVQKDGRRVEFTATSVSDLKKYIAEL-EVQTGM",263,'A' inserted at '50',None,1,0
95,-0.28238331,1,VRQEELAAARAALHDLMTGKRVATVQKDGRRVEFTATSVSDLKKYIAELEAVQTGM,"VRQEELAAARAALHDLMTGKRVATVQKDGRRVEFTATSVSDLKKYIAELEAVQTGM
VRQEELAAARAALHDLMTGKRVATVQKDGRRVEFTATSVSDLKKYIAELE-VQTGM",263,'A' inserted at '51',None,1,0
96,-0.625916825,0,VRQEELAAARAALHDLMTGKRVATVQKDGRRVEFTATSVSDLKKYIAELEGVQTGM,"VRQEELAAARAALHDLMTGKRVATVQKDGRRVEFTATSVSDLKKYIAELEGVQTGM
VRQEELAAARAALHDLMTGKRVATVQKDGRRVEFTATSVSDLKKYIAELE-VQTGM",263,'G' inserted at '51',None,1,0
98,-0.192800427,1,VRQEELAAARAALHDLMTGKRVATVQKDGRRVEFTATSVSDLKKYIAELEVAQTGM,"VRQEELAAARAALHDLMTGKRVATVQKDGRRVEFTATSVSDLKKYIAELEVAQTGM
VRQEELAAARAALHDLMTGKRVATVQKDGRRVEFTATSVSDLKKYIAELEV-QTGM",263,'A' inserted at '52',None,1,0
99,-0.227346684,1,VRQEELAAARAALHDLMTGKRVATVQKDGRRVEFTATSVSDLKKYIAELEVGQTGM,"VRQEELAAARAALHDLMTGKRVATVQKDGRRVEFTATSVSDLKKYIAELEVGQTGM
VRQEELAAARAALHDLMTGKRVATVQKDGRRVEFTATSVSDLKKYIAELEV-QTGM",263,'G' inserted at '52',None,1,0
100,-0.117411251,1,VRQEELAAARAALHDLMTGKRVATVQKDGRRVEFTATSVSDLKKYIAELEVQATGM,"VRQEELAAARAALHDLMTGKRVATVQKDGRRVEFTATSVSDLKKYIAELEVQATGM
VRQEELAAARAALHDLMTGKRVATVQKDGRRVEFTATSVSDLKKYIAELEVQ-TGM",263,'A' inserted at '53',None,1,0
102,-0.330461895,1,VRQEELAAARAALHDLMTGKRVATVQKDGRRVEFTATSVSDLKKYIAELEVQGTGM,"VRQEELAAARAALHDLMTGKRVATVQKDGRRVEFTATSVSDLKKYIAELEVQGTGM
VRQEELAAARAALHDLMTGKRVATVQKDGRRVEFTATSVSDLKKYIAELEVQ-TGM",263,'G' inserted at '53',None,1,0
103,-0.101310687,1,VRQEELAAARAALHDLMTGKRVATVQKDGRRVEFTATSVSDLKKYIAELEVQTAGM,"VRQEELAAARAALHDLMTGKRVATVQKDGRRVEFTATSVSDLKKYIAELEVQTAGM
VRQEELAAARAALHDLMTGKRVATVQKDGRRVEFTATSVSDLKKYIAELEVQT-GM",263,'A' inserted at '54',None,1,0
105,-0.009215262,1,VRQEELAAARAALHDLMTGKRVATVQKDGRRVEFTATSVSDLKKYIAELEVQTGAM,"VRQEELAAARAALHDLMTGKRVATVQKDGRRVEFTATSVSDLKKYIAELEVQTGAM
VRQEELAAARAALHDLMTGKRVATVQKDGRRVEFTATSVSDLKKYIAELEVQTG-M",263,'A' inserted at '55',None,1,0
106,-0.063134077,1,VRQEELAAARAALHDLMTGKRVATVQKDGRRVEFTATSVSDLKKYIAELEVQTGGM,"VRQEELAAARAALHDLMTGKRVATVQKDGRRVEFTATSVSDLKKYIAELEVQTGGM
VRQEELAAARAALHDLMTGKRVATVQKDGRRVEFTATSVSDLKKYIAELEVQTG-M",263,'G' inserted at '55',None,1,0
109,-1.420081636,0,VRQEELAAARAALHDLMTGKRVATVQKDGRRVEFTATSVSDLKKYIAELGEVQTGM,"VRQEELAAARAALHDLMTGKRVATVQKDGRRVEFTATSVSDLKKYIAELGEVQTGM
VRQEELAAARAALHDLMTGKRVATVQKDGRRVEFTATSVSDLKKYIAEL-EVQTGM",263,'G' inserted at '50',None,1,0
111,-2.489496634,0,VRQEELAAARAALHDLMTGKRVATVQKDGRRVEFTATSVSDLKKYIAGELEVQTGM,"VRQEELAAARAALHDLMTGKRVATVQKDGRRVEFTATSVSDLKKYIAGELEVQTGM
VRQEELAAARAALHDLMTGKRVATVQKDGRRVEFTATSVSDLKKYIA-ELEVQTGM",263,'G' inserted at '48',None,1,0
114,-2.638279856,0,VRQEELAAARAALHDLMTGKRVATVQKDGRRVEFTATSVSDLKKYIGAELEVQTGM,"VRQEELAAARAALHDLMTGKRVATVQKDGRRVEFTATSVSDLKKYIGAELEVQTGM
VRQEELAAARAALHDLMTGKRVATVQKDGRRVEFTATSVSDLKKYI-AELEVQTGM",263,'G' inserted at '47',None,1,0
116,-2.426490185,0,VRQEELAAARAALHDLMTGKRVATVQKDGRRVEFTATSVSGDLKKYIAELEVQTGM,"VRQEELAAARAALHDLMTGKRVATVQKDGRRVEFTATSVSGDLKKYIAELEVQTGM
VRQEELAAARAALHDLMTGKRVATVQKDGRRVEFTATSVS-DLKKYIAELEVQTGM",263,'G' inserted at '41',None,1,0
119,-1.188373322,0,VRQEELAAARAALHDLMTGKRVATVQKDGRRVEFTGATSVSDLKKYIAELEVQTGM,"VRQEELAAARAALHDLMTGKRVATVQKDGRRVEFTGATSVSDLKKYIAELEVQTGM
VRQEELAAARAALHDLMTGKRVATVQKDGRRVEFT-ATSVSDLKKYIAELEVQTGM",263,'G' inserted at '36',None,1,0
121,-2.045176791,0,VRQEELAAARAALHDLMTGKRVATVQKDGRRVEGFTATSVSDLKKYIAELEVQTGM,"VRQEELAAARAALHDLMTGKRVATVQKDGRRVEGFTATSVSDLKKYIAELEVQTGM
VRQEELAAARAALHDLMTGKRVATVQKDGRRVE-FTATSVSDLKKYIAELEVQTGM",263,'G' inserted at '34',None,1,0
124,-1.940863613,0,VRQEELAAARAALHDLMTGKRVATVQKDGRRVGEFTATSVSDLKKYIAELEVQTGM,"VRQEELAAARAALHDLMTGKRVATVQKDGRRVGEFTATSVSDLKKYIAELEVQTGM
VRQEELAAARAALHDLMTGKRVATVQKDGRRV-EFTATSVSDLKKYIAELEVQTGM",263,'G' inserted at '33',None,1,0
127,-0.18525942,1,VRQEELAAARAALHDLMTGKRVATVQKGDGRRVEFTATSVSDLKKYIAELEVQTGM,"VRQEELAAARAALHDLMTGKRVATVQKGDGRRVEFTATSVSDLKKYIAELEVQTGM
VRQEELAAARAALHDLMTGKRVATVQK-DGRRVEFTATSVSDLKKYIAELEVQTGM",263,'G' inserted at '28',None,1,0
130,-0.662082366,0,VRQEELAAARAALHDLMTGKRVGATVQKDGRRVEFTATSVSDLKKYIAELEVQTGM,"VRQEELAAARAALHDLMTGKRVGATVQKDGRRVEFTATSVSDLKKYIAELEVQTGM
VRQEELAAARAALHDLMTGKRV-ATVQKDGRRVEFTATSVSDLKKYIAELEVQTGM",263,'G' inserted at '23',None,1,0
137,-2.733416285,0,VRQEELAAARAALHGDLMTGKRVATVQKDGRRVEFTATSVSDLKKYIAELEVQTGM,"VRQEELAAARAALHGDLMTGKRVATVQKDGRRVEFTATSVSDLKKYIAELEVQTGM
VRQEELAAARAALH-DLMTGKRVATVQKDGRRVEFTATSVSDLKKYIAELEVQTGM",263,'G' inserted at '15',None,1,0
139,-2.701962699,0,VRQEELAAARAGALHDLMTGKRVATVQKDGRRVEFTATSVSDLKKYIAELEVQTGM,"VRQEELAAARAGALHDLMTGKRVATVQKDGRRVEFTATSVSDLKKYIAELEVQTGM
VRQEELAAARA-ALHDLMTGKRVATVQKDGRRVEFTATSVSDLKKYIAELEVQTGM",263,'G' inserted at '12',None,1,0
141,-2.869728949,0,VRQEELAAARGAALHDLMTGKRVATVQKDGRRVEFTATSVSDLKKYIAELEVQTGM,"VRQEELAAARGAALHDLMTGKRVATVQKDGRRVEFTATSVSDLKKYIAELEVQTGM
VRQEELAAAR-AALHDLMTGKRVATVQKDGRRVEFTATSVSDLKKYIAELEVQTGM",263,'G' inserted at '11',None,1,0
142,-1.955412669,0,VRQEELAAGARAALHDLMTGKRVATVQKDGRRVEFTATSVSDLKKYIAELEVQTGM,"VRQEELAAGARAALHDLMTGKRVATVQKDGRRVEFTATSVSDLKKYIAELEVQTGM
VRQEELAA-ARAALHDLMTGKRVATVQKDGRRVEFTATSVSDLKKYIAELEVQTGM",263,'G' inserted at '9',None,1,0
144,-2.102664572,0,VRQEELAGAARAALHDLMTGKRVATVQKDGRRVEFTATSVSDLKKYIAELEVQTGM,"VRQEELAGAARAALHDLMTGKRVATVQKDGRRVEFTATSVSDLKKYIAELEVQTGM
VRQEELA-AARAALHDLMTGKRVATVQKDGRRVEFTATSVSDLKKYIAELEVQTGM",263,'G' inserted at '8',None,1,0
145,-2.22066909,0,VRQEELGAAARAALHDLMTGKRVATVQKDGRRVEFTATSVSDLKKYIAELEVQTGM,"VRQEELGAAARAALHDLMTGKRVATVQKDGRRVEFTATSVSDLKKYIAELEVQTGM
VRQEEL-AAARAALHDLMTGKRVATVQKDGRRVEFTATSVSDLKKYIAELEVQTGM",263,'G' inserted at '7',None,1,0
146,-0.340674384,1,VRQEGELAAARAALHDLMTGKRVATVQKDGRRVEFTATSVSDLKKYIAELEVQTGM,"VRQEGELAAARAALHDLMTGKRVATVQKDGRRVEFTATSVSDLKKYIAELEVQTGM
VRQE-ELAAARAALHDLMTGKRVATVQKDGRRVEFTATSVSDLKKYIAELEVQTGM",263,'G' inserted at '5',None,1,0
148,-0.195599814,1,VRQGEELAAARAALHDLMTGKRVATVQKDGRRVEFTATSVSDLKKYIAELEVQTGM,"VRQGEELAAARAALHDLMTGKRVATVQKDGRRVEFTATSVSDLKKYIAELEVQTGM
VRQ-EELAAARAALHDLMTGKRVATVQKDGRRVEFTATSVSDLKKYIAELEVQTGM",263,'G' inserted at '4',None,1,0
1,-0.026916992,1,AVRQEELAAARAALHDLMTGKRVATVQKDGRRVEFTATSVSDLKKYIAELEVQTGM,"VRQEELAAARAALHDLMTGKRVATVQKDGRRVEFTATSVSDLKKYIAELEVQTGM
VRQEELAAARAALHDLMTGKRVATVQKDGRRVEFTATSVSDLKKYIAELEVQTGM",263,None,None,0,0
2,-0.096692437,1,GVRQEELAAARAALHDLMTGKRVATVQKDGRRVEFTATSVSDLKKYIAELEVQTGM,"VRQEELAAARAALHDLMTGKRVATVQKDGRRVEFTATSVSDLKKYIAELEVQTGM
VRQEELAAARAALHDLMTGKRVATVQKDGRRVEFTATSVSDLKKYIAELEVQTGM",263,None,None,0,0
3,0.136323676,1,RQEELAAARAALHDLMTGKRVATVQKDGRRVEFTATSVSDLKKYIAELEVQTGM,"RQEELAAARAALHDLMTGKRVATVQKDGRRVEFTATSVSDLKKYIAELEVQTGM
RQEELAAARAALHDLMTGKRVATVQKDGRRVEFTATSVSDLKKYIAELEVQTGM",259,None,None,0,0
6,0.373038515,1,VQEELAAARAALHDLMTGKRVATVQKDGRRVEFTATSVSDLKKYIAELEVQTGM,"V-QEELAAARAALHDLMTGKRVATVQKDGRRVEFTATSVSDLKKYIAELEVQTGM
VRQEELAAARAALHDLMTGKRVATVQKDGRRVEFTATSVSDLKKYIAELEVQTGM",258,None,'R' deleted in '2',0,1
8,0.321996654,1,VREELAAARAALHDLMTGKRVATVQKDGRRVEFTATSVSDLKKYIAELEVQTGM,"VR-EELAAARAALHDLMTGKRVATVQKDGRRVEFTATSVSDLKKYIAELEVQTGM
VRQEELAAARAALHDLMTGKRVATVQKDGRRVEFTATSVSDLKKYIAELEVQTGM",258,None,'Q' deleted in '3',0,1
12,-2.14221494,0,VRQEEAAARAALHDLMTGKRVATVQKDGRRVEFTATSVSDLKKYIAELEVQTGM,"VRQEE-AAARAALHDLMTGKRVATVQKDGRRVEFTATSVSDLKKYIAELEVQTGM
VRQEELAAARAALHDLMTGKRVATVQKDGRRVEFTATSVSDLKKYIAELEVQTGM",259,None,'L' deleted in '6',0,1
15,-2.694743168,0,VRQEELAAAAALHDLMTGKRVATVQKDGRRVEFTATSVSDLKKYIAELEVQTGM,"VRQEELAAA-AALHDLMTGKRVATVQKDGRRVEFTATSVSDLKKYIAELEVQTGM
VRQEELAAARAALHDLMTGKRVATVQKDGRRVEFTATSVSDLKKYIAELEVQTGM",258,None,'R' deleted in '10',0,1
20,-2.769027079,0,VRQEELAAARAAHDLMTGKRVATVQKDGRRVEFTATSVSDLKKYIAELEVQTGM,"VRQEELAAARAA-HDLMTGKRVATVQKDGRRVEFTATSVSDLKKYIAELEVQTGM
VRQEELAAARAALHDLMTGKRVATVQKDGRRVEFTATSVSDLKKYIAELEVQTGM",259,None,'L' deleted in '13',0,1
22,-2.199857001,0,VRQEELAAARAALDLMTGKRVATVQKDGRRVEFTATSVSDLKKYIAELEVQTGM,"VRQEELAAARAAL-DLMTGKRVATVQKDGRRVEFTATSVSDLKKYIAELEVQTGM
VRQEELAAARAALHDLMTGKRVATVQKDGRRVEFTATSVSDLKKYIAELEVQTGM",255,None,'H' deleted in '14',0,1
30,-2.226342649,0,VRQEELAAARAALHDLMGKRVATVQKDGRRVEFTATSVSDLKKYIAELEVQTGM,"VRQEELAAARAALHDLM-GKRVATVQKDGRRVEFTATSVSDLKKYIAELEVQTGM
VRQEELAAARAALHDLMTGKRVATVQKDGRRVEFTATSVSDLKKYIAELEVQTGM",258,None,'T' deleted in '18',0,1
37,-1.209599541,0,VRQEELAAARAALHDLMTGKRATVQKDGRRVEFTATSVSDLKKYIAELEVQTGM,"VRQEELAAARAALHDLMTGKR-ATVQKDGRRVEFTATSVSDLKKYIAELEVQTGM
VRQEELAAARAALHDLMTGKRVATVQKDGRRVEFTATSVSDLKKYIAELEVQTGM",259,None,'V' deleted in '22',0,1
44,-1.88288789,0,VRQEELAAARAALHDLMTGKRVATQKDGRRVEFTATSVSDLKKYIAELEVQTGM,"VRQEELAAARAALHDLMTGKRVAT-QKDGRRVEFTATSVSDLKKYIAELEVQTGM
VRQEELAAARAALHDLMTGKRVATVQKDGRRVEFTATSVSDLKKYIAELEVQTGM",259,None,'V' deleted in '25',0,1
47,-1.675106247,0,VRQEELAAARAALHDLMTGKRVATVKDGRRVEFTATSVSDLKKYIAELEVQTGM,"VRQEELAAARAALHDLMTGKRVATV-KDGRRVEFTATSVSDLKKYIAELEVQTGM
VRQEELAAARAALHDLMTGKRVATVQKDGRRVEFTATSVSDLKKYIAELEVQTGM",258,None,'Q' deleted in '26',0,1
49,-1.721177078,0,VRQEELAAARAALHDLMTGKRVATVQDGRRVEFTATSVSDLKKYIAELEVQTGM,"VRQEELAAARAALHDLMTGKRVATVQ-DGRRVEFTATSVSDLKKYIAELEVQTGM
VRQEELAAARAALHDLMTGKRVATVQKDGRRVEFTATSVSDLKKYIAELEVQTGM",258,None,'K' deleted in '27',0,1
58,-1.854542373,0,VRQEELAAARAALHDLMTGKRVATVQKDGRREFTATSVSDLKKYIAELEVQTGM,"VRQEELAAARAALHDLMTGKRVATVQKDGRR-EFTATSVSDLKKYIAELEVQTGM
VRQEELAAARAALHDLMTGKRVATVQKDGRRVEFTATSVSDLKKYIAELEVQTGM",259,None,'V' deleted in '32',0,1
63,-1.687130587,0,VRQEELAAARAALHDLMTGKRVATVQKDGRRVEFATSVSDLKKYIAELEVQTGM,"VRQEELAAARAALHDLMTGKRVATVQKDGRRVEF-ATSVSDLKKYIAELEVQTGM
VRQEELAAARAALHDLMTGKRVATVQKDGRRVEFTATSVSDLKKYIAELEVQTGM",258,None,'T' deleted in '35',0,1
67,-1.466590006,0,VRQEELAAARAALHDLMTGKRVATVQKDGRRVEFTASVSDLKKYIAELEVQTGM,"VRQEELAAARAALHDLMTGKRVATVQKDGRRVEFTA-SVSDLKKYIAELEVQTGM
VRQEELAAARAALHDLMTGKRVATVQKDGRRVEFTATSVSDLKKYIAELEVQTGM",258,None,'T' deleted in '37',0,1
72,-2.321632217,0,VRQEELAAARAALHDLMTGKRVATVQKDGRRVEFTATSSDLKKYIAELEVQTGM,"VRQEELAAARAALHDLMTGKRVATVQKDGRRVEFTATS-SDLKKYIAELEVQTGM
VRQEELAAARAALHDLMTGKRVATVQKDGRRVEFTATSVSDLKKYIAELEVQTGM",259,None,'V' deleted in '39',0,1
74,-2.368198229,0,VRQEELAAARAALHDLMTGKRVATVQKDGRRVEFTATSVDLKKYIAELEVQTGM,"VRQEELAAARAALHDLMTGKRVATVQKDGRRVEFTATSV-DLKKYIAELEVQTGM
VRQEELAAARAALHDLMTGKRVATVQKDGRRVEFTATSVSDLKKYIAELEVQTGM",259,None,'S' deleted in '40',0,1
79,-3.00597934,0,VRQEELAAARAALHDLMTGKRVATVQKDGRRVEFTATSVSDKKYIAELEVQTGM,"VRQEELAAARAALHDLMTGKRVATVQKDGRRVEFTATSVSD-KKYIAELEVQTGM
VRQEELAAARAALHDLMTGKRVATVQKDGRRVEFTATSVSDLKKYIAELEVQTGM",259,None,'L' deleted in '42',0,1
86,-2.763207432,0,VRQEELAAARAALHDLMTGKRVATVQKDGRRVEFTATSVSDLKKIAELEVQTGM,"VRQEELAAARAALHDLMTGKRVATVQKDGRRVEFTATSVSDLKK-IAELEVQTGM
VRQEELAAARAALHDLMTGKRVATVQKDGRRVEFTATSVSDLKKYIAELEVQTGM",256,None,'Y' deleted in '45',0,1
87,-3.14157612,0,VRQEELAAARAALHDLMTGKRVATVQKDGRRVEFTATSVSDLKKYAELEVQTGM,"VRQEELAAARAALHDLMTGKRVATVQKDGRRVEFTATSVSDLKKY-AELEVQTGM
VRQEELAAARAALHDLMTGKRVATVQKDGRRVEFTATSVSDLKKYIAELEVQTGM",259,None,'I' deleted in '46',0,1
92,-2.835604342,0,VRQEELAAARAALHDLMTGKRVATVQKDGRRVEFTATSVSDLKKYIAEEVQTGM,"VRQEELAAARAALHDLMTGKRVATVQKDGRRVEFTATSVSDLKKYIAE-EVQTGM
VRQEELAAARAALHDLMTGKRVATVQKDGRRVEFTATSVSDLKKYIAELEVQTGM",259,None,'L' deleted in '49',0,1
97,-0.211973839,1,VRQEELAAARAALHDLMTGKRVATVQKDGRRVEFTATSVSDLKKYIAELEQTGM,"VRQEELAAARAALHDLMTGKRVATVQKDGRRVEFTATSVSDLKKYIAELE-QTGM
VRQEELAAARAALHDLMTGKRVATVQKDGRRVEFTATSVSDLKKYIAELEVQTGM",259,None,'V' deleted in '51',0,1
101,-0.143277097,1,VRQEELAAARAALHDLMTGKRVATVQKDGRRVEFTATSVSDLKKYIAELEVQGM,"VRQEELAAARAALHDLMTGKRVATVQKDGRRVEFTATSVSDLKKYIAELEVQ-GM
VRQEELAAARAALHDLMTGKRVATVQKDGRRVEFTATSVSDLKKYIAELEVQTGM",258,None,'T' deleted in '53',0,1
104,0.048804625,1,VRQEELAAARAALHDLMTGKRVATVQKDGRRVEFTATSVSDLKKYIAELEVQTG,"VRQEELAAARAALHDLMTGKRVATVQKDGRRVEFTATSVSDLKKYIAELEVQTG
VRQEELAAARAALHDLMTGKRVATVQKDGRRVEFTATSVSDLKKYIAELEVQTG",258,None,None,0,0
107,-0.394777314,0,VRQEELAAARAALHDLMTGKRVATVQKDGRRVEFTATSVSDLKKYIAELEVQTM,"VRQEELAAARAALHDLMTGKRVATVQKDGRRVEFTATSVSDLKKYIAELEVQT-M
VRQEELAAARAALHDLMTGKRVATVQKDGRRVEFTATSVSDLKKYIAELEVQTGM",257,None,'G' deleted in '54',0,1
108,-0.439323029,0,VRQEELAAARAALHDLMTGKRVATVQKDGRRVEFTATSVSDLKKYIAELEVTGM,"VRQEELAAARAALHDLMTGKRVATVQKDGRRVEFTATSVSDLKKYIAELEV-TGM
VRQEELAAARAALHDLMTGKRVATVQKDGRRVEFTATSVSDLKKYIAELEVQTGM",258,None,'Q' deleted in '52',0,1
110,-0.66592531,0,VRQEELAAARAALHDLMTGKRVATVQKDGRRVEFTATSVSDLKKYIAELVQTGM,"VRQEELAAARAALHDLMTGKRVATVQKDGRRVEFTATSVSDLKKYIAEL-VQTGM
VRQEELAAARAALHDLMTGKRVATVQKDGRRVEFTATSVSDLKKYIAELEVQTGM",258,None,'E' deleted in '50',0,1
112,-2.567522987,0,VRQEELAAARAALHDLMTGKRVATVQKDGRRVEFTATSVSDLKKYIALEVQTGM,"VRQEELAAARAALHDLMTGKRVATVQKDGRRVEFTATSVSDLKKYIA-LEVQTGM
VRQEELAAARAALHDLMTGKRVATVQKDGRRVEFTATSVSDLKKYIAELEVQTGM",258,None,'E' deleted in '48',0,1
113,-2.627343313,0,VRQEELAAARAALHDLMTGKRVATVQKDGRRVEFTATSVSDLKKYIELEVQTGM,"VRQEELAAARAALHDLMTGKRVATVQKDGRRVEFTATSVSDLKKYI-ELEVQTGM
VRQEELAAARAALHDLMTGKRVATVQKDGRRVEFTATSVSDLKKYIAELEVQTGM",259,None,'A' deleted in '47',0,1
115,-2.713034396,0,VRQEELAAARAALHDLMTGKRVATVQKDGRRVEFTATSVSDLKYIAELEVQTGM,"VRQEELAAARAALHDLMTGKRVATVQKDGRRVEFTATSVSDLK-YIAELEVQTGM
VRQEELAAARAALHDLMTGKRVATVQKDGRRVEFTATSVSDLKKYIAELEVQTGM",258,None,'K' deleted in '44',0,1
117,-2.468842315,0,VRQEELAAARAALHDLMTGKRVATVQKDGRRVEFTATSVSLKKYIAELEVQTGM,"VRQEELAAARAALHDLMTGKRVATVQKDGRRVEFTATSVS-LKKYIAELEVQTGM
VRQEELAAARAALHDLMTGKRVATVQKDGRRVEFTATSVSDLKKYIAELEVQTGM",257,None,'D' deleted in '41',0,1
118,-1.657464888,0,VRQEELAAARAALHDLMTGKRVATVQKDGRRVEFTATVSDLKKYIAELEVQTGM,"VRQEELAAARAALHDLMTGKRVATVQKDGRRVEFTAT-VSDLKKYIAELEVQTGM
VRQEELAAARAALHDLMTGKRVATVQKDGRRVEFTATSVSDLKKYIAELEVQTGM",259,None,'S' deleted in '38',0,1
120,-1.740005457,0,VRQEELAAARAALHDLMTGKRVATVQKDGRRVEFTTSVSDLKKYIAELEVQTGM,"VRQEELAAARAALHDLMTGKRVATVQKDGRRVEFT-TSVSDLKKYIAELEVQTGM
VRQEELAAARAALHDLMTGKRVATVQKDGRRVEFTATSVSDLKKYIAELEVQTGM",259,None,'A' deleted in '36',0,1
122,-2.299144626,0,VRQEELAAARAALHDLMTGKRVATVQKDGRRVETATSVSDLKKYIAELEVQTGM,"VRQEELAAARAALHDLMTGKRVATVQKDGRRVE-TATSVSDLKKYIAELEVQTGM
VRQEELAAARAALHDLMTGKRVATVQKDGRRVEFTATSVSDLKKYIAELEVQTGM",257,None,'F' deleted in '34',0,1
123,-1.811473045,0,VRQEELAAARAALHDLMTGKRVATVQKDGRRVFTATSVSDLKKYIAELEVQTGM,"VRQEELAAARAALHDLMTGKRVATVQKDGRRV-FTATSVSDLKKYIAELEVQTGM
VRQEELAAARAALHDLMTGKRVATVQKDGRRVEFTATSVSDLKKYIAELEVQTGM",258,None,'E' deleted in '33',0,1
125,-1.668601975,0,VRQEELAAARAALHDLMTGKRVATVQKDGRVEFTATSVSDLKKYIAELEVQTGM,"VRQEELAAARAALHDLMTGKRVATVQKDGR-VEFTATSVSDLKKYIAELEVQTGM
VRQEELAAARAALHDLMTGKRVATVQKDGRRVEFTATSVSDLKKYIAELEVQTGM",258,None,'R' deleted in '31',0,1
126,-2.061055796,0,VRQEELAAARAALHDLMTGKRVATVQKDRRVEFTATSVSDLKKYIAELEVQTGM,"VRQEELAAARAALHDLMTGKRVATVQKD-RRVEFTATSVSDLKKYIAELEVQTGM
VRQEELAAARAALHDLMTGKRVATVQKDGRRVEFTATSVSDLKKYIAELEVQTGM",257,None,'G' deleted in '29',0,1
128,-1.885660074,0,VRQEELAAARAALHDLMTGKRVATVQKGRRVEFTATSVSDLKKYIAELEVQTGM,"VRQEELAAARAALHDLMTGKRVATVQK-GRRVEFTATSVSDLKKYIAELEVQTGM
VRQEELAAARAALHDLMTGKRVATVQKDGRRVEFTATSVSDLKKYIAELEVQTGM",257,None,'D' deleted in '28',0,1
129,-1.363117122,0,VRQEELAAARAALHDLMTGKRVAVQKDGRRVEFTATSVSDLKKYIAELEVQTGM,"VRQEELAAARAALHDLMTGKRVA-VQKDGRRVEFTATSVSDLKKYIAELEVQTGM
VRQEELAAARAALHDLMTGKRVATVQKDGRRVEFTATSVSDLKKYIAELEVQTGM",258,None,'T' deleted in '24',0,1
131,-0.926381781,0,VRQEELAAARAALHDLMTGKRVTVQKDGRRVEFTATSVSDLKKYIAELEVQTGM,"VRQEELAAARAALHDLMTGKRV-TVQKDGRRVEFTATSVSDLKKYIAELEVQTGM
VRQEELAAARAALHDLMTGKRVATVQKDGRRVEFTATSVSDLKKYIAELEVQTGM",259,None,'A' deleted in '23',0,1
132,-0.980828131,0,VRQEELAAARAALHDLMTGKVATVQKDGRRVEFTATSVSDLKKYIAELEVQTGM,"VRQEELAAARAALHDLMTGK-VATVQKDGRRVEFTATSVSDLKKYIAELEVQTGM
VRQEELAAARAALHDLMTGKRVATVQKDGRRVEFTATSVSDLKKYIAELEVQTGM",258,None,'R' deleted in '21',0,1
133,-1.280520241,0,VRQEELAAARAALHDLMTGRVATVQKDGRRVEFTATSVSDLKKYIAELEVQTGM,"VRQEELAAARAALHDLMTG-RVATVQKDGRRVEFTATSVSDLKKYIAELEVQTGM
VRQEELAAARAALHDLMTGKRVATVQKDGRRVEFTATSVSDLKKYIAELEVQTGM",258,None,'K' deleted in '20',0,1
134,-1.53381689,0,VRQEELAAARAALHDLMTKRVATVQKDGRRVEFTATSVSDLKKYIAELEVQTGM,"VRQEELAAARAALHDLMT-KRVATVQKDGRRVEFTATSVSDLKKYIAELEVQTGM
VRQEELAAARAALHDLMTGKRVATVQKDGRRVEFTATSVSDLKKYIAELEVQTGM",257,None,'G' deleted in '19',0,1
135,-2.337609063,0,VRQEELAAARAALHDLTGKRVATVQKDGRRVEFTATSVSDLKKYIAELEVQTGM,"VRQEELAAARAALHDL-TGKRVATVQKDGRRVEFTATSVSDLKKYIAELEVQTGM
VRQEELAAARAALHDLMTGKRVATVQKDGRRVEFTATSVSDLKKYIAELEVQTGM",258,None,'M' deleted in '17',0,1
136,-2.634216273,0,VRQEELAAARAALHDMTGKRVATVQKDGRRVEFTATSVSDLKKYIAELEVQTGM,"VRQEELAAARAALHD-MTGKRVATVQKDGRRVEFTATSVSDLKKYIAELEVQTGM
VRQEELAAARAALHDLMTGKRVATVQKDGRRVEFTATSVSDLKKYIAELEVQTGM",259,None,'L' deleted in '16',0,1
138,-2.293226122,0,VRQEELAAARAALHLMTGKRVATVQKDGRRVEFTATSVSDLKKYIAELEVQTGM,"VRQEELAAARAALH-LMTGKRVATVQKDGRRVEFTATSVSDLKKYIAELEVQTGM
VRQEELAAARAALHDLMTGKRVATVQKDGRRVEFTATSVSDLKKYIAELEVQTGM",257,None,'D' deleted in '15',0,1
140,-2.446203827,0,VRQEELAAARALHDLMTGKRVATVQKDGRRVEFTATSVSDLKKYIAELEVQTGM,"VRQEELAAARA-LHDLMTGKRVATVQKDGRRVEFTATSVSDLKKYIAELEVQTGM
VRQEELAAARAALHDLMTGKRVATVQKDGRRVEFTATSVSDLKKYIAELEVQTGM",259,None,'A' deleted in '12',0,1
143,-2.042222725,0,VRQEELAARAALHDLMTGKRVATVQKDGRRVEFTATSVSDLKKYIAELEVQTGM,"VRQEELAA-RAALHDLMTGKRVATVQKDGRRVEFTATSVSDLKKYIAELEVQTGM
VRQEELAAARAALHDLMTGKRVATVQKDGRRVEFTATSVSDLKKYIAELEVQTGM",259,None,'A' deleted in '9',0,1
147,0.237560536,1,VRQELAAARAALHDLMTGKRVATVQKDGRRVEFTATSVSDLKKYIAELEVQTGM,"VRQE-LAAARAALHDLMTGKRVATVQKDGRRVEFTATSVSDLKKYIAELEVQTGM
VRQEELAAARAALHDLMTGKRVATVQKDGRRVEFTATSVSDLKKYIAELEVQTGM",258,None,'E' deleted in '5',0,1
