ID,DMS_Score,DMS_Score_Bin,mutated_sequence,Alignment,Align_score,Insertions,Deletions,NumberOfInsertionSites,NumberOfDeletionSites
3,-1.37763619,0,LATDEELVTMSVRELNQHLRGLSKEEIIQLKQRRRTLKNRGY,"LATDEELVTMSVRELNQHLRGLSKEEIIQLKQRRRTLKNRGY
L-TDEELVTMSVRELNQHLRGLSKEEIIQLKQRRRTLKNRGY",200,'A' inserted at '2',None,1,0
5,-1.668980798,0,LGTDEELVTMSVRELNQHLRGLSKEEIIQLKQRRRTLKNRGY,"LGTDEELVTMSVRELNQHLRGLSKEEIIQLKQRRRTLKNRGY
L-TDEELVTMSVRELNQHLRGLSKEEIIQLKQRRRTLKNRGY",200,'G' inserted at '2',None,1,0
6,-1.704806329,0,LTADEELVTMSVRELNQHLRGLSKEEIIQLKQRRRTLKNRGY,"LTADEELVTMSVRELNQHLRGLSKEEIIQLKQRRRTLKNRGY
LT-DEELVTMSVRELNQHLRGLSKEEIIQLKQRRRTLKNRGY",200,'A' inserted at '3',None,1,0
7,-1.935300956,0,LTDAEELVTMSVRELNQHLRGLSKEEIIQLKQRRRTLKNRGY,"LTDAEELVTMSVRELNQHLRGLSKEEIIQLKQRRRTLKNRGY
LTD-EELVTMSVRELNQHLRGLSKEEIIQLKQRRRTLKNRGY",200,'A' inserted at '4',None,1,0
8,-1.781400229,0,LTDEAELVTMSVRELNQHLRGLSKEEIIQLKQRRRTLKNRGY,"LTDEAELVTMSVRELNQHLRGLSKEEIIQLKQRRRTLKNRGY
LTDE-ELVTMSVRELNQHLRGLSKEEIIQLKQRRRTLKNRGY",200,'A' inserted at '5',None,1,0
9,-1.68857757,0,LTDEEALVTMSVRELNQHLRGLSKEEIIQLKQRRRTLKNRGY,"LTDEEALVTMSVRELNQHLRGLSKEEIIQLKQRRRTLKNRGY
LTDEE-LVTMSVRELNQHLRGLSKEEIIQLKQRRRTLKNRGY",200,'A' inserted at '6',None,1,0
10,-1.989762405,0,LTDEEGLVTMSVRELNQHLRGLSKEEIIQLKQRRRTLKNRGY,"LTDEEGLVTMSVRELNQHLRGLSKEEIIQLKQRRRTLKNRGY
LTDEE-LVTMSVRELNQHLRGLSKEEIIQLKQRRRTLKNRGY",200,'G' inserted at '6',None,1,0
11,-2.221110904,0,LTDEELAVTMSVRELNQHLRGLSKEEIIQLKQRRRTLKNRGY,"LTDEELAVTMSVRELNQHLRGLSKEEIIQLKQRRRTLKNRGY
LTDEEL-VTMSVRELNQHLRGLSKEEIIQLKQRRRTLKNRGY",200,'A' inserted at '7',None,1,0
12,-2.61510854,0,LTDEELGVTMSVRELNQHLRGLSKEEIIQLKQRRRTLKNRGY,"LTDEELGVTMSVRELNQHLRGLSKEEIIQLKQRRRTLKNRGY
LTDEEL-VTMSVRELNQHLRGLSKEEIIQLKQRRRTLKNRGY",200,'G' inserted at '7',None,1,0
14,-2.26082665,0,LTDEELVATMSVRELNQHLRGLSKEEIIQLKQRRRTLKNRGY,"LTDEELVATMSVRELNQHLRGLSKEEIIQLKQRRRTLKNRGY
LTDEELV-TMSVRELNQHLRGLSKEEIIQLKQRRRTLKNRGY",200,'A' inserted at '8',None,1,0
15,-2.064794853,0,LTDEELVGTMSVRELNQHLRGLSKEEIIQLKQRRRTLKNRGY,"LTDEELVGTMSVRELNQHLRGLSKEEIIQLKQRRRTLKNRGY
LTDEELV-TMSVRELNQHLRGLSKEEIIQLKQRRRTLKNRGY",200,'G' inserted at '8',None,1,0
17,-2.075536996,0,LTDEELVTAMSVRELNQHLRGLSKEEIIQLKQRRRTLKNRGY,"LTDEELVTAMSVRELNQHLRGLSKEEIIQLKQRRRTLKNRGY
LTDEELVT-MSVRELNQHLRGLSKEEIIQLKQRRRTLKNRGY",200,'A' inserted at '9',None,1,0
18,-1.872175583,0,LTDEELVTGMSVRELNQHLRGLSKEEIIQLKQRRRTLKNRGY,"LTDEELVTGMSVRELNQHLRGLSKEEIIQLKQRRRTLKNRGY
LTDEELVT-MSVRELNQHLRGLSKEEIIQLKQRRRTLKNRGY",200,'G' inserted at '9',None,1,0
19,-1.817187691,0,LTDEELVTMASVRELNQHLRGLSKEEIIQLKQRRRTLKNRGY,"LTDEELVTMASVRELNQHLRGLSKEEIIQLKQRRRTLKNRGY
LTDEELVTM-SVRELNQHLRGLSKEEIIQLKQRRRTLKNRGY",200,'A' inserted at '10',None,1,0
20,-1.600409701,0,LTDEELVTMGSVRELNQHLRGLSKEEIIQLKQRRRTLKNRGY,"LTDEELVTMGSVRELNQHLRGLSKEEIIQLKQRRRTLKNRGY
LTDEELVTM-SVRELNQHLRGLSKEEIIQLKQRRRTLKNRGY",200,'G' inserted at '10',None,1,0
21,-1.631449493,0,LTDEELVTMSAVRELNQHLRGLSKEEIIQLKQRRRTLKNRGY,"LTDEELVTMSAVRELNQHLRGLSKEEIIQLKQRRRTLKNRGY
LTDEELVTMS-VRELNQHLRGLSKEEIIQLKQRRRTLKNRGY",200,'A' inserted at '11',None,1,0
22,-1.615650712,0,LTDEELVTMSGVRELNQHLRGLSKEEIIQLKQRRRTLKNRGY,"LTDEELVTMSGVRELNQHLRGLSKEEIIQLKQRRRTLKNRGY
LTDEELVTMS-VRELNQHLRGLSKEEIIQLKQRRRTLKNRGY",200,'G' inserted at '11',None,1,0
24,-1.989931488,0,LTDEELVTMSVARELNQHLRGLSKEEIIQLKQRRRTLKNRGY,"LTDEELVTMSVARELNQHLRGLSKEEIIQLKQRRRTLKNRGY
LTDEELVTMSV-RELNQHLRGLSKEEIIQLKQRRRTLKNRGY",200,'A' inserted at '12',None,1,0
26,-2.050747406,0,LTDEELVTMSVGRELNQHLRGLSKEEIIQLKQRRRTLKNRGY,"LTDEELVTMSVGRELNQHLRGLSKEEIIQLKQRRRTLKNRGY
LTDEELVTMSV-RELNQHLRGLSKEEIIQLKQRRRTLKNRGY",200,'G' inserted at '12',None,1,0
27,-1.910211217,0,LTDEELVTMSVRAELNQHLRGLSKEEIIQLKQRRRTLKNRGY,"LTDEELVTMSVRAELNQHLRGLSKEEIIQLKQRRRTLKNRGY
LTDEELVTMSVR-ELNQHLRGLSKEEIIQLKQRRRTLKNRGY",200,'A' inserted at '13',None,1,0
28,-1.82957401,0,LTDEELVTMSVREALNQHLRGLSKEEIIQLKQRRRTLKNRGY,"LTDEELVTMSVREALNQHLRGLSKEEIIQLKQRRRTLKNRGY
LTDEELVTMSVRE-LNQHLRGLSKEEIIQLKQRRRTLKNRGY",200,'A' inserted at '14',None,1,0
29,-1.744447442,0,LTDEELVTMSVREGLNQHLRGLSKEEIIQLKQRRRTLKNRGY,"LTDEELVTMSVREGLNQHLRGLSKEEIIQLKQRRRTLKNRGY
LTDEELVTMSVRE-LNQHLRGLSKEEIIQLKQRRRTLKNRGY",200,'G' inserted at '14',None,1,0
30,-1.461333441,0,LTDEELVTMSVRELANQHLRGLSKEEIIQLKQRRRTLKNRGY,"LTDEELVTMSVRELANQHLRGLSKEEIIQLKQRRRTLKNRGY
LTDEELVTMSVREL-NQHLRGLSKEEIIQLKQRRRTLKNRGY",200,'A' inserted at '15',None,1,0
31,-1.766418887,0,LTDEELVTMSVRELGNQHLRGLSKEEIIQLKQRRRTLKNRGY,"LTDEELVTMSVRELGNQHLRGLSKEEIIQLKQRRRTLKNRGY
LTDEELVTMSVREL-NQHLRGLSKEEIIQLKQRRRTLKNRGY",200,'G' inserted at '15',None,1,0
32,-1.210223337,0,LTDEELVTMSVRELNAQHLRGLSKEEIIQLKQRRRTLKNRGY,"LTDEELVTMSVRELNAQHLRGLSKEEIIQLKQRRRTLKNRGY
LTDEELVTMSVRELN-QHLRGLSKEEIIQLKQRRRTLKNRGY",200,'A' inserted at '16',None,1,0
33,-1.479442602,0,LTDEELVTMSVRELNGQHLRGLSKEEIIQLKQRRRTLKNRGY,"LTDEELVTMSVRELNGQHLRGLSKEEIIQLKQRRRTLKNRGY
LTDEELVTMSVRELN-QHLRGLSKEEIIQLKQRRRTLKNRGY",200,'G' inserted at '16',None,1,0
35,-1.241230274,0,LTDEELVTMSVRELNQAHLRGLSKEEIIQLKQRRRTLKNRGY,"LTDEELVTMSVRELNQAHLRGLSKEEIIQLKQRRRTLKNRGY
LTDEELVTMSVRELNQ-HLRGLSKEEIIQLKQRRRTLKNRGY",200,'A' inserted at '17',None,1,0
36,-1.219531971,0,LTDEELVTMSVRELNQGHLRGLSKEEIIQLKQRRRTLKNRGY,"LTDEELVTMSVRELNQGHLRGLSKEEIIQLKQRRRTLKNRGY
LTDEELVTMSVRELNQ-HLRGLSKEEIIQLKQRRRTLKNRGY",200,'G' inserted at '17',None,1,0
37,-1.363794003,0,LTDEELVTMSVRELNQHALRGLSKEEIIQLKQRRRTLKNRGY,"LTDEELVTMSVRELNQHALRGLSKEEIIQLKQRRRTLKNRGY
LTDEELVTMSVRELNQH-LRGLSKEEIIQLKQRRRTLKNRGY",200,'A' inserted at '18',None,1,0
38,-1.509206553,0,LTDEELVTMSVRELNQHGLRGLSKEEIIQLKQRRRTLKNRGY,"LTDEELVTMSVRELNQHGLRGLSKEEIIQLKQRRRTLKNRGY
LTDEELVTMSVRELNQH-LRGLSKEEIIQLKQRRRTLKNRGY",200,'G' inserted at '18',None,1,0
39,-1.00129035,0,LTDEELVTMSVRELNQHLARGLSKEEIIQLKQRRRTLKNRGY,"LTDEELVTMSVRELNQHLARGLSKEEIIQLKQRRRTLKNRGY
LTDEELVTMSVRELNQHL-RGLSKEEIIQLKQRRRTLKNRGY",200,'A' inserted at '19',None,1,0
41,-0.947335227,0,LTDEELVTMSVRELNQHLGRGLSKEEIIQLKQRRRTLKNRGY,"LTDEELVTMSVRELNQHLGRGLSKEEIIQLKQRRRTLKNRGY
LTDEELVTMSVRELNQHL-RGLSKEEIIQLKQRRRTLKNRGY",200,'G' inserted at '19',None,1,0
42,-1.01180323,0,LTDEELVTMSVRELNQHLRAGLSKEEIIQLKQRRRTLKNRGY,"LTDEELVTMSVRELNQHLRAGLSKEEIIQLKQRRRTLKNRGY
LTDEELVTMSVRELNQHLR-GLSKEEIIQLKQRRRTLKNRGY",200,'A' inserted at '20',None,1,0
43,-1.139917449,0,LTDEELVTMSVRELNQHLRGALSKEEIIQLKQRRRTLKNRGY,"LTDEELVTMSVRELNQHLRGALSKEEIIQLKQRRRTLKNRGY
LTDEELVTMSVRELNQHLRG-LSKEEIIQLKQRRRTLKNRGY",200,'A' inserted at '21',None,1,0
44,-1.048080064,0,LTDEELVTMSVRELNQHLRGGLSKEEIIQLKQRRRTLKNRGY,"LTDEELVTMSVRELNQHLRGGLSKEEIIQLKQRRRTLKNRGY
LTDEELVTMSVRELNQHLRG-LSKEEIIQLKQRRRTLKNRGY",200,'G' inserted at '21',None,1,0
45,-0.587757378,0,LTDEELVTMSVRELNQHLRGLASKEEIIQLKQRRRTLKNRGY,"LTDEELVTMSVRELNQHLRGLASKEEIIQLKQRRRTLKNRGY
LTDEELVTMSVRELNQHLRGL-SKEEIIQLKQRRRTLKNRGY",200,'A' inserted at '22',None,1,0
46,-0.844861498,0,LTDEELVTMSVRELNQHLRGLGSKEEIIQLKQRRRTLKNRGY,"LTDEELVTMSVRELNQHLRGLGSKEEIIQLKQRRRTLKNRGY
LTDEELVTMSVRELNQHLRGL-SKEEIIQLKQRRRTLKNRGY",200,'G' inserted at '22',None,1,0
48,-1.237258163,0,LTDEELVTMSVRELNQHLRGLSAKEEIIQLKQRRRTLKNRGY,"LTDEELVTMSVRELNQHLRGLSAKEEIIQLKQRRRTLKNRGY
LTDEELVTMSVRELNQHLRGLS-KEEIIQLKQRRRTLKNRGY",200,'A' inserted at '23',None,1,0
50,-1.365187275,0,LTDEELVTMSVRELNQHLRGLSGKEEIIQLKQRRRTLKNRGY,"LTDEELVTMSVRELNQHLRGLSGKEEIIQLKQRRRTLKNRGY
LTDEELVTMSVRELNQHLRGLS-KEEIIQLKQRRRTLKNRGY",200,'G' inserted at '23',None,1,0
51,-1.343895838,0,LTDEELVTMSVRELNQHLRGLSKAEEIIQLKQRRRTLKNRGY,"LTDEELVTMSVRELNQHLRGLSKAEEIIQLKQRRRTLKNRGY
LTDEELVTMSVRELNQHLRGLSK-EEIIQLKQRRRTLKNRGY",200,'A' inserted at '24',None,1,0
52,-1.588481774,0,LTDEELVTMSVRELNQHLRGLSKEAEIIQLKQRRRTLKNRGY,"LTDEELVTMSVRELNQHLRGLSKEAEIIQLKQRRRTLKNRGY
LTDEELVTMSVRELNQHLRGLSKE-EIIQLKQRRRTLKNRGY",200,'A' inserted at '25',None,1,0
53,-1.72819542,0,LTDEELVTMSVRELNQHLRGLSKEEAIIQLKQRRRTLKNRGY,"LTDEELVTMSVRELNQHLRGLSKEEAIIQLKQRRRTLKNRGY
LTDEELVTMSVRELNQHLRGLSKEE-IIQLKQRRRTLKNRGY",200,'A' inserted at '26',None,1,0
54,-2.267943833,0,LTDEELVTMSVRELNQHLRGLSKEEGIIQLKQRRRTLKNRGY,"LTDEELVTMSVRELNQHLRGLSKEEGIIQLKQRRRTLKNRGY
LTDEELVTMSVRELNQHLRGLSKEE-IIQLKQRRRTLKNRGY",200,'G' inserted at '26',None,1,0
55,-1.697323735,0,LTDEELVTMSVRELNQHLRGLSKEEIAIQLKQRRRTLKNRGY,"LTDEELVTMSVRELNQHLRGLSKEEIAIQLKQRRRTLKNRGY
LTDEELVTMSVRELNQHLRGLSKEEI-IQLKQRRRTLKNRGY",200,'A' inserted at '27',None,1,0
56,-1.82994679,0,LTDEELVTMSVRELNQHLRGLSKEEIGIQLKQRRRTLKNRGY,"LTDEELVTMSVRELNQHLRGLSKEEIGIQLKQRRRTLKNRGY
LTDEELVTMSVRELNQHLRGLSKEEI-IQLKQRRRTLKNRGY",200,'G' inserted at '27',None,1,0
57,-1.684260908,0,LTDEELVTMSVRELNQHLRGLSKEEIIAQLKQRRRTLKNRGY,"LTDEELVTMSVRELNQHLRGLSKEEIIAQLKQRRRTLKNRGY
LTDEELVTMSVRELNQHLRGLSKEEII-QLKQRRRTLKNRGY",200,'A' inserted at '28',None,1,0
58,-1.782471085,0,LTDEELVTMSVRELNQHLRGLSKEEIIGQLKQRRRTLKNRGY,"LTDEELVTMSVRELNQHLRGLSKEEIIGQLKQRRRTLKNRGY
LTDEELVTMSVRELNQHLRGLSKEEII-QLKQRRRTLKNRGY",200,'G' inserted at '28',None,1,0
60,-1.231522626,0,LTDEELVTMSVRELNQHLRGLSKEEIIQALKQRRRTLKNRGY,"LTDEELVTMSVRELNQHLRGLSKEEIIQALKQRRRTLKNRGY
LTDEELVTMSVRELNQHLRGLSKEEIIQ-LKQRRRTLKNRGY",200,'A' inserted at '29',None,1,0
61,-1.798260565,0,LTDEELVTMSVRELNQHLRGLSKEEIIQGLKQRRRTLKNRGY,"LTDEELVTMSVRELNQHLRGLSKEEIIQGLKQRRRTLKNRGY
LTDEELVTMSVRELNQHLRGLSKEEIIQ-LKQRRRTLKNRGY",200,'G' inserted at '29',None,1,0
63,-1.780388444,0,LTDEELVTMSVRELNQHLRGLSKEEIIQLAKQRRRTLKNRGY,"LTDEELVTMSVRELNQHLRGLSKEEIIQLAKQRRRTLKNRGY
LTDEELVTMSVRELNQHLRGLSKEEIIQL-KQRRRTLKNRGY",200,'A' inserted at '30',None,1,0
64,-2.193326396,0,LTDEELVTMSVRELNQHLRGLSKEEIIQLGKQRRRTLKNRGY,"LTDEELVTMSVRELNQHLRGLSKEEIIQLGKQRRRTLKNRGY
LTDEELVTMSVRELNQHLRGLSKEEIIQL-KQRRRTLKNRGY",200,'G' inserted at '30',None,1,0
65,-1.236773729,0,LTDEELVTMSVRELNQHLRGLSKEEIIQLKAQRRRTLKNRGY,"LTDEELVTMSVRELNQHLRGLSKEEIIQLKAQRRRTLKNRGY
LTDEELVTMSVRELNQHLRGLSKEEIIQLK-QRRRTLKNRGY",200,'A' inserted at '31',None,1,0
66,-1.64444723,0,LTDEELVTMSVRELNQHLRGLSKEEIIQLKGQRRRTLKNRGY,"LTDEELVTMSVRELNQHLRGLSKEEIIQLKGQRRRTLKNRGY
LTDEELVTMSVRELNQHLRGLSKEEIIQLK-QRRRTLKNRGY",200,'G' inserted at '31',None,1,0
67,-1.649577474,0,LTDEELVTMSVRELNQHLRGLSKEEIIQLKQARRRTLKNRGY,"LTDEELVTMSVRELNQHLRGLSKEEIIQLKQARRRTLKNRGY
LTDEELVTMSVRELNQHLRGLSKEEIIQLKQ-RRRTLKNRGY",200,'A' inserted at '32',None,1,0
68,-2.023450231,0,LTDEELVTMSVRELNQHLRGLSKEEIIQLKQGRRRTLKNRGY,"LTDEELVTMSVRELNQHLRGLSKEEIIQLKQGRRRTLKNRGY
LTDEELVTMSVRELNQHLRGLSKEEIIQLKQ-RRRTLKNRGY",200,'G' inserted at '32',None,1,0
69,-1.247783466,0,LTDEELVTMSVRELNQHLRGLSKEEIIQLKQRARRTLKNRGY,"LTDEELVTMSVRELNQHLRGLSKEEIIQLKQRARRTLKNRGY
LTDEELVTMSVRELNQHLRGLSKEEIIQLKQR-RRTLKNRGY",200,'A' inserted at '33',None,1,0
70,-2.483877853,0,LTDEELVTMSVRELNQHLRGLSKEEIIQLKQRGRRTLKNRGY,"LTDEELVTMSVRELNQHLRGLSKEEIIQLKQRGRRTLKNRGY
LTDEELVTMSVRELNQHLRGLSKEEIIQLKQR-RRTLKNRGY",200,'G' inserted at '33',None,1,0
71,-0.905697585,0,LTDEELVTMSVRELNQHLRGLSKEEIIQLKQRRARTLKNRGY,"LTDEELVTMSVRELNQHLRGLSKEEIIQLKQRRARTLKNRGY
LTDEELVTMSVRELNQHLRGLSKEEIIQLKQRR-RTLKNRGY",200,'A' inserted at '34',None,1,0
72,-1.866227732,0,LTDEELVTMSVRELNQHLRGLSKEEIIQLKQRRGRTLKNRGY,"LTDEELVTMSVRELNQHLRGLSKEEIIQLKQRRGRTLKNRGY
LTDEELVTMSVRELNQHLRGLSKEEIIQLKQRR-RTLKNRGY",200,'G' inserted at '34',None,1,0
73,-0.981947237,0,LTDEELVTMSVRELNQHLRGLSKEEIIQLKQRRRATLKNRGY,"LTDEELVTMSVRELNQHLRGLSKEEIIQLKQRRRATLKNRGY
LTDEELVTMSVRELNQHLRGLSKEEIIQLKQRRR-TLKNRGY",200,'A' inserted at '35',None,1,0
74,-1.550139634,0,LTDEELVTMSVRELNQHLRGLSKEEIIQLKQRRRGTLKNRGY,"LTDEELVTMSVRELNQHLRGLSKEEIIQLKQRRRGTLKNRGY
LTDEELVTMSVRELNQHLRGLSKEEIIQLKQRRR-TLKNRGY",200,'G' inserted at '35',None,1,0
76,-0.286480674,1,LTDEELVTMSVRELNQHLRGLSKEEIIQLKQRRRTALKNRGY,"LTDEELVTMSVRELNQHLRGLSKEEIIQLKQRRRTALKNRGY
LTDEELVTMSVRELNQHLRGLSKEEIIQLKQRRRT-LKNRGY",200,'A' inserted at '36',None,1,0
77,-1.149499778,0,LTDEELVTMSVRELNQHLRGLSKEEIIQLKQRRRTGLKNRGY,"LTDEELVTMSVRELNQHLRGLSKEEIIQLKQRRRTGLKNRGY
LTDEELVTMSVRELNQHLRGLSKEEIIQLKQRRRT-LKNRGY",200,'G' inserted at '36',None,1,0
79,-0.506248815,0,LTDEELVTMSVRELNQHLRGLSKEEIIQLKQRRRTLAKNRGY,"LTDEELVTMSVRELNQHLRGLSKEEIIQLKQRRRTLAKNRGY
LTDEELVTMSVRELNQHLRGLSKEEIIQLKQRRRTL-KNRGY",200,'A' inserted at '37',None,1,0
80,-0.892069459,0,LTDEELVTMSVRELNQHLRGLSKEEIIQLKQRRRTLGKNRGY,"LTDEELVTMSVRELNQHLRGLSKEEIIQLKQRRRTLGKNRGY
LTDEELVTMSVRELNQHLRGLSKEEIIQLKQRRRTL-KNRGY",200,'G' inserted at '37',None,1,0
81,-0.437549647,1,LTDEELVTMSVRELNQHLRGLSKEEIIQLKQRRRTLKANRGY,"LTDEELVTMSVRELNQHLRGLSKEEIIQLKQRRRTLKANRGY
LTDEELVTMSVRELNQHLRGLSKEEIIQLKQRRRTLK-NRGY",200,'A' inserted at '38',None,1,0
82,-0.793015188,0,LTDEELVTMSVRELNQHLRGLSKEEIIQLKQRRRTLKGNRGY,"LTDEELVTMSVRELNQHLRGLSKEEIIQLKQRRRTLKGNRGY
LTDEELVTMSVRELNQHLRGLSKEEIIQLKQRRRTLK-NRGY",200,'G' inserted at '38',None,1,0
83,-0.950566196,0,LTDEELVTMSVRELNQHLRGLSKEEIIQLKQRRRTLKNARGY,"LTDEELVTMSVRELNQHLRGLSKEEIIQLKQRRRTLKNARGY
LTDEELVTMSVRELNQHLRGLSKEEIIQLKQRRRTLKN-RGY",200,'A' inserted at '39',None,1,0
84,-1.115270022,0,LTDEELVTMSVRELNQHLRGLSKEEIIQLKQRRRTLKNGRGY,"LTDEELVTMSVRELNQHLRGLSKEEIIQLKQRRRTLKNGRGY
LTDEELVTMSVRELNQHLRGLSKEEIIQLKQRRRTLKN-RGY",200,'G' inserted at '39',None,1,0
86,-0.68250068,0,LTDEELVTMSVRELNQHLRGLSKEEIIQLKQRRRTLKNRAGY,"LTDEELVTMSVRELNQHLRGLSKEEIIQLKQRRRTLKNRAGY
LTDEELVTMSVRELNQHLRGLSKEEIIQLKQRRRTLKNR-GY",200,'A' inserted at '40',None,1,0
88,-0.375552849,1,LTDEELVTMSVRELNQHLRGLSKEEIIQLKQRRRTLKNRGAY,"LTDEELVTMSVRELNQHLRGLSKEEIIQLKQRRRTLKNRGAY
LTDEELVTMSVRELNQHLRGLSKEEIIQLKQRRRTLKNRG-Y",200,'A' inserted at '41',None,1,0
89,-0.225184091,1,LTDEELVTMSVRELNQHLRGLSKEEIIQLKQRRRTLKNRGGY,"LTDEELVTMSVRELNQHLRGLSKEEIIQLKQRRRTLKNRGGY
LTDEELVTMSVRELNQHLRGLSKEEIIQLKQRRRTLKNRG-Y",200,'G' inserted at '41',None,1,0
97,-1.724418188,0,LTDEELVTMSVRELNQHLRGLSKEGEIIQLKQRRRTLKNRGY,"LTDEELVTMSVRELNQHLRGLSKEGEIIQLKQRRRTLKNRGY
LTDEELVTMSVRELNQHLRGLSKE-EIIQLKQRRRTLKNRGY",200,'G' inserted at '25',None,1,0
99,-1.725748252,0,LTDEELVTMSVRELNQHLRGLSKGEEIIQLKQRRRTLKNRGY,"LTDEELVTMSVRELNQHLRGLSKGEEIIQLKQRRRTLKNRGY
LTDEELVTMSVRELNQHLRGLSK-EEIIQLKQRRRTLKNRGY",200,'G' inserted at '24',None,1,0
105,-1.908481195,0,LTDEELVTMSVRGELNQHLRGLSKEEIIQLKQRRRTLKNRGY,"LTDEELVTMSVRGELNQHLRGLSKEEIIQLKQRRRTLKNRGY
LTDEELVTMSVR-ELNQHLRGLSKEEIIQLKQRRRTLKNRGY",200,'G' inserted at '13',None,1,0
110,-1.967769667,0,LTDEGELVTMSVRELNQHLRGLSKEEIIQLKQRRRTLKNRGY,"LTDEGELVTMSVRELNQHLRGLSKEEIIQLKQRRRTLKNRGY
LTDE-ELVTMSVRELNQHLRGLSKEEIIQLKQRRRTLKNRGY",200,'G' inserted at '5',None,1,0
112,-2.036623661,0,LTDGEELVTMSVRELNQHLRGLSKEEIIQLKQRRRTLKNRGY,"LTDGEELVTMSVRELNQHLRGLSKEEIIQLKQRRRTLKNRGY
LTD-EELVTMSVRELNQHLRGLSKEEIIQLKQRRRTLKNRGY",200,'G' inserted at '4',None,1,0
114,-1.670497807,0,LTGDEELVTMSVRELNQHLRGLSKEEIIQLKQRRRTLKNRGY,"LTGDEELVTMSVRELNQHLRGLSKEEIIQLKQRRRTLKNRGY
LT-DEELVTMSVRELNQHLRGLSKEEIIQLKQRRRTLKNRGY",200,'G' inserted at '3',None,1,0
1,-0.042037256,1,ALTDEELVTMSVRELNQHLRGLSKEEIIQLKQRRRTLKNRGY,"LTDEELVTMSVRELNQHLRGLSKEEIIQLKQRRRTLKNRGY
LTDEELVTMSVRELNQHLRGLSKEEIIQLKQRRRTLKNRGY",200,None,None,0,0
2,-0.006304664,1,GLTDEELVTMSVRELNQHLRGLSKEEIIQLKQRRRTLKNRGY,"LTDEELVTMSVRELNQHLRGLSKEEIIQLKQRRRTLKNRGY
LTDEELVTMSVRELNQHLRGLSKEEIIQLKQRRRTLKNRGY",200,None,None,0,0
4,-1.953873019,0,LDEELVTMSVRELNQHLRGLSKEEIIQLKQRRRTLKNRGY,"L-DEELVTMSVRELNQHLRGLSKEEIIQLKQRRRTLKNRGY
LTDEELVTMSVRELNQHLRGLSKEEIIQLKQRRRTLKNRGY",195,None,'T' deleted in '2',0,1
13,-1.699394427,0,LTDEELTMSVRELNQHLRGLSKEEIIQLKQRRRTLKNRGY,"LTDEEL-TMSVRELNQHLRGLSKEEIIQLKQRRRTLKNRGY
LTDEELVTMSVRELNQHLRGLSKEEIIQLKQRRRTLKNRGY",196,None,'V' deleted in '7',0,1
16,-1.685207111,0,LTDEELVMSVRELNQHLRGLSKEEIIQLKQRRRTLKNRGY,"LTDEELV-MSVRELNQHLRGLSKEEIIQLKQRRRTLKNRGY
LTDEELVTMSVRELNQHLRGLSKEEIIQLKQRRRTLKNRGY",195,None,'T' deleted in '8',0,1
23,-1.712143586,0,LTDEELVTMSRELNQHLRGLSKEEIIQLKQRRRTLKNRGY,"LTDEELVTMS-RELNQHLRGLSKEEIIQLKQRRRTLKNRGY
LTDEELVTMSVRELNQHLRGLSKEEIIQLKQRRRTLKNRGY",196,None,'V' deleted in '11',0,1
25,-1.758113582,0,LTDEELVTMSVELNQHLRGLSKEEIIQLKQRRRTLKNRGY,"LTDEELVTMSV-ELNQHLRGLSKEEIIQLKQRRRTLKNRGY
LTDEELVTMSVRELNQHLRGLSKEEIIQLKQRRRTLKNRGY",195,None,'R' deleted in '12',0,1
34,-0.604158551,0,LTDEELVTMSVRELNHLRGLSKEEIIQLKQRRRTLKNRGY,"LTDEELVTMSVRELN-HLRGLSKEEIIQLKQRRRTLKNRGY
LTDEELVTMSVRELNQHLRGLSKEEIIQLKQRRRTLKNRGY",195,None,'Q' deleted in '16',0,1
40,-1.399778541,0,LTDEELVTMSVRELNQHLGLSKEEIIQLKQRRRTLKNRGY,"LTDEELVTMSVRELNQHL-GLSKEEIIQLKQRRRTLKNRGY
LTDEELVTMSVRELNQHLRGLSKEEIIQLKQRRRTLKNRGY",195,None,'R' deleted in '19',0,1
47,-2.048568677,0,LTDEELVTMSVRELNQHLRGLKEEIIQLKQRRRTLKNRGY,"LTDEELVTMSVRELNQHLRGL-KEEIIQLKQRRRTLKNRGY
LTDEELVTMSVRELNQHLRGLSKEEIIQLKQRRRTLKNRGY",196,None,'S' deleted in '22',0,1
49,-2.071716557,0,LTDEELVTMSVRELNQHLRGLSEEIIQLKQRRRTLKNRGY,"LTDEELVTMSVRELNQHLRGLS-EEIIQLKQRRRTLKNRGY
LTDEELVTMSVRELNQHLRGLSKEEIIQLKQRRRTLKNRGY",195,None,'K' deleted in '23',0,1
59,-2.258460367,0,LTDEELVTMSVRELNQHLRGLSKEEIILKQRRRTLKNRGY,"LTDEELVTMSVRELNQHLRGLSKEEII-LKQRRRTLKNRGY
LTDEELVTMSVRELNQHLRGLSKEEIIQLKQRRRTLKNRGY",195,None,'Q' deleted in '28',0,1
62,-2.46225039,0,LTDEELVTMSVRELNQHLRGLSKEEIIQKQRRRTLKNRGY,"LTDEELVTMSVRELNQHLRGLSKEEIIQ-KQRRRTLKNRGY
LTDEELVTMSVRELNQHLRGLSKEEIIQLKQRRRTLKNRGY",196,None,'L' deleted in '29',0,1
75,-1.503430494,0,LTDEELVTMSVRELNQHLRGLSKEEIIQLKQRRRLKNRGY,"LTDEELVTMSVRELNQHLRGLSKEEIIQLKQRRR-LKNRGY
LTDEELVTMSVRELNQHLRGLSKEEIIQLKQRRRTLKNRGY",195,None,'T' deleted in '35',0,1
78,-1.394877039,0,LTDEELVTMSVRELNQHLRGLSKEEIIQLKQRRRTKNRGY,"LTDEELVTMSVRELNQHLRGLSKEEIIQLKQRRRT-KNRGY
LTDEELVTMSVRELNQHLRGLSKEEIIQLKQRRRTLKNRGY",196,None,'L' deleted in '36',0,1
85,0.28400563,1,LTDEELVTMSVRELNQHLRGLSKEEIIQLKQRRRTLKNGY,"LTDEELVTMSVRELNQHLRGLSKEEIIQLKQRRRTLKN-GY
LTDEELVTMSVRELNQHLRGLSKEEIIQLKQRRRTLKNRGY",195,None,'R' deleted in '39',0,1
87,0.380023522,1,LTDEELVTMSVRELNQHLRGLSKEEIIQLKQRRRTLKNRG,"LTDEELVTMSVRELNQHLRGLSKEEIIQLKQRRRTLKNRG
LTDEELVTMSVRELNQHLRGLSKEEIIQLKQRRRTLKNRG",193,None,None,0,0
90,0.362653677,1,LTDEELVTMSVRELNQHLRGLSKEEIIQLKQRRRTLKNRY,"LTDEELVTMSVRELNQHLRGLSKEEIIQLKQRRRTLKNR-Y
LTDEELVTMSVRELNQHLRGLSKEEIIQLKQRRRTLKNRGY",194,None,'G' deleted in '40',0,1
91,0.035890274,1,LTDEELVTMSVRELNQHLRGLSKEEIIQLKQRRRTLKRGY,"LTDEELVTMSVRELNQHLRGLSKEEIIQLKQRRRTLK-RGY
LTDEELVTMSVRELNQHLRGLSKEEIIQLKQRRRTLKNRGY",194,None,'N' deleted in '38',0,1
92,-0.701099453,0,LTDEELVTMSVRELNQHLRGLSKEEIIQLKQRRRTLNRGY,"LTDEELVTMSVRELNQHLRGLSKEEIIQLKQRRRTL-NRGY
LTDEELVTMSVRELNQHLRGLSKEEIIQLKQRRRTLKNRGY",195,None,'K' deleted in '37',0,1
93,-1.857197259,0,LTDEELVTMSVRELNQHLRGLSKEEIIQLKQRRTLKNRGY,"LTDEELVTMSVRELNQHLRGLSKEEIIQLKQRR-TLKNRGY
LTDEELVTMSVRELNQHLRGLSKEEIIQLKQRRRTLKNRGY",195,None,'R' deleted in '34',0,1
94,-1.523841563,0,LTDEELVTMSVRELNQHLRGLSKEEIIQLKRRRTLKNRGY,"LTDEELVTMSVRELNQHLRGLSKEEIIQLK-RRRTLKNRGY
LTDEELVTMSVRELNQHLRGLSKEEIIQLKQRRRTLKNRGY",195,None,'Q' deleted in '31',0,1
95,-1.83971982,0,LTDEELVTMSVRELNQHLRGLSKEEIIQLQRRRTLKNRGY,"LTDEELVTMSVRELNQHLRGLSKEEIIQL-QRRRTLKNRGY
LTDEELVTMSVRELNQHLRGLSKEEIIQLKQRRRTLKNRGY",195,None,'K' deleted in '30',0,1
96,-2.185387937,0,LTDEELVTMSVRELNQHLRGLSKEEIQLKQRRRTLKNRGY,"LTDEELVTMSVRELNQHLRGLSKEEI-QLKQRRRTLKNRGY
LTDEELVTMSVRELNQHLRGLSKEEIIQLKQRRRTLKNRGY",196,None,'I' deleted in '27',0,1
98,-2.095519238,0,LTDEELVTMSVRELNQHLRGLSKEIIQLKQRRRTLKNRGY,"LTDEELVTMSVRELNQHLRGLSKE-IIQLKQRRRTLKNRGY
LTDEELVTMSVRELNQHLRGLSKEEIIQLKQRRRTLKNRGY",195,None,'E' deleted in '25',0,1
100,-2.009383138,0,LTDEELVTMSVRELNQHLRGSKEEIIQLKQRRRTLKNRGY,"LTDEELVTMSVRELNQHLRG-SKEEIIQLKQRRRTLKNRGY
LTDEELVTMSVRELNQHLRGLSKEEIIQLKQRRRTLKNRGY",196,None,'L' deleted in '21',0,1
101,-1.510711697,0,LTDEELVTMSVRELNQHLRLSKEEIIQLKQRRRTLKNRGY,"LTDEELVTMSVRELNQHLR-LSKEEIIQLKQRRRTLKNRGY
LTDEELVTMSVRELNQHLRGLSKEEIIQLKQRRRTLKNRGY",194,None,'G' deleted in '20',0,1
102,-0.439301048,1,LTDEELVTMSVRELNQLRGLSKEEIIQLKQRRRTLKNRGY,"LTDEELVTMSVRELNQ-LRGLSKEEIIQLKQRRRTLKNRGY
LTDEELVTMSVRELNQHLRGLSKEEIIQLKQRRRTLKNRGY",192,None,'H' deleted in '17',0,1
103,-0.91497788,0,LTDEELVTMSVRELQHLRGLSKEEIIQLKQRRRTLKNRGY,"LTDEELVTMSVREL-QHLRGLSKEEIIQLKQRRRTLKNRGY
LTDEELVTMSVRELNQHLRGLSKEEIIQLKQRRRTLKNRGY",194,None,'N' deleted in '15',0,1
104,-2.37588594,0,LTDEELVTMSVRENQHLRGLSKEEIIQLKQRRRTLKNRGY,"LTDEELVTMSVRE-NQHLRGLSKEEIIQLKQRRRTLKNRGY
LTDEELVTMSVRELNQHLRGLSKEEIIQLKQRRRTLKNRGY",196,None,'L' deleted in '14',0,1
106,-1.974840384,0,LTDEELVTMSVRLNQHLRGLSKEEIIQLKQRRRTLKNRGY,"LTDEELVTMSVR-LNQHLRGLSKEEIIQLKQRRRTLKNRGY
LTDEELVTMSVRELNQHLRGLSKEEIIQLKQRRRTLKNRGY",195,None,'E' deleted in '13',0,1
107,-1.908187936,0,LTDEELVTMVRELNQHLRGLSKEEIIQLKQRRRTLKNRGY,"LTDEELVTM-VRELNQHLRGLSKEEIIQLKQRRRTLKNRGY
LTDEELVTMSVRELNQHLRGLSKEEIIQLKQRRRTLKNRGY",196,None,'S' deleted in '10',0,1
108,-2.220645235,0,LTDEELVTSVRELNQHLRGLSKEEIIQLKQRRRTLKNRGY,"LTDEELVT-SVRELNQHLRGLSKEEIIQLKQRRRTLKNRGY
LTDEELVTMSVRELNQHLRGLSKEEIIQLKQRRRTLKNRGY",195,None,'M' deleted in '9',0,1
109,-1.896233633,0,LTDEEVTMSVRELNQHLRGLSKEEIIQLKQRRRTLKNRGY,"LTDEE-VTMSVRELNQHLRGLSKEEIIQLKQRRRTLKNRGY
LTDEELVTMSVRELNQHLRGLSKEEIIQLKQRRRTLKNRGY",196,None,'L' deleted in '6',0,1
111,-1.8688298,0,LTDELVTMSVRELNQHLRGLSKEEIIQLKQRRRTLKNRGY,"LTDE-LVTMSVRELNQHLRGLSKEEIIQLKQRRRTLKNRGY
LTDEELVTMSVRELNQHLRGLSKEEIIQLKQRRRTLKNRGY",195,None,'E' deleted in '5',0,1
113,-2.065252335,0,LTEELVTMSVRELNQHLRGLSKEEIIQLKQRRRTLKNRGY,"LT-EELVTMSVRELNQHLRGLSKEEIIQLKQRRRTLKNRGY
LTDEELVTMSVRELNQHLRGLSKEEIIQLKQRRRTLKNRGY",194,None,'D' deleted in '3',0,1
115,-1.851943256,0,TDEELVTMSVRELNQHLRGLSKEEIIQLKQRRRTLKNRGY,"TDEELVTMSVRELNQHLRGLSKEEIIQLKQRRRTLKNRGY
TDEELVTMSVRELNQHLRGLSKEEIIQLKQRRRTLKNRGY",196,None,None,0,0
