ID,DMS_Score,DMS_Score_Bin,mutated_sequence,Alignment,Align_score,Insertions,Deletions,NumberOfInsertionSites,NumberOfDeletionSites
2,0.142140318,1,DAYEVGESVTVMDGPFATLPATISEVNAEQQKLKVLVSIFGRETPVELTFGQVSKI,"DAYEVGESVTVMDGPFATLPATISEVNAEQQKLKVLVSIFGRETPVELTFGQVSKI
D-YEVGESVTVMDGPFATLPATISEVNAEQQKLKVLVSIFGRETPVELTFGQVSKI",269,'A' inserted at '2',None,1,0
4,-0.070619882,1,DGYEVGESVTVMDGPFATLPATISEVNAEQQKLKVLVSIFGRETPVELTFGQVSKI,"DGYEVGESVTVMDGPFATLPATISEVNAEQQKLKVLVSIFGRETPVELTFGQVSKI
D-YEVGESVTVMDGPFATLPATISEVNAEQQKLKVLVSIFGRETPVELTFGQVSKI",269,'G' inserted at '2',None,1,0
5,-3.093591414,0,DYAEVGESVTVMDGPFATLPATISEVNAEQQKLKVLVSIFGRETPVELTFGQVSKI,"DYAEVGESVTVMDGPFATLPATISEVNAEQQKLKVLVSIFGRETPVELTFGQVSKI
DY-EVGESVTVMDGPFATLPATISEVNAEQQKLKVLVSIFGRETPVELTFGQVSKI",269,'A' inserted at '3',None,1,0
6,-3.770071426,0,DYEAVGESVTVMDGPFATLPATISEVNAEQQKLKVLVSIFGRETPVELTFGQVSKI,"DYEAVGESVTVMDGPFATLPATISEVNAEQQKLKVLVSIFGRETPVELTFGQVSKI
DYE-VGESVTVMDGPFATLPATISEVNAEQQKLKVLVSIFGRETPVELTFGQVSKI",269,'A' inserted at '4',None,1,0
8,-3.860532516,0,DYEGVGESVTVMDGPFATLPATISEVNAEQQKLKVLVSIFGRETPVELTFGQVSKI,"DYEGVGESVTVMDGPFATLPATISEVNAEQQKLKVLVSIFGRETPVELTFGQVSKI
DYE-VGESVTVMDGPFATLPATISEVNAEQQKLKVLVSIFGRETPVELTFGQVSKI",269,'G' inserted at '4',None,1,0
9,-3.782856217,0,DYEVAGESVTVMDGPFATLPATISEVNAEQQKLKVLVSIFGRETPVELTFGQVSKI,"DYEVAGESVTVMDGPFATLPATISEVNAEQQKLKVLVSIFGRETPVELTFGQVSKI
DYEV-GESVTVMDGPFATLPATISEVNAEQQKLKVLVSIFGRETPVELTFGQVSKI",269,'A' inserted at '5',None,1,0
11,-3.978891983,0,DYEVGAESVTVMDGPFATLPATISEVNAEQQKLKVLVSIFGRETPVELTFGQVSKI,"DYEVGAESVTVMDGPFATLPATISEVNAEQQKLKVLVSIFGRETPVELTFGQVSKI
DYEVG-ESVTVMDGPFATLPATISEVNAEQQKLKVLVSIFGRETPVELTFGQVSKI",269,'A' inserted at '6',None,1,0
12,-3.796650188,0,DYEVGEASVTVMDGPFATLPATISEVNAEQQKLKVLVSIFGRETPVELTFGQVSKI,"DYEVGEASVTVMDGPFATLPATISEVNAEQQKLKVLVSIFGRETPVELTFGQVSKI
DYEVGE-SVTVMDGPFATLPATISEVNAEQQKLKVLVSIFGRETPVELTFGQVSKI",269,'A' inserted at '7',None,1,0
13,-3.76951217,0,DYEVGEGSVTVMDGPFATLPATISEVNAEQQKLKVLVSIFGRETPVELTFGQVSKI,"DYEVGEGSVTVMDGPFATLPATISEVNAEQQKLKVLVSIFGRETPVELTFGQVSKI
DYEVGE-SVTVMDGPFATLPATISEVNAEQQKLKVLVSIFGRETPVELTFGQVSKI",269,'G' inserted at '7',None,1,0
14,-3.731372051,0,DYEVGESAVTVMDGPFATLPATISEVNAEQQKLKVLVSIFGRETPVELTFGQVSKI,"DYEVGESAVTVMDGPFATLPATISEVNAEQQKLKVLVSIFGRETPVELTFGQVSKI
DYEVGES-VTVMDGPFATLPATISEVNAEQQKLKVLVSIFGRETPVELTFGQVSKI",269,'A' inserted at '8',None,1,0
15,-3.83607972,0,DYEVGESGVTVMDGPFATLPATISEVNAEQQKLKVLVSIFGRETPVELTFGQVSKI,"DYEVGESGVTVMDGPFATLPATISEVNAEQQKLKVLVSIFGRETPVELTFGQVSKI
DYEVGES-VTVMDGPFATLPATISEVNAEQQKLKVLVSIFGRETPVELTFGQVSKI",269,'G' inserted at '8',None,1,0
17,-3.816607769,0,DYEVGESVATVMDGPFATLPATISEVNAEQQKLKVLVSIFGRETPVELTFGQVSKI,"DYEVGESVATVMDGPFATLPATISEVNAEQQKLKVLVSIFGRETPVELTFGQVSKI
DYEVGESV-TVMDGPFATLPATISEVNAEQQKLKVLVSIFGRETPVELTFGQVSKI",269,'A' inserted at '9',None,1,0
18,-3.83785614,0,DYEVGESVGTVMDGPFATLPATISEVNAEQQKLKVLVSIFGRETPVELTFGQVSKI,"DYEVGESVGTVMDGPFATLPATISEVNAEQQKLKVLVSIFGRETPVELTFGQVSKI
DYEVGESV-TVMDGPFATLPATISEVNAEQQKLKVLVSIFGRETPVELTFGQVSKI",269,'G' inserted at '9',None,1,0
19,-3.741245074,0,DYEVGESVTAVMDGPFATLPATISEVNAEQQKLKVLVSIFGRETPVELTFGQVSKI,"DYEVGESVTAVMDGPFATLPATISEVNAEQQKLKVLVSIFGRETPVELTFGQVSKI
DYEVGESVT-VMDGPFATLPATISEVNAEQQKLKVLVSIFGRETPVELTFGQVSKI",269,'A' inserted at '10',None,1,0
20,-3.715397351,0,DYEVGESVTGVMDGPFATLPATISEVNAEQQKLKVLVSIFGRETPVELTFGQVSKI,"DYEVGESVTGVMDGPFATLPATISEVNAEQQKLKVLVSIFGRETPVELTFGQVSKI
DYEVGESVT-VMDGPFATLPATISEVNAEQQKLKVLVSIFGRETPVELTFGQVSKI",269,'G' inserted at '10',None,1,0
22,-2.579966618,0,DYEVGESVTVAMDGPFATLPATISEVNAEQQKLKVLVSIFGRETPVELTFGQVSKI,"DYEVGESVTVAMDGPFATLPATISEVNAEQQKLKVLVSIFGRETPVELTFGQVSKI
DYEVGESVTV-MDGPFATLPATISEVNAEQQKLKVLVSIFGRETPVELTFGQVSKI",269,'A' inserted at '11',None,1,0
24,-3.144305934,0,DYEVGESVTVGMDGPFATLPATISEVNAEQQKLKVLVSIFGRETPVELTFGQVSKI,"DYEVGESVTVGMDGPFATLPATISEVNAEQQKLKVLVSIFGRETPVELTFGQVSKI
DYEVGESVTV-MDGPFATLPATISEVNAEQQKLKVLVSIFGRETPVELTFGQVSKI",269,'G' inserted at '11',None,1,0
25,-1.937338657,0,DYEVGESVTVMADGPFATLPATISEVNAEQQKLKVLVSIFGRETPVELTFGQVSKI,"DYEVGESVTVMADGPFATLPATISEVNAEQQKLKVLVSIFGRETPVELTFGQVSKI
DYEVGESVTVM-DGPFATLPATISEVNAEQQKLKVLVSIFGRETPVELTFGQVSKI",269,'A' inserted at '12',None,1,0
26,-2.523618123,0,DYEVGESVTVMDAGPFATLPATISEVNAEQQKLKVLVSIFGRETPVELTFGQVSKI,"DYEVGESVTVMDAGPFATLPATISEVNAEQQKLKVLVSIFGRETPVELTFGQVSKI
DYEVGESVTVMD-GPFATLPATISEVNAEQQKLKVLVSIFGRETPVELTFGQVSKI",269,'A' inserted at '13',None,1,0
27,-2.763381656,0,DYEVGESVTVMDGAPFATLPATISEVNAEQQKLKVLVSIFGRETPVELTFGQVSKI,"DYEVGESVTVMDGAPFATLPATISEVNAEQQKLKVLVSIFGRETPVELTFGQVSKI
DYEVGESVTVMDG-PFATLPATISEVNAEQQKLKVLVSIFGRETPVELTFGQVSKI",269,'A' inserted at '14',None,1,0
29,-2.065608459,0,DYEVGESVTVMDGGPFATLPATISEVNAEQQKLKVLVSIFGRETPVELTFGQVSKI,"DYEVGESVTVMDGGPFATLPATISEVNAEQQKLKVLVSIFGRETPVELTFGQVSKI
DYEVGESVTVMDG-PFATLPATISEVNAEQQKLKVLVSIFGRETPVELTFGQVSKI",269,'G' inserted at '14',None,1,0
30,-3.559380669,0,DYEVGESVTVMDGPAFATLPATISEVNAEQQKLKVLVSIFGRETPVELTFGQVSKI,"DYEVGESVTVMDGPAFATLPATISEVNAEQQKLKVLVSIFGRETPVELTFGQVSKI
DYEVGESVTVMDGP-FATLPATISEVNAEQQKLKVLVSIFGRETPVELTFGQVSKI",269,'A' inserted at '15',None,1,0
32,-2.783128894,0,DYEVGESVTVMDGPFAATLPATISEVNAEQQKLKVLVSIFGRETPVELTFGQVSKI,"DYEVGESVTVMDGPFAATLPATISEVNAEQQKLKVLVSIFGRETPVELTFGQVSKI
DYEVGESVTVMDGPFA-TLPATISEVNAEQQKLKVLVSIFGRETPVELTFGQVSKI",269,'A' inserted at '17',None,1,0
33,-1.943829696,0,DYEVGESVTVMDGPFAGTLPATISEVNAEQQKLKVLVSIFGRETPVELTFGQVSKI,"DYEVGESVTVMDGPFAGTLPATISEVNAEQQKLKVLVSIFGRETPVELTFGQVSKI
DYEVGESVTVMDGPFA-TLPATISEVNAEQQKLKVLVSIFGRETPVELTFGQVSKI",269,'G' inserted at '17',None,1,0
35,-2.340473127,0,DYEVGESVTVMDGPFATALPATISEVNAEQQKLKVLVSIFGRETPVELTFGQVSKI,"DYEVGESVTVMDGPFATALPATISEVNAEQQKLKVLVSIFGRETPVELTFGQVSKI
DYEVGESVTVMDGPFAT-LPATISEVNAEQQKLKVLVSIFGRETPVELTFGQVSKI",269,'A' inserted at '18',None,1,0
36,-2.141605944,0,DYEVGESVTVMDGPFATGLPATISEVNAEQQKLKVLVSIFGRETPVELTFGQVSKI,"DYEVGESVTVMDGPFATGLPATISEVNAEQQKLKVLVSIFGRETPVELTFGQVSKI
DYEVGESVTVMDGPFAT-LPATISEVNAEQQKLKVLVSIFGRETPVELTFGQVSKI",269,'G' inserted at '18',None,1,0
37,-2.497549088,0,DYEVGESVTVMDGPFATLAPATISEVNAEQQKLKVLVSIFGRETPVELTFGQVSKI,"DYEVGESVTVMDGPFATLAPATISEVNAEQQKLKVLVSIFGRETPVELTFGQVSKI
DYEVGESVTVMDGPFATL-PATISEVNAEQQKLKVLVSIFGRETPVELTFGQVSKI",269,'A' inserted at '19',None,1,0
39,-1.855732543,0,DYEVGESVTVMDGPFATLGPATISEVNAEQQKLKVLVSIFGRETPVELTFGQVSKI,"DYEVGESVTVMDGPFATLGPATISEVNAEQQKLKVLVSIFGRETPVELTFGQVSKI
DYEVGESVTVMDGPFATL-PATISEVNAEQQKLKVLVSIFGRETPVELTFGQVSKI",269,'G' inserted at '19',None,1,0
40,-3.299479621,0,DYEVGESVTVMDGPFATLPAATISEVNAEQQKLKVLVSIFGRETPVELTFGQVSKI,"DYEVGESVTVMDGPFATLPAATISEVNAEQQKLKVLVSIFGRETPVELTFGQVSKI
DYEVGESVTVMDGPFATLPA-TISEVNAEQQKLKVLVSIFGRETPVELTFGQVSKI",269,'A' inserted at '21',None,1,0
41,-3.388841913,0,DYEVGESVTVMDGPFATLPAGTISEVNAEQQKLKVLVSIFGRETPVELTFGQVSKI,"DYEVGESVTVMDGPFATLPAGTISEVNAEQQKLKVLVSIFGRETPVELTFGQVSKI
DYEVGESVTVMDGPFATLPA-TISEVNAEQQKLKVLVSIFGRETPVELTFGQVSKI",269,'G' inserted at '21',None,1,0
43,-3.949982971,0,DYEVGESVTVMDGPFATLPATAISEVNAEQQKLKVLVSIFGRETPVELTFGQVSKI,"DYEVGESVTVMDGPFATLPATAISEVNAEQQKLKVLVSIFGRETPVELTFGQVSKI
DYEVGESVTVMDGPFATLPAT-ISEVNAEQQKLKVLVSIFGRETPVELTFGQVSKI",269,'A' inserted at '22',None,1,0
44,-3.881836089,0,DYEVGESVTVMDGPFATLPATGISEVNAEQQKLKVLVSIFGRETPVELTFGQVSKI,"DYEVGESVTVMDGPFATLPATGISEVNAEQQKLKVLVSIFGRETPVELTFGQVSKI
DYEVGESVTVMDGPFATLPAT-ISEVNAEQQKLKVLVSIFGRETPVELTFGQVSKI",269,'G' inserted at '22',None,1,0
45,-3.705924725,0,DYEVGESVTVMDGPFATLPATIASEVNAEQQKLKVLVSIFGRETPVELTFGQVSKI,"DYEVGESVTVMDGPFATLPATIASEVNAEQQKLKVLVSIFGRETPVELTFGQVSKI
DYEVGESVTVMDGPFATLPATI-SEVNAEQQKLKVLVSIFGRETPVELTFGQVSKI",269,'A' inserted at '23',None,1,0
47,-4.145380141,0,DYEVGESVTVMDGPFATLPATIGSEVNAEQQKLKVLVSIFGRETPVELTFGQVSKI,"DYEVGESVTVMDGPFATLPATIGSEVNAEQQKLKVLVSIFGRETPVELTFGQVSKI
DYEVGESVTVMDGPFATLPATI-SEVNAEQQKLKVLVSIFGRETPVELTFGQVSKI",269,'G' inserted at '23',None,1,0
48,-3.677713514,0,DYEVGESVTVMDGPFATLPATISAEVNAEQQKLKVLVSIFGRETPVELTFGQVSKI,"DYEVGESVTVMDGPFATLPATISAEVNAEQQKLKVLVSIFGRETPVELTFGQVSKI
DYEVGESVTVMDGPFATLPATIS-EVNAEQQKLKVLVSIFGRETPVELTFGQVSKI",269,'A' inserted at '24',None,1,0
49,-3.762893151,0,DYEVGESVTVMDGPFATLPATISEAVNAEQQKLKVLVSIFGRETPVELTFGQVSKI,"DYEVGESVTVMDGPFATLPATISEAVNAEQQKLKVLVSIFGRETPVELTFGQVSKI
DYEVGESVTVMDGPFATLPATISE-VNAEQQKLKVLVSIFGRETPVELTFGQVSKI",269,'A' inserted at '25',None,1,0
50,-4.165163242,0,DYEVGESVTVMDGPFATLPATISEGVNAEQQKLKVLVSIFGRETPVELTFGQVSKI,"DYEVGESVTVMDGPFATLPATISEGVNAEQQKLKVLVSIFGRETPVELTFGQVSKI
DYEVGESVTVMDGPFATLPATISE-VNAEQQKLKVLVSIFGRETPVELTFGQVSKI",269,'G' inserted at '25',None,1,0
53,-3.372036095,0,DYEVGESVTVMDGPFATLPATISEVANAEQQKLKVLVSIFGRETPVELTFGQVSKI,"DYEVGESVTVMDGPFATLPATISEVANAEQQKLKVLVSIFGRETPVELTFGQVSKI
DYEVGESVTVMDGPFATLPATISEV-NAEQQKLKVLVSIFGRETPVELTFGQVSKI",269,'A' inserted at '26',None,1,0
54,-3.198996797,0,DYEVGESVTVMDGPFATLPATISEVGNAEQQKLKVLVSIFGRETPVELTFGQVSKI,"DYEVGESVTVMDGPFATLPATISEVGNAEQQKLKVLVSIFGRETPVELTFGQVSKI
DYEVGESVTVMDGPFATLPATISEV-NAEQQKLKVLVSIFGRETPVELTFGQVSKI",269,'G' inserted at '26',None,1,0
55,-3.461853205,0,DYEVGESVTVMDGPFATLPATISEVNAAEQQKLKVLVSIFGRETPVELTFGQVSKI,"DYEVGESVTVMDGPFATLPATISEVNAAEQQKLKVLVSIFGRETPVELTFGQVSKI
DYEVGESVTVMDGPFATLPATISEVNA-EQQKLKVLVSIFGRETPVELTFGQVSKI",269,'A' inserted at '28',None,1,0
56,-3.616321994,0,DYEVGESVTVMDGPFATLPATISEVNAEAQQKLKVLVSIFGRETPVELTFGQVSKI,"DYEVGESVTVMDGPFATLPATISEVNAEAQQKLKVLVSIFGRETPVELTFGQVSKI
DYEVGESVTVMDGPFATLPATISEVNAE-QQKLKVLVSIFGRETPVELTFGQVSKI",269,'A' inserted at '29',None,1,0
57,-2.792433944,0,DYEVGESVTVMDGPFATLPATISEVNAEGQQKLKVLVSIFGRETPVELTFGQVSKI,"DYEVGESVTVMDGPFATLPATISEVNAEGQQKLKVLVSIFGRETPVELTFGQVSKI
DYEVGESVTVMDGPFATLPATISEVNAE-QQKLKVLVSIFGRETPVELTFGQVSKI",269,'G' inserted at '29',None,1,0
58,-3.396241478,0,DYEVGESVTVMDGPFATLPATISEVNAEQAQKLKVLVSIFGRETPVELTFGQVSKI,"DYEVGESVTVMDGPFATLPATISEVNAEQAQKLKVLVSIFGRETPVELTFGQVSKI
DYEVGESVTVMDGPFATLPATISEVNAEQ-QKLKVLVSIFGRETPVELTFGQVSKI",269,'A' inserted at '30',None,1,0
59,-3.10445744,0,DYEVGESVTVMDGPFATLPATISEVNAEQGQKLKVLVSIFGRETPVELTFGQVSKI,"DYEVGESVTVMDGPFATLPATISEVNAEQGQKLKVLVSIFGRETPVELTFGQVSKI
DYEVGESVTVMDGPFATLPATISEVNAEQ-QKLKVLVSIFGRETPVELTFGQVSKI",269,'G' inserted at '30',None,1,0
61,-3.676847223,0,DYEVGESVTVMDGPFATLPATISEVNAEQQAKLKVLVSIFGRETPVELTFGQVSKI,"DYEVGESVTVMDGPFATLPATISEVNAEQQAKLKVLVSIFGRETPVELTFGQVSKI
DYEVGESVTVMDGPFATLPATISEVNAEQQ-KLKVLVSIFGRETPVELTFGQVSKI",269,'A' inserted at '31',None,1,0
62,-2.767122886,0,DYEVGESVTVMDGPFATLPATISEVNAEQQGKLKVLVSIFGRETPVELTFGQVSKI,"DYEVGESVTVMDGPFATLPATISEVNAEQQGKLKVLVSIFGRETPVELTFGQVSKI
DYEVGESVTVMDGPFATLPATISEVNAEQQ-KLKVLVSIFGRETPVELTFGQVSKI",269,'G' inserted at '31',None,1,0
63,-3.422357347,0,DYEVGESVTVMDGPFATLPATISEVNAEQQKALKVLVSIFGRETPVELTFGQVSKI,"DYEVGESVTVMDGPFATLPATISEVNAEQQKALKVLVSIFGRETPVELTFGQVSKI
DYEVGESVTVMDGPFATLPATISEVNAEQQK-LKVLVSIFGRETPVELTFGQVSKI",269,'A' inserted at '32',None,1,0
64,-3.622725315,0,DYEVGESVTVMDGPFATLPATISEVNAEQQKGLKVLVSIFGRETPVELTFGQVSKI,"DYEVGESVTVMDGPFATLPATISEVNAEQQKGLKVLVSIFGRETPVELTFGQVSKI
DYEVGESVTVMDGPFATLPATISEVNAEQQK-LKVLVSIFGRETPVELTFGQVSKI",269,'G' inserted at '32',None,1,0
66,-4.095695762,0,DYEVGESVTVMDGPFATLPATISEVNAEQQKLAKVLVSIFGRETPVELTFGQVSKI,"DYEVGESVTVMDGPFATLPATISEVNAEQQKLAKVLVSIFGRETPVELTFGQVSKI
DYEVGESVTVMDGPFATLPATISEVNAEQQKL-KVLVSIFGRETPVELTFGQVSKI",269,'A' inserted at '33',None,1,0
67,-3.941082363,0,DYEVGESVTVMDGPFATLPATISEVNAEQQKLGKVLVSIFGRETPVELTFGQVSKI,"DYEVGESVTVMDGPFATLPATISEVNAEQQKLGKVLVSIFGRETPVELTFGQVSKI
DYEVGESVTVMDGPFATLPATISEVNAEQQKL-KVLVSIFGRETPVELTFGQVSKI",269,'G' inserted at '33',None,1,0
68,-2.583942315,0,DYEVGESVTVMDGPFATLPATISEVNAEQQKLKAVLVSIFGRETPVELTFGQVSKI,"DYEVGESVTVMDGPFATLPATISEVNAEQQKLKAVLVSIFGRETPVELTFGQVSKI
DYEVGESVTVMDGPFATLPATISEVNAEQQKLK-VLVSIFGRETPVELTFGQVSKI",269,'A' inserted at '34',None,1,0
69,-3.716948727,0,DYEVGESVTVMDGPFATLPATISEVNAEQQKLKGVLVSIFGRETPVELTFGQVSKI,"DYEVGESVTVMDGPFATLPATISEVNAEQQKLKGVLVSIFGRETPVELTFGQVSKI
DYEVGESVTVMDGPFATLPATISEVNAEQQKLK-VLVSIFGRETPVELTFGQVSKI",269,'G' inserted at '34',None,1,0
71,-2.847961912,0,DYEVGESVTVMDGPFATLPATISEVNAEQQKLKVALVSIFGRETPVELTFGQVSKI,"DYEVGESVTVMDGPFATLPATISEVNAEQQKLKVALVSIFGRETPVELTFGQVSKI
DYEVGESVTVMDGPFATLPATISEVNAEQQKLKV-LVSIFGRETPVELTFGQVSKI",269,'A' inserted at '35',None,1,0
72,-3.781323816,0,DYEVGESVTVMDGPFATLPATISEVNAEQQKLKVGLVSIFGRETPVELTFGQVSKI,"DYEVGESVTVMDGPFATLPATISEVNAEQQKLKVGLVSIFGRETPVELTFGQVSKI
DYEVGESVTVMDGPFATLPATISEVNAEQQKLKV-LVSIFGRETPVELTFGQVSKI",269,'G' inserted at '35',None,1,0
73,-3.090335187,0,DYEVGESVTVMDGPFATLPATISEVNAEQQKLKVLAVSIFGRETPVELTFGQVSKI,"DYEVGESVTVMDGPFATLPATISEVNAEQQKLKVLAVSIFGRETPVELTFGQVSKI
DYEVGESVTVMDGPFATLPATISEVNAEQQKLKVL-VSIFGRETPVELTFGQVSKI",269,'A' inserted at '36',None,1,0
74,-3.893303192,0,DYEVGESVTVMDGPFATLPATISEVNAEQQKLKVLGVSIFGRETPVELTFGQVSKI,"DYEVGESVTVMDGPFATLPATISEVNAEQQKLKVLGVSIFGRETPVELTFGQVSKI
DYEVGESVTVMDGPFATLPATISEVNAEQQKLKVL-VSIFGRETPVELTFGQVSKI",269,'G' inserted at '36',None,1,0
76,-1.476320119,0,DYEVGESVTVMDGPFATLPATISEVNAEQQKLKVLVASIFGRETPVELTFGQVSKI,"DYEVGESVTVMDGPFATLPATISEVNAEQQKLKVLVASIFGRETPVELTFGQVSKI
DYEVGESVTVMDGPFATLPATISEVNAEQQKLKVLV-SIFGRETPVELTFGQVSKI",269,'A' inserted at '37',None,1,0
77,-1.725419622,0,DYEVGESVTVMDGPFATLPATISEVNAEQQKLKVLVGSIFGRETPVELTFGQVSKI,"DYEVGESVTVMDGPFATLPATISEVNAEQQKLKVLVGSIFGRETPVELTFGQVSKI
DYEVGESVTVMDGPFATLPATISEVNAEQQKLKVLV-SIFGRETPVELTFGQVSKI",269,'G' inserted at '37',None,1,0
79,-1.778779181,0,DYEVGESVTVMDGPFATLPATISEVNAEQQKLKVLVSAIFGRETPVELTFGQVSKI,"DYEVGESVTVMDGPFATLPATISEVNAEQQKLKVLVSAIFGRETPVELTFGQVSKI
DYEVGESVTVMDGPFATLPATISEVNAEQQKLKVLVS-IFGRETPVELTFGQVSKI",269,'A' inserted at '38',None,1,0
81,-1.131623021,0,DYEVGESVTVMDGPFATLPATISEVNAEQQKLKVLVSGIFGRETPVELTFGQVSKI,"DYEVGESVTVMDGPFATLPATISEVNAEQQKLKVLVSGIFGRETPVELTFGQVSKI
DYEVGESVTVMDGPFATLPATISEVNAEQQKLKVLVS-IFGRETPVELTFGQVSKI",269,'G' inserted at '38',None,1,0
82,-0.921723594,0,DYEVGESVTVMDGPFATLPATISEVNAEQQKLKVLVSIAFGRETPVELTFGQVSKI,"DYEVGESVTVMDGPFATLPATISEVNAEQQKLKVLVSIAFGRETPVELTFGQVSKI
DYEVGESVTVMDGPFATLPATISEVNAEQQKLKVLVSI-FGRETPVELTFGQVSKI",269,'A' inserted at '39',None,1,0
83,-1.594361547,0,DYEVGESVTVMDGPFATLPATISEVNAEQQKLKVLVSIFAGRETPVELTFGQVSKI,"DYEVGESVTVMDGPFATLPATISEVNAEQQKLKVLVSIFAGRETPVELTFGQVSKI
DYEVGESVTVMDGPFATLPATISEVNAEQQKLKVLVSIF-GRETPVELTFGQVSKI",269,'A' inserted at '40',None,1,0
84,-1.582462357,0,DYEVGESVTVMDGPFATLPATISEVNAEQQKLKVLVSIFGARETPVELTFGQVSKI,"DYEVGESVTVMDGPFATLPATISEVNAEQQKLKVLVSIFGARETPVELTFGQVSKI
DYEVGESVTVMDGPFATLPATISEVNAEQQKLKVLVSIFG-RETPVELTFGQVSKI",269,'A' inserted at '41',None,1,0
86,-1.06279896,0,DYEVGESVTVMDGPFATLPATISEVNAEQQKLKVLVSIFGGRETPVELTFGQVSKI,"DYEVGESVTVMDGPFATLPATISEVNAEQQKLKVLVSIFGGRETPVELTFGQVSKI
DYEVGESVTVMDGPFATLPATISEVNAEQQKLKVLVSIFG-RETPVELTFGQVSKI",269,'G' inserted at '41',None,1,0
87,-0.830908306,0,DYEVGESVTVMDGPFATLPATISEVNAEQQKLKVLVSIFGRAETPVELTFGQVSKI,"DYEVGESVTVMDGPFATLPATISEVNAEQQKLKVLVSIFGRAETPVELTFGQVSKI
DYEVGESVTVMDGPFATLPATISEVNAEQQKLKVLVSIFGR-ETPVELTFGQVSKI",269,'A' inserted at '42',None,1,0
88,-0.423923543,1,DYEVGESVTVMDGPFATLPATISEVNAEQQKLKVLVSIFGREATPVELTFGQVSKI,"DYEVGESVTVMDGPFATLPATISEVNAEQQKLKVLVSIFGREATPVELTFGQVSKI
DYEVGESVTVMDGPFATLPATISEVNAEQQKLKVLVSIFGRE-TPVELTFGQVSKI",269,'A' inserted at '43',None,1,0
89,-0.636191824,0,DYEVGESVTVMDGPFATLPATISEVNAEQQKLKVLVSIFGREGTPVELTFGQVSKI,"DYEVGESVTVMDGPFATLPATISEVNAEQQKLKVLVSIFGREGTPVELTFGQVSKI
DYEVGESVTVMDGPFATLPATISEVNAEQQKLKVLVSIFGRE-TPVELTFGQVSKI",269,'G' inserted at '43',None,1,0
91,-0.694057374,0,DYEVGESVTVMDGPFATLPATISEVNAEQQKLKVLVSIFGRETAPVELTFGQVSKI,"DYEVGESVTVMDGPFATLPATISEVNAEQQKLKVLVSIFGRETAPVELTFGQVSKI
DYEVGESVTVMDGPFATLPATISEVNAEQQKLKVLVSIFGRET-PVELTFGQVSKI",269,'A' inserted at '44',None,1,0
92,-0.164650856,1,DYEVGESVTVMDGPFATLPATISEVNAEQQKLKVLVSIFGRETGPVELTFGQVSKI,"DYEVGESVTVMDGPFATLPATISEVNAEQQKLKVLVSIFGRETGPVELTFGQVSKI
DYEVGESVTVMDGPFATLPATISEVNAEQQKLKVLVSIFGRET-PVELTFGQVSKI",269,'G' inserted at '44',None,1,0
93,-1.303353423,0,DYEVGESVTVMDGPFATLPATISEVNAEQQKLKVLVSIFGRETPAVELTFGQVSKI,"DYEVGESVTVMDGPFATLPATISEVNAEQQKLKVLVSIFGRETPAVELTFGQVSKI
DYEVGESVTVMDGPFATLPATISEVNAEQQKLKVLVSIFGRETP-VELTFGQVSKI",269,'A' inserted at '45',None,1,0
95,-1.704245432,0,DYEVGESVTVMDGPFATLPATISEVNAEQQKLKVLVSIFGRETPGVELTFGQVSKI,"DYEVGESVTVMDGPFATLPATISEVNAEQQKLKVLVSIFGRETPGVELTFGQVSKI
DYEVGESVTVMDGPFATLPATISEVNAEQQKLKVLVSIFGRETP-VELTFGQVSKI",269,'G' inserted at '45',None,1,0
96,-2.130396184,0,DYEVGESVTVMDGPFATLPATISEVNAEQQKLKVLVSIFGRETPVAELTFGQVSKI,"DYEVGESVTVMDGPFATLPATISEVNAEQQKLKVLVSIFGRETPVAELTFGQVSKI
DYEVGESVTVMDGPFATLPATISEVNAEQQKLKVLVSIFGRETPV-ELTFGQVSKI",269,'A' inserted at '46',None,1,0
97,-3.282197871,0,DYEVGESVTVMDGPFATLPATISEVNAEQQKLKVLVSIFGRETPVEALTFGQVSKI,"DYEVGESVTVMDGPFATLPATISEVNAEQQKLKVLVSIFGRETPVEALTFGQVSKI
DYEVGESVTVMDGPFATLPATISEVNAEQQKLKVLVSIFGRETPVE-LTFGQVSKI",269,'A' inserted at '47',None,1,0
98,-2.135236978,0,DYEVGESVTVMDGPFATLPATISEVNAEQQKLKVLVSIFGRETPVEGLTFGQVSKI,"DYEVGESVTVMDGPFATLPATISEVNAEQQKLKVLVSIFGRETPVEGLTFGQVSKI
DYEVGESVTVMDGPFATLPATISEVNAEQQKLKVLVSIFGRETPVE-LTFGQVSKI",269,'G' inserted at '47',None,1,0
99,-4.193820801,0,DYEVGESVTVMDGPFATLPATISEVNAEQQKLKVLVSIFGRETPVELATFGQVSKI,"DYEVGESVTVMDGPFATLPATISEVNAEQQKLKVLVSIFGRETPVELATFGQVSKI
DYEVGESVTVMDGPFATLPATISEVNAEQQKLKVLVSIFGRETPVEL-TFGQVSKI",269,'A' inserted at '48',None,1,0
101,-4.111859146,0,DYEVGESVTVMDGPFATLPATISEVNAEQQKLKVLVSIFGRETPVELGTFGQVSKI,"DYEVGESVTVMDGPFATLPATISEVNAEQQKLKVLVSIFGRETPVELGTFGQVSKI
DYEVGESVTVMDGPFATLPATISEVNAEQQKLKVLVSIFGRETPVEL-TFGQVSKI",269,'G' inserted at '48',None,1,0
102,-3.849608925,0,DYEVGESVTVMDGPFATLPATISEVNAEQQKLKVLVSIFGRETPVELTAFGQVSKI,"DYEVGESVTVMDGPFATLPATISEVNAEQQKLKVLVSIFGRETPVELTAFGQVSKI
DYEVGESVTVMDGPFATLPATISEVNAEQQKLKVLVSIFGRETPVELT-FGQVSKI",269,'A' inserted at '49',None,1,0
103,-3.631240738,0,DYEVGESVTVMDGPFATLPATISEVNAEQQKLKVLVSIFGRETPVELTFAGQVSKI,"DYEVGESVTVMDGPFATLPATISEVNAEQQKLKVLVSIFGRETPVELTFAGQVSKI
DYEVGESVTVMDGPFATLPATISEVNAEQQKLKVLVSIFGRETPVELTF-GQVSKI",269,'A' inserted at '50',None,1,0
104,-3.705287742,0,DYEVGESVTVMDGPFATLPATISEVNAEQQKLKVLVSIFGRETPVELTFGAQVSKI,"DYEVGESVTVMDGPFATLPATISEVNAEQQKLKVLVSIFGRETPVELTFGAQVSKI
DYEVGESVTVMDGPFATLPATISEVNAEQQKLKVLVSIFGRETPVELTFG-QVSKI",269,'A' inserted at '51',None,1,0
105,-3.775586466,0,DYEVGESVTVMDGPFATLPATISEVNAEQQKLKVLVSIFGRETPVELTFGGQVSKI,"DYEVGESVTVMDGPFATLPATISEVNAEQQKLKVLVSIFGRETPVELTFGGQVSKI
DYEVGESVTVMDGPFATLPATISEVNAEQQKLKVLVSIFGRETPVELTFG-QVSKI",269,'G' inserted at '51',None,1,0
106,-3.18125369,0,DYEVGESVTVMDGPFATLPATISEVNAEQQKLKVLVSIFGRETPVELTFGQAVSKI,"DYEVGESVTVMDGPFATLPATISEVNAEQQKLKVLVSIFGRETPVELTFGQAVSKI
DYEVGESVTVMDGPFATLPATISEVNAEQQKLKVLVSIFGRETPVELTFGQ-VSKI",269,'A' inserted at '52',None,1,0
107,-3.760506901,0,DYEVGESVTVMDGPFATLPATISEVNAEQQKLKVLVSIFGRETPVELTFGQGVSKI,"DYEVGESVTVMDGPFATLPATISEVNAEQQKLKVLVSIFGRETPVELTFGQGVSKI
DYEVGESVTVMDGPFATLPATISEVNAEQQKLKVLVSIFGRETPVELTFGQ-VSKI",269,'G' inserted at '52',None,1,0
109,-1.554188339,0,DYEVGESVTVMDGPFATLPATISEVNAEQQKLKVLVSIFGRETPVELTFGQVASKI,"DYEVGESVTVMDGPFATLPATISEVNAEQQKLKVLVSIFGRETPVELTFGQVASKI
DYEVGESVTVMDGPFATLPATISEVNAEQQKLKVLVSIFGRETPVELTFGQV-SKI",269,'A' inserted at '53',None,1,0
110,-2.122153552,0,DYEVGESVTVMDGPFATLPATISEVNAEQQKLKVLVSIFGRETPVELTFGQVGSKI,"DYEVGESVTVMDGPFATLPATISEVNAEQQKLKVLVSIFGRETPVELTFGQVGSKI
DYEVGESVTVMDGPFATLPATISEVNAEQQKLKVLVSIFGRETPVELTFGQV-SKI",269,'G' inserted at '53',None,1,0
112,-1.416364491,0,DYEVGESVTVMDGPFATLPATISEVNAEQQKLKVLVSIFGRETPVELTFGQVSAKI,"DYEVGESVTVMDGPFATLPATISEVNAEQQKLKVLVSIFGRETPVELTFGQVSAKI
DYEVGESVTVMDGPFATLPATISEVNAEQQKLKVLVSIFGRETPVELTFGQVS-KI",269,'A' inserted at '54',None,1,0
113,-1.66013803,0,DYEVGESVTVMDGPFATLPATISEVNAEQQKLKVLVSIFGRETPVELTFGQVSGKI,"DYEVGESVTVMDGPFATLPATISEVNAEQQKLKVLVSIFGRETPVELTFGQVSGKI
DYEVGESVTVMDGPFATLPATISEVNAEQQKLKVLVSIFGRETPVELTFGQVS-KI",269,'G' inserted at '54',None,1,0
116,-0.171531997,1,DYEVGESVTVMDGPFATLPATISEVNAEQQKLKVLVSIFGRETPVELTFGQVSKAI,"DYEVGESVTVMDGPFATLPATISEVNAEQQKLKVLVSIFGRETPVELTFGQVSKAI
DYEVGESVTVMDGPFATLPATISEVNAEQQKLKVLVSIFGRETPVELTFGQVSK-I",269,'A' inserted at '55',None,1,0
117,-0.277236075,1,DYEVGESVTVMDGPFATLPATISEVNAEQQKLKVLVSIFGRETPVELTFGQVSKGI,"DYEVGESVTVMDGPFATLPATISEVNAEQQKLKVLVSIFGRETPVELTFGQVSKGI
DYEVGESVTVMDGPFATLPATISEVNAEQQKLKVLVSIFGRETPVELTFGQVSK-I",269,'G' inserted at '55',None,1,0
120,-3.774781643,0,DYEVGESVTVMDGPFATLPATISEVNAEQQKLKVLVSIFGRETPVELTGFGQVSKI,"DYEVGESVTVMDGPFATLPATISEVNAEQQKLKVLVSIFGRETPVELTGFGQVSKI
DYEVGESVTVMDGPFATLPATISEVNAEQQKLKVLVSIFGRETPVELT-FGQVSKI",269,'G' inserted at '49',None,1,0
123,-2.846987163,0,DYEVGESVTVMDGPFATLPATISEVNAEQQKLKVLVSIFGRETPVGELTFGQVSKI,"DYEVGESVTVMDGPFATLPATISEVNAEQQKLKVLVSIFGRETPVGELTFGQVSKI
DYEVGESVTVMDGPFATLPATISEVNAEQQKLKVLVSIFGRETPV-ELTFGQVSKI",269,'G' inserted at '46',None,1,0
126,-0.595934616,0,DYEVGESVTVMDGPFATLPATISEVNAEQQKLKVLVSIFGRGETPVELTFGQVSKI,"DYEVGESVTVMDGPFATLPATISEVNAEQQKLKVLVSIFGRGETPVELTFGQVSKI
DYEVGESVTVMDGPFATLPATISEVNAEQQKLKVLVSIFGR-ETPVELTFGQVSKI",269,'G' inserted at '42',None,1,0
129,-0.447629499,1,DYEVGESVTVMDGPFATLPATISEVNAEQQKLKVLVSIGFGRETPVELTFGQVSKI,"DYEVGESVTVMDGPFATLPATISEVNAEQQKLKVLVSIGFGRETPVELTFGQVSKI
DYEVGESVTVMDGPFATLPATISEVNAEQQKLKVLVSI-FGRETPVELTFGQVSKI",269,'G' inserted at '39',None,1,0
134,-2.991945911,0,DYEVGESVTVMDGPFATLPATISEVNAGEQQKLKVLVSIFGRETPVELTFGQVSKI,"DYEVGESVTVMDGPFATLPATISEVNAGEQQKLKVLVSIFGRETPVELTFGQVSKI
DYEVGESVTVMDGPFATLPATISEVNA-EQQKLKVLVSIFGRETPVELTFGQVSKI",269,'G' inserted at '28',None,1,0
137,-3.464134386,0,DYEVGESVTVMDGPFATLPATISEVNGAEQQKLKVLVSIFGRETPVELTFGQVSKI,"DYEVGESVTVMDGPFATLPATISEVNGAEQQKLKVLVSIFGRETPVELTFGQVSKI
DYEVGESVTVMDGPFATLPATISEVN-AEQQKLKVLVSIFGRETPVELTFGQVSKI",269,'G' inserted at '27',None,1,0
138,-3.747421756,0,DYEVGESVTVMDGPFATLPATISGEVNAEQQKLKVLVSIFGRETPVELTFGQVSKI,"DYEVGESVTVMDGPFATLPATISGEVNAEQQKLKVLVSIFGRETPVELTFGQVSKI
DYEVGESVTVMDGPFATLPATIS-EVNAEQQKLKVLVSIFGRETPVELTFGQVSKI",269,'G' inserted at '24',None,1,0
141,-3.234117224,0,DYEVGESVTVMDGPFATLPGATISEVNAEQQKLKVLVSIFGRETPVELTFGQVSKI,"DYEVGESVTVMDGPFATLPGATISEVNAEQQKLKVLVSIFGRETPVELTFGQVSKI
DYEVGESVTVMDGPFATLP-ATISEVNAEQQKLKVLVSIFGRETPVELTFGQVSKI",269,'G' inserted at '20',None,1,0
144,-2.81132391,0,DYEVGESVTVMDGPFGATLPATISEVNAEQQKLKVLVSIFGRETPVELTFGQVSKI,"DYEVGESVTVMDGPFGATLPATISEVNAEQQKLKVLVSIFGRETPVELTFGQVSKI
DYEVGESVTVMDGPF-ATLPATISEVNAEQQKLKVLVSIFGRETPVELTFGQVSKI",269,'G' inserted at '16',None,1,0
146,-3.409520524,0,DYEVGESVTVMDGPGFATLPATISEVNAEQQKLKVLVSIFGRETPVELTFGQVSKI,"DYEVGESVTVMDGPGFATLPATISEVNAEQQKLKVLVSIFGRETPVELTFGQVSKI
DYEVGESVTVMDGP-FATLPATISEVNAEQQKLKVLVSIFGRETPVELTFGQVSKI",269,'G' inserted at '15',None,1,0
148,-1.708182401,0,DYEVGESVTVMGDGPFATLPATISEVNAEQQKLKVLVSIFGRETPVELTFGQVSKI,"DYEVGESVTVMGDGPFATLPATISEVNAEQQKLKVLVSIFGRETPVELTFGQVSKI
DYEVGESVTVM-DGPFATLPATISEVNAEQQKLKVLVSIFGRETPVELTFGQVSKI",269,'G' inserted at '12',None,1,0
152,-3.916987702,0,DYEVGGESVTVMDGPFATLPATISEVNAEQQKLKVLVSIFGRETPVELTFGQVSKI,"DYEVGGESVTVMDGPFATLPATISEVNAEQQKLKVLVSIFGRETPVELTFGQVSKI
DYEVG-ESVTVMDGPFATLPATISEVNAEQQKLKVLVSIFGRETPVELTFGQVSKI",269,'G' inserted at '6',None,1,0
154,-3.364840157,0,DYGEVGESVTVMDGPFATLPATISEVNAEQQKLKVLVSIFGRETPVELTFGQVSKI,"DYGEVGESVTVMDGPFATLPATISEVNAEQQKLKVLVSIFGRETPVELTFGQVSKI
DY-EVGESVTVMDGPFATLPATISEVNAEQQKLKVLVSIFGRETPVELTFGQVSKI",269,'G' inserted at '3',None,1,0
1,0.109444695,1,ADYEVGESVTVMDGPFATLPATISEVNAEQQKLKVLVSIFGRETPVELTFGQVSKI,"DYEVGESVTVMDGPFATLPATISEVNAEQQKLKVLVSIFGRETPVELTFGQVSKI
DYEVGESVTVMDGPFATLPATISEVNAEQQKLKVLVSIFGRETPVELTFGQVSKI",269,None,None,0,0
3,-3.985592309,0,DEVGESVTVMDGPFATLPATISEVNAEQQKLKVLVSIFGRETPVELTFGQVSKI,"D-EVGESVTVMDGPFATLPATISEVNAEQQKLKVLVSIFGRETPVELTFGQVSKI
DYEVGESVTVMDGPFATLPATISEVNAEQQKLKVLVSIFGRETPVELTFGQVSKI",262,None,'Y' deleted in '2',0,1
7,-3.845966409,0,DYEGESVTVMDGPFATLPATISEVNAEQQKLKVLVSIFGRETPVELTFGQVSKI,"DYE-GESVTVMDGPFATLPATISEVNAEQQKLKVLVSIFGRETPVELTFGQVSKI
DYEVGESVTVMDGPFATLPATISEVNAEQQKLKVLVSIFGRETPVELTFGQVSKI",265,None,'V' deleted in '4',0,1
10,-3.827720769,0,DYEVESVTVMDGPFATLPATISEVNAEQQKLKVLVSIFGRETPVELTFGQVSKI,"DYEV-ESVTVMDGPFATLPATISEVNAEQQKLKVLVSIFGRETPVELTFGQVSKI
DYEVGESVTVMDGPFATLPATISEVNAEQQKLKVLVSIFGRETPVELTFGQVSKI",263,None,'G' deleted in '5',0,1
16,-3.929634277,0,DYEVGESTVMDGPFATLPATISEVNAEQQKLKVLVSIFGRETPVELTFGQVSKI,"DYEVGES-TVMDGPFATLPATISEVNAEQQKLKVLVSIFGRETPVELTFGQVSKI
DYEVGESVTVMDGPFATLPATISEVNAEQQKLKVLVSIFGRETPVELTFGQVSKI",265,None,'V' deleted in '8',0,1
21,-3.565372089,0,DYEVGESVTMDGPFATLPATISEVNAEQQKLKVLVSIFGRETPVELTFGQVSKI,"DYEVGESVT-MDGPFATLPATISEVNAEQQKLKVLVSIFGRETPVELTFGQVSKI
DYEVGESVTVMDGPFATLPATISEVNAEQQKLKVLVSIFGRETPVELTFGQVSKI",265,None,'V' deleted in '10',0,1
23,-3.359368892,0,DYEVGESVTVDGPFATLPATISEVNAEQQKLKVLVSIFGRETPVELTFGQVSKI,"DYEVGESVTV-DGPFATLPATISEVNAEQQKLKVLVSIFGRETPVELTFGQVSKI
DYEVGESVTVMDGPFATLPATISEVNAEQQKLKVLVSIFGRETPVELTFGQVSKI",264,None,'M' deleted in '11',0,1
28,-3.155403304,0,DYEVGESVTVMDGFATLPATISEVNAEQQKLKVLVSIFGRETPVELTFGQVSKI,"DYEVGESVTVMDG-FATLPATISEVNAEQQKLKVLVSIFGRETPVELTFGQVSKI
DYEVGESVTVMDGPFATLPATISEVNAEQQKLKVLVSIFGRETPVELTFGQVSKI",262,None,'P' deleted in '14',0,1
31,-3.504359585,0,DYEVGESVTVMDGPATLPATISEVNAEQQKLKVLVSIFGRETPVELTFGQVSKI,"DYEVGESVTVMDGP-ATLPATISEVNAEQQKLKVLVSIFGRETPVELTFGQVSKI
DYEVGESVTVMDGPFATLPATISEVNAEQQKLKVLVSIFGRETPVELTFGQVSKI",263,None,'F' deleted in '15',0,1
34,-2.588771337,0,DYEVGESVTVMDGPFALPATISEVNAEQQKLKVLVSIFGRETPVELTFGQVSKI,"DYEVGESVTVMDGPFA-LPATISEVNAEQQKLKVLVSIFGRETPVELTFGQVSKI
DYEVGESVTVMDGPFATLPATISEVNAEQQKLKVLVSIFGRETPVELTFGQVSKI",264,None,'T' deleted in '17',0,1
38,-2.571115473,0,DYEVGESVTVMDGPFATLATISEVNAEQQKLKVLVSIFGRETPVELTFGQVSKI,"DYEVGESVTVMDGPFATL-ATISEVNAEQQKLKVLVSIFGRETPVELTFGQVSKI
DYEVGESVTVMDGPFATLPATISEVNAEQQKLKVLVSIFGRETPVELTFGQVSKI",262,None,'P' deleted in '19',0,1
42,-3.801913971,0,DYEVGESVTVMDGPFATLPAISEVNAEQQKLKVLVSIFGRETPVELTFGQVSKI,"DYEVGESVTVMDGPFATLPA-ISEVNAEQQKLKVLVSIFGRETPVELTFGQVSKI
DYEVGESVTVMDGPFATLPATISEVNAEQQKLKVLVSIFGRETPVELTFGQVSKI",264,None,'T' deleted in '21',0,1
46,-3.67664328,0,DYEVGESVTVMDGPFATLPATIEVNAEQQKLKVLVSIFGRETPVELTFGQVSKI,"DYEVGESVTVMDGPFATLPATI-EVNAEQQKLKVLVSIFGRETPVELTFGQVSKI
DYEVGESVTVMDGPFATLPATISEVNAEQQKLKVLVSIFGRETPVELTFGQVSKI",265,None,'S' deleted in '23',0,1
51,-3.894792035,0,DYEVGESVTVMDGPFATLPATISENAEQQKLKVLVSIFGRETPVELTFGQVSKI,"DYEVGESVTVMDGPFATLPATISE-NAEQQKLKVLVSIFGRETPVELTFGQVSKI
DYEVGESVTVMDGPFATLPATISEVNAEQQKLKVLVSIFGRETPVELTFGQVSKI",265,None,'V' deleted in '25',0,1
52,-3.087618747,0,DYEVGESVTVMDGPFATLPATISEVAEQQKLKVLVSIFGRETPVELTFGQVSKI,"DYEVGESVTVMDGPFATLPATISEV-AEQQKLKVLVSIFGRETPVELTFGQVSKI
DYEVGESVTVMDGPFATLPATISEVNAEQQKLKVLVSIFGRETPVELTFGQVSKI",263,None,'N' deleted in '26',0,1
60,-2.5468775,0,DYEVGESVTVMDGPFATLPATISEVNAEQKLKVLVSIFGRETPVELTFGQVSKI,"DYEVGESVTVMDGPFATLPATISEVNAEQ-KLKVLVSIFGRETPVELTFGQVSKI
DYEVGESVTVMDGPFATLPATISEVNAEQQKLKVLVSIFGRETPVELTFGQVSKI",264,None,'Q' deleted in '30',0,1
65,-4.245807257,0,DYEVGESVTVMDGPFATLPATISEVNAEQQKKVLVSIFGRETPVELTFGQVSKI,"DYEVGESVTVMDGPFATLPATISEVNAEQQK-KVLVSIFGRETPVELTFGQVSKI
DYEVGESVTVMDGPFATLPATISEVNAEQQKLKVLVSIFGRETPVELTFGQVSKI",265,None,'L' deleted in '32',0,1
70,-3.733722448,0,DYEVGESVTVMDGPFATLPATISEVNAEQQKLKLVSIFGRETPVELTFGQVSKI,"DYEVGESVTVMDGPFATLPATISEVNAEQQKLK-LVSIFGRETPVELTFGQVSKI
DYEVGESVTVMDGPFATLPATISEVNAEQQKLKVLVSIFGRETPVELTFGQVSKI",265,None,'V' deleted in '34',0,1
75,-4.201775376,0,DYEVGESVTVMDGPFATLPATISEVNAEQQKLKVLSIFGRETPVELTFGQVSKI,"DYEVGESVTVMDGPFATLPATISEVNAEQQKLKVL-SIFGRETPVELTFGQVSKI
DYEVGESVTVMDGPFATLPATISEVNAEQQKLKVLVSIFGRETPVELTFGQVSKI",265,None,'V' deleted in '36',0,1
78,-2.007035056,0,DYEVGESVTVMDGPFATLPATISEVNAEQQKLKVLVIFGRETPVELTFGQVSKI,"DYEVGESVTVMDGPFATLPATISEVNAEQQKLKVLV-IFGRETPVELTFGQVSKI
DYEVGESVTVMDGPFATLPATISEVNAEQQKLKVLVSIFGRETPVELTFGQVSKI",265,None,'S' deleted in '37',0,1
80,-2.304608268,0,DYEVGESVTVMDGPFATLPATISEVNAEQQKLKVLVSFGRETPVELTFGQVSKI,"DYEVGESVTVMDGPFATLPATISEVNAEQQKLKVLVS-FGRETPVELTFGQVSKI
DYEVGESVTVMDGPFATLPATISEVNAEQQKLKVLVSIFGRETPVELTFGQVSKI",265,None,'I' deleted in '38',0,1
85,-1.45409557,0,DYEVGESVTVMDGPFATLPATISEVNAEQQKLKVLVSIFGETPVELTFGQVSKI,"DYEVGESVTVMDGPFATLPATISEVNAEQQKLKVLVSIFG-ETPVELTFGQVSKI
DYEVGESVTVMDGPFATLPATISEVNAEQQKLKVLVSIFGRETPVELTFGQVSKI",264,None,'R' deleted in '41',0,1
90,-1.560532723,0,DYEVGESVTVMDGPFATLPATISEVNAEQQKLKVLVSIFGREPVELTFGQVSKI,"DYEVGESVTVMDGPFATLPATISEVNAEQQKLKVLVSIFGRE-PVELTFGQVSKI
DYEVGESVTVMDGPFATLPATISEVNAEQQKLKVLVSIFGRETPVELTFGQVSKI",264,None,'T' deleted in '43',0,1
94,-3.754052173,0,DYEVGESVTVMDGPFATLPATISEVNAEQQKLKVLVSIFGRETPELTFGQVSKI,"DYEVGESVTVMDGPFATLPATISEVNAEQQKLKVLVSIFGRETP-ELTFGQVSKI
DYEVGESVTVMDGPFATLPATISEVNAEQQKLKVLVSIFGRETPVELTFGQVSKI",265,None,'V' deleted in '45',0,1
100,-3.901152534,0,DYEVGESVTVMDGPFATLPATISEVNAEQQKLKVLVSIFGRETPVELFGQVSKI,"DYEVGESVTVMDGPFATLPATISEVNAEQQKLKVLVSIFGRETPVEL-FGQVSKI
DYEVGESVTVMDGPFATLPATISEVNAEQQKLKVLVSIFGRETPVELTFGQVSKI",264,None,'T' deleted in '48',0,1
108,-3.676175539,0,DYEVGESVTVMDGPFATLPATISEVNAEQQKLKVLVSIFGRETPVELTFGQSKI,"DYEVGESVTVMDGPFATLPATISEVNAEQQKLKVLVSIFGRETPVELTFGQ-SKI
DYEVGESVTVMDGPFATLPATISEVNAEQQKLKVLVSIFGRETPVELTFGQVSKI",265,None,'V' deleted in '52',0,1
111,-1.378493437,0,DYEVGESVTVMDGPFATLPATISEVNAEQQKLKVLVSIFGRETPVELTFGQVKI,"DYEVGESVTVMDGPFATLPATISEVNAEQQKLKVLVSIFGRETPVELTFGQV-KI
DYEVGESVTVMDGPFATLPATISEVNAEQQKLKVLVSIFGRETPVELTFGQVSKI",265,None,'S' deleted in '53',0,1
114,-1.533066693,0,DYEVGESVTVMDGPFATLPATISEVNAEQQKLKVLVSIFGRETPVELTFGQVSI,"DYEVGESVTVMDGPFATLPATISEVNAEQQKLKVLVSIFGRETPVELTFGQVS-I
DYEVGESVTVMDGPFATLPATISEVNAEQQKLKVLVSIFGRETPVELTFGQVSKI",264,None,'K' deleted in '54',0,1
115,-0.28694588,1,DYEVGESVTVMDGPFATLPATISEVNAEQQKLKVLVSIFGRETPVELTFGQVSK,"DYEVGESVTVMDGPFATLPATISEVNAEQQKLKVLVSIFGRETPVELTFGQVSK
DYEVGESVTVMDGPFATLPATISEVNAEQQKLKVLVSIFGRETPVELTFGQVSK",265,None,None,0,0
118,-3.299862858,0,DYEVGESVTVMDGPFATLPATISEVNAEQQKLKVLVSIFGRETPVELTFGVSKI,"DYEVGESVTVMDGPFATLPATISEVNAEQQKLKVLVSIFGRETPVELTFG-VSKI
DYEVGESVTVMDGPFATLPATISEVNAEQQKLKVLVSIFGRETPVELTFGQVSKI",264,None,'Q' deleted in '51',0,1
119,-3.389984258,0,DYEVGESVTVMDGPFATLPATISEVNAEQQKLKVLVSIFGRETPVELTFQVSKI,"DYEVGESVTVMDGPFATLPATISEVNAEQQKLKVLVSIFGRETPVELTF-QVSKI
DYEVGESVTVMDGPFATLPATISEVNAEQQKLKVLVSIFGRETPVELTFGQVSKI",263,None,'G' deleted in '50',0,1
121,-4.333251325,0,DYEVGESVTVMDGPFATLPATISEVNAEQQKLKVLVSIFGRETPVELTGQVSKI,"DYEVGESVTVMDGPFATLPATISEVNAEQQKLKVLVSIFGRETPVELT-GQVSKI
DYEVGESVTVMDGPFATLPATISEVNAEQQKLKVLVSIFGRETPVELTFGQVSKI",263,None,'F' deleted in '49',0,1
122,-3.908900753,0,DYEVGESVTVMDGPFATLPATISEVNAEQQKLKVLVSIFGRETPVETFGQVSKI,"DYEVGESVTVMDGPFATLPATISEVNAEQQKLKVLVSIFGRETPVE-TFGQVSKI
DYEVGESVTVMDGPFATLPATISEVNAEQQKLKVLVSIFGRETPVELTFGQVSKI",265,None,'L' deleted in '47',0,1
124,-3.774866832,0,DYEVGESVTVMDGPFATLPATISEVNAEQQKLKVLVSIFGRETPVLTFGQVSKI,"DYEVGESVTVMDGPFATLPATISEVNAEQQKLKVLVSIFGRETPV-LTFGQVSKI
DYEVGESVTVMDGPFATLPATISEVNAEQQKLKVLVSIFGRETPVELTFGQVSKI",264,None,'E' deleted in '46',0,1
125,-1.45085381,0,DYEVGESVTVMDGPFATLPATISEVNAEQQKLKVLVSIFGRETVELTFGQVSKI,"DYEVGESVTVMDGPFATLPATISEVNAEQQKLKVLVSIFGRET-VELTFGQVSKI
DYEVGESVTVMDGPFATLPATISEVNAEQQKLKVLVSIFGRETPVELTFGQVSKI",262,None,'P' deleted in '44',0,1
127,-1.757469698,0,DYEVGESVTVMDGPFATLPATISEVNAEQQKLKVLVSIFGRTPVELTFGQVSKI,"DYEVGESVTVMDGPFATLPATISEVNAEQQKLKVLVSIFGR-TPVELTFGQVSKI
DYEVGESVTVMDGPFATLPATISEVNAEQQKLKVLVSIFGRETPVELTFGQVSKI",264,None,'E' deleted in '42',0,1
128,-2.304628332,0,DYEVGESVTVMDGPFATLPATISEVNAEQQKLKVLVSIFRETPVELTFGQVSKI,"DYEVGESVTVMDGPFATLPATISEVNAEQQKLKVLVSIF-RETPVELTFGQVSKI
DYEVGESVTVMDGPFATLPATISEVNAEQQKLKVLVSIFGRETPVELTFGQVSKI",263,None,'G' deleted in '40',0,1
130,-2.667940141,0,DYEVGESVTVMDGPFATLPATISEVNAEQQKLKVLVSIGRETPVELTFGQVSKI,"DYEVGESVTVMDGPFATLPATISEVNAEQQKLKVLVSI-GRETPVELTFGQVSKI
DYEVGESVTVMDGPFATLPATISEVNAEQQKLKVLVSIFGRETPVELTFGQVSKI",263,None,'F' deleted in '39',0,1
131,-3.396427364,0,DYEVGESVTVMDGPFATLPATISEVNAEQQKLKVVSIFGRETPVELTFGQVSKI,"DYEVGESVTVMDGPFATLPATISEVNAEQQKLKV-VSIFGRETPVELTFGQVSKI
DYEVGESVTVMDGPFATLPATISEVNAEQQKLKVLVSIFGRETPVELTFGQVSKI",265,None,'L' deleted in '35',0,1
132,-3.629443112,0,DYEVGESVTVMDGPFATLPATISEVNAEQQKLVLVSIFGRETPVELTFGQVSKI,"DYEVGESVTVMDGPFATLPATISEVNAEQQKL-VLVSIFGRETPVELTFGQVSKI
DYEVGESVTVMDGPFATLPATISEVNAEQQKLKVLVSIFGRETPVELTFGQVSKI",264,None,'K' deleted in '33',0,1
133,-3.062181651,0,DYEVGESVTVMDGPFATLPATISEVNAEQQLKVLVSIFGRETPVELTFGQVSKI,"DYEVGESVTVMDGPFATLPATISEVNAEQQ-LKVLVSIFGRETPVELTFGQVSKI
DYEVGESVTVMDGPFATLPATISEVNAEQQKLKVLVSIFGRETPVELTFGQVSKI",264,None,'K' deleted in '31',0,1
135,-2.469566339,0,DYEVGESVTVMDGPFATLPATISEVNAQQKLKVLVSIFGRETPVELTFGQVSKI,"DYEVGESVTVMDGPFATLPATISEVNA-QQKLKVLVSIFGRETPVELTFGQVSKI
DYEVGESVTVMDGPFATLPATISEVNAEQQKLKVLVSIFGRETPVELTFGQVSKI",264,None,'E' deleted in '28',0,1
136,-2.635527578,0,DYEVGESVTVMDGPFATLPATISEVNEQQKLKVLVSIFGRETPVELTFGQVSKI,"DYEVGESVTVMDGPFATLPATISEVN-EQQKLKVLVSIFGRETPVELTFGQVSKI
DYEVGESVTVMDGPFATLPATISEVNAEQQKLKVLVSIFGRETPVELTFGQVSKI",265,None,'A' deleted in '27',0,1
139,-3.515917739,0,DYEVGESVTVMDGPFATLPATISVNAEQQKLKVLVSIFGRETPVELTFGQVSKI,"DYEVGESVTVMDGPFATLPATIS-VNAEQQKLKVLVSIFGRETPVELTFGQVSKI
DYEVGESVTVMDGPFATLPATISEVNAEQQKLKVLVSIFGRETPVELTFGQVSKI",264,None,'E' deleted in '24',0,1
140,-4.10155672,0,DYEVGESVTVMDGPFATLPATSEVNAEQQKLKVLVSIFGRETPVELTFGQVSKI,"DYEVGESVTVMDGPFATLPAT-SEVNAEQQKLKVLVSIFGRETPVELTFGQVSKI
DYEVGESVTVMDGPFATLPATISEVNAEQQKLKVLVSIFGRETPVELTFGQVSKI",265,None,'I' deleted in '22',0,1
142,-3.646970822,0,DYEVGESVTVMDGPFATLPTISEVNAEQQKLKVLVSIFGRETPVELTFGQVSKI,"DYEVGESVTVMDGPFATLP-TISEVNAEQQKLKVLVSIFGRETPVELTFGQVSKI
DYEVGESVTVMDGPFATLPATISEVNAEQQKLKVLVSIFGRETPVELTFGQVSKI",265,None,'A' deleted in '20',0,1
143,-3.343788718,0,DYEVGESVTVMDGPFATPATISEVNAEQQKLKVLVSIFGRETPVELTFGQVSKI,"DYEVGESVTVMDGPFAT-PATISEVNAEQQKLKVLVSIFGRETPVELTFGQVSKI
DYEVGESVTVMDGPFATLPATISEVNAEQQKLKVLVSIFGRETPVELTFGQVSKI",265,None,'L' deleted in '18',0,1
145,-2.70115129,0,DYEVGESVTVMDGPFTLPATISEVNAEQQKLKVLVSIFGRETPVELTFGQVSKI,"DYEVGESVTVMDGPF-TLPATISEVNAEQQKLKVLVSIFGRETPVELTFGQVSKI
DYEVGESVTVMDGPFATLPATISEVNAEQQKLKVLVSIFGRETPVELTFGQVSKI",265,None,'A' deleted in '16',0,1
147,-3.465468766,0,DYEVGESVTVMDPFATLPATISEVNAEQQKLKVLVSIFGRETPVELTFGQVSKI,"DYEVGESVTVMD-PFATLPATISEVNAEQQKLKVLVSIFGRETPVELTFGQVSKI
DYEVGESVTVMDGPFATLPATISEVNAEQQKLKVLVSIFGRETPVELTFGQVSKI",263,None,'G' deleted in '13',0,1
149,-2.666460534,0,DYEVGESVTVMGPFATLPATISEVNAEQQKLKVLVSIFGRETPVELTFGQVSKI,"DYEVGESVTVM-GPFATLPATISEVNAEQQKLKVLVSIFGRETPVELTFGQVSKI
DYEVGESVTVMDGPFATLPATISEVNAEQQKLKVLVSIFGRETPVELTFGQVSKI",263,None,'D' deleted in '12',0,1
150,-3.54419231,0,DYEVGESVVMDGPFATLPATISEVNAEQQKLKVLVSIFGRETPVELTFGQVSKI,"DYEVGESV-VMDGPFATLPATISEVNAEQQKLKVLVSIFGRETPVELTFGQVSKI
DYEVGESVTVMDGPFATLPATISEVNAEQQKLKVLVSIFGRETPVELTFGQVSKI",264,None,'T' deleted in '9',0,1
151,-3.907185311,0,DYEVGEVTVMDGPFATLPATISEVNAEQQKLKVLVSIFGRETPVELTFGQVSKI,"DYEVGE-VTVMDGPFATLPATISEVNAEQQKLKVLVSIFGRETPVELTFGQVSKI
DYEVGESVTVMDGPFATLPATISEVNAEQQKLKVLVSIFGRETPVELTFGQVSKI",265,None,'S' deleted in '7',0,1
153,-3.680893456,0,DYEVGSVTVMDGPFATLPATISEVNAEQQKLKVLVSIFGRETPVELTFGQVSKI,"DYEVG-SVTVMDGPFATLPATISEVNAEQQKLKVLVSIFGRETPVELTFGQVSKI
DYEVGESVTVMDGPFATLPATISEVNAEQQKLKVLVSIFGRETPVELTFGQVSKI",264,None,'E' deleted in '6',0,1
155,-3.446034378,0,DYVGESVTVMDGPFATLPATISEVNAEQQKLKVLVSIFGRETPVELTFGQVSKI,"DY-VGESVTVMDGPFATLPATISEVNAEQQKLKVLVSIFGRETPVELTFGQVSKI
DYEVGESVTVMDGPFATLPATISEVNAEQQKLKVLVSIFGRETPVELTFGQVSKI",264,None,'E' deleted in '3',0,1
156,-0.045433125,1,GDYEVGESVTVMDGPFATLPATISEVNAEQQKLKVLVSIFGRETPVELTFGQVSKI,"DYEVGESVTVMDGPFATLPATISEVNAEQQKLKVLVSIFGRETPVELTFGQVSKI
DYEVGESVTVMDGPFATLPATISEVNAEQQKLKVLVSIFGRETPVELTFGQVSKI",269,None,None,0,0
157,0.195057205,1,YEVGESVTVMDGPFATLPATISEVNAEQQKLKVLVSIFGRETPVELTFGQVSKI,"YEVGESVTVMDGPFATLPATISEVNAEQQKLKVLVSIFGRETPVELTFGQVSKI
YEVGESVTVMDGPFATLPATISEVNAEQQKLKVLVSIFGRETPVELTFGQVSKI",263,None,None,0,0
