ID,DMS_Score,DMS_Score_Bin,mutated_sequence,Alignment,Align_score,Insertions,Deletions,NumberOfInsertionSites,NumberOfDeletionSites
3,-0.127478417,1,NARRVIAMPSVRKWAREKGVDIRLVQGTGKNGRVLKEDIDAFLAG,"NARRVIAMPSVRKWAREKGVDIRLVQGTGKNGRVLKEDIDAFLAG
N-RRVIAMPSVRKWAREKGVDIRLVQGTGKNGRVLKEDIDAFLAG",221,'A' inserted at '2',None,1,0
4,-0.063670147,1,NGRRVIAMPSVRKWAREKGVDIRLVQGTGKNGRVLKEDIDAFLAG,"NGRRVIAMPSVRKWAREKGVDIRLVQGTGKNGRVLKEDIDAFLAG
N-RRVIAMPSVRKWAREKGVDIRLVQGTGKNGRVLKEDIDAFLAG",221,'G' inserted at '2',None,1,0
5,-0.379736954,1,NRARVIAMPSVRKWAREKGVDIRLVQGTGKNGRVLKEDIDAFLAG,"NRARVIAMPSVRKWAREKGVDIRLVQGTGKNGRVLKEDIDAFLAG
NR-RVIAMPSVRKWAREKGVDIRLVQGTGKNGRVLKEDIDAFLAG",221,'A' inserted at '3',None,1,0
6,-0.246415944,1,NRGRVIAMPSVRKWAREKGVDIRLVQGTGKNGRVLKEDIDAFLAG,"NRGRVIAMPSVRKWAREKGVDIRLVQGTGKNGRVLKEDIDAFLAG
NR-RVIAMPSVRKWAREKGVDIRLVQGTGKNGRVLKEDIDAFLAG",221,'G' inserted at '3',None,1,0
7,-0.44178649,0,NRRAVIAMPSVRKWAREKGVDIRLVQGTGKNGRVLKEDIDAFLAG,"NRRAVIAMPSVRKWAREKGVDIRLVQGTGKNGRVLKEDIDAFLAG
NRR-VIAMPSVRKWAREKGVDIRLVQGTGKNGRVLKEDIDAFLAG",221,'A' inserted at '4',None,1,0
8,-0.451316178,0,NRRGVIAMPSVRKWAREKGVDIRLVQGTGKNGRVLKEDIDAFLAG,"NRRGVIAMPSVRKWAREKGVDIRLVQGTGKNGRVLKEDIDAFLAG
NRR-VIAMPSVRKWAREKGVDIRLVQGTGKNGRVLKEDIDAFLAG",221,'G' inserted at '4',None,1,0
10,-1.203432306,0,NRRVAIAMPSVRKWAREKGVDIRLVQGTGKNGRVLKEDIDAFLAG,"NRRVAIAMPSVRKWAREKGVDIRLVQGTGKNGRVLKEDIDAFLAG
NRRV-IAMPSVRKWAREKGVDIRLVQGTGKNGRVLKEDIDAFLAG",221,'A' inserted at '5',None,1,0
12,-1.346493204,0,NRRVGIAMPSVRKWAREKGVDIRLVQGTGKNGRVLKEDIDAFLAG,"NRRVGIAMPSVRKWAREKGVDIRLVQGTGKNGRVLKEDIDAFLAG
NRRV-IAMPSVRKWAREKGVDIRLVQGTGKNGRVLKEDIDAFLAG",221,'G' inserted at '5',None,1,0
13,-1.284680374,0,NRRVIAAMPSVRKWAREKGVDIRLVQGTGKNGRVLKEDIDAFLAG,"NRRVIAAMPSVRKWAREKGVDIRLVQGTGKNGRVLKEDIDAFLAG
NRRVIA-MPSVRKWAREKGVDIRLVQGTGKNGRVLKEDIDAFLAG",221,'A' inserted at '7',None,1,0
14,-2.727167102,0,NRRVIAGMPSVRKWAREKGVDIRLVQGTGKNGRVLKEDIDAFLAG,"NRRVIAGMPSVRKWAREKGVDIRLVQGTGKNGRVLKEDIDAFLAG
NRRVIA-MPSVRKWAREKGVDIRLVQGTGKNGRVLKEDIDAFLAG",221,'G' inserted at '7',None,1,0
15,-1.442186348,0,NRRVIAMAPSVRKWAREKGVDIRLVQGTGKNGRVLKEDIDAFLAG,"NRRVIAMAPSVRKWAREKGVDIRLVQGTGKNGRVLKEDIDAFLAG
NRRVIAM-PSVRKWAREKGVDIRLVQGTGKNGRVLKEDIDAFLAG",221,'A' inserted at '8',None,1,0
16,-2.04285037,0,NRRVIAMGPSVRKWAREKGVDIRLVQGTGKNGRVLKEDIDAFLAG,"NRRVIAMGPSVRKWAREKGVDIRLVQGTGKNGRVLKEDIDAFLAG
NRRVIAM-PSVRKWAREKGVDIRLVQGTGKNGRVLKEDIDAFLAG",221,'G' inserted at '8',None,1,0
17,-2.035802485,0,NRRVIAMPASVRKWAREKGVDIRLVQGTGKNGRVLKEDIDAFLAG,"NRRVIAMPASVRKWAREKGVDIRLVQGTGKNGRVLKEDIDAFLAG
NRRVIAMP-SVRKWAREKGVDIRLVQGTGKNGRVLKEDIDAFLAG",221,'A' inserted at '9',None,1,0
18,-2.55506835,0,NRRVIAMPGSVRKWAREKGVDIRLVQGTGKNGRVLKEDIDAFLAG,"NRRVIAMPGSVRKWAREKGVDIRLVQGTGKNGRVLKEDIDAFLAG
NRRVIAMP-SVRKWAREKGVDIRLVQGTGKNGRVLKEDIDAFLAG",221,'G' inserted at '9',None,1,0
19,-2.322436804,0,NRRVIAMPSAVRKWAREKGVDIRLVQGTGKNGRVLKEDIDAFLAG,"NRRVIAMPSAVRKWAREKGVDIRLVQGTGKNGRVLKEDIDAFLAG
NRRVIAMPS-VRKWAREKGVDIRLVQGTGKNGRVLKEDIDAFLAG",221,'A' inserted at '10',None,1,0
20,-2.764330311,0,NRRVIAMPSGVRKWAREKGVDIRLVQGTGKNGRVLKEDIDAFLAG,"NRRVIAMPSGVRKWAREKGVDIRLVQGTGKNGRVLKEDIDAFLAG
NRRVIAMPS-VRKWAREKGVDIRLVQGTGKNGRVLKEDIDAFLAG",221,'G' inserted at '10',None,1,0
23,-3.280832132,0,NRRVIAMPSVRKWAREKGVADIRLVQGTGKNGRVLKEDIDAFLAG,"NRRVIAMPSVRKWAREKGVADIRLVQGTGKNGRVLKEDIDAFLAG
NRRVIAMPSVRKWAREKGV-DIRLVQGTGKNGRVLKEDIDAFLAG",221,'A' inserted at '20',None,1,0
24,-2.560376149,0,NRRVIAMPSVRKWAREKGVDIRLVAQGTGKNGRVLKEDIDAFLAG,"NRRVIAMPSVRKWAREKGVDIRLVAQGTGKNGRVLKEDIDAFLAG
NRRVIAMPSVRKWAREKGVDIRLV-QGTGKNGRVLKEDIDAFLAG",221,'A' inserted at '25',None,1,0
25,-2.387993372,0,NRRVIAMPSVRKWAREKGVDIRLVGQGTGKNGRVLKEDIDAFLAG,"NRRVIAMPSVRKWAREKGVDIRLVGQGTGKNGRVLKEDIDAFLAG
NRRVIAMPSVRKWAREKGVDIRLV-QGTGKNGRVLKEDIDAFLAG",221,'G' inserted at '25',None,1,0
26,-3.211142233,0,NRRVIAMPSVRKWAREKGVDIRLVQAGTGKNGRVLKEDIDAFLAG,"NRRVIAMPSVRKWAREKGVDIRLVQAGTGKNGRVLKEDIDAFLAG
NRRVIAMPSVRKWAREKGVDIRLVQ-GTGKNGRVLKEDIDAFLAG",221,'A' inserted at '26',None,1,0
27,-2.409844391,0,NRRVIAMPSVRKWAREKGVDIRLVQGTGGKNGRVLKEDIDAFLAG,"NRRVIAMPSVRKWAREKGVDIRLVQGTGGKNGRVLKEDIDAFLAG
NRRVIAMPSVRKWAREKGVDIRLVQGTG-KNGRVLKEDIDAFLAG",221,'G' inserted at '29',None,1,0
28,-0.882935924,0,NRRVIAMPSVRKWAREKGVDIRLVQGTGKNGRVLKEDIDAAFLAG,"NRRVIAMPSVRKWAREKGVDIRLVQGTGKNGRVLKEDIDAAFLAG
NRRVIAMPSVRKWAREKGVDIRLVQGTGKNGRVLKEDIDA-FLAG",221,'A' inserted at '41',None,1,0
30,-0.534293671,0,NRRVIAMPSVRKWAREKGVDIRLVQGTGKNGRVLKEDIDAFALAG,"NRRVIAMPSVRKWAREKGVDIRLVQGTGKNGRVLKEDIDAFALAG
NRRVIAMPSVRKWAREKGVDIRLVQGTGKNGRVLKEDIDAF-LAG",221,'A' inserted at '42',None,1,0
31,-1.459882399,0,NRRVIAMPSVRKWAREKGVDIRLVQGTGKNGRVLKEDIDAFGLAG,"NRRVIAMPSVRKWAREKGVDIRLVQGTGKNGRVLKEDIDAFGLAG
NRRVIAMPSVRKWAREKGVDIRLVQGTGKNGRVLKEDIDAF-LAG",221,'G' inserted at '42',None,1,0
33,0.155001171,1,NRRVIAMPSVRKWAREKGVDIRLVQGTGKNGRVLKEDIDAFLAAG,"NRRVIAMPSVRKWAREKGVDIRLVQGTGKNGRVLKEDIDAFLAAG
NRRVIAMPSVRKWAREKGVDIRLVQGTGKNGRVLKEDIDAFLA-G",221,'A' inserted at '44',None,1,0
36,-0.306429099,1,NRRVIAMPSVRKWAREKGVDIRLVQGTGKNGRVLKEDIDAFLGAG,"NRRVIAMPSVRKWAREKGVDIRLVQGTGKNGRVLKEDIDAFLGAG
NRRVIAMPSVRKWAREKGVDIRLVQGTGKNGRVLKEDIDAFL-AG",221,'G' inserted at '43',None,1,0
39,-1.993437676,0,NRRVIAMPSVRKWAREKGVDIRLVQGTGKNGRVLKEDIDGAFLAG,"NRRVIAMPSVRKWAREKGVDIRLVQGTGKNGRVLKEDIDGAFLAG
NRRVIAMPSVRKWAREKGVDIRLVQGTGKNGRVLKEDID-AFLAG",221,'G' inserted at '40',None,1,0
44,-1.853310845,0,NRRVIGAMPSVRKWAREKGVDIRLVQGTGKNGRVLKEDIDAFLAG,"NRRVIGAMPSVRKWAREKGVDIRLVQGTGKNGRVLKEDIDAFLAG
NRRVI-AMPSVRKWAREKGVDIRLVQGTGKNGRVLKEDIDAFLAG",221,'G' inserted at '6',None,1,0
1,0.061630206,1,ANRRVIAMPSVRKWAREKGVDIRLVQGTGKNGRVLKEDIDAFLAG,"NRRVIAMPSVRKWAREKGVDIRLVQGTGKNGRVLKEDIDAFLAG
NRRVIAMPSVRKWAREKGVDIRLVQGTGKNGRVLKEDIDAFLAG",221,None,None,0,0
2,-0.043480708,1,GNRRVIAMPSVRKWAREKGVDIRLVQGTGKNGRVLKEDIDAFLAG,"NRRVIAMPSVRKWAREKGVDIRLVQGTGKNGRVLKEDIDAFLAG
NRRVIAMPSVRKWAREKGVDIRLVQGTGKNGRVLKEDIDAFLAG",221,None,None,0,0
9,-1.520834309,0,NRRIAMPSVRKWAREKGVDIRLVQGTGKNGRVLKEDIDAFLAG,"NRR-IAMPSVRKWAREKGVDIRLVQGTGKNGRVLKEDIDAFLAG
NRRVIAMPSVRKWAREKGVDIRLVQGTGKNGRVLKEDIDAFLAG",217,None,'V' deleted in '4',0,1
11,-1.511077793,0,NRRVAMPSVRKWAREKGVDIRLVQGTGKNGRVLKEDIDAFLAG,"NRRV-AMPSVRKWAREKGVDIRLVQGTGKNGRVLKEDIDAFLAG
NRRVIAMPSVRKWAREKGVDIRLVQGTGKNGRVLKEDIDAFLAG",217,None,'I' deleted in '5',0,1
21,-2.244051848,0,NRRVIAMPSVRKAREKGVDIRLVQGTGKNGRVLKEDIDAFLAG,"NRRVIAMPSVRK-AREKGVDIRLVQGTGKNGRVLKEDIDAFLAG
NRRVIAMPSVRKWAREKGVDIRLVQGTGKNGRVLKEDIDAFLAG",210,None,'W' deleted in '13',0,1
22,-2.788625076,0,NRRVIAMPSVRKWAEKGVDIRLVQGTGKNGRVLKEDIDAFLAG,"NRRVIAMPSVRKWA-EKGVDIRLVQGTGKNGRVLKEDIDAFLAG
NRRVIAMPSVRKWAREKGVDIRLVQGTGKNGRVLKEDIDAFLAG",216,None,'R' deleted in '15',0,1
29,-0.859054531,0,NRRVIAMPSVRKWAREKGVDIRLVQGTGKNGRVLKEDIDAFAG,"NRRVIAMPSVRKWAREKGVDIRLVQGTGKNGRVLKEDIDAF-AG
NRRVIAMPSVRKWAREKGVDIRLVQGTGKNGRVLKEDIDAFLAG",217,None,'L' deleted in '42',0,1
32,0.047096227,1,NRRVIAMPSVRKWAREKGVDIRLVQGTGKNGRVLKEDIDAFLA,"NRRVIAMPSVRKWAREKGVDIRLVQGTGKNGRVLKEDIDAFLA
NRRVIAMPSVRKWAREKGVDIRLVQGTGKNGRVLKEDIDAFLA",215,None,None,0,0
34,0.04373374,1,NRRVIAMPSVRKWAREKGVDIRLVQGTGKNGRVLKEDIDAFLAGG,"NRRVIAMPSVRKWAREKGVDIRLVQGTGKNGRVLKEDIDAFLAG
NRRVIAMPSVRKWAREKGVDIRLVQGTGKNGRVLKEDIDAFLAG",221,None,None,0,0
35,-0.383719527,1,NRRVIAMPSVRKWAREKGVDIRLVQGTGKNGRVLKEDIDAFLG,"NRRVIAMPSVRKWAREKGVDIRLVQGTGKNGRVLKEDIDAFL-G
NRRVIAMPSVRKWAREKGVDIRLVQGTGKNGRVLKEDIDAFLAG",217,None,'A' deleted in '43',0,1
37,-1.817040917,0,NRRVIAMPSVRKWAREKGVDIRLVQGTGKNGRVLKEDIDALAG,"NRRVIAMPSVRKWAREKGVDIRLVQGTGKNGRVLKEDIDA-LAG
NRRVIAMPSVRKWAREKGVDIRLVQGTGKNGRVLKEDIDAFLAG",215,None,'F' deleted in '41',0,1
38,-2.543142383,0,NRRVIAMPSVRKWAREKGVDIRLVQGTGKNGRVLKEDIDFLAG,"NRRVIAMPSVRKWAREKGVDIRLVQGTGKNGRVLKEDID-FLAG
NRRVIAMPSVRKWAREKGVDIRLVQGTGKNGRVLKEDIDAFLAG",217,None,'A' deleted in '40',0,1
40,-2.455606627,0,NRRVIAMPSVRKWREKGVDIRLVQGTGKNGRVLKEDIDAFLAG,"NRRVIAMPSVRKW-REKGVDIRLVQGTGKNGRVLKEDIDAFLAG
NRRVIAMPSVRKWAREKGVDIRLVQGTGKNGRVLKEDIDAFLAG",217,None,'A' deleted in '14',0,1
41,-1.982775156,0,NRRVIAMPVRKWAREKGVDIRLVQGTGKNGRVLKEDIDAFLAG,"NRRVIAMP-VRKWAREKGVDIRLVQGTGKNGRVLKEDIDAFLAG
NRRVIAMPSVRKWAREKGVDIRLVQGTGKNGRVLKEDIDAFLAG",217,None,'S' deleted in '9',0,1
42,-0.641406462,0,NRRVIAMSVRKWAREKGVDIRLVQGTGKNGRVLKEDIDAFLAG,"NRRVIAM-SVRKWAREKGVDIRLVQGTGKNGRVLKEDIDAFLAG
NRRVIAMPSVRKWAREKGVDIRLVQGTGKNGRVLKEDIDAFLAG",214,None,'P' deleted in '8',0,1
43,-0.516202513,0,NRRVIAPSVRKWAREKGVDIRLVQGTGKNGRVLKEDIDAFLAG,"NRRVIA-PSVRKWAREKGVDIRLVQGTGKNGRVLKEDIDAFLAG
NRRVIAMPSVRKWAREKGVDIRLVQGTGKNGRVLKEDIDAFLAG",216,None,'M' deleted in '7',0,1
45,-1.23695197,0,NRRVIMPSVRKWAREKGVDIRLVQGTGKNGRVLKEDIDAFLAG,"NRRVI-MPSVRKWAREKGVDIRLVQGTGKNGRVLKEDIDAFLAG
NRRVIAMPSVRKWAREKGVDIRLVQGTGKNGRVLKEDIDAFLAG",217,None,'A' deleted in '6',0,1
46,-0.3414067,1,NRVIAMPSVRKWAREKGVDIRLVQGTGKNGRVLKEDIDAFLAG,"NR-VIAMPSVRKWAREKGVDIRLVQGTGKNGRVLKEDIDAFLAG
NRRVIAMPSVRKWAREKGVDIRLVQGTGKNGRVLKEDIDAFLAG",216,None,'R' deleted in '3',0,1
47,-0.148669315,1,RRVIAMPSVRKWAREKGVDIRLVQGTGKNGRVLKEDIDAFLAG,"RRVIAMPSVRKWAREKGVDIRLVQGTGKNGRVLKEDIDAFLAG
RRVIAMPSVRKWAREKGVDIRLVQGTGKNGRVLKEDIDAFLAG",215,None,None,0,0
