ID,DMS_Score,DMS_Score_Bin,mutated_sequence,Alignment,Align_score,Insertions,Deletions,NumberOfInsertionSites,NumberOfDeletionSites
3,-0.206119213,1,KALPPGWEKRMSRSSGRVYYFNHITNASQWERPSGNSSSG,"KALPPGWEKRMSRSSGRVYYFNHITNASQWERPSGNSSSG
K-LPPGWEKRMSRSSGRVYYFNHITNASQWERPSGNSSSG",214,'A' inserted at '2',None,1,0
4,0.414555075,1,KGLPPGWEKRMSRSSGRVYYFNHITNASQWERPSGNSSSG,"KGLPPGWEKRMSRSSGRVYYFNHITNASQWERPSGNSSSG
K-LPPGWEKRMSRSSGRVYYFNHITNASQWERPSGNSSSG",214,'G' inserted at '2',None,1,0
5,-1.90915181,0,KLAPPGWEKRMSRSSGRVYYFNHITNASQWERPSGNSSSG,"KLAPPGWEKRMSRSSGRVYYFNHITNASQWERPSGNSSSG
KL-PPGWEKRMSRSSGRVYYFNHITNASQWERPSGNSSSG",214,'A' inserted at '3',None,1,0
6,-2.090205166,0,KLGPPGWEKRMSRSSGRVYYFNHITNASQWERPSGNSSSG,"KLGPPGWEKRMSRSSGRVYYFNHITNASQWERPSGNSSSG
KL-PPGWEKRMSRSSGRVYYFNHITNASQWERPSGNSSSG",214,'G' inserted at '3',None,1,0
7,-1.862996453,0,KLPAPGWEKRMSRSSGRVYYFNHITNASQWERPSGNSSSG,"KLPAPGWEKRMSRSSGRVYYFNHITNASQWERPSGNSSSG
KLP-PGWEKRMSRSSGRVYYFNHITNASQWERPSGNSSSG",214,'A' inserted at '4',None,1,0
8,-1.608579729,0,KLPGPGWEKRMSRSSGRVYYFNHITNASQWERPSGNSSSG,"KLPGPGWEKRMSRSSGRVYYFNHITNASQWERPSGNSSSG
KLP-PGWEKRMSRSSGRVYYFNHITNASQWERPSGNSSSG",214,'G' inserted at '4',None,1,0
10,-1.436234053,0,KLPPAGWEKRMSRSSGRVYYFNHITNASQWERPSGNSSSG,"KLPPAGWEKRMSRSSGRVYYFNHITNASQWERPSGNSSSG
KLPP-GWEKRMSRSSGRVYYFNHITNASQWERPSGNSSSG",214,'A' inserted at '5',None,1,0
11,-1.605834383,0,KLPPGAWEKRMSRSSGRVYYFNHITNASQWERPSGNSSSG,"KLPPGAWEKRMSRSSGRVYYFNHITNASQWERPSGNSSSG
KLPPG-WEKRMSRSSGRVYYFNHITNASQWERPSGNSSSG",214,'A' inserted at '6',None,1,0
13,-1.590611404,0,KLPPGGWEKRMSRSSGRVYYFNHITNASQWERPSGNSSSG,"KLPPGGWEKRMSRSSGRVYYFNHITNASQWERPSGNSSSG
KLPPG-WEKRMSRSSGRVYYFNHITNASQWERPSGNSSSG",214,'G' inserted at '6',None,1,0
14,-1.819221603,0,KLPPGWAEKRMSRSSGRVYYFNHITNASQWERPSGNSSSG,"KLPPGWAEKRMSRSSGRVYYFNHITNASQWERPSGNSSSG
KLPPGW-EKRMSRSSGRVYYFNHITNASQWERPSGNSSSG",214,'A' inserted at '7',None,1,0
15,-1.608898096,0,KLPPGWEAKRMSRSSGRVYYFNHITNASQWERPSGNSSSG,"KLPPGWEAKRMSRSSGRVYYFNHITNASQWERPSGNSSSG
KLPPGWE-KRMSRSSGRVYYFNHITNASQWERPSGNSSSG",214,'A' inserted at '8',None,1,0
16,-2.014011388,0,KLPPGWEGKRMSRSSGRVYYFNHITNASQWERPSGNSSSG,"KLPPGWEGKRMSRSSGRVYYFNHITNASQWERPSGNSSSG
KLPPGWE-KRMSRSSGRVYYFNHITNASQWERPSGNSSSG",214,'G' inserted at '8',None,1,0
17,-2.231579402,0,KLPPGWEKARMSRSSGRVYYFNHITNASQWERPSGNSSSG,"KLPPGWEKARMSRSSGRVYYFNHITNASQWERPSGNSSSG
KLPPGWEK-RMSRSSGRVYYFNHITNASQWERPSGNSSSG",214,'A' inserted at '9',None,1,0
18,-1.624922301,0,KLPPGWEKGRMSRSSGRVYYFNHITNASQWERPSGNSSSG,"KLPPGWEKGRMSRSSGRVYYFNHITNASQWERPSGNSSSG
KLPPGWEK-RMSRSSGRVYYFNHITNASQWERPSGNSSSG",214,'G' inserted at '9',None,1,0
20,-1.646116822,0,KLPPGWEKRAMSRSSGRVYYFNHITNASQWERPSGNSSSG,"KLPPGWEKRAMSRSSGRVYYFNHITNASQWERPSGNSSSG
KLPPGWEKR-MSRSSGRVYYFNHITNASQWERPSGNSSSG",214,'A' inserted at '10',None,1,0
21,-1.985950006,0,KLPPGWEKRGMSRSSGRVYYFNHITNASQWERPSGNSSSG,"KLPPGWEKRGMSRSSGRVYYFNHITNASQWERPSGNSSSG
KLPPGWEKR-MSRSSGRVYYFNHITNASQWERPSGNSSSG",214,'G' inserted at '10',None,1,0
22,-1.509323447,0,KLPPGWEKRMASRSSGRVYYFNHITNASQWERPSGNSSSG,"KLPPGWEKRMASRSSGRVYYFNHITNASQWERPSGNSSSG
KLPPGWEKRM-SRSSGRVYYFNHITNASQWERPSGNSSSG",214,'A' inserted at '11',None,1,0
23,-1.7355138,0,KLPPGWEKRMGSRSSGRVYYFNHITNASQWERPSGNSSSG,"KLPPGWEKRMGSRSSGRVYYFNHITNASQWERPSGNSSSG
KLPPGWEKRM-SRSSGRVYYFNHITNASQWERPSGNSSSG",214,'G' inserted at '11',None,1,0
25,-1.318904984,0,KLPPGWEKRMSARSSGRVYYFNHITNASQWERPSGNSSSG,"KLPPGWEKRMSARSSGRVYYFNHITNASQWERPSGNSSSG
KLPPGWEKRMS-RSSGRVYYFNHITNASQWERPSGNSSSG",214,'A' inserted at '12',None,1,0
26,-1.353292125,0,KLPPGWEKRMSGRSSGRVYYFNHITNASQWERPSGNSSSG,"KLPPGWEKRMSGRSSGRVYYFNHITNASQWERPSGNSSSG
KLPPGWEKRMS-RSSGRVYYFNHITNASQWERPSGNSSSG",214,'G' inserted at '12',None,1,0
27,-1.236589061,0,KLPPGWEKRMSRASSGRVYYFNHITNASQWERPSGNSSSG,"KLPPGWEKRMSRASSGRVYYFNHITNASQWERPSGNSSSG
KLPPGWEKRMSR-SSGRVYYFNHITNASQWERPSGNSSSG",214,'A' inserted at '13',None,1,0
28,-0.587848677,1,KLPPGWEKRMSRGSSGRVYYFNHITNASQWERPSGNSSSG,"KLPPGWEKRMSRGSSGRVYYFNHITNASQWERPSGNSSSG
KLPPGWEKRMSR-SSGRVYYFNHITNASQWERPSGNSSSG",214,'G' inserted at '13',None,1,0
29,-0.261921738,1,KLPPGWEKRMSRSASGRVYYFNHITNASQWERPSGNSSSG,"KLPPGWEKRMSRSASGRVYYFNHITNASQWERPSGNSSSG
KLPPGWEKRMSRS-SGRVYYFNHITNASQWERPSGNSSSG",214,'A' inserted at '14',None,1,0
31,-0.61812891,1,KLPPGWEKRMSRSGSGRVYYFNHITNASQWERPSGNSSSG,"KLPPGWEKRMSRSGSGRVYYFNHITNASQWERPSGNSSSG
KLPPGWEKRMSRS-SGRVYYFNHITNASQWERPSGNSSSG",214,'G' inserted at '14',None,1,0
32,-1.215488111,0,KLPPGWEKRMSRSSAGRVYYFNHITNASQWERPSGNSSSG,"KLPPGWEKRMSRSSAGRVYYFNHITNASQWERPSGNSSSG
KLPPGWEKRMSRSS-GRVYYFNHITNASQWERPSGNSSSG",214,'A' inserted at '15',None,1,0
33,-1.428392431,0,KLPPGWEKRMSRSSGARVYYFNHITNASQWERPSGNSSSG,"KLPPGWEKRMSRSSGARVYYFNHITNASQWERPSGNSSSG
KLPPGWEKRMSRSSG-RVYYFNHITNASQWERPSGNSSSG",214,'A' inserted at '16',None,1,0
34,-0.990345031,0,KLPPGWEKRMSRSSGGRVYYFNHITNASQWERPSGNSSSG,"KLPPGWEKRMSRSSGGRVYYFNHITNASQWERPSGNSSSG
KLPPGWEKRMSRSSG-RVYYFNHITNASQWERPSGNSSSG",214,'G' inserted at '16',None,1,0
35,-1.818085271,0,KLPPGWEKRMSRSSGRAVYYFNHITNASQWERPSGNSSSG,"KLPPGWEKRMSRSSGRAVYYFNHITNASQWERPSGNSSSG
KLPPGWEKRMSRSSGR-VYYFNHITNASQWERPSGNSSSG",214,'A' inserted at '17',None,1,0
36,-1.900351926,0,KLPPGWEKRMSRSSGRGVYYFNHITNASQWERPSGNSSSG,"KLPPGWEKRMSRSSGRGVYYFNHITNASQWERPSGNSSSG
KLPPGWEKRMSRSSGR-VYYFNHITNASQWERPSGNSSSG",214,'G' inserted at '17',None,1,0
37,-1.857086151,0,KLPPGWEKRMSRSSGRVAYYFNHITNASQWERPSGNSSSG,"KLPPGWEKRMSRSSGRVAYYFNHITNASQWERPSGNSSSG
KLPPGWEKRMSRSSGRV-YYFNHITNASQWERPSGNSSSG",214,'A' inserted at '18',None,1,0
38,-2.699626386,0,KLPPGWEKRMSRSSGRVYAYFNHITNASQWERPSGNSSSG,"KLPPGWEKRMSRSSGRVYAYFNHITNASQWERPSGNSSSG
KLPPGWEKRMSRSSGRVY-YFNHITNASQWERPSGNSSSG",214,'A' inserted at '19',None,1,0
40,-2.794976218,0,KLPPGWEKRMSRSSGRVYYAFNHITNASQWERPSGNSSSG,"KLPPGWEKRMSRSSGRVYYAFNHITNASQWERPSGNSSSG
KLPPGWEKRMSRSSGRVYY-FNHITNASQWERPSGNSSSG",214,'A' inserted at '20',None,1,0
41,-1.632537791,0,KLPPGWEKRMSRSSGRVYYFANHITNASQWERPSGNSSSG,"KLPPGWEKRMSRSSGRVYYFANHITNASQWERPSGNSSSG
KLPPGWEKRMSRSSGRVYYF-NHITNASQWERPSGNSSSG",214,'A' inserted at '21',None,1,0
42,-2.013487071,0,KLPPGWEKRMSRSSGRVYYFGNHITNASQWERPSGNSSSG,"KLPPGWEKRMSRSSGRVYYFGNHITNASQWERPSGNSSSG
KLPPGWEKRMSRSSGRVYYF-NHITNASQWERPSGNSSSG",214,'G' inserted at '21',None,1,0
44,-1.937844809,0,KLPPGWEKRMSRSSGRVYYFNAHITNASQWERPSGNSSSG,"KLPPGWEKRMSRSSGRVYYFNAHITNASQWERPSGNSSSG
KLPPGWEKRMSRSSGRVYYFN-HITNASQWERPSGNSSSG",214,'A' inserted at '22',None,1,0
45,-2.014384016,0,KLPPGWEKRMSRSSGRVYYFNGHITNASQWERPSGNSSSG,"KLPPGWEKRMSRSSGRVYYFNGHITNASQWERPSGNSSSG
KLPPGWEKRMSRSSGRVYYFN-HITNASQWERPSGNSSSG",214,'G' inserted at '22',None,1,0
46,-2.243141228,0,KLPPGWEKRMSRSSGRVYYFNHAITNASQWERPSGNSSSG,"KLPPGWEKRMSRSSGRVYYFNHAITNASQWERPSGNSSSG
KLPPGWEKRMSRSSGRVYYFNH-ITNASQWERPSGNSSSG",214,'A' inserted at '23',None,1,0
47,-2.082818725,0,KLPPGWEKRMSRSSGRVYYFNHGITNASQWERPSGNSSSG,"KLPPGWEKRMSRSSGRVYYFNHGITNASQWERPSGNSSSG
KLPPGWEKRMSRSSGRVYYFNH-ITNASQWERPSGNSSSG",214,'G' inserted at '23',None,1,0
48,-2.150882137,0,KLPPGWEKRMSRSSGRVYYFNHIATNASQWERPSGNSSSG,"KLPPGWEKRMSRSSGRVYYFNHIATNASQWERPSGNSSSG
KLPPGWEKRMSRSSGRVYYFNHI-TNASQWERPSGNSSSG",214,'A' inserted at '24',None,1,0
49,-2.487069648,0,KLPPGWEKRMSRSSGRVYYFNHIGTNASQWERPSGNSSSG,"KLPPGWEKRMSRSSGRVYYFNHIGTNASQWERPSGNSSSG
KLPPGWEKRMSRSSGRVYYFNHI-TNASQWERPSGNSSSG",214,'G' inserted at '24',None,1,0
51,-2.307944489,0,KLPPGWEKRMSRSSGRVYYFNHITANASQWERPSGNSSSG,"KLPPGWEKRMSRSSGRVYYFNHITANASQWERPSGNSSSG
KLPPGWEKRMSRSSGRVYYFNHIT-NASQWERPSGNSSSG",214,'A' inserted at '25',None,1,0
53,-1.953085474,0,KLPPGWEKRMSRSSGRVYYFNHITGNASQWERPSGNSSSG,"KLPPGWEKRMSRSSGRVYYFNHITGNASQWERPSGNSSSG
KLPPGWEKRMSRSSGRVYYFNHIT-NASQWERPSGNSSSG",214,'G' inserted at '25',None,1,0
54,-1.995074815,0,KLPPGWEKRMSRSSGRVYYFNHITNAASQWERPSGNSSSG,"KLPPGWEKRMSRSSGRVYYFNHITNAASQWERPSGNSSSG
KLPPGWEKRMSRSSGRVYYFNHITNA-SQWERPSGNSSSG",214,'A' inserted at '27',None,1,0
55,-2.144646107,0,KLPPGWEKRMSRSSGRVYYFNHITNAGSQWERPSGNSSSG,"KLPPGWEKRMSRSSGRVYYFNHITNAGSQWERPSGNSSSG
KLPPGWEKRMSRSSGRVYYFNHITNA-SQWERPSGNSSSG",214,'G' inserted at '27',None,1,0
57,-2.1698397,0,KLPPGWEKRMSRSSGRVYYFNHITNASAQWERPSGNSSSG,"KLPPGWEKRMSRSSGRVYYFNHITNASAQWERPSGNSSSG
KLPPGWEKRMSRSSGRVYYFNHITNAS-QWERPSGNSSSG",214,'A' inserted at '28',None,1,0
58,-1.849659571,0,KLPPGWEKRMSRSSGRVYYFNHITNASGQWERPSGNSSSG,"KLPPGWEKRMSRSSGRVYYFNHITNASGQWERPSGNSSSG
KLPPGWEKRMSRSSGRVYYFNHITNAS-QWERPSGNSSSG",214,'G' inserted at '28',None,1,0
59,-2.578478326,0,KLPPGWEKRMSRSSGRVYYFNHITNASQAWERPSGNSSSG,"KLPPGWEKRMSRSSGRVYYFNHITNASQAWERPSGNSSSG
KLPPGWEKRMSRSSGRVYYFNHITNASQ-WERPSGNSSSG",214,'A' inserted at '29',None,1,0
61,-2.025030234,0,KLPPGWEKRMSRSSGRVYYFNHITNASQGWERPSGNSSSG,"KLPPGWEKRMSRSSGRVYYFNHITNASQGWERPSGNSSSG
KLPPGWEKRMSRSSGRVYYFNHITNASQ-WERPSGNSSSG",214,'G' inserted at '29',None,1,0
62,-2.048102863,0,KLPPGWEKRMSRSSGRVYYFNHITNASQWAERPSGNSSSG,"KLPPGWEKRMSRSSGRVYYFNHITNASQWAERPSGNSSSG
KLPPGWEKRMSRSSGRVYYFNHITNASQW-ERPSGNSSSG",214,'A' inserted at '30',None,1,0
63,-2.388462698,0,KLPPGWEKRMSRSSGRVYYFNHITNASQWEARPSGNSSSG,"KLPPGWEKRMSRSSGRVYYFNHITNASQWEARPSGNSSSG
KLPPGWEKRMSRSSGRVYYFNHITNASQWE-RPSGNSSSG",214,'A' inserted at '31',None,1,0
64,-2.118710865,0,KLPPGWEKRMSRSSGRVYYFNHITNASQWEGRPSGNSSSG,"KLPPGWEKRMSRSSGRVYYFNHITNASQWEGRPSGNSSSG
KLPPGWEKRMSRSSGRVYYFNHITNASQWE-RPSGNSSSG",214,'G' inserted at '31',None,1,0
66,-1.682974225,0,KLPPGWEKRMSRSSGRVYYFNHITNASQWERAPSGNSSSG,"KLPPGWEKRMSRSSGRVYYFNHITNASQWERAPSGNSSSG
KLPPGWEKRMSRSSGRVYYFNHITNASQWER-PSGNSSSG",214,'A' inserted at '32',None,1,0
67,-1.997592629,0,KLPPGWEKRMSRSSGRVYYFNHITNASQWERGPSGNSSSG,"KLPPGWEKRMSRSSGRVYYFNHITNASQWERGPSGNSSSG
KLPPGWEKRMSRSSGRVYYFNHITNASQWER-PSGNSSSG",214,'G' inserted at '32',None,1,0
68,-0.137193192,1,KLPPGWEKRMSRSSGRVYYFNHITNASQWERPASGNSSSG,"KLPPGWEKRMSRSSGRVYYFNHITNASQWERPASGNSSSG
KLPPGWEKRMSRSSGRVYYFNHITNASQWERP-SGNSSSG",214,'A' inserted at '33',None,1,0
70,-0.019353141,1,KLPPGWEKRMSRSSGRVYYFNHITNASQWERPGSGNSSSG,"KLPPGWEKRMSRSSGRVYYFNHITNASQWERPGSGNSSSG
KLPPGWEKRMSRSSGRVYYFNHITNASQWERP-SGNSSSG",214,'G' inserted at '33',None,1,0
71,-0.050401561,1,KLPPGWEKRMSRSSGRVYYFNHITNASQWERPSAGNSSSG,"KLPPGWEKRMSRSSGRVYYFNHITNASQWERPSAGNSSSG
KLPPGWEKRMSRSSGRVYYFNHITNASQWERPS-GNSSSG",214,'A' inserted at '34',None,1,0
72,-0.142400168,1,KLPPGWEKRMSRSSGRVYYFNHITNASQWERPSGANSSSG,"KLPPGWEKRMSRSSGRVYYFNHITNASQWERPSGANSSSG
KLPPGWEKRMSRSSGRVYYFNHITNASQWERPSG-NSSSG",214,'A' inserted at '35',None,1,0
73,-0.059703216,1,KLPPGWEKRMSRSSGRVYYFNHITNASQWERPSGGNSSSG,"KLPPGWEKRMSRSSGRVYYFNHITNASQWERPSGGNSSSG
KLPPGWEKRMSRSSGRVYYFNHITNASQWERPSG-NSSSG",214,'G' inserted at '35',None,1,0
74,0.011307715,1,KLPPGWEKRMSRSSGRVYYFNHITNASQWERPSGNASSSG,"KLPPGWEKRMSRSSGRVYYFNHITNASQWERPSGNASSSG
KLPPGWEKRMSRSSGRVYYFNHITNASQWERPSGN-SSSG",214,'A' inserted at '36',None,1,0
75,-0.075146514,1,KLPPGWEKRMSRSSGRVYYFNHITNASQWERPSGNGSSSG,"KLPPGWEKRMSRSSGRVYYFNHITNASQWERPSGNGSSSG
KLPPGWEKRMSRSSGRVYYFNHITNASQWERPSGN-SSSG",214,'G' inserted at '36',None,1,0
76,-0.091888251,1,KLPPGWEKRMSRSSGRVYYFNHITNASQWERPSGNSASSG,"KLPPGWEKRMSRSSGRVYYFNHITNASQWERPSGNSASSG
KLPPGWEKRMSRSSGRVYYFNHITNASQWERPSGNS-SSG",214,'A' inserted at '37',None,1,0
77,-0.12348385,1,KLPPGWEKRMSRSSGRVYYFNHITNASQWERPSGNSGSSG,"KLPPGWEKRMSRSSGRVYYFNHITNASQWERPSGNSGSSG
KLPPGWEKRMSRSSGRVYYFNHITNASQWERPSGNS-SSG",214,'G' inserted at '37',None,1,0
78,-0.038625659,1,KLPPGWEKRMSRSSGRVYYFNHITNASQWERPSGNSSASG,"KLPPGWEKRMSRSSGRVYYFNHITNASQWERPSGNSSASG
KLPPGWEKRMSRSSGRVYYFNHITNASQWERPSGNSS-SG",214,'A' inserted at '38',None,1,0
80,-0.079848309,1,KLPPGWEKRMSRSSGRVYYFNHITNASQWERPSGNSSGSG,"KLPPGWEKRMSRSSGRVYYFNHITNASQWERPSGNSSGSG
KLPPGWEKRMSRSSGRVYYFNHITNASQWERPSGNSS-SG",214,'G' inserted at '38',None,1,0
82,-0.051715557,1,KLPPGWEKRMSRSSGRVYYFNHITNASQWERPSGNSSSAG,"KLPPGWEKRMSRSSGRVYYFNHITNASQWERPSGNSSSAG
KLPPGWEKRMSRSSGRVYYFNHITNASQWERPSGNSSS-G",214,'A' inserted at '39',None,1,0
87,-1.815638398,0,KLPPGWEKRMSRSSGRVYYFNHITNASQWGERPSGNSSSG,"KLPPGWEKRMSRSSGRVYYFNHITNASQWGERPSGNSSSG
KLPPGWEKRMSRSSGRVYYFNHITNASQW-ERPSGNSSSG",214,'G' inserted at '30',None,1,0
90,-2.313930617,0,KLPPGWEKRMSRSSGRVYYFNHITNGASQWERPSGNSSSG,"KLPPGWEKRMSRSSGRVYYFNHITNGASQWERPSGNSSSG
KLPPGWEKRMSRSSGRVYYFNHITN-ASQWERPSGNSSSG",214,'G' inserted at '26',None,1,0
94,-2.849584685,0,KLPPGWEKRMSRSSGRVYYGFNHITNASQWERPSGNSSSG,"KLPPGWEKRMSRSSGRVYYGFNHITNASQWERPSGNSSSG
KLPPGWEKRMSRSSGRVYY-FNHITNASQWERPSGNSSSG",214,'G' inserted at '20',None,1,0
102,-1.752410751,0,KLPPGWGEKRMSRSSGRVYYFNHITNASQWERPSGNSSSG,"KLPPGWGEKRMSRSSGRVYYFNHITNASQWERPSGNSSSG
KLPPGW-EKRMSRSSGRVYYFNHITNASQWERPSGNSSSG",214,'G' inserted at '7',None,1,0
1,-0.04795439,1,AKLPPGWEKRMSRSSGRVYYFNHITNASQWERPSGNSSSG,"KLPPGWEKRMSRSSGRVYYFNHITNASQWERPSGNSSSG
KLPPGWEKRMSRSSGRVYYFNHITNASQWERPSGNSSSG",214,None,None,0,0
2,-0.030956592,1,GKLPPGWEKRMSRSSGRVYYFNHITNASQWERPSGNSSSG,"KLPPGWEKRMSRSSGRVYYFNHITNASQWERPSGNSSSG
KLPPGWEKRMSRSSGRVYYFNHITNASQWERPSGNSSSG",214,None,None,0,0
9,-1.883451078,0,KLPGWEKRMSRSSGRVYYFNHITNASQWERPSGNSSSG,"KLP-GWEKRMSRSSGRVYYFNHITNASQWERPSGNSSSG
KLPPGWEKRMSRSSGRVYYFNHITNASQWERPSGNSSSG",207,None,'P' deleted in '4',0,1
12,-1.635081117,0,KLPPGEKRMSRSSGRVYYFNHITNASQWERPSGNSSSG,"KLPPG-EKRMSRSSGRVYYFNHITNASQWERPSGNSSSG
KLPPGWEKRMSRSSGRVYYFNHITNASQWERPSGNSSSG",203,None,'W' deleted in '6',0,1
19,-1.182947264,0,KLPPGWEKMSRSSGRVYYFNHITNASQWERPSGNSSSG,"KLPPGWEK-MSRSSGRVYYFNHITNASQWERPSGNSSSG
KLPPGWEKRMSRSSGRVYYFNHITNASQWERPSGNSSSG",209,None,'R' deleted in '9',0,1
24,-0.680171086,1,KLPPGWEKRMRSSGRVYYFNHITNASQWERPSGNSSSG,"KLPPGWEKRM-RSSGRVYYFNHITNASQWERPSGNSSSG
KLPPGWEKRMSRSSGRVYYFNHITNASQWERPSGNSSSG",210,None,'S' deleted in '11',0,1
30,1.176338957,1,KLPPGWEKRMSRSGRVYYFNHITNASQWERPSGNSSSG,"KLPPGWEKRMSRS-GRVYYFNHITNASQWERPSGNSSSG
KLPPGWEKRMSRSSGRVYYFNHITNASQWERPSGNSSSG",210,None,'S' deleted in '14',0,1
39,-2.62887775,0,KLPPGWEKRMSRSSGRVYFNHITNASQWERPSGNSSSG,"KLPPGWEKRMSRSSGRVY-FNHITNASQWERPSGNSSSG
KLPPGWEKRMSRSSGRVYYFNHITNASQWERPSGNSSSG",207,None,'Y' deleted in '19',0,1
43,-1.742250305,0,KLPPGWEKRMSRSSGRVYYFHITNASQWERPSGNSSSG,"KLPPGWEKRMSRSSGRVYYF-HITNASQWERPSGNSSSG
KLPPGWEKRMSRSSGRVYYFNHITNASQWERPSGNSSSG",208,None,'N' deleted in '21',0,1
50,-1.709379983,0,KLPPGWEKRMSRSSGRVYYFNHINASQWERPSGNSSSG,"KLPPGWEKRMSRSSGRVYYFNHI-NASQWERPSGNSSSG
KLPPGWEKRMSRSSGRVYYFNHITNASQWERPSGNSSSG",209,None,'T' deleted in '24',0,1
52,-2.384620176,0,KLPPGWEKRMSRSSGRVYYFNHITASQWERPSGNSSSG,"KLPPGWEKRMSRSSGRVYYFNHIT-ASQWERPSGNSSSG
KLPPGWEKRMSRSSGRVYYFNHITNASQWERPSGNSSSG",208,None,'N' deleted in '25',0,1
56,-2.000252083,0,KLPPGWEKRMSRSSGRVYYFNHITNAQWERPSGNSSSG,"KLPPGWEKRMSRSSGRVYYFNHITNA-QWERPSGNSSSG
KLPPGWEKRMSRSSGRVYYFNHITNASQWERPSGNSSSG",210,None,'S' deleted in '27',0,1
60,-2.85883686,0,KLPPGWEKRMSRSSGRVYYFNHITNASQERPSGNSSSG,"KLPPGWEKRMSRSSGRVYYFNHITNASQ-ERPSGNSSSG
KLPPGWEKRMSRSSGRVYYFNHITNASQWERPSGNSSSG",203,None,'W' deleted in '29',0,1
65,-2.245210837,0,KLPPGWEKRMSRSSGRVYYFNHITNASQWEPSGNSSSG,"KLPPGWEKRMSRSSGRVYYFNHITNASQWE-PSGNSSSG
KLPPGWEKRMSRSSGRVYYFNHITNASQWERPSGNSSSG",209,None,'R' deleted in '31',0,1
69,-0.101485042,1,KLPPGWEKRMSRSSGRVYYFNHITNASQWERPGNSSSG,"KLPPGWEKRMSRSSGRVYYFNHITNASQWERP-GNSSSG
KLPPGWEKRMSRSSGRVYYFNHITNASQWERPSGNSSSG",210,None,'S' deleted in '33',0,1
79,-0.096237964,1,KLPPGWEKRMSRSSGRVYYFNHITNASQWERPSGNSSG,"KLPPGWEKRMSRSSGRVYYFNHITNASQWERPSGNSS-G
KLPPGWEKRMSRSSGRVYYFNHITNASQWERPSGNSSSG",210,None,'S' deleted in '38',0,1
81,-0.014274392,1,KLPPGWEKRMSRSSGRVYYFNHITNASQWERPSGNSSS,"KLPPGWEKRMSRSSGRVYYFNHITNASQWERPSGNSSS
KLPPGWEKRMSRSSGRVYYFNHITNASQWERPSGNSSS",208,None,None,0,0
83,-0.070291143,1,KLPPGWEKRMSRSSGRVYYFNHITNASQWERPSGNSSSGG,"KLPPGWEKRMSRSSGRVYYFNHITNASQWERPSGNSSSG
KLPPGWEKRMSRSSGRVYYFNHITNASQWERPSGNSSSG",214,None,None,0,0
84,-0.114399969,1,KLPPGWEKRMSRSSGRVYYFNHITNASQWERPSGSSSG,"KLPPGWEKRMSRSSGRVYYFNHITNASQWERPSG-SSSG
KLPPGWEKRMSRSSGRVYYFNHITNASQWERPSGNSSSG",208,None,'N' deleted in '35',0,1
85,-0.074344061,1,KLPPGWEKRMSRSSGRVYYFNHITNASQWERPSNSSSG,"KLPPGWEKRMSRSSGRVYYFNHITNASQWERPS-NSSSG
KLPPGWEKRMSRSSGRVYYFNHITNASQWERPSGNSSSG",208,None,'G' deleted in '34',0,1
86,-1.82787715,0,KLPPGWEKRMSRSSGRVYYFNHITNASQWERSGNSSSG,"KLPPGWEKRMSRSSGRVYYFNHITNASQWER-SGNSSSG
KLPPGWEKRMSRSSGRVYYFNHITNASQWERPSGNSSSG",207,None,'P' deleted in '32',0,1
88,-1.974254024,0,KLPPGWEKRMSRSSGRVYYFNHITNASQWRPSGNSSSG,"KLPPGWEKRMSRSSGRVYYFNHITNASQW-RPSGNSSSG
KLPPGWEKRMSRSSGRVYYFNHITNASQWERPSGNSSSG",209,None,'E' deleted in '30',0,1
89,-1.985884202,0,KLPPGWEKRMSRSSGRVYYFNHITNASWERPSGNSSSG,"KLPPGWEKRMSRSSGRVYYFNHITNAS-WERPSGNSSSG
KLPPGWEKRMSRSSGRVYYFNHITNASQWERPSGNSSSG",209,None,'Q' deleted in '28',0,1
91,-1.711344729,0,KLPPGWEKRMSRSSGRVYYFNHITNSQWERPSGNSSSG,"KLPPGWEKRMSRSSGRVYYFNHITN-SQWERPSGNSSSG
KLPPGWEKRMSRSSGRVYYFNHITNASQWERPSGNSSSG",210,None,'A' deleted in '26',0,1
92,-2.216793858,0,KLPPGWEKRMSRSSGRVYYFNHTNASQWERPSGNSSSG,"KLPPGWEKRMSRSSGRVYYFNH-TNASQWERPSGNSSSG
KLPPGWEKRMSRSSGRVYYFNHITNASQWERPSGNSSSG",210,None,'I' deleted in '23',0,1
93,-1.953228945,0,KLPPGWEKRMSRSSGRVYYFNITNASQWERPSGNSSSG,"KLPPGWEKRMSRSSGRVYYFN-ITNASQWERPSGNSSSG
KLPPGWEKRMSRSSGRVYYFNHITNASQWERPSGNSSSG",206,None,'H' deleted in '22',0,1
95,-1.743380328,0,KLPPGWEKRMSRSSGRVYYNHITNASQWERPSGNSSSG,"KLPPGWEKRMSRSSGRVYY-NHITNASQWERPSGNSSSG
KLPPGWEKRMSRSSGRVYYFNHITNASQWERPSGNSSSG",208,None,'F' deleted in '20',0,1
96,-2.064657807,0,KLPPGWEKRMSRSSGRYYFNHITNASQWERPSGNSSSG,"KLPPGWEKRMSRSSGR-YYFNHITNASQWERPSGNSSSG
KLPPGWEKRMSRSSGRVYYFNHITNASQWERPSGNSSSG",210,None,'V' deleted in '17',0,1
97,-1.507814336,0,KLPPGWEKRMSRSSGVYYFNHITNASQWERPSGNSSSG,"KLPPGWEKRMSRSSG-VYYFNHITNASQWERPSGNSSSG
KLPPGWEKRMSRSSGRVYYFNHITNASQWERPSGNSSSG",209,None,'R' deleted in '16',0,1
98,-0.681739537,1,KLPPGWEKRMSRSSRVYYFNHITNASQWERPSGNSSSG,"KLPPGWEKRMSRSS-RVYYFNHITNASQWERPSGNSSSG
KLPPGWEKRMSRSSGRVYYFNHITNASQWERPSGNSSSG",208,None,'G' deleted in '15',0,1
99,1.162650853,1,KLPPGWEKRMSSSGRVYYFNHITNASQWERPSGNSSSG,"KLPPGWEKRMS-SSGRVYYFNHITNASQWERPSGNSSSG
KLPPGWEKRMSRSSGRVYYFNHITNASQWERPSGNSSSG",209,None,'R' deleted in '12',0,1
100,-1.176332514,0,KLPPGWEKRSRSSGRVYYFNHITNASQWERPSGNSSSG,"KLPPGWEKR-SRSSGRVYYFNHITNASQWERPSGNSSSG
KLPPGWEKRMSRSSGRVYYFNHITNASQWERPSGNSSSG",209,None,'M' deleted in '10',0,1
101,-1.301722273,0,KLPPGWERMSRSSGRVYYFNHITNASQWERPSGNSSSG,"KLPPGWE-RMSRSSGRVYYFNHITNASQWERPSGNSSSG
KLPPGWEKRMSRSSGRVYYFNHITNASQWERPSGNSSSG",209,None,'K' deleted in '8',0,1
103,-1.452380216,0,KLPPGWKRMSRSSGRVYYFNHITNASQWERPSGNSSSG,"KLPPGW-KRMSRSSGRVYYFNHITNASQWERPSGNSSSG
KLPPGWEKRMSRSSGRVYYFNHITNASQWERPSGNSSSG",209,None,'E' deleted in '7',0,1
104,-2.196164362,0,KLPPWEKRMSRSSGRVYYFNHITNASQWERPSGNSSSG,"KLPP-WEKRMSRSSGRVYYFNHITNASQWERPSGNSSSG
KLPPGWEKRMSRSSGRVYYFNHITNASQWERPSGNSSSG",208,None,'G' deleted in '5',0,1
105,-0.978429736,0,KPPGWEKRMSRSSGRVYYFNHITNASQWERPSGNSSSG,"K-PPGWEKRMSRSSGRVYYFNHITNASQWERPSGNSSSG
KLPPGWEKRMSRSSGRVYYFNHITNASQWERPSGNSSSG",210,None,'L' deleted in '2',0,1
106,0.080358771,1,LPPGWEKRMSRSSGRVYYFNHITNASQWERPSGNSSSG,"LPPGWEKRMSRSSGRVYYFNHITNASQWERPSGNSSSG
LPPGWEKRMSRSSGRVYYFNHITNASQWERPSGNSSSG",209,None,None,0,0
