ID,DMS_Score,DMS_Score_Bin,mutated_sequence,Alignment,Align_score,Insertions,Deletions,NumberOfInsertionSites,NumberOfDeletionSites
3,0.003109716,1,TAHFTSQQLQELEATFQRNHYPDMSTREEIAVWTNLTEARVRVWFKNRRAKWR,"TAHFTSQQLQELEATFQRNHYPDMSTREEIAVWTNLTEARVRVWFKNRRAKWR
T-HFTSQQLQELEATFQRNHYPDMSTREEIAVWTNLTEARVRVWFKNRRAKWR",280,'A' inserted at '2',None,1,0
5,-0.036388236,1,TGHFTSQQLQELEATFQRNHYPDMSTREEIAVWTNLTEARVRVWFKNRRAKWR,"TGHFTSQQLQELEATFQRNHYPDMSTREEIAVWTNLTEARVRVWFKNRRAKWR
T-HFTSQQLQELEATFQRNHYPDMSTREEIAVWTNLTEARVRVWFKNRRAKWR",280,'G' inserted at '2',None,1,0
6,0.013966573,1,THAFTSQQLQELEATFQRNHYPDMSTREEIAVWTNLTEARVRVWFKNRRAKWR,"THAFTSQQLQELEATFQRNHYPDMSTREEIAVWTNLTEARVRVWFKNRRAKWR
TH-FTSQQLQELEATFQRNHYPDMSTREEIAVWTNLTEARVRVWFKNRRAKWR",280,'A' inserted at '3',None,1,0
7,-1.391579344,0,THFATSQQLQELEATFQRNHYPDMSTREEIAVWTNLTEARVRVWFKNRRAKWR,"THFATSQQLQELEATFQRNHYPDMSTREEIAVWTNLTEARVRVWFKNRRAKWR
THF-TSQQLQELEATFQRNHYPDMSTREEIAVWTNLTEARVRVWFKNRRAKWR",280,'A' inserted at '4',None,1,0
8,-1.947464662,0,THFGTSQQLQELEATFQRNHYPDMSTREEIAVWTNLTEARVRVWFKNRRAKWR,"THFGTSQQLQELEATFQRNHYPDMSTREEIAVWTNLTEARVRVWFKNRRAKWR
THF-TSQQLQELEATFQRNHYPDMSTREEIAVWTNLTEARVRVWFKNRRAKWR",280,'G' inserted at '4',None,1,0
10,-1.610801497,0,THFTASQQLQELEATFQRNHYPDMSTREEIAVWTNLTEARVRVWFKNRRAKWR,"THFTASQQLQELEATFQRNHYPDMSTREEIAVWTNLTEARVRVWFKNRRAKWR
THFT-SQQLQELEATFQRNHYPDMSTREEIAVWTNLTEARVRVWFKNRRAKWR",280,'A' inserted at '5',None,1,0
11,-2.020145991,0,THFTGSQQLQELEATFQRNHYPDMSTREEIAVWTNLTEARVRVWFKNRRAKWR,"THFTGSQQLQELEATFQRNHYPDMSTREEIAVWTNLTEARVRVWFKNRRAKWR
THFT-SQQLQELEATFQRNHYPDMSTREEIAVWTNLTEARVRVWFKNRRAKWR",280,'G' inserted at '5',None,1,0
13,-1.412614855,0,THFTSAQQLQELEATFQRNHYPDMSTREEIAVWTNLTEARVRVWFKNRRAKWR,"THFTSAQQLQELEATFQRNHYPDMSTREEIAVWTNLTEARVRVWFKNRRAKWR
THFTS-QQLQELEATFQRNHYPDMSTREEIAVWTNLTEARVRVWFKNRRAKWR",280,'A' inserted at '6',None,1,0
14,-1.914765858,0,THFTSGQQLQELEATFQRNHYPDMSTREEIAVWTNLTEARVRVWFKNRRAKWR,"THFTSGQQLQELEATFQRNHYPDMSTREEIAVWTNLTEARVRVWFKNRRAKWR
THFTS-QQLQELEATFQRNHYPDMSTREEIAVWTNLTEARVRVWFKNRRAKWR",280,'G' inserted at '6',None,1,0
15,-1.238447232,0,THFTSQAQLQELEATFQRNHYPDMSTREEIAVWTNLTEARVRVWFKNRRAKWR,"THFTSQAQLQELEATFQRNHYPDMSTREEIAVWTNLTEARVRVWFKNRRAKWR
THFTSQ-QLQELEATFQRNHYPDMSTREEIAVWTNLTEARVRVWFKNRRAKWR",280,'A' inserted at '7',None,1,0
16,-1.934919869,0,THFTSQGQLQELEATFQRNHYPDMSTREEIAVWTNLTEARVRVWFKNRRAKWR,"THFTSQGQLQELEATFQRNHYPDMSTREEIAVWTNLTEARVRVWFKNRRAKWR
THFTSQ-QLQELEATFQRNHYPDMSTREEIAVWTNLTEARVRVWFKNRRAKWR",280,'G' inserted at '7',None,1,0
18,-1.418724068,0,THFTSQQALQELEATFQRNHYPDMSTREEIAVWTNLTEARVRVWFKNRRAKWR,"THFTSQQALQELEATFQRNHYPDMSTREEIAVWTNLTEARVRVWFKNRRAKWR
THFTSQQ-LQELEATFQRNHYPDMSTREEIAVWTNLTEARVRVWFKNRRAKWR",280,'A' inserted at '8',None,1,0
19,-2.120882053,0,THFTSQQGLQELEATFQRNHYPDMSTREEIAVWTNLTEARVRVWFKNRRAKWR,"THFTSQQGLQELEATFQRNHYPDMSTREEIAVWTNLTEARVRVWFKNRRAKWR
THFTSQQ-LQELEATFQRNHYPDMSTREEIAVWTNLTEARVRVWFKNRRAKWR",280,'G' inserted at '8',None,1,0
20,-1.331407586,0,THFTSQQLAQELEATFQRNHYPDMSTREEIAVWTNLTEARVRVWFKNRRAKWR,"THFTSQQLAQELEATFQRNHYPDMSTREEIAVWTNLTEARVRVWFKNRRAKWR
THFTSQQL-QELEATFQRNHYPDMSTREEIAVWTNLTEARVRVWFKNRRAKWR",280,'A' inserted at '9',None,1,0
22,-2.056772426,0,THFTSQQLGQELEATFQRNHYPDMSTREEIAVWTNLTEARVRVWFKNRRAKWR,"THFTSQQLGQELEATFQRNHYPDMSTREEIAVWTNLTEARVRVWFKNRRAKWR
THFTSQQL-QELEATFQRNHYPDMSTREEIAVWTNLTEARVRVWFKNRRAKWR",280,'G' inserted at '9',None,1,0
23,-1.151626209,1,THFTSQQLQAELEATFQRNHYPDMSTREEIAVWTNLTEARVRVWFKNRRAKWR,"THFTSQQLQAELEATFQRNHYPDMSTREEIAVWTNLTEARVRVWFKNRRAKWR
THFTSQQLQ-ELEATFQRNHYPDMSTREEIAVWTNLTEARVRVWFKNRRAKWR",280,'A' inserted at '10',None,1,0
24,-0.666487879,1,THFTSQQLQEALEATFQRNHYPDMSTREEIAVWTNLTEARVRVWFKNRRAKWR,"THFTSQQLQEALEATFQRNHYPDMSTREEIAVWTNLTEARVRVWFKNRRAKWR
THFTSQQLQE-LEATFQRNHYPDMSTREEIAVWTNLTEARVRVWFKNRRAKWR",280,'A' inserted at '11',None,1,0
26,-2.007922934,0,THFTSQQLQEGLEATFQRNHYPDMSTREEIAVWTNLTEARVRVWFKNRRAKWR,"THFTSQQLQEGLEATFQRNHYPDMSTREEIAVWTNLTEARVRVWFKNRRAKWR
THFTSQQLQE-LEATFQRNHYPDMSTREEIAVWTNLTEARVRVWFKNRRAKWR",280,'G' inserted at '11',None,1,0
27,-2.585659978,0,THFTSQQLQELAEATFQRNHYPDMSTREEIAVWTNLTEARVRVWFKNRRAKWR,"THFTSQQLQELAEATFQRNHYPDMSTREEIAVWTNLTEARVRVWFKNRRAKWR
THFTSQQLQEL-EATFQRNHYPDMSTREEIAVWTNLTEARVRVWFKNRRAKWR",280,'A' inserted at '12',None,1,0
29,-2.746928095,0,THFTSQQLQELEATFAQRNHYPDMSTREEIAVWTNLTEARVRVWFKNRRAKWR,"THFTSQQLQELEATFAQRNHYPDMSTREEIAVWTNLTEARVRVWFKNRRAKWR
THFTSQQLQELEATF-QRNHYPDMSTREEIAVWTNLTEARVRVWFKNRRAKWR",280,'A' inserted at '16',None,1,0
30,-3.277040747,0,THFTSQQLQELEATFGQRNHYPDMSTREEIAVWTNLTEARVRVWFKNRRAKWR,"THFTSQQLQELEATFGQRNHYPDMSTREEIAVWTNLTEARVRVWFKNRRAKWR
THFTSQQLQELEATF-QRNHYPDMSTREEIAVWTNLTEARVRVWFKNRRAKWR",280,'G' inserted at '16',None,1,0
31,-2.742123647,0,THFTSQQLQELEATFQARNHYPDMSTREEIAVWTNLTEARVRVWFKNRRAKWR,"THFTSQQLQELEATFQARNHYPDMSTREEIAVWTNLTEARVRVWFKNRRAKWR
THFTSQQLQELEATFQ-RNHYPDMSTREEIAVWTNLTEARVRVWFKNRRAKWR",280,'A' inserted at '17',None,1,0
32,-2.274212799,0,THFTSQQLQELEATFQGRNHYPDMSTREEIAVWTNLTEARVRVWFKNRRAKWR,"THFTSQQLQELEATFQGRNHYPDMSTREEIAVWTNLTEARVRVWFKNRRAKWR
THFTSQQLQELEATFQ-RNHYPDMSTREEIAVWTNLTEARVRVWFKNRRAKWR",280,'G' inserted at '17',None,1,0
34,-2.320797554,0,THFTSQQLQELEATFQRANHYPDMSTREEIAVWTNLTEARVRVWFKNRRAKWR,"THFTSQQLQELEATFQRANHYPDMSTREEIAVWTNLTEARVRVWFKNRRAKWR
THFTSQQLQELEATFQR-NHYPDMSTREEIAVWTNLTEARVRVWFKNRRAKWR",280,'A' inserted at '18',None,1,0
35,-0.500249571,1,THFTSQQLQELEATFQRGNHYPDMSTREEIAVWTNLTEARVRVWFKNRRAKWR,"THFTSQQLQELEATFQRGNHYPDMSTREEIAVWTNLTEARVRVWFKNRRAKWR
THFTSQQLQELEATFQR-NHYPDMSTREEIAVWTNLTEARVRVWFKNRRAKWR",280,'G' inserted at '18',None,1,0
37,-1.91260753,0,THFTSQQLQELEATFQRNGHYPDMSTREEIAVWTNLTEARVRVWFKNRRAKWR,"THFTSQQLQELEATFQRNGHYPDMSTREEIAVWTNLTEARVRVWFKNRRAKWR
THFTSQQLQELEATFQRN-HYPDMSTREEIAVWTNLTEARVRVWFKNRRAKWR",280,'G' inserted at '19',None,1,0
38,-2.499251394,0,THFTSQQLQELEATFQRNHAYPDMSTREEIAVWTNLTEARVRVWFKNRRAKWR,"THFTSQQLQELEATFQRNHAYPDMSTREEIAVWTNLTEARVRVWFKNRRAKWR
THFTSQQLQELEATFQRNH-YPDMSTREEIAVWTNLTEARVRVWFKNRRAKWR",280,'A' inserted at '20',None,1,0
39,-2.183503806,0,THFTSQQLQELEATFQRNHGYPDMSTREEIAVWTNLTEARVRVWFKNRRAKWR,"THFTSQQLQELEATFQRNHGYPDMSTREEIAVWTNLTEARVRVWFKNRRAKWR
THFTSQQLQELEATFQRNH-YPDMSTREEIAVWTNLTEARVRVWFKNRRAKWR",280,'G' inserted at '20',None,1,0
41,-2.529580677,0,THFTSQQLQELEATFQRNHYAPDMSTREEIAVWTNLTEARVRVWFKNRRAKWR,"THFTSQQLQELEATFQRNHYAPDMSTREEIAVWTNLTEARVRVWFKNRRAKWR
THFTSQQLQELEATFQRNHY-PDMSTREEIAVWTNLTEARVRVWFKNRRAKWR",280,'A' inserted at '21',None,1,0
43,-2.772092079,0,THFTSQQLQELEATFQRNHYGPDMSTREEIAVWTNLTEARVRVWFKNRRAKWR,"THFTSQQLQELEATFQRNHYGPDMSTREEIAVWTNLTEARVRVWFKNRRAKWR
THFTSQQLQELEATFQRNHY-PDMSTREEIAVWTNLTEARVRVWFKNRRAKWR",280,'G' inserted at '21',None,1,0
44,-2.880361578,0,THFTSQQLQELEATFQRNHYPDAMSTREEIAVWTNLTEARVRVWFKNRRAKWR,"THFTSQQLQELEATFQRNHYPDAMSTREEIAVWTNLTEARVRVWFKNRRAKWR
THFTSQQLQELEATFQRNHYPD-MSTREEIAVWTNLTEARVRVWFKNRRAKWR",280,'A' inserted at '23',None,1,0
45,-2.230001378,0,THFTSQQLQELEATFQRNHYPDGMSTREEIAVWTNLTEARVRVWFKNRRAKWR,"THFTSQQLQELEATFQRNHYPDGMSTREEIAVWTNLTEARVRVWFKNRRAKWR
THFTSQQLQELEATFQRNHYPD-MSTREEIAVWTNLTEARVRVWFKNRRAKWR",280,'G' inserted at '23',None,1,0
46,-3.07816599,0,THFTSQQLQELEATFQRNHYPDMASTREEIAVWTNLTEARVRVWFKNRRAKWR,"THFTSQQLQELEATFQRNHYPDMASTREEIAVWTNLTEARVRVWFKNRRAKWR
THFTSQQLQELEATFQRNHYPDM-STREEIAVWTNLTEARVRVWFKNRRAKWR",280,'A' inserted at '24',None,1,0
47,-2.004382207,0,THFTSQQLQELEATFQRNHYPDMGSTREEIAVWTNLTEARVRVWFKNRRAKWR,"THFTSQQLQELEATFQRNHYPDMGSTREEIAVWTNLTEARVRVWFKNRRAKWR
THFTSQQLQELEATFQRNHYPDM-STREEIAVWTNLTEARVRVWFKNRRAKWR",280,'G' inserted at '24',None,1,0
48,-2.373172648,0,THFTSQQLQELEATFQRNHYPDMSATREEIAVWTNLTEARVRVWFKNRRAKWR,"THFTSQQLQELEATFQRNHYPDMSATREEIAVWTNLTEARVRVWFKNRRAKWR
THFTSQQLQELEATFQRNHYPDMS-TREEIAVWTNLTEARVRVWFKNRRAKWR",280,'A' inserted at '25',None,1,0
49,-2.787592895,0,THFTSQQLQELEATFQRNHYPDMSGTREEIAVWTNLTEARVRVWFKNRRAKWR,"THFTSQQLQELEATFQRNHYPDMSGTREEIAVWTNLTEARVRVWFKNRRAKWR
THFTSQQLQELEATFQRNHYPDMS-TREEIAVWTNLTEARVRVWFKNRRAKWR",280,'G' inserted at '25',None,1,0
51,-2.468939505,0,THFTSQQLQELEATFQRNHYPDMSTAREEIAVWTNLTEARVRVWFKNRRAKWR,"THFTSQQLQELEATFQRNHYPDMSTAREEIAVWTNLTEARVRVWFKNRRAKWR
THFTSQQLQELEATFQRNHYPDMST-REEIAVWTNLTEARVRVWFKNRRAKWR",280,'A' inserted at '26',None,1,0
53,-3.174783346,0,THFTSQQLQELEATFQRNHYPDMSTGREEIAVWTNLTEARVRVWFKNRRAKWR,"THFTSQQLQELEATFQRNHYPDMSTGREEIAVWTNLTEARVRVWFKNRRAKWR
THFTSQQLQELEATFQRNHYPDMST-REEIAVWTNLTEARVRVWFKNRRAKWR",280,'G' inserted at '26',None,1,0
54,-2.651077295,0,THFTSQQLQELEATFQRNHYPDMSTREAEIAVWTNLTEARVRVWFKNRRAKWR,"THFTSQQLQELEATFQRNHYPDMSTREAEIAVWTNLTEARVRVWFKNRRAKWR
THFTSQQLQELEATFQRNHYPDMSTRE-EIAVWTNLTEARVRVWFKNRRAKWR",280,'A' inserted at '28',None,1,0
55,-2.581338973,0,THFTSQQLQELEATFQRNHYPDMSTREEAIAVWTNLTEARVRVWFKNRRAKWR,"THFTSQQLQELEATFQRNHYPDMSTREEAIAVWTNLTEARVRVWFKNRRAKWR
THFTSQQLQELEATFQRNHYPDMSTREE-IAVWTNLTEARVRVWFKNRRAKWR",280,'A' inserted at '29',None,1,0
57,-1.034444871,1,THFTSQQLQELEATFQRNHYPDMSTREEIAAVWTNLTEARVRVWFKNRRAKWR,"THFTSQQLQELEATFQRNHYPDMSTREEIAAVWTNLTEARVRVWFKNRRAKWR
THFTSQQLQELEATFQRNHYPDMSTREEIA-VWTNLTEARVRVWFKNRRAKWR",280,'A' inserted at '31',None,1,0
58,-1.790987199,0,THFTSQQLQELEATFQRNHYPDMSTREEIAGVWTNLTEARVRVWFKNRRAKWR,"THFTSQQLQELEATFQRNHYPDMSTREEIAGVWTNLTEARVRVWFKNRRAKWR
THFTSQQLQELEATFQRNHYPDMSTREEIA-VWTNLTEARVRVWFKNRRAKWR",280,'G' inserted at '31',None,1,0
59,-1.606625047,0,THFTSQQLQELEATFQRNHYPDMSTREEIAVAWTNLTEARVRVWFKNRRAKWR,"THFTSQQLQELEATFQRNHYPDMSTREEIAVAWTNLTEARVRVWFKNRRAKWR
THFTSQQLQELEATFQRNHYPDMSTREEIAV-WTNLTEARVRVWFKNRRAKWR",280,'A' inserted at '32',None,1,0
60,-1.98925907,0,THFTSQQLQELEATFQRNHYPDMSTREEIAVGWTNLTEARVRVWFKNRRAKWR,"THFTSQQLQELEATFQRNHYPDMSTREEIAVGWTNLTEARVRVWFKNRRAKWR
THFTSQQLQELEATFQRNHYPDMSTREEIAV-WTNLTEARVRVWFKNRRAKWR",280,'G' inserted at '32',None,1,0
61,-2.466160708,0,THFTSQQLQELEATFQRNHYPDMSTREEIAVWATNLTEARVRVWFKNRRAKWR,"THFTSQQLQELEATFQRNHYPDMSTREEIAVWATNLTEARVRVWFKNRRAKWR
THFTSQQLQELEATFQRNHYPDMSTREEIAVW-TNLTEARVRVWFKNRRAKWR",280,'A' inserted at '33',None,1,0
62,-2.26318901,0,THFTSQQLQELEATFQRNHYPDMSTREEIAVWGTNLTEARVRVWFKNRRAKWR,"THFTSQQLQELEATFQRNHYPDMSTREEIAVWGTNLTEARVRVWFKNRRAKWR
THFTSQQLQELEATFQRNHYPDMSTREEIAVW-TNLTEARVRVWFKNRRAKWR",280,'G' inserted at '33',None,1,0
64,-2.748434828,0,THFTSQQLQELEATFQRNHYPDMSTREEIAVWTANLTEARVRVWFKNRRAKWR,"THFTSQQLQELEATFQRNHYPDMSTREEIAVWTANLTEARVRVWFKNRRAKWR
THFTSQQLQELEATFQRNHYPDMSTREEIAVWT-NLTEARVRVWFKNRRAKWR",280,'A' inserted at '34',None,1,0
65,-2.607992875,0,THFTSQQLQELEATFQRNHYPDMSTREEIAVWTGNLTEARVRVWFKNRRAKWR,"THFTSQQLQELEATFQRNHYPDMSTREEIAVWTGNLTEARVRVWFKNRRAKWR
THFTSQQLQELEATFQRNHYPDMSTREEIAVWT-NLTEARVRVWFKNRRAKWR",280,'G' inserted at '34',None,1,0
67,-2.692100871,0,THFTSQQLQELEATFQRNHYPDMSTREEIAVWTNALTEARVRVWFKNRRAKWR,"THFTSQQLQELEATFQRNHYPDMSTREEIAVWTNALTEARVRVWFKNRRAKWR
THFTSQQLQELEATFQRNHYPDMSTREEIAVWTN-LTEARVRVWFKNRRAKWR",280,'A' inserted at '35',None,1,0
68,-2.245954606,0,THFTSQQLQELEATFQRNHYPDMSTREEIAVWTNGLTEARVRVWFKNRRAKWR,"THFTSQQLQELEATFQRNHYPDMSTREEIAVWTNGLTEARVRVWFKNRRAKWR
THFTSQQLQELEATFQRNHYPDMSTREEIAVWTN-LTEARVRVWFKNRRAKWR",280,'G' inserted at '35',None,1,0
69,-2.800664671,0,THFTSQQLQELEATFQRNHYPDMSTREEIAVWTNLATEARVRVWFKNRRAKWR,"THFTSQQLQELEATFQRNHYPDMSTREEIAVWTNLATEARVRVWFKNRRAKWR
THFTSQQLQELEATFQRNHYPDMSTREEIAVWTNL-TEARVRVWFKNRRAKWR",280,'A' inserted at '36',None,1,0
71,-2.173906432,0,THFTSQQLQELEATFQRNHYPDMSTREEIAVWTNLGTEARVRVWFKNRRAKWR,"THFTSQQLQELEATFQRNHYPDMSTREEIAVWTNLGTEARVRVWFKNRRAKWR
THFTSQQLQELEATFQRNHYPDMSTREEIAVWTNL-TEARVRVWFKNRRAKWR",280,'G' inserted at '36',None,1,0
73,-2.689705087,0,THFTSQQLQELEATFQRNHYPDMSTREEIAVWTNLTEAARVRVWFKNRRAKWR,"THFTSQQLQELEATFQRNHYPDMSTREEIAVWTNLTEAARVRVWFKNRRAKWR
THFTSQQLQELEATFQRNHYPDMSTREEIAVWTNLTEA-RVRVWFKNRRAKWR",280,'A' inserted at '39',None,1,0
74,-3.341099071,0,THFTSQQLQELEATFQRNHYPDMSTREEIAVWTNLTEARAVRVWFKNRRAKWR,"THFTSQQLQELEATFQRNHYPDMSTREEIAVWTNLTEARAVRVWFKNRRAKWR
THFTSQQLQELEATFQRNHYPDMSTREEIAVWTNLTEAR-VRVWFKNRRAKWR",280,'A' inserted at '40',None,1,0
75,-2.473185656,0,THFTSQQLQELEATFQRNHYPDMSTREEIAVWTNLTEARVRVWFAKNRRAKWR,"THFTSQQLQELEATFQRNHYPDMSTREEIAVWTNLTEARVRVWFAKNRRAKWR
THFTSQQLQELEATFQRNHYPDMSTREEIAVWTNLTEARVRVWF-KNRRAKWR",280,'A' inserted at '45',None,1,0
76,-2.408167941,0,THFTSQQLQELEATFQRNHYPDMSTREEIAVWTNLTEARVRVWFGKNRRAKWR,"THFTSQQLQELEATFQRNHYPDMSTREEIAVWTNLTEARVRVWFGKNRRAKWR
THFTSQQLQELEATFQRNHYPDMSTREEIAVWTNLTEARVRVWF-KNRRAKWR",280,'G' inserted at '45',None,1,0
77,-1.643687108,0,THFTSQQLQELEATFQRNHYPDMSTREEIAVWTNLTEARVRVWFKNARRAKWR,"THFTSQQLQELEATFQRNHYPDMSTREEIAVWTNLTEARVRVWFKNARRAKWR
THFTSQQLQELEATFQRNHYPDMSTREEIAVWTNLTEARVRVWFKN-RRAKWR",280,'A' inserted at '47',None,1,0
78,-3.198062421,0,THFTSQQLQELEATFQRNHYPDMSTREEIAVWTNLTEARVRVWFKNGRRAKWR,"THFTSQQLQELEATFQRNHYPDMSTREEIAVWTNLTEARVRVWFKNGRRAKWR
THFTSQQLQELEATFQRNHYPDMSTREEIAVWTNLTEARVRVWFKN-RRAKWR",280,'G' inserted at '47',None,1,0
80,-2.215556573,0,THFTSQQLQELEATFQRNHYPDMSTREEIAVWTNLTEARVRVWFKNRARAKWR,"THFTSQQLQELEATFQRNHYPDMSTREEIAVWTNLTEARVRVWFKNRARAKWR
THFTSQQLQELEATFQRNHYPDMSTREEIAVWTNLTEARVRVWFKNR-RAKWR",280,'A' inserted at '48',None,1,0
81,-0.932146778,1,THFTSQQLQELEATFQRNHYPDMSTREEIAVWTNLTEARVRVWFKNRRAAKWR,"THFTSQQLQELEATFQRNHYPDMSTREEIAVWTNLTEARVRVWFKNRRAAKWR
THFTSQQLQELEATFQRNHYPDMSTREEIAVWTNLTEARVRVWFKNRRA-KWR",280,'A' inserted at '50',None,1,0
82,-1.085699559,1,THFTSQQLQELEATFQRNHYPDMSTREEIAVWTNLTEARVRVWFKNRRAGKWR,"THFTSQQLQELEATFQRNHYPDMSTREEIAVWTNLTEARVRVWFKNRRAGKWR
THFTSQQLQELEATFQRNHYPDMSTREEIAVWTNLTEARVRVWFKNRRA-KWR",280,'G' inserted at '50',None,1,0
83,-0.677729525,1,THFTSQQLQELEATFQRNHYPDMSTREEIAVWTNLTEARVRVWFKNRRAKAWR,"THFTSQQLQELEATFQRNHYPDMSTREEIAVWTNLTEARVRVWFKNRRAKAWR
THFTSQQLQELEATFQRNHYPDMSTREEIAVWTNLTEARVRVWFKNRRAK-WR",280,'A' inserted at '51',None,1,0
84,-0.953999143,1,THFTSQQLQELEATFQRNHYPDMSTREEIAVWTNLTEARVRVWFKNRRAKGWR,"THFTSQQLQELEATFQRNHYPDMSTREEIAVWTNLTEARVRVWFKNRRAKGWR
THFTSQQLQELEATFQRNHYPDMSTREEIAVWTNLTEARVRVWFKNRRAK-WR",280,'G' inserted at '51',None,1,0
87,-0.401718595,1,THFTSQQLQELEATFQRNHYPDMSTREEIAVWTNLTEARVRVWFKNRRAKWAR,"THFTSQQLQELEATFQRNHYPDMSTREEIAVWTNLTEARVRVWFKNRRAKWAR
THFTSQQLQELEATFQRNHYPDMSTREEIAVWTNLTEARVRVWFKNRRAKW-R",280,'A' inserted at '52',None,1,0
88,-0.83785408,1,THFTSQQLQELEATFQRNHYPDMSTREEIAVWTNLTEARVRVWFKNRRAKWGR,"THFTSQQLQELEATFQRNHYPDMSTREEIAVWTNLTEARVRVWFKNRRAKWGR
THFTSQQLQELEATFQRNHYPDMSTREEIAVWTNLTEARVRVWFKNRRAKW-R",280,'G' inserted at '52',None,1,0
90,-1.310739596,0,THFTSQQLQELEATFQRNHYPDMSTREEIAVWTNLTEARVRVWFKNRRGAKWR,"THFTSQQLQELEATFQRNHYPDMSTREEIAVWTNLTEARVRVWFKNRRGAKWR
THFTSQQLQELEATFQRNHYPDMSTREEIAVWTNLTEARVRVWFKNRR-AKWR",280,'G' inserted at '49',None,1,0
97,-2.892453815,0,THFTSQQLQELEATFQRNHYPDMSTREEIAVWTNLTGEARVRVWFKNRRAKWR,"THFTSQQLQELEATFQRNHYPDMSTREEIAVWTNLTGEARVRVWFKNRRAKWR
THFTSQQLQELEATFQRNHYPDMSTREEIAVWTNLT-EARVRVWFKNRRAKWR",280,'G' inserted at '37',None,1,0
99,-3.031140903,0,THFTSQQLQELEATFQRNHYPDMSTREEIGAVWTNLTEARVRVWFKNRRAKWR,"THFTSQQLQELEATFQRNHYPDMSTREEIGAVWTNLTEARVRVWFKNRRAKWR
THFTSQQLQELEATFQRNHYPDMSTREEI-AVWTNLTEARVRVWFKNRRAKWR",280,'G' inserted at '30',None,1,0
101,-2.76118781,0,THFTSQQLQELEATFQRNHYPDMSTREGEIAVWTNLTEARVRVWFKNRRAKWR,"THFTSQQLQELEATFQRNHYPDMSTREGEIAVWTNLTEARVRVWFKNRRAKWR
THFTSQQLQELEATFQRNHYPDMSTRE-EIAVWTNLTEARVRVWFKNRRAKWR",280,'G' inserted at '28',None,1,0
103,-3.351760105,0,THFTSQQLQELEATFQRNHYPDMSTRGEEIAVWTNLTEARVRVWFKNRRAKWR,"THFTSQQLQELEATFQRNHYPDMSTRGEEIAVWTNLTEARVRVWFKNRRAKWR
THFTSQQLQELEATFQRNHYPDMSTR-EEIAVWTNLTEARVRVWFKNRRAKWR",280,'G' inserted at '27',None,1,0
106,-2.565932025,0,THFTSQQLQELEATFQRNHYPGDMSTREEIAVWTNLTEARVRVWFKNRRAKWR,"THFTSQQLQELEATFQRNHYPGDMSTREEIAVWTNLTEARVRVWFKNRRAKWR
THFTSQQLQELEATFQRNHYP-DMSTREEIAVWTNLTEARVRVWFKNRRAKWR",280,'G' inserted at '22',None,1,0
112,-2.818312561,0,THFTSQQLQELGEATFQRNHYPDMSTREEIAVWTNLTEARVRVWFKNRRAKWR,"THFTSQQLQELGEATFQRNHYPDMSTREEIAVWTNLTEARVRVWFKNRRAKWR
THFTSQQLQEL-EATFQRNHYPDMSTREEIAVWTNLTEARVRVWFKNRRAKWR",280,'G' inserted at '12',None,1,0
113,-1.935128316,0,THFTSQQLQGELEATFQRNHYPDMSTREEIAVWTNLTEARVRVWFKNRRAKWR,"THFTSQQLQGELEATFQRNHYPDMSTREEIAVWTNLTEARVRVWFKNRRAKWR
THFTSQQLQ-ELEATFQRNHYPDMSTREEIAVWTNLTEARVRVWFKNRRAKWR",280,'G' inserted at '10',None,1,0
116,0.173042787,1,THGFTSQQLQELEATFQRNHYPDMSTREEIAVWTNLTEARVRVWFKNRRAKWR,"THGFTSQQLQELEATFQRNHYPDMSTREEIAVWTNLTEARVRVWFKNRRAKWR
TH-FTSQQLQELEATFQRNHYPDMSTREEIAVWTNLTEARVRVWFKNRRAKWR",280,'G' inserted at '3',None,1,0
1,-0.062722109,1,ATHFTSQQLQELEATFQRNHYPDMSTREEIAVWTNLTEARVRVWFKNRRAKWR,"THFTSQQLQELEATFQRNHYPDMSTREEIAVWTNLTEARVRVWFKNRRAKWR
THFTSQQLQELEATFQRNHYPDMSTREEIAVWTNLTEARVRVWFKNRRAKWR",280,None,None,0,0
2,-0.003565079,1,GTHFTSQQLQELEATFQRNHYPDMSTREEIAVWTNLTEARVRVWFKNRRAKWR,"THFTSQQLQELEATFQRNHYPDMSTREEIAVWTNLTEARVRVWFKNRRAKWR
THFTSQQLQELEATFQRNHYPDMSTREEIAVWTNLTEARVRVWFKNRRAKWR",280,None,None,0,0
4,-0.081263945,1,TFTSQQLQELEATFQRNHYPDMSTREEIAVWTNLTEARVRVWFKNRRAKWR,"T-FTSQQLQELEATFQRNHYPDMSTREEIAVWTNLTEARVRVWFKNRRAKWR
THFTSQQLQELEATFQRNHYPDMSTREEIAVWTNLTEARVRVWFKNRRAKWR",272,None,'H' deleted in '2',0,1
9,-1.888468802,0,THFSQQLQELEATFQRNHYPDMSTREEIAVWTNLTEARVRVWFKNRRAKWR,"THF-SQQLQELEATFQRNHYPDMSTREEIAVWTNLTEARVRVWFKNRRAKWR
THFTSQQLQELEATFQRNHYPDMSTREEIAVWTNLTEARVRVWFKNRRAKWR",275,None,'T' deleted in '4',0,1
12,-1.973777655,0,THFTQQLQELEATFQRNHYPDMSTREEIAVWTNLTEARVRVWFKNRRAKWR,"THFT-QQLQELEATFQRNHYPDMSTREEIAVWTNLTEARVRVWFKNRRAKWR
THFTSQQLQELEATFQRNHYPDMSTREEIAVWTNLTEARVRVWFKNRRAKWR",276,None,'S' deleted in '5',0,1
17,-2.009115371,0,THFTSQLQELEATFQRNHYPDMSTREEIAVWTNLTEARVRVWFKNRRAKWR,"THFTSQ-LQELEATFQRNHYPDMSTREEIAVWTNLTEARVRVWFKNRRAKWR
THFTSQQLQELEATFQRNHYPDMSTREEIAVWTNLTEARVRVWFKNRRAKWR",275,None,'Q' deleted in '7',0,1
21,-2.177178148,0,THFTSQQLELEATFQRNHYPDMSTREEIAVWTNLTEARVRVWFKNRRAKWR,"THFTSQQL-ELEATFQRNHYPDMSTREEIAVWTNLTEARVRVWFKNRRAKWR
THFTSQQLQELEATFQRNHYPDMSTREEIAVWTNLTEARVRVWFKNRRAKWR",275,None,'Q' deleted in '9',0,1
25,-2.865981657,0,THFTSQQLQEEATFQRNHYPDMSTREEIAVWTNLTEARVRVWFKNRRAKWR,"THFTSQQLQE-EATFQRNHYPDMSTREEIAVWTNLTEARVRVWFKNRRAKWR
THFTSQQLQELEATFQRNHYPDMSTREEIAVWTNLTEARVRVWFKNRRAKWR",276,None,'L' deleted in '11',0,1
28,-2.981705836,0,THFTSQQLQELEAFQRNHYPDMSTREEIAVWTNLTEARVRVWFKNRRAKWR,"THFTSQQLQELEA-FQRNHYPDMSTREEIAVWTNLTEARVRVWFKNRRAKWR
THFTSQQLQELEATFQRNHYPDMSTREEIAVWTNLTEARVRVWFKNRRAKWR",275,None,'T' deleted in '14',0,1
33,-3.341632569,0,THFTSQQLQELEATFQNHYPDMSTREEIAVWTNLTEARVRVWFKNRRAKWR,"THFTSQQLQELEATFQ-NHYPDMSTREEIAVWTNLTEARVRVWFKNRRAKWR
THFTSQQLQELEATFQRNHYPDMSTREEIAVWTNLTEARVRVWFKNRRAKWR",275,None,'R' deleted in '17',0,1
36,-2.439205795,0,THFTSQQLQELEATFQRHYPDMSTREEIAVWTNLTEARVRVWFKNRRAKWR,"THFTSQQLQELEATFQR-HYPDMSTREEIAVWTNLTEARVRVWFKNRRAKWR
THFTSQQLQELEATFQRNHYPDMSTREEIAVWTNLTEARVRVWFKNRRAKWR",274,None,'N' deleted in '18',0,1
40,-3.340773104,0,THFTSQQLQELEATFQRNHPDMSTREEIAVWTNLTEARVRVWFKNRRAKWR,"THFTSQQLQELEATFQRNH-PDMSTREEIAVWTNLTEARVRVWFKNRRAKWR
THFTSQQLQELEATFQRNHYPDMSTREEIAVWTNLTEARVRVWFKNRRAKWR",273,None,'Y' deleted in '20',0,1
42,-2.838558431,0,THFTSQQLQELEATFQRNHYDMSTREEIAVWTNLTEARVRVWFKNRRAKWR,"THFTSQQLQELEATFQRNHY-DMSTREEIAVWTNLTEARVRVWFKNRRAKWR
THFTSQQLQELEATFQRNHYPDMSTREEIAVWTNLTEARVRVWFKNRRAKWR",273,None,'P' deleted in '21',0,1
50,-2.698424598,0,THFTSQQLQELEATFQRNHYPDMSREEIAVWTNLTEARVRVWFKNRRAKWR,"THFTSQQLQELEATFQRNHYPDMS-REEIAVWTNLTEARVRVWFKNRRAKWR
THFTSQQLQELEATFQRNHYPDMSTREEIAVWTNLTEARVRVWFKNRRAKWR",275,None,'T' deleted in '25',0,1
52,-2.409330902,0,THFTSQQLQELEATFQRNHYPDMSTEEIAVWTNLTEARVRVWFKNRRAKWR,"THFTSQQLQELEATFQRNHYPDMST-EEIAVWTNLTEARVRVWFKNRRAKWR
THFTSQQLQELEATFQRNHYPDMSTREEIAVWTNLTEARVRVWFKNRRAKWR",275,None,'R' deleted in '26',0,1
56,-3.192519557,0,THFTSQQLQELEATFQRNHYPDMSTREEAVWTNLTEARVRVWFKNRRAKWR,"THFTSQQLQELEATFQRNHYPDMSTREE-AVWTNLTEARVRVWFKNRRAKWR
THFTSQQLQELEATFQRNHYPDMSTREEIAVWTNLTEARVRVWFKNRRAKWR",276,None,'I' deleted in '29',0,1
63,-3.20800564,0,THFTSQQLQELEATFQRNHYPDMSTREEIAVWNLTEARVRVWFKNRRAKWR,"THFTSQQLQELEATFQRNHYPDMSTREEIAVW-NLTEARVRVWFKNRRAKWR
THFTSQQLQELEATFQRNHYPDMSTREEIAVWTNLTEARVRVWFKNRRAKWR",275,None,'T' deleted in '33',0,1
66,-2.285198526,0,THFTSQQLQELEATFQRNHYPDMSTREEIAVWTLTEARVRVWFKNRRAKWR,"THFTSQQLQELEATFQRNHYPDMSTREEIAVWT-LTEARVRVWFKNRRAKWR
THFTSQQLQELEATFQRNHYPDMSTREEIAVWTNLTEARVRVWFKNRRAKWR",274,None,'N' deleted in '34',0,1
70,-2.49653474,0,THFTSQQLQELEATFQRNHYPDMSTREEIAVWTNLEARVRVWFKNRRAKWR,"THFTSQQLQELEATFQRNHYPDMSTREEIAVWTNL-EARVRVWFKNRRAKWR
THFTSQQLQELEATFQRNHYPDMSTREEIAVWTNLTEARVRVWFKNRRAKWR",275,None,'T' deleted in '36',0,1
72,-2.131058907,0,THFTSQQLQELEATFQRNHYPDMSTREEIAVWTNLTARVRVWFKNRRAKWR,"THFTSQQLQELEATFQRNHYPDMSTREEIAVWTNLT-ARVRVWFKNRRAKWR
THFTSQQLQELEATFQRNHYPDMSTREEIAVWTNLTEARVRVWFKNRRAKWR",275,None,'E' deleted in '37',0,1
79,-2.015025812,0,THFTSQQLQELEATFQRNHYPDMSTREEIAVWTNLTEARVRVWFKNRAKWR,"THFTSQQLQELEATFQRNHYPDMSTREEIAVWTNLTEARVRVWFKNR-AKWR
THFTSQQLQELEATFQRNHYPDMSTREEIAVWTNLTEARVRVWFKNRRAKWR",275,None,'R' deleted in '48',0,1
85,-1.044931714,1,THFTSQQLQELEATFQRNHYPDMSTREEIAVWTNLTEARVRVWFKNRRAKR,"THFTSQQLQELEATFQRNHYPDMSTREEIAVWTNLTEARVRVWFKNRRAK-R
THFTSQQLQELEATFQRNHYPDMSTREEIAVWTNLTEARVRVWFKNRRAKWR",269,None,'W' deleted in '51',0,1
86,-0.571106786,1,THFTSQQLQELEATFQRNHYPDMSTREEIAVWTNLTEARVRVWFKNRRAKW,"THFTSQQLQELEATFQRNHYPDMSTREEIAVWTNLTEARVRVWFKNRRAKW
THFTSQQLQELEATFQRNHYPDMSTREEIAVWTNLTEARVRVWFKNRRAKW",275,None,None,0,0
89,-1.120081186,1,THFTSQQLQELEATFQRNHYPDMSTREEIAVWTNLTEARVRVWFKNRRAWR,"THFTSQQLQELEATFQRNHYPDMSTREEIAVWTNLTEARVRVWFKNRRA-WR
THFTSQQLQELEATFQRNHYPDMSTREEIAVWTNLTEARVRVWFKNRRAKWR",275,None,'K' deleted in '50',0,1
91,-0.992793588,1,THFTSQQLQELEATFQRNHYPDMSTREEIAVWTNLTEARVRVWFKNRRKWR,"THFTSQQLQELEATFQRNHYPDMSTREEIAVWTNLTEARVRVWFKNRR-KWR
THFTSQQLQELEATFQRNHYPDMSTREEIAVWTNLTEARVRVWFKNRRAKWR",276,None,'A' deleted in '49',0,1
92,-2.123427734,0,THFTSQQLQELEATFQRNHYPDMSTREEIAVWTNLTEARVRVWFKRRAKWR,"THFTSQQLQELEATFQRNHYPDMSTREEIAVWTNLTEARVRVWFK-RRAKWR
THFTSQQLQELEATFQRNHYPDMSTREEIAVWTNLTEARVRVWFKNRRAKWR",274,None,'N' deleted in '46',0,1
93,-2.17590307,0,THFTSQQLQELEATFQRNHYPDMSTREEIAVWTNLTEARVRVWFNRRAKWR,"THFTSQQLQELEATFQRNHYPDMSTREEIAVWTNLTEARVRVWF-NRRAKWR
THFTSQQLQELEATFQRNHYPDMSTREEIAVWTNLTEARVRVWFKNRRAKWR",275,None,'K' deleted in '45',0,1
94,-3.097856882,0,THFTSQQLQELEATFQRNHYPDMSTREEIAVWTNLTEARVVWFKNRRAKWR,"THFTSQQLQELEATFQRNHYPDMSTREEIAVWTNLTEARV-VWFKNRRAKWR
THFTSQQLQELEATFQRNHYPDMSTREEIAVWTNLTEARVRVWFKNRRAKWR",275,None,'R' deleted in '41',0,1
95,-1.939117248,0,THFTSQQLQELEATFQRNHYPDMSTREEIAVWTNLTEAVRVWFKNRRAKWR,"THFTSQQLQELEATFQRNHYPDMSTREEIAVWTNLTEA-VRVWFKNRRAKWR
THFTSQQLQELEATFQRNHYPDMSTREEIAVWTNLTEARVRVWFKNRRAKWR",275,None,'R' deleted in '39',0,1
96,-2.496311151,0,THFTSQQLQELEATFQRNHYPDMSTREEIAVWTNLTERVRVWFKNRRAKWR,"THFTSQQLQELEATFQRNHYPDMSTREEIAVWTNLTE-RVRVWFKNRRAKWR
THFTSQQLQELEATFQRNHYPDMSTREEIAVWTNLTEARVRVWFKNRRAKWR",276,None,'A' deleted in '38',0,1
98,-2.61608316,0,THFTSQQLQELEATFQRNHYPDMSTREEIAWTNLTEARVRVWFKNRRAKWR,"THFTSQQLQELEATFQRNHYPDMSTREEIA-WTNLTEARVRVWFKNRRAKWR
THFTSQQLQELEATFQRNHYPDMSTREEIAVWTNLTEARVRVWFKNRRAKWR",276,None,'V' deleted in '31',0,1
100,-2.138179749,0,THFTSQQLQELEATFQRNHYPDMSTREEIVWTNLTEARVRVWFKNRRAKWR,"THFTSQQLQELEATFQRNHYPDMSTREEI-VWTNLTEARVRVWFKNRRAKWR
THFTSQQLQELEATFQRNHYPDMSTREEIAVWTNLTEARVRVWFKNRRAKWR",276,None,'A' deleted in '30',0,1
102,-2.46600023,0,THFTSQQLQELEATFQRNHYPDMSTREIAVWTNLTEARVRVWFKNRRAKWR,"THFTSQQLQELEATFQRNHYPDMSTRE-IAVWTNLTEARVRVWFKNRRAKWR
THFTSQQLQELEATFQRNHYPDMSTREEIAVWTNLTEARVRVWFKNRRAKWR",275,None,'E' deleted in '28',0,1
104,-1.935875705,0,THFTSQQLQELEATFQRNHYPDMTREEIAVWTNLTEARVRVWFKNRRAKWR,"THFTSQQLQELEATFQRNHYPDM-TREEIAVWTNLTEARVRVWFKNRRAKWR
THFTSQQLQELEATFQRNHYPDMSTREEIAVWTNLTEARVRVWFKNRRAKWR",276,None,'S' deleted in '24',0,1
105,-3.072920352,0,THFTSQQLQELEATFQRNHYPDSTREEIAVWTNLTEARVRVWFKNRRAKWR,"THFTSQQLQELEATFQRNHYPD-STREEIAVWTNLTEARVRVWFKNRRAKWR
THFTSQQLQELEATFQRNHYPDMSTREEIAVWTNLTEARVRVWFKNRRAKWR",275,None,'M' deleted in '23',0,1
107,-2.923836267,0,THFTSQQLQELEATFQRNHYPMSTREEIAVWTNLTEARVRVWFKNRRAKWR,"THFTSQQLQELEATFQRNHYP-MSTREEIAVWTNLTEARVRVWFKNRRAKWR
THFTSQQLQELEATFQRNHYPDMSTREEIAVWTNLTEARVRVWFKNRRAKWR",274,None,'D' deleted in '22',0,1
108,-2.946947918,0,THFTSQQLQELEATFQRNYPDMSTREEIAVWTNLTEARVRVWFKNRRAKWR,"THFTSQQLQELEATFQRN-YPDMSTREEIAVWTNLTEARVRVWFKNRRAKWR
THFTSQQLQELEATFQRNHYPDMSTREEIAVWTNLTEARVRVWFKNRRAKWR",272,None,'H' deleted in '19',0,1
109,-2.847210326,0,THFTSQQLQELEATFRNHYPDMSTREEIAVWTNLTEARVRVWFKNRRAKWR,"THFTSQQLQELEATF-RNHYPDMSTREEIAVWTNLTEARVRVWFKNRRAKWR
THFTSQQLQELEATFQRNHYPDMSTREEIAVWTNLTEARVRVWFKNRRAKWR",275,None,'Q' deleted in '16',0,1
110,-2.85798325,0,THFTSQQLQELEATQRNHYPDMSTREEIAVWTNLTEARVRVWFKNRRAKWR,"THFTSQQLQELEAT-QRNHYPDMSTREEIAVWTNLTEARVRVWFKNRRAKWR
THFTSQQLQELEATFQRNHYPDMSTREEIAVWTNLTEARVRVWFKNRRAKWR",274,None,'F' deleted in '15',0,1
111,-2.867459094,0,THFTSQQLQELETFQRNHYPDMSTREEIAVWTNLTEARVRVWFKNRRAKWR,"THFTSQQLQELE-TFQRNHYPDMSTREEIAVWTNLTEARVRVWFKNRRAKWR
THFTSQQLQELEATFQRNHYPDMSTREEIAVWTNLTEARVRVWFKNRRAKWR",276,None,'A' deleted in '13',0,1
114,-1.651307862,0,THFTSQQLQLEATFQRNHYPDMSTREEIAVWTNLTEARVRVWFKNRRAKWR,"THFTSQQLQ-LEATFQRNHYPDMSTREEIAVWTNLTEARVRVWFKNRRAKWR
THFTSQQLQELEATFQRNHYPDMSTREEIAVWTNLTEARVRVWFKNRRAKWR",275,None,'E' deleted in '10',0,1
115,-2.23137432,0,THFTSQQQELEATFQRNHYPDMSTREEIAVWTNLTEARVRVWFKNRRAKWR,"THFTSQQ-QELEATFQRNHYPDMSTREEIAVWTNLTEARVRVWFKNRRAKWR
THFTSQQLQELEATFQRNHYPDMSTREEIAVWTNLTEARVRVWFKNRRAKWR",276,None,'L' deleted in '8',0,1
117,-1.8587923,0,THTSQQLQELEATFQRNHYPDMSTREEIAVWTNLTEARVRVWFKNRRAKWR,"TH-TSQQLQELEATFQRNHYPDMSTREEIAVWTNLTEARVRVWFKNRRAKWR
THFTSQQLQELEATFQRNHYPDMSTREEIAVWTNLTEARVRVWFKNRRAKWR",274,None,'F' deleted in '3',0,1
