ID,DMS_Score,DMS_Score_Bin,mutated_sequence,Alignment,Align_score,Insertions,Deletions,NumberOfInsertionSites,NumberOfDeletionSites
1,0.108985069,1,AALRDDEYDEWQDIIRDWRKEMTVQQFLDLKERALSGASDPDSQRYNAWLELRA,"AALRDDEYDEWQDIIRDWRKEMTVQQFLDLKERALSGASDPDSQRYNAWLELRA
A-LRDDEYDEWQDIIRDWRKEMTVQQFLDLKERALSGASDPDSQRYNAWLELRA",281,'A' inserted at '2',None,1,0
2,0.14673832,1,AGLRDDEYDEWQDIIRDWRKEMTVQQFLDLKERALSGASDPDSQRYNAWLELRA,"AGLRDDEYDEWQDIIRDWRKEMTVQQFLDLKERALSGASDPDSQRYNAWLELRA
A-LRDDEYDEWQDIIRDWRKEMTVQQFLDLKERALSGASDPDSQRYNAWLELRA",281,'G' inserted at '2',None,1,0
3,-0.842754582,1,ALARDDEYDEWQDIIRDWRKEMTVQQFLDLKERALSGASDPDSQRYNAWLELRA,"ALARDDEYDEWQDIIRDWRKEMTVQQFLDLKERALSGASDPDSQRYNAWLELRA
AL-RDDEYDEWQDIIRDWRKEMTVQQFLDLKERALSGASDPDSQRYNAWLELRA",281,'A' inserted at '3',None,1,0
5,-1.040923934,1,ALGRDDEYDEWQDIIRDWRKEMTVQQFLDLKERALSGASDPDSQRYNAWLELRA,"ALGRDDEYDEWQDIIRDWRKEMTVQQFLDLKERALSGASDPDSQRYNAWLELRA
AL-RDDEYDEWQDIIRDWRKEMTVQQFLDLKERALSGASDPDSQRYNAWLELRA",281,'G' inserted at '3',None,1,0
6,-1.020299578,1,ALRADDEYDEWQDIIRDWRKEMTVQQFLDLKERALSGASDPDSQRYNAWLELRA,"ALRADDEYDEWQDIIRDWRKEMTVQQFLDLKERALSGASDPDSQRYNAWLELRA
ALR-DDEYDEWQDIIRDWRKEMTVQQFLDLKERALSGASDPDSQRYNAWLELRA",281,'A' inserted at '4',None,1,0
7,-0.361302996,1,ALRDADEYDEWQDIIRDWRKEMTVQQFLDLKERALSGASDPDSQRYNAWLELRA,"ALRDADEYDEWQDIIRDWRKEMTVQQFLDLKERALSGASDPDSQRYNAWLELRA
ALRD-DEYDEWQDIIRDWRKEMTVQQFLDLKERALSGASDPDSQRYNAWLELRA",281,'A' inserted at '5',None,1,0
8,-0.172077487,1,ALRDDAEYDEWQDIIRDWRKEMTVQQFLDLKERALSGASDPDSQRYNAWLELRA,"ALRDDAEYDEWQDIIRDWRKEMTVQQFLDLKERALSGASDPDSQRYNAWLELRA
ALRDD-EYDEWQDIIRDWRKEMTVQQFLDLKERALSGASDPDSQRYNAWLELRA",281,'A' inserted at '6',None,1,0
9,-1.075767267,1,ALRDDEAYDEWQDIIRDWRKEMTVQQFLDLKERALSGASDPDSQRYNAWLELRA,"ALRDDEAYDEWQDIIRDWRKEMTVQQFLDLKERALSGASDPDSQRYNAWLELRA
ALRDDE-YDEWQDIIRDWRKEMTVQQFLDLKERALSGASDPDSQRYNAWLELRA",281,'A' inserted at '7',None,1,0
11,-1.465185967,1,ALRDDEGYDEWQDIIRDWRKEMTVQQFLDLKERALSGASDPDSQRYNAWLELRA,"ALRDDEGYDEWQDIIRDWRKEMTVQQFLDLKERALSGASDPDSQRYNAWLELRA
ALRDDE-YDEWQDIIRDWRKEMTVQQFLDLKERALSGASDPDSQRYNAWLELRA",281,'G' inserted at '7',None,1,0
12,-1.786784621,0,ALRDDEYADEWQDIIRDWRKEMTVQQFLDLKERALSGASDPDSQRYNAWLELRA,"ALRDDEYADEWQDIIRDWRKEMTVQQFLDLKERALSGASDPDSQRYNAWLELRA
ALRDDEY-DEWQDIIRDWRKEMTVQQFLDLKERALSGASDPDSQRYNAWLELRA",281,'A' inserted at '8',None,1,0
13,-1.70981034,0,ALRDDEYDAEWQDIIRDWRKEMTVQQFLDLKERALSGASDPDSQRYNAWLELRA,"ALRDDEYDAEWQDIIRDWRKEMTVQQFLDLKERALSGASDPDSQRYNAWLELRA
ALRDDEYD-EWQDIIRDWRKEMTVQQFLDLKERALSGASDPDSQRYNAWLELRA",281,'A' inserted at '9',None,1,0
14,-2.64667035,0,ALRDDEYDEAWQDIIRDWRKEMTVQQFLDLKERALSGASDPDSQRYNAWLELRA,"ALRDDEYDEAWQDIIRDWRKEMTVQQFLDLKERALSGASDPDSQRYNAWLELRA
ALRDDEYDE-WQDIIRDWRKEMTVQQFLDLKERALSGASDPDSQRYNAWLELRA",281,'A' inserted at '10',None,1,0
15,-2.85127198,0,ALRDDEYDEGWQDIIRDWRKEMTVQQFLDLKERALSGASDPDSQRYNAWLELRA,"ALRDDEYDEGWQDIIRDWRKEMTVQQFLDLKERALSGASDPDSQRYNAWLELRA
ALRDDEYDE-WQDIIRDWRKEMTVQQFLDLKERALSGASDPDSQRYNAWLELRA",281,'G' inserted at '10',None,1,0
17,-2.903710763,0,ALRDDEYDEWAQDIIRDWRKEMTVQQFLDLKERALSGASDPDSQRYNAWLELRA,"ALRDDEYDEWAQDIIRDWRKEMTVQQFLDLKERALSGASDPDSQRYNAWLELRA
ALRDDEYDEW-QDIIRDWRKEMTVQQFLDLKERALSGASDPDSQRYNAWLELRA",281,'A' inserted at '11',None,1,0
19,-3.224642598,0,ALRDDEYDEWGQDIIRDWRKEMTVQQFLDLKERALSGASDPDSQRYNAWLELRA,"ALRDDEYDEWGQDIIRDWRKEMTVQQFLDLKERALSGASDPDSQRYNAWLELRA
ALRDDEYDEW-QDIIRDWRKEMTVQQFLDLKERALSGASDPDSQRYNAWLELRA",281,'G' inserted at '11',None,1,0
20,-2.715517358,0,ALRDDEYDEWQADIIRDWRKEMTVQQFLDLKERALSGASDPDSQRYNAWLELRA,"ALRDDEYDEWQADIIRDWRKEMTVQQFLDLKERALSGASDPDSQRYNAWLELRA
ALRDDEYDEWQ-DIIRDWRKEMTVQQFLDLKERALSGASDPDSQRYNAWLELRA",281,'A' inserted at '12',None,1,0
21,-2.830213875,0,ALRDDEYDEWQDAIIRDWRKEMTVQQFLDLKERALSGASDPDSQRYNAWLELRA,"ALRDDEYDEWQDAIIRDWRKEMTVQQFLDLKERALSGASDPDSQRYNAWLELRA
ALRDDEYDEWQD-IIRDWRKEMTVQQFLDLKERALSGASDPDSQRYNAWLELRA",281,'A' inserted at '13',None,1,0
22,-3.278030257,0,ALRDDEYDEWQDGIIRDWRKEMTVQQFLDLKERALSGASDPDSQRYNAWLELRA,"ALRDDEYDEWQDGIIRDWRKEMTVQQFLDLKERALSGASDPDSQRYNAWLELRA
ALRDDEYDEWQD-IIRDWRKEMTVQQFLDLKERALSGASDPDSQRYNAWLELRA",281,'G' inserted at '13',None,1,0
23,-3.045805444,0,ALRDDEYDEWQDIAIRDWRKEMTVQQFLDLKERALSGASDPDSQRYNAWLELRA,"ALRDDEYDEWQDIAIRDWRKEMTVQQFLDLKERALSGASDPDSQRYNAWLELRA
ALRDDEYDEWQDI-IRDWRKEMTVQQFLDLKERALSGASDPDSQRYNAWLELRA",281,'A' inserted at '14',None,1,0
24,-3.132070695,0,ALRDDEYDEWQDIGIRDWRKEMTVQQFLDLKERALSGASDPDSQRYNAWLELRA,"ALRDDEYDEWQDIGIRDWRKEMTVQQFLDLKERALSGASDPDSQRYNAWLELRA
ALRDDEYDEWQDI-IRDWRKEMTVQQFLDLKERALSGASDPDSQRYNAWLELRA",281,'G' inserted at '14',None,1,0
25,-2.926453774,0,ALRDDEYDEWQDIIARDWRKEMTVQQFLDLKERALSGASDPDSQRYNAWLELRA,"ALRDDEYDEWQDIIARDWRKEMTVQQFLDLKERALSGASDPDSQRYNAWLELRA
ALRDDEYDEWQDII-RDWRKEMTVQQFLDLKERALSGASDPDSQRYNAWLELRA",281,'A' inserted at '15',None,1,0
27,-2.949571085,0,ALRDDEYDEWQDIIGRDWRKEMTVQQFLDLKERALSGASDPDSQRYNAWLELRA,"ALRDDEYDEWQDIIGRDWRKEMTVQQFLDLKERALSGASDPDSQRYNAWLELRA
ALRDDEYDEWQDII-RDWRKEMTVQQFLDLKERALSGASDPDSQRYNAWLELRA",281,'G' inserted at '15',None,1,0
28,-2.711775135,0,ALRDDEYDEWQDIIRADWRKEMTVQQFLDLKERALSGASDPDSQRYNAWLELRA,"ALRDDEYDEWQDIIRADWRKEMTVQQFLDLKERALSGASDPDSQRYNAWLELRA
ALRDDEYDEWQDIIR-DWRKEMTVQQFLDLKERALSGASDPDSQRYNAWLELRA",281,'A' inserted at '16',None,1,0
29,-2.6123692,0,ALRDDEYDEWQDIIRDAWRKEMTVQQFLDLKERALSGASDPDSQRYNAWLELRA,"ALRDDEYDEWQDIIRDAWRKEMTVQQFLDLKERALSGASDPDSQRYNAWLELRA
ALRDDEYDEWQDIIRD-WRKEMTVQQFLDLKERALSGASDPDSQRYNAWLELRA",281,'A' inserted at '17',None,1,0
30,-2.044210907,0,ALRDDEYDEWQDIIRDGWRKEMTVQQFLDLKERALSGASDPDSQRYNAWLELRA,"ALRDDEYDEWQDIIRDGWRKEMTVQQFLDLKERALSGASDPDSQRYNAWLELRA
ALRDDEYDEWQDIIRD-WRKEMTVQQFLDLKERALSGASDPDSQRYNAWLELRA",281,'G' inserted at '17',None,1,0
32,-0.352560788,1,ALRDDEYDEWQDIIRDWARKEMTVQQFLDLKERALSGASDPDSQRYNAWLELRA,"ALRDDEYDEWQDIIRDWARKEMTVQQFLDLKERALSGASDPDSQRYNAWLELRA
ALRDDEYDEWQDIIRDW-RKEMTVQQFLDLKERALSGASDPDSQRYNAWLELRA",281,'A' inserted at '18',None,1,0
33,0.423693264,1,ALRDDEYDEWQDIIRDWGRKEMTVQQFLDLKERALSGASDPDSQRYNAWLELRA,"ALRDDEYDEWQDIIRDWGRKEMTVQQFLDLKERALSGASDPDSQRYNAWLELRA
ALRDDEYDEWQDIIRDW-RKEMTVQQFLDLKERALSGASDPDSQRYNAWLELRA",281,'G' inserted at '18',None,1,0
35,-0.88026869,1,ALRDDEYDEWQDIIRDWRAKEMTVQQFLDLKERALSGASDPDSQRYNAWLELRA,"ALRDDEYDEWQDIIRDWRAKEMTVQQFLDLKERALSGASDPDSQRYNAWLELRA
ALRDDEYDEWQDIIRDWR-KEMTVQQFLDLKERALSGASDPDSQRYNAWLELRA",281,'A' inserted at '19',None,1,0
37,-1.43668591,1,ALRDDEYDEWQDIIRDWRGKEMTVQQFLDLKERALSGASDPDSQRYNAWLELRA,"ALRDDEYDEWQDIIRDWRGKEMTVQQFLDLKERALSGASDPDSQRYNAWLELRA
ALRDDEYDEWQDIIRDWR-KEMTVQQFLDLKERALSGASDPDSQRYNAWLELRA",281,'G' inserted at '19',None,1,0
38,-0.943687288,1,ALRDDEYDEWQDIIRDWRKAEMTVQQFLDLKERALSGASDPDSQRYNAWLELRA,"ALRDDEYDEWQDIIRDWRKAEMTVQQFLDLKERALSGASDPDSQRYNAWLELRA
ALRDDEYDEWQDIIRDWRK-EMTVQQFLDLKERALSGASDPDSQRYNAWLELRA",281,'A' inserted at '20',None,1,0
39,-1.393937773,1,ALRDDEYDEWQDIIRDWRKEAMTVQQFLDLKERALSGASDPDSQRYNAWLELRA,"ALRDDEYDEWQDIIRDWRKEAMTVQQFLDLKERALSGASDPDSQRYNAWLELRA
ALRDDEYDEWQDIIRDWRKE-MTVQQFLDLKERALSGASDPDSQRYNAWLELRA",281,'A' inserted at '21',None,1,0
40,-0.8779435,1,ALRDDEYDEWQDIIRDWRKEGMTVQQFLDLKERALSGASDPDSQRYNAWLELRA,"ALRDDEYDEWQDIIRDWRKEGMTVQQFLDLKERALSGASDPDSQRYNAWLELRA
ALRDDEYDEWQDIIRDWRKE-MTVQQFLDLKERALSGASDPDSQRYNAWLELRA",281,'G' inserted at '21',None,1,0
41,-3.286224215,0,ALRDDEYDEWQDIIRDWRKEMATVQQFLDLKERALSGASDPDSQRYNAWLELRA,"ALRDDEYDEWQDIIRDWRKEMATVQQFLDLKERALSGASDPDSQRYNAWLELRA
ALRDDEYDEWQDIIRDWRKEM-TVQQFLDLKERALSGASDPDSQRYNAWLELRA",281,'A' inserted at '22',None,1,0
42,-3.16558978,0,ALRDDEYDEWQDIIRDWRKEMGTVQQFLDLKERALSGASDPDSQRYNAWLELRA,"ALRDDEYDEWQDIIRDWRKEMGTVQQFLDLKERALSGASDPDSQRYNAWLELRA
ALRDDEYDEWQDIIRDWRKEM-TVQQFLDLKERALSGASDPDSQRYNAWLELRA",281,'G' inserted at '22',None,1,0
43,-3.507925075,0,ALRDDEYDEWQDIIRDWRKEMTAVQQFLDLKERALSGASDPDSQRYNAWLELRA,"ALRDDEYDEWQDIIRDWRKEMTAVQQFLDLKERALSGASDPDSQRYNAWLELRA
ALRDDEYDEWQDIIRDWRKEMT-VQQFLDLKERALSGASDPDSQRYNAWLELRA",281,'A' inserted at '23',None,1,0
44,-3.818655055,0,ALRDDEYDEWQDIIRDWRKEMTGVQQFLDLKERALSGASDPDSQRYNAWLELRA,"ALRDDEYDEWQDIIRDWRKEMTGVQQFLDLKERALSGASDPDSQRYNAWLELRA
ALRDDEYDEWQDIIRDWRKEMT-VQQFLDLKERALSGASDPDSQRYNAWLELRA",281,'G' inserted at '23',None,1,0
46,-3.737334698,0,ALRDDEYDEWQDIIRDWRKEMTVAQQFLDLKERALSGASDPDSQRYNAWLELRA,"ALRDDEYDEWQDIIRDWRKEMTVAQQFLDLKERALSGASDPDSQRYNAWLELRA
ALRDDEYDEWQDIIRDWRKEMTV-QQFLDLKERALSGASDPDSQRYNAWLELRA",281,'A' inserted at '24',None,1,0
47,-4.04750117,0,ALRDDEYDEWQDIIRDWRKEMTVGQQFLDLKERALSGASDPDSQRYNAWLELRA,"ALRDDEYDEWQDIIRDWRKEMTVGQQFLDLKERALSGASDPDSQRYNAWLELRA
ALRDDEYDEWQDIIRDWRKEMTV-QQFLDLKERALSGASDPDSQRYNAWLELRA",281,'G' inserted at '24',None,1,0
48,-3.906764824,0,ALRDDEYDEWQDIIRDWRKEMTVQAQFLDLKERALSGASDPDSQRYNAWLELRA,"ALRDDEYDEWQDIIRDWRKEMTVQAQFLDLKERALSGASDPDSQRYNAWLELRA
ALRDDEYDEWQDIIRDWRKEMTVQ-QFLDLKERALSGASDPDSQRYNAWLELRA",281,'A' inserted at '25',None,1,0
50,-3.680335409,0,ALRDDEYDEWQDIIRDWRKEMTVQGQFLDLKERALSGASDPDSQRYNAWLELRA,"ALRDDEYDEWQDIIRDWRKEMTVQGQFLDLKERALSGASDPDSQRYNAWLELRA
ALRDDEYDEWQDIIRDWRKEMTVQ-QFLDLKERALSGASDPDSQRYNAWLELRA",281,'G' inserted at '25',None,1,0
51,-3.782142774,0,ALRDDEYDEWQDIIRDWRKEMTVQQAFLDLKERALSGASDPDSQRYNAWLELRA,"ALRDDEYDEWQDIIRDWRKEMTVQQAFLDLKERALSGASDPDSQRYNAWLELRA
ALRDDEYDEWQDIIRDWRKEMTVQQ-FLDLKERALSGASDPDSQRYNAWLELRA",281,'A' inserted at '26',None,1,0
52,-4.063382686,0,ALRDDEYDEWQDIIRDWRKEMTVQQFALDLKERALSGASDPDSQRYNAWLELRA,"ALRDDEYDEWQDIIRDWRKEMTVQQFALDLKERALSGASDPDSQRYNAWLELRA
ALRDDEYDEWQDIIRDWRKEMTVQQF-LDLKERALSGASDPDSQRYNAWLELRA",281,'A' inserted at '27',None,1,0
53,-3.195206181,0,ALRDDEYDEWQDIIRDWRKEMTVQQFLADLKERALSGASDPDSQRYNAWLELRA,"ALRDDEYDEWQDIIRDWRKEMTVQQFLADLKERALSGASDPDSQRYNAWLELRA
ALRDDEYDEWQDIIRDWRKEMTVQQFL-DLKERALSGASDPDSQRYNAWLELRA",281,'A' inserted at '28',None,1,0
54,-2.86836469,0,ALRDDEYDEWQDIIRDWRKEMTVQQFLDALKERALSGASDPDSQRYNAWLELRA,"ALRDDEYDEWQDIIRDWRKEMTVQQFLDALKERALSGASDPDSQRYNAWLELRA
ALRDDEYDEWQDIIRDWRKEMTVQQFLD-LKERALSGASDPDSQRYNAWLELRA",281,'A' inserted at '29',None,1,0
55,-3.294790528,0,ALRDDEYDEWQDIIRDWRKEMTVQQFLDGLKERALSGASDPDSQRYNAWLELRA,"ALRDDEYDEWQDIIRDWRKEMTVQQFLDGLKERALSGASDPDSQRYNAWLELRA
ALRDDEYDEWQDIIRDWRKEMTVQQFLD-LKERALSGASDPDSQRYNAWLELRA",281,'G' inserted at '29',None,1,0
57,-3.239038042,0,ALRDDEYDEWQDIIRDWRKEMTVQQFLDLAKERALSGASDPDSQRYNAWLELRA,"ALRDDEYDEWQDIIRDWRKEMTVQQFLDLAKERALSGASDPDSQRYNAWLELRA
ALRDDEYDEWQDIIRDWRKEMTVQQFLDL-KERALSGASDPDSQRYNAWLELRA",281,'A' inserted at '30',None,1,0
59,-3.600595408,0,ALRDDEYDEWQDIIRDWRKEMTVQQFLDLGKERALSGASDPDSQRYNAWLELRA,"ALRDDEYDEWQDIIRDWRKEMTVQQFLDLGKERALSGASDPDSQRYNAWLELRA
ALRDDEYDEWQDIIRDWRKEMTVQQFLDL-KERALSGASDPDSQRYNAWLELRA",281,'G' inserted at '30',None,1,0
60,-3.3631503,0,ALRDDEYDEWQDIIRDWRKEMTVQQFLDLKAERALSGASDPDSQRYNAWLELRA,"ALRDDEYDEWQDIIRDWRKEMTVQQFLDLKAERALSGASDPDSQRYNAWLELRA
ALRDDEYDEWQDIIRDWRKEMTVQQFLDLK-ERALSGASDPDSQRYNAWLELRA",281,'A' inserted at '31',None,1,0
62,-3.094818733,0,ALRDDEYDEWQDIIRDWRKEMTVQQFLDLKEARALSGASDPDSQRYNAWLELRA,"ALRDDEYDEWQDIIRDWRKEMTVQQFLDLKEARALSGASDPDSQRYNAWLELRA
ALRDDEYDEWQDIIRDWRKEMTVQQFLDLKE-RALSGASDPDSQRYNAWLELRA",281,'A' inserted at '32',None,1,0
63,-3.285616734,0,ALRDDEYDEWQDIIRDWRKEMTVQQFLDLKEGRALSGASDPDSQRYNAWLELRA,"ALRDDEYDEWQDIIRDWRKEMTVQQFLDLKEGRALSGASDPDSQRYNAWLELRA
ALRDDEYDEWQDIIRDWRKEMTVQQFLDLKE-RALSGASDPDSQRYNAWLELRA",281,'G' inserted at '32',None,1,0
64,-1.576306849,1,ALRDDEYDEWQDIIRDWRKEMTVQQFLDLKERAALSGASDPDSQRYNAWLELRA,"ALRDDEYDEWQDIIRDWRKEMTVQQFLDLKERAALSGASDPDSQRYNAWLELRA
ALRDDEYDEWQDIIRDWRKEMTVQQFLDLKERA-LSGASDPDSQRYNAWLELRA",281,'A' inserted at '34',None,1,0
65,-1.828309112,0,ALRDDEYDEWQDIIRDWRKEMTVQQFLDLKERAGLSGASDPDSQRYNAWLELRA,"ALRDDEYDEWQDIIRDWRKEMTVQQFLDLKERAGLSGASDPDSQRYNAWLELRA
ALRDDEYDEWQDIIRDWRKEMTVQQFLDLKERA-LSGASDPDSQRYNAWLELRA",281,'G' inserted at '34',None,1,0
66,-1.655636356,1,ALRDDEYDEWQDIIRDWRKEMTVQQFLDLKERALASGASDPDSQRYNAWLELRA,"ALRDDEYDEWQDIIRDWRKEMTVQQFLDLKERALASGASDPDSQRYNAWLELRA
ALRDDEYDEWQDIIRDWRKEMTVQQFLDLKERAL-SGASDPDSQRYNAWLELRA",281,'A' inserted at '35',None,1,0
68,-1.489879509,1,ALRDDEYDEWQDIIRDWRKEMTVQQFLDLKERALGSGASDPDSQRYNAWLELRA,"ALRDDEYDEWQDIIRDWRKEMTVQQFLDLKERALGSGASDPDSQRYNAWLELRA
ALRDDEYDEWQDIIRDWRKEMTVQQFLDLKERAL-SGASDPDSQRYNAWLELRA",281,'G' inserted at '35',None,1,0
69,-1.252751732,1,ALRDDEYDEWQDIIRDWRKEMTVQQFLDLKERALSAGASDPDSQRYNAWLELRA,"ALRDDEYDEWQDIIRDWRKEMTVQQFLDLKERALSAGASDPDSQRYNAWLELRA
ALRDDEYDEWQDIIRDWRKEMTVQQFLDLKERALS-GASDPDSQRYNAWLELRA",281,'A' inserted at '36',None,1,0
71,-1.189375253,1,ALRDDEYDEWQDIIRDWRKEMTVQQFLDLKERALSGAASDPDSQRYNAWLELRA,"ALRDDEYDEWQDIIRDWRKEMTVQQFLDLKERALSGAASDPDSQRYNAWLELRA
ALRDDEYDEWQDIIRDWRKEMTVQQFLDLKERALSGA-SDPDSQRYNAWLELRA",281,'A' inserted at '38',None,1,0
73,-1.332015005,1,ALRDDEYDEWQDIIRDWRKEMTVQQFLDLKERALSGAGSDPDSQRYNAWLELRA,"ALRDDEYDEWQDIIRDWRKEMTVQQFLDLKERALSGAGSDPDSQRYNAWLELRA
ALRDDEYDEWQDIIRDWRKEMTVQQFLDLKERALSGA-SDPDSQRYNAWLELRA",281,'G' inserted at '38',None,1,0
74,-1.518785155,1,ALRDDEYDEWQDIIRDWRKEMTVQQFLDLKERALSGASADPDSQRYNAWLELRA,"ALRDDEYDEWQDIIRDWRKEMTVQQFLDLKERALSGASADPDSQRYNAWLELRA
ALRDDEYDEWQDIIRDWRKEMTVQQFLDLKERALSGAS-DPDSQRYNAWLELRA",281,'A' inserted at '39',None,1,0
75,-2.329353129,0,ALRDDEYDEWQDIIRDWRKEMTVQQFLDLKERALSGASDAPDSQRYNAWLELRA,"ALRDDEYDEWQDIIRDWRKEMTVQQFLDLKERALSGASDAPDSQRYNAWLELRA
ALRDDEYDEWQDIIRDWRKEMTVQQFLDLKERALSGASD-PDSQRYNAWLELRA",281,'A' inserted at '40',None,1,0
77,-2.448916903,0,ALRDDEYDEWQDIIRDWRKEMTVQQFLDLKERALSGASDGPDSQRYNAWLELRA,"ALRDDEYDEWQDIIRDWRKEMTVQQFLDLKERALSGASDGPDSQRYNAWLELRA
ALRDDEYDEWQDIIRDWRKEMTVQQFLDLKERALSGASD-PDSQRYNAWLELRA",281,'G' inserted at '40',None,1,0
78,-3.076761238,0,ALRDDEYDEWQDIIRDWRKEMTVQQFLDLKERALSGASDPADSQRYNAWLELRA,"ALRDDEYDEWQDIIRDWRKEMTVQQFLDLKERALSGASDPADSQRYNAWLELRA
ALRDDEYDEWQDIIRDWRKEMTVQQFLDLKERALSGASDP-DSQRYNAWLELRA",281,'A' inserted at '41',None,1,0
79,-2.88531747,0,ALRDDEYDEWQDIIRDWRKEMTVQQFLDLKERALSGASDPDASQRYNAWLELRA,"ALRDDEYDEWQDIIRDWRKEMTVQQFLDLKERALSGASDPDASQRYNAWLELRA
ALRDDEYDEWQDIIRDWRKEMTVQQFLDLKERALSGASDPD-SQRYNAWLELRA",281,'A' inserted at '42',None,1,0
80,-3.262976207,0,ALRDDEYDEWQDIIRDWRKEMTVQQFLDLKERALSGASDPDGSQRYNAWLELRA,"ALRDDEYDEWQDIIRDWRKEMTVQQFLDLKERALSGASDPDGSQRYNAWLELRA
ALRDDEYDEWQDIIRDWRKEMTVQQFLDLKERALSGASDPD-SQRYNAWLELRA",281,'G' inserted at '42',None,1,0
82,-3.161599587,0,ALRDDEYDEWQDIIRDWRKEMTVQQFLDLKERALSGASDPDSAQRYNAWLELRA,"ALRDDEYDEWQDIIRDWRKEMTVQQFLDLKERALSGASDPDSAQRYNAWLELRA
ALRDDEYDEWQDIIRDWRKEMTVQQFLDLKERALSGASDPDS-QRYNAWLELRA",281,'A' inserted at '43',None,1,0
83,-3.474099674,0,ALRDDEYDEWQDIIRDWRKEMTVQQFLDLKERALSGASDPDSGQRYNAWLELRA,"ALRDDEYDEWQDIIRDWRKEMTVQQFLDLKERALSGASDPDSGQRYNAWLELRA
ALRDDEYDEWQDIIRDWRKEMTVQQFLDLKERALSGASDPDS-QRYNAWLELRA",281,'G' inserted at '43',None,1,0
84,-2.954354888,0,ALRDDEYDEWQDIIRDWRKEMTVQQFLDLKERALSGASDPDSQARYNAWLELRA,"ALRDDEYDEWQDIIRDWRKEMTVQQFLDLKERALSGASDPDSQARYNAWLELRA
ALRDDEYDEWQDIIRDWRKEMTVQQFLDLKERALSGASDPDSQ-RYNAWLELRA",281,'A' inserted at '44',None,1,0
85,-3.311011222,0,ALRDDEYDEWQDIIRDWRKEMTVQQFLDLKERALSGASDPDSQGRYNAWLELRA,"ALRDDEYDEWQDIIRDWRKEMTVQQFLDLKERALSGASDPDSQGRYNAWLELRA
ALRDDEYDEWQDIIRDWRKEMTVQQFLDLKERALSGASDPDSQ-RYNAWLELRA",281,'G' inserted at '44',None,1,0
86,-2.711623099,0,ALRDDEYDEWQDIIRDWRKEMTVQQFLDLKERALSGASDPDSQRAYNAWLELRA,"ALRDDEYDEWQDIIRDWRKEMTVQQFLDLKERALSGASDPDSQRAYNAWLELRA
ALRDDEYDEWQDIIRDWRKEMTVQQFLDLKERALSGASDPDSQR-YNAWLELRA",281,'A' inserted at '45',None,1,0
87,-3.361297468,0,ALRDDEYDEWQDIIRDWRKEMTVQQFLDLKERALSGASDPDSQRGYNAWLELRA,"ALRDDEYDEWQDIIRDWRKEMTVQQFLDLKERALSGASDPDSQRGYNAWLELRA
ALRDDEYDEWQDIIRDWRKEMTVQQFLDLKERALSGASDPDSQR-YNAWLELRA",281,'G' inserted at '45',None,1,0
89,-3.039596714,0,ALRDDEYDEWQDIIRDWRKEMTVQQFLDLKERALSGASDPDSQRYANAWLELRA,"ALRDDEYDEWQDIIRDWRKEMTVQQFLDLKERALSGASDPDSQRYANAWLELRA
ALRDDEYDEWQDIIRDWRKEMTVQQFLDLKERALSGASDPDSQRY-NAWLELRA",281,'A' inserted at '46',None,1,0
91,-3.473559095,0,ALRDDEYDEWQDIIRDWRKEMTVQQFLDLKERALSGASDPDSQRYGNAWLELRA,"ALRDDEYDEWQDIIRDWRKEMTVQQFLDLKERALSGASDPDSQRYGNAWLELRA
ALRDDEYDEWQDIIRDWRKEMTVQQFLDLKERALSGASDPDSQRY-NAWLELRA",281,'G' inserted at '46',None,1,0
92,-3.067244906,0,ALRDDEYDEWQDIIRDWRKEMTVQQFLDLKERALSGASDPDSQRYNAAWLELRA,"ALRDDEYDEWQDIIRDWRKEMTVQQFLDLKERALSGASDPDSQRYNAAWLELRA
ALRDDEYDEWQDIIRDWRKEMTVQQFLDLKERALSGASDPDSQRYNA-WLELRA",281,'A' inserted at '48',None,1,0
93,-3.68333257,0,ALRDDEYDEWQDIIRDWRKEMTVQQFLDLKERALSGASDPDSQRYNAGWLELRA,"ALRDDEYDEWQDIIRDWRKEMTVQQFLDLKERALSGASDPDSQRYNAGWLELRA
ALRDDEYDEWQDIIRDWRKEMTVQQFLDLKERALSGASDPDSQRYNA-WLELRA",281,'G' inserted at '48',None,1,0
95,-1.85213741,0,ALRDDEYDEWQDIIRDWRKEMTVQQFLDLKERALSGASDPDSQRYNAWALELRA,"ALRDDEYDEWQDIIRDWRKEMTVQQFLDLKERALSGASDPDSQRYNAWALELRA
ALRDDEYDEWQDIIRDWRKEMTVQQFLDLKERALSGASDPDSQRYNAW-LELRA",281,'A' inserted at '49',None,1,0
97,-3.389647051,0,ALRDDEYDEWQDIIRDWRKEMTVQQFLDLKERALSGASDPDSQRYNAWGLELRA,"ALRDDEYDEWQDIIRDWRKEMTVQQFLDLKERALSGASDPDSQRYNAWGLELRA
ALRDDEYDEWQDIIRDWRKEMTVQQFLDLKERALSGASDPDSQRYNAW-LELRA",281,'G' inserted at '49',None,1,0
98,-1.436432892,1,ALRDDEYDEWQDIIRDWRKEMTVQQFLDLKERALSGASDPDSQRYNAWLAELRA,"ALRDDEYDEWQDIIRDWRKEMTVQQFLDLKERALSGASDPDSQRYNAWLAELRA
ALRDDEYDEWQDIIRDWRKEMTVQQFLDLKERALSGASDPDSQRYNAWL-ELRA",281,'A' inserted at '50',None,1,0
99,-1.332416125,1,ALRDDEYDEWQDIIRDWRKEMTVQQFLDLKERALSGASDPDSQRYNAWLEALRA,"ALRDDEYDEWQDIIRDWRKEMTVQQFLDLKERALSGASDPDSQRYNAWLEALRA
ALRDDEYDEWQDIIRDWRKEMTVQQFLDLKERALSGASDPDSQRYNAWLE-LRA",281,'A' inserted at '51',None,1,0
100,-1.50665794,1,ALRDDEYDEWQDIIRDWRKEMTVQQFLDLKERALSGASDPDSQRYNAWLEGLRA,"ALRDDEYDEWQDIIRDWRKEMTVQQFLDLKERALSGASDPDSQRYNAWLEGLRA
ALRDDEYDEWQDIIRDWRKEMTVQQFLDLKERALSGASDPDSQRYNAWLE-LRA",281,'G' inserted at '51',None,1,0
102,-1.625204105,1,ALRDDEYDEWQDIIRDWRKEMTVQQFLDLKERALSGASDPDSQRYNAWLELARA,"ALRDDEYDEWQDIIRDWRKEMTVQQFLDLKERALSGASDPDSQRYNAWLELARA
ALRDDEYDEWQDIIRDWRKEMTVQQFLDLKERALSGASDPDSQRYNAWLEL-RA",281,'A' inserted at '52',None,1,0
103,-1.728340166,0,ALRDDEYDEWQDIIRDWRKEMTVQQFLDLKERALSGASDPDSQRYNAWLELGRA,"ALRDDEYDEWQDIIRDWRKEMTVQQFLDLKERALSGASDPDSQRYNAWLELGRA
ALRDDEYDEWQDIIRDWRKEMTVQQFLDLKERALSGASDPDSQRYNAWLEL-RA",281,'G' inserted at '52',None,1,0
106,-0.148135017,1,ALRDDEYDEWQDIIRDWRKEMTVQQFLDLKERALSGASDPDSQRYNAWLELRGA,"ALRDDEYDEWQDIIRDWRKEMTVQQFLDLKERALSGASDPDSQRYNAWLELRGA
ALRDDEYDEWQDIIRDWRKEMTVQQFLDLKERALSGASDPDSQRYNAWLELR-A",281,'G' inserted at '53',None,1,0
108,-1.90112774,0,ALRDDEYDEWQDIIRDWRKEMTVQQFLDLKERALSGASDPDSQRYNAWLGELRA,"ALRDDEYDEWQDIIRDWRKEMTVQQFLDLKERALSGASDPDSQRYNAWLGELRA
ALRDDEYDEWQDIIRDWRKEMTVQQFLDLKERALSGASDPDSQRYNAWL-ELRA",281,'G' inserted at '50',None,1,0
110,-3.442703001,0,ALRDDEYDEWQDIIRDWRKEMTVQQFLDLKERALSGASDPDSQRYNGAWLELRA,"ALRDDEYDEWQDIIRDWRKEMTVQQFLDLKERALSGASDPDSQRYNGAWLELRA
ALRDDEYDEWQDIIRDWRKEMTVQQFLDLKERALSGASDPDSQRYN-AWLELRA",281,'G' inserted at '47',None,1,0
114,-3.111565821,0,ALRDDEYDEWQDIIRDWRKEMTVQQFLDLKERALSGASDPGDSQRYNAWLELRA,"ALRDDEYDEWQDIIRDWRKEMTVQQFLDLKERALSGASDPGDSQRYNAWLELRA
ALRDDEYDEWQDIIRDWRKEMTVQQFLDLKERALSGASDP-DSQRYNAWLELRA",281,'G' inserted at '41',None,1,0
116,-1.477871519,1,ALRDDEYDEWQDIIRDWRKEMTVQQFLDLKERALSGASGDPDSQRYNAWLELRA,"ALRDDEYDEWQDIIRDWRKEMTVQQFLDLKERALSGASGDPDSQRYNAWLELRA
ALRDDEYDEWQDIIRDWRKEMTVQQFLDLKERALSGAS-DPDSQRYNAWLELRA",281,'G' inserted at '39',None,1,0
118,-1.163670416,1,ALRDDEYDEWQDIIRDWRKEMTVQQFLDLKERALSGGASDPDSQRYNAWLELRA,"ALRDDEYDEWQDIIRDWRKEMTVQQFLDLKERALSGGASDPDSQRYNAWLELRA
ALRDDEYDEWQDIIRDWRKEMTVQQFLDLKERALSG-ASDPDSQRYNAWLELRA",281,'G' inserted at '37',None,1,0
121,-3.064799426,0,ALRDDEYDEWQDIIRDWRKEMTVQQFLDLKERGALSGASDPDSQRYNAWLELRA,"ALRDDEYDEWQDIIRDWRKEMTVQQFLDLKERGALSGASDPDSQRYNAWLELRA
ALRDDEYDEWQDIIRDWRKEMTVQQFLDLKER-ALSGASDPDSQRYNAWLELRA",281,'G' inserted at '33',None,1,0
123,-3.525552028,0,ALRDDEYDEWQDIIRDWRKEMTVQQFLDLKGERALSGASDPDSQRYNAWLELRA,"ALRDDEYDEWQDIIRDWRKEMTVQQFLDLKGERALSGASDPDSQRYNAWLELRA
ALRDDEYDEWQDIIRDWRKEMTVQQFLDLK-ERALSGASDPDSQRYNAWLELRA",281,'G' inserted at '31',None,1,0
125,-3.51402265,0,ALRDDEYDEWQDIIRDWRKEMTVQQFLGDLKERALSGASDPDSQRYNAWLELRA,"ALRDDEYDEWQDIIRDWRKEMTVQQFLGDLKERALSGASDPDSQRYNAWLELRA
ALRDDEYDEWQDIIRDWRKEMTVQQFL-DLKERALSGASDPDSQRYNAWLELRA",281,'G' inserted at '28',None,1,0
127,-3.69172534,0,ALRDDEYDEWQDIIRDWRKEMTVQQGFLDLKERALSGASDPDSQRYNAWLELRA,"ALRDDEYDEWQDIIRDWRKEMTVQQGFLDLKERALSGASDPDSQRYNAWLELRA
ALRDDEYDEWQDIIRDWRKEMTVQQ-FLDLKERALSGASDPDSQRYNAWLELRA",281,'G' inserted at '26',None,1,0
131,-1.284675204,1,ALRDDEYDEWQDIIRDWRKGEMTVQQFLDLKERALSGASDPDSQRYNAWLELRA,"ALRDDEYDEWQDIIRDWRKGEMTVQQFLDLKERALSGASDPDSQRYNAWLELRA
ALRDDEYDEWQDIIRDWRK-EMTVQQFLDLKERALSGASDPDSQRYNAWLELRA",281,'G' inserted at '20',None,1,0
133,-2.71710663,0,ALRDDEYDEWQDIIRGDWRKEMTVQQFLDLKERALSGASDPDSQRYNAWLELRA,"ALRDDEYDEWQDIIRGDWRKEMTVQQFLDLKERALSGASDPDSQRYNAWLELRA
ALRDDEYDEWQDIIR-DWRKEMTVQQFLDLKERALSGASDPDSQRYNAWLELRA",281,'G' inserted at '16',None,1,0
136,-3.083759984,0,ALRDDEYDEWQGDIIRDWRKEMTVQQFLDLKERALSGASDPDSQRYNAWLELRA,"ALRDDEYDEWQGDIIRDWRKEMTVQQFLDLKERALSGASDPDSQRYNAWLELRA
ALRDDEYDEWQ-DIIRDWRKEMTVQQFLDLKERALSGASDPDSQRYNAWLELRA",281,'G' inserted at '12',None,1,0
138,-2.022352849,0,ALRDDEYDGEWQDIIRDWRKEMTVQQFLDLKERALSGASDPDSQRYNAWLELRA,"ALRDDEYDGEWQDIIRDWRKEMTVQQFLDLKERALSGASDPDSQRYNAWLELRA
ALRDDEYD-EWQDIIRDWRKEMTVQQFLDLKERALSGASDPDSQRYNAWLELRA",281,'G' inserted at '9',None,1,0
141,-1.970588623,0,ALRDDEYGDEWQDIIRDWRKEMTVQQFLDLKERALSGASDPDSQRYNAWLELRA,"ALRDDEYGDEWQDIIRDWRKEMTVQQFLDLKERALSGASDPDSQRYNAWLELRA
ALRDDEY-DEWQDIIRDWRKEMTVQQFLDLKERALSGASDPDSQRYNAWLELRA",281,'G' inserted at '8',None,1,0
142,-0.760775004,1,ALRDDGEYDEWQDIIRDWRKEMTVQQFLDLKERALSGASDPDSQRYNAWLELRA,"ALRDDGEYDEWQDIIRDWRKEMTVQQFLDLKERALSGASDPDSQRYNAWLELRA
ALRDD-EYDEWQDIIRDWRKEMTVQQFLDLKERALSGASDPDSQRYNAWLELRA",281,'G' inserted at '6',None,1,0
145,-0.424734783,1,ALRDGDEYDEWQDIIRDWRKEMTVQQFLDLKERALSGASDPDSQRYNAWLELRA,"ALRDGDEYDEWQDIIRDWRKEMTVQQFLDLKERALSGASDPDSQRYNAWLELRA
ALRD-DEYDEWQDIIRDWRKEMTVQQFLDLKERALSGASDPDSQRYNAWLELRA",281,'G' inserted at '5',None,1,0
146,-0.557877725,1,ALRGDDEYDEWQDIIRDWRKEMTVQQFLDLKERALSGASDPDSQRYNAWLELRA,"ALRGDDEYDEWQDIIRDWRKEMTVQQFLDLKERALSGASDPDSQRYNAWLELRA
ALR-DDEYDEWQDIIRDWRKEMTVQQFLDLKERALSGASDPDSQRYNAWLELRA",281,'G' inserted at '4',None,1,0
4,-0.970427811,1,ALDDEYDEWQDIIRDWRKEMTVQQFLDLKERALSGASDPDSQRYNAWLELRA,"AL-DDEYDEWQDIIRDWRKEMTVQQFLDLKERALSGASDPDSQRYNAWLELRA
ALRDDEYDEWQDIIRDWRKEMTVQQFLDLKERALSGASDPDSQRYNAWLELRA",276,None,'R' deleted in '3',0,1
10,-1.806699742,0,ALRDDEDEWQDIIRDWRKEMTVQQFLDLKERALSGASDPDSQRYNAWLELRA,"ALRDDE-DEWQDIIRDWRKEMTVQQFLDLKERALSGASDPDSQRYNAWLELRA
ALRDDEYDEWQDIIRDWRKEMTVQQFLDLKERALSGASDPDSQRYNAWLELRA",274,None,'Y' deleted in '7',0,1
16,-3.281482523,0,ALRDDEYDEQDIIRDWRKEMTVQQFLDLKERALSGASDPDSQRYNAWLELRA,"ALRDDEYDE-QDIIRDWRKEMTVQQFLDLKERALSGASDPDSQRYNAWLELRA
ALRDDEYDEWQDIIRDWRKEMTVQQFLDLKERALSGASDPDSQRYNAWLELRA",270,None,'W' deleted in '10',0,1
18,-2.665318592,0,ALRDDEYDEWDIIRDWRKEMTVQQFLDLKERALSGASDPDSQRYNAWLELRA,"ALRDDEYDEW-DIIRDWRKEMTVQQFLDLKERALSGASDPDSQRYNAWLELRA
ALRDDEYDEWQDIIRDWRKEMTVQQFLDLKERALSGASDPDSQRYNAWLELRA",276,None,'Q' deleted in '11',0,1
26,-2.597259502,0,ALRDDEYDEWQDIIDWRKEMTVQQFLDLKERALSGASDPDSQRYNAWLELRA,"ALRDDEYDEWQDII-DWRKEMTVQQFLDLKERALSGASDPDSQRYNAWLELRA
ALRDDEYDEWQDIIRDWRKEMTVQQFLDLKERALSGASDPDSQRYNAWLELRA",276,None,'R' deleted in '15',0,1
31,-3.10293342,0,ALRDDEYDEWQDIIRDRKEMTVQQFLDLKERALSGASDPDSQRYNAWLELRA,"ALRDDEYDEWQDIIRD-RKEMTVQQFLDLKERALSGASDPDSQRYNAWLELRA
ALRDDEYDEWQDIIRDWRKEMTVQQFLDLKERALSGASDPDSQRYNAWLELRA",270,None,'W' deleted in '17',0,1
34,-0.644667248,1,ALRDDEYDEWQDIIRDWKEMTVQQFLDLKERALSGASDPDSQRYNAWLELRA,"ALRDDEYDEWQDIIRDW-KEMTVQQFLDLKERALSGASDPDSQRYNAWLELRA
ALRDDEYDEWQDIIRDWRKEMTVQQFLDLKERALSGASDPDSQRYNAWLELRA",276,None,'R' deleted in '18',0,1
36,-0.828066159,1,ALRDDEYDEWQDIIRDWREMTVQQFLDLKERALSGASDPDSQRYNAWLELRA,"ALRDDEYDEWQDIIRDWR-EMTVQQFLDLKERALSGASDPDSQRYNAWLELRA
ALRDDEYDEWQDIIRDWRKEMTVQQFLDLKERALSGASDPDSQRYNAWLELRA",276,None,'K' deleted in '19',0,1
45,-3.461582664,0,ALRDDEYDEWQDIIRDWRKEMTQQFLDLKERALSGASDPDSQRYNAWLELRA,"ALRDDEYDEWQDIIRDWRKEMT-QQFLDLKERALSGASDPDSQRYNAWLELRA
ALRDDEYDEWQDIIRDWRKEMTVQQFLDLKERALSGASDPDSQRYNAWLELRA",277,None,'V' deleted in '23',0,1
49,-3.662679855,0,ALRDDEYDEWQDIIRDWRKEMTVQFLDLKERALSGASDPDSQRYNAWLELRA,"ALRDDEYDEWQDIIRDWRKEMTVQ-FLDLKERALSGASDPDSQRYNAWLELRA
ALRDDEYDEWQDIIRDWRKEMTVQQFLDLKERALSGASDPDSQRYNAWLELRA",276,None,'Q' deleted in '25',0,1
56,-3.144712972,0,ALRDDEYDEWQDIIRDWRKEMTVQQFLDKERALSGASDPDSQRYNAWLELRA,"ALRDDEYDEWQDIIRDWRKEMTVQQFLD-KERALSGASDPDSQRYNAWLELRA
ALRDDEYDEWQDIIRDWRKEMTVQQFLDLKERALSGASDPDSQRYNAWLELRA",277,None,'L' deleted in '29',0,1
58,-2.960325581,0,ALRDDEYDEWQDIIRDWRKEMTVQQFLDLERALSGASDPDSQRYNAWLELRA,"ALRDDEYDEWQDIIRDWRKEMTVQQFLDL-ERALSGASDPDSQRYNAWLELRA
ALRDDEYDEWQDIIRDWRKEMTVQQFLDLKERALSGASDPDSQRYNAWLELRA",276,None,'K' deleted in '30',0,1
61,-2.995607273,0,ALRDDEYDEWQDIIRDWRKEMTVQQFLDLKEALSGASDPDSQRYNAWLELRA,"ALRDDEYDEWQDIIRDWRKEMTVQQFLDLKE-ALSGASDPDSQRYNAWLELRA
ALRDDEYDEWQDIIRDWRKEMTVQQFLDLKERALSGASDPDSQRYNAWLELRA",276,None,'R' deleted in '32',0,1
67,-2.255074772,0,ALRDDEYDEWQDIIRDWRKEMTVQQFLDLKERALGASDPDSQRYNAWLELRA,"ALRDDEYDEWQDIIRDWRKEMTVQQFLDLKERAL-GASDPDSQRYNAWLELRA
ALRDDEYDEWQDIIRDWRKEMTVQQFLDLKERALSGASDPDSQRYNAWLELRA",277,None,'S' deleted in '35',0,1
70,-1.734388426,0,ALRDDEYDEWQDIIRDWRKEMTVQQFLDLKERALSASDPDSQRYNAWLELRA,"ALRDDEYDEWQDIIRDWRKEMTVQQFLDLKERALS-ASDPDSQRYNAWLELRA
ALRDDEYDEWQDIIRDWRKEMTVQQFLDLKERALSGASDPDSQRYNAWLELRA",275,None,'G' deleted in '36',0,1
72,-1.852096827,0,ALRDDEYDEWQDIIRDWRKEMTVQQFLDLKERALSGADPDSQRYNAWLELRA,"ALRDDEYDEWQDIIRDWRKEMTVQQFLDLKERALSGA-DPDSQRYNAWLELRA
ALRDDEYDEWQDIIRDWRKEMTVQQFLDLKERALSGASDPDSQRYNAWLELRA",277,None,'S' deleted in '38',0,1
76,-2.81649043,0,ALRDDEYDEWQDIIRDWRKEMTVQQFLDLKERALSGASDDSQRYNAWLELRA,"ALRDDEYDEWQDIIRDWRKEMTVQQFLDLKERALSGASD-DSQRYNAWLELRA
ALRDDEYDEWQDIIRDWRKEMTVQQFLDLKERALSGASDPDSQRYNAWLELRA",274,None,'P' deleted in '40',0,1
81,-3.105089364,0,ALRDDEYDEWQDIIRDWRKEMTVQQFLDLKERALSGASDPDQRYNAWLELRA,"ALRDDEYDEWQDIIRDWRKEMTVQQFLDLKERALSGASDPD-QRYNAWLELRA
ALRDDEYDEWQDIIRDWRKEMTVQQFLDLKERALSGASDPDSQRYNAWLELRA",277,None,'S' deleted in '42',0,1
88,-3.449317856,0,ALRDDEYDEWQDIIRDWRKEMTVQQFLDLKERALSGASDPDSQRNAWLELRA,"ALRDDEYDEWQDIIRDWRKEMTVQQFLDLKERALSGASDPDSQR-NAWLELRA
ALRDDEYDEWQDIIRDWRKEMTVQQFLDLKERALSGASDPDSQRYNAWLELRA",274,None,'Y' deleted in '45',0,1
90,-3.126172705,0,ALRDDEYDEWQDIIRDWRKEMTVQQFLDLKERALSGASDPDSQRYAWLELRA,"ALRDDEYDEWQDIIRDWRKEMTVQQFLDLKERALSGASDPDSQRY-AWLELRA
ALRDDEYDEWQDIIRDWRKEMTVQQFLDLKERALSGASDPDSQRYNAWLELRA",275,None,'N' deleted in '46',0,1
94,-3.618801137,0,ALRDDEYDEWQDIIRDWRKEMTVQQFLDLKERALSGASDPDSQRYNALELRA,"ALRDDEYDEWQDIIRDWRKEMTVQQFLDLKERALSGASDPDSQRYNA-LELRA
ALRDDEYDEWQDIIRDWRKEMTVQQFLDLKERALSGASDPDSQRYNAWLELRA",270,None,'W' deleted in '48',0,1
96,-3.212726311,0,ALRDDEYDEWQDIIRDWRKEMTVQQFLDLKERALSGASDPDSQRYNAWELRA,"ALRDDEYDEWQDIIRDWRKEMTVQQFLDLKERALSGASDPDSQRYNAW-ELRA
ALRDDEYDEWQDIIRDWRKEMTVQQFLDLKERALSGASDPDSQRYNAWLELRA",277,None,'L' deleted in '49',0,1
101,-1.946742868,0,ALRDDEYDEWQDIIRDWRKEMTVQQFLDLKERALSGASDPDSQRYNAWLELA,"ALRDDEYDEWQDIIRDWRKEMTVQQFLDLKERALSGASDPDSQRYNAWLEL-A
ALRDDEYDEWQDIIRDWRKEMTVQQFLDLKERALSGASDPDSQRYNAWLELRA",276,None,'R' deleted in '52',0,1
104,-0.036521166,1,ALRDDEYDEWQDIIRDWRKEMTVQQFLDLKERALSGASDPDSQRYNAWLELR,"ALRDDEYDEWQDIIRDWRKEMTVQQFLDLKERALSGASDPDSQRYNAWLELR
ALRDDEYDEWQDIIRDWRKEMTVQQFLDLKERALSGASDPDSQRYNAWLELR",277,None,None,0,0
105,0.124930883,1,ALRDDEYDEWQDIIRDWRKEMTVQQFLDLKERALSGASDPDSQRYNAWLELRAA,"ALRDDEYDEWQDIIRDWRKEMTVQQFLDLKERALSGASDPDSQRYNAWLELRA
ALRDDEYDEWQDIIRDWRKEMTVQQFLDLKERALSGASDPDSQRYNAWLELRA",281,None,None,0,0
107,-1.523641384,1,ALRDDEYDEWQDIIRDWRKEMTVQQFLDLKERALSGASDPDSQRYNAWLERA,"ALRDDEYDEWQDIIRDWRKEMTVQQFLDLKERALSGASDPDSQRYNAWLE-RA
ALRDDEYDEWQDIIRDWRKEMTVQQFLDLKERALSGASDPDSQRYNAWLELRA",277,None,'L' deleted in '51',0,1
109,-1.610407921,1,ALRDDEYDEWQDIIRDWRKEMTVQQFLDLKERALSGASDPDSQRYNAWLLRA,"ALRDDEYDEWQDIIRDWRKEMTVQQFLDLKERALSGASDPDSQRYNAWL-LRA
ALRDDEYDEWQDIIRDWRKEMTVQQFLDLKERALSGASDPDSQRYNAWLELRA",276,None,'E' deleted in '50',0,1
111,-3.492319644,0,ALRDDEYDEWQDIIRDWRKEMTVQQFLDLKERALSGASDPDSQRYNWLELRA,"ALRDDEYDEWQDIIRDWRKEMTVQQFLDLKERALSGASDPDSQRYN-WLELRA
ALRDDEYDEWQDIIRDWRKEMTVQQFLDLKERALSGASDPDSQRYNAWLELRA",277,None,'A' deleted in '47',0,1
112,-3.096789537,0,ALRDDEYDEWQDIIRDWRKEMTVQQFLDLKERALSGASDPDSQYNAWLELRA,"ALRDDEYDEWQDIIRDWRKEMTVQQFLDLKERALSGASDPDSQ-YNAWLELRA
ALRDDEYDEWQDIIRDWRKEMTVQQFLDLKERALSGASDPDSQRYNAWLELRA",276,None,'R' deleted in '44',0,1
113,-3.089001184,0,ALRDDEYDEWQDIIRDWRKEMTVQQFLDLKERALSGASDPDSRYNAWLELRA,"ALRDDEYDEWQDIIRDWRKEMTVQQFLDLKERALSGASDPDS-RYNAWLELRA
ALRDDEYDEWQDIIRDWRKEMTVQQFLDLKERALSGASDPDSQRYNAWLELRA",276,None,'Q' deleted in '43',0,1
115,-3.294058975,0,ALRDDEYDEWQDIIRDWRKEMTVQQFLDLKERALSGASDPSQRYNAWLELRA,"ALRDDEYDEWQDIIRDWRKEMTVQQFLDLKERALSGASDP-SQRYNAWLELRA
ALRDDEYDEWQDIIRDWRKEMTVQQFLDLKERALSGASDPDSQRYNAWLELRA",275,None,'D' deleted in '41',0,1
117,-2.770915002,0,ALRDDEYDEWQDIIRDWRKEMTVQQFLDLKERALSGASPDSQRYNAWLELRA,"ALRDDEYDEWQDIIRDWRKEMTVQQFLDLKERALSGAS-PDSQRYNAWLELRA
ALRDDEYDEWQDIIRDWRKEMTVQQFLDLKERALSGASDPDSQRYNAWLELRA",275,None,'D' deleted in '39',0,1
119,-1.524080317,1,ALRDDEYDEWQDIIRDWRKEMTVQQFLDLKERALSGSDPDSQRYNAWLELRA,"ALRDDEYDEWQDIIRDWRKEMTVQQFLDLKERALSG-SDPDSQRYNAWLELRA
ALRDDEYDEWQDIIRDWRKEMTVQQFLDLKERALSGASDPDSQRYNAWLELRA",277,None,'A' deleted in '37',0,1
120,-2.126222773,0,ALRDDEYDEWQDIIRDWRKEMTVQQFLDLKERASGASDPDSQRYNAWLELRA,"ALRDDEYDEWQDIIRDWRKEMTVQQFLDLKERA-SGASDPDSQRYNAWLELRA
ALRDDEYDEWQDIIRDWRKEMTVQQFLDLKERALSGASDPDSQRYNAWLELRA",277,None,'L' deleted in '34',0,1
122,-3.008611552,0,ALRDDEYDEWQDIIRDWRKEMTVQQFLDLKERLSGASDPDSQRYNAWLELRA,"ALRDDEYDEWQDIIRDWRKEMTVQQFLDLKER-LSGASDPDSQRYNAWLELRA
ALRDDEYDEWQDIIRDWRKEMTVQQFLDLKERALSGASDPDSQRYNAWLELRA",277,None,'A' deleted in '33',0,1
124,-2.733661833,0,ALRDDEYDEWQDIIRDWRKEMTVQQFLDLKRALSGASDPDSQRYNAWLELRA,"ALRDDEYDEWQDIIRDWRKEMTVQQFLDLK-RALSGASDPDSQRYNAWLELRA
ALRDDEYDEWQDIIRDWRKEMTVQQFLDLKERALSGASDPDSQRYNAWLELRA",276,None,'E' deleted in '31',0,1
126,-4.773987925,0,ALRDDEYDEWQDIIRDWRKEMTVQQFLLKERALSGASDPDSQRYNAWLELRA,"ALRDDEYDEWQDIIRDWRKEMTVQQFL-LKERALSGASDPDSQRYNAWLELRA
ALRDDEYDEWQDIIRDWRKEMTVQQFLDLKERALSGASDPDSQRYNAWLELRA",275,None,'D' deleted in '28',0,1
128,-3.919024271,0,ALRDDEYDEWQDIIRDWRKEMTVQQLDLKERALSGASDPDSQRYNAWLELRA,"ALRDDEYDEWQDIIRDWRKEMTVQQ-LDLKERALSGASDPDSQRYNAWLELRA
ALRDDEYDEWQDIIRDWRKEMTVQQFLDLKERALSGASDPDSQRYNAWLELRA",275,None,'F' deleted in '26',0,1
129,-3.254405726,0,ALRDDEYDEWQDIIRDWRKEMVQQFLDLKERALSGASDPDSQRYNAWLELRA,"ALRDDEYDEWQDIIRDWRKEM-VQQFLDLKERALSGASDPDSQRYNAWLELRA
ALRDDEYDEWQDIIRDWRKEMTVQQFLDLKERALSGASDPDSQRYNAWLELRA",276,None,'T' deleted in '22',0,1
130,-3.303009499,0,ALRDDEYDEWQDIIRDWRKETVQQFLDLKERALSGASDPDSQRYNAWLELRA,"ALRDDEYDEWQDIIRDWRKE-TVQQFLDLKERALSGASDPDSQRYNAWLELRA
ALRDDEYDEWQDIIRDWRKEMTVQQFLDLKERALSGASDPDSQRYNAWLELRA",276,None,'M' deleted in '21',0,1
132,-0.990570917,1,ALRDDEYDEWQDIIRDWRKMTVQQFLDLKERALSGASDPDSQRYNAWLELRA,"ALRDDEYDEWQDIIRDWRK-MTVQQFLDLKERALSGASDPDSQRYNAWLELRA
ALRDDEYDEWQDIIRDWRKEMTVQQFLDLKERALSGASDPDSQRYNAWLELRA",276,None,'E' deleted in '20',0,1
134,-2.129284659,0,ALRDDEYDEWQDIIRWRKEMTVQQFLDLKERALSGASDPDSQRYNAWLELRA,"ALRDDEYDEWQDIIR-WRKEMTVQQFLDLKERALSGASDPDSQRYNAWLELRA
ALRDDEYDEWQDIIRDWRKEMTVQQFLDLKERALSGASDPDSQRYNAWLELRA",275,None,'D' deleted in '16',0,1
135,-2.655389896,0,ALRDDEYDEWQDIRDWRKEMTVQQFLDLKERALSGASDPDSQRYNAWLELRA,"ALRDDEYDEWQDI-RDWRKEMTVQQFLDLKERALSGASDPDSQRYNAWLELRA
ALRDDEYDEWQDIIRDWRKEMTVQQFLDLKERALSGASDPDSQRYNAWLELRA",277,None,'I' deleted in '14',0,1
137,-2.339402134,0,ALRDDEYDEWQIIRDWRKEMTVQQFLDLKERALSGASDPDSQRYNAWLELRA,"ALRDDEYDEWQ-IIRDWRKEMTVQQFLDLKERALSGASDPDSQRYNAWLELRA
ALRDDEYDEWQDIIRDWRKEMTVQQFLDLKERALSGASDPDSQRYNAWLELRA",275,None,'D' deleted in '12',0,1
139,-2.423546967,0,ALRDDEYDWQDIIRDWRKEMTVQQFLDLKERALSGASDPDSQRYNAWLELRA,"ALRDDEYD-WQDIIRDWRKEMTVQQFLDLKERALSGASDPDSQRYNAWLELRA
ALRDDEYDEWQDIIRDWRKEMTVQQFLDLKERALSGASDPDSQRYNAWLELRA",276,None,'E' deleted in '9',0,1
140,-1.890213196,0,ALRDDEYEWQDIIRDWRKEMTVQQFLDLKERALSGASDPDSQRYNAWLELRA,"ALRDDEY-EWQDIIRDWRKEMTVQQFLDLKERALSGASDPDSQRYNAWLELRA
ALRDDEYDEWQDIIRDWRKEMTVQQFLDLKERALSGASDPDSQRYNAWLELRA",275,None,'D' deleted in '8',0,1
143,-0.91353024,1,ALRDDYDEWQDIIRDWRKEMTVQQFLDLKERALSGASDPDSQRYNAWLELRA,"ALRDD-YDEWQDIIRDWRKEMTVQQFLDLKERALSGASDPDSQRYNAWLELRA
ALRDDEYDEWQDIIRDWRKEMTVQQFLDLKERALSGASDPDSQRYNAWLELRA",276,None,'E' deleted in '6',0,1
144,-1.07938396,1,ALRDEYDEWQDIIRDWRKEMTVQQFLDLKERALSGASDPDSQRYNAWLELRA,"ALRD-EYDEWQDIIRDWRKEMTVQQFLDLKERALSGASDPDSQRYNAWLELRA
ALRDDEYDEWQDIIRDWRKEMTVQQFLDLKERALSGASDPDSQRYNAWLELRA",275,None,'D' deleted in '5',0,1
147,-1.069027426,1,ARDDEYDEWQDIIRDWRKEMTVQQFLDLKERALSGASDPDSQRYNAWLELRA,"A-RDDEYDEWQDIIRDWRKEMTVQQFLDLKERALSGASDPDSQRYNAWLELRA
ALRDDEYDEWQDIIRDWRKEMTVQQFLDLKERALSGASDPDSQRYNAWLELRA",277,None,'L' deleted in '2',0,1
148,0.047142948,1,GALRDDEYDEWQDIIRDWRKEMTVQQFLDLKERALSGASDPDSQRYNAWLELRA,"ALRDDEYDEWQDIIRDWRKEMTVQQFLDLKERALSGASDPDSQRYNAWLELRA
ALRDDEYDEWQDIIRDWRKEMTVQQFLDLKERALSGASDPDSQRYNAWLELRA",281,None,None,0,0
149,0.045474759,1,LRDDEYDEWQDIIRDWRKEMTVQQFLDLKERALSGASDPDSQRYNAWLELRA,"LRDDEYDEWQDIIRDWRKEMTVQQFLDLKERALSGASDPDSQRYNAWLELRA
LRDDEYDEWQDIIRDWRKEMTVQQFLDLKERALSGASDPDSQRYNAWLELRA",277,None,None,0,0
