ID,DMS_Score,DMS_Score_Bin,mutated_sequence,Alignment,Align_score,Insertions,Deletions,NumberOfInsertionSites,NumberOfDeletionSites
3,-0.161768551,1,PAWSAKENKAFERALAVYDKDTPDRWANVARAVEGRTPEEVKKHYEILVEDIKYI,"PAWSAKENKAFERALAVYDKDTPDRWANVARAVEGRTPEEVKKHYEILVEDIKYI
P-WSAKENKAFERALAVYDKDTPDRWANVARAVEGRTPEEVKKHYEILVEDIKYI",285,'A' inserted at '2',None,1,0
4,-0.452630373,0,PGWSAKENKAFERALAVYDKDTPDRWANVARAVEGRTPEEVKKHYEILVEDIKYI,"PGWSAKENKAFERALAVYDKDTPDRWANVARAVEGRTPEEVKKHYEILVEDIKYI
P-WSAKENKAFERALAVYDKDTPDRWANVARAVEGRTPEEVKKHYEILVEDIKYI",285,'G' inserted at '2',None,1,0
5,-1.010392864,0,PWASAKENKAFERALAVYDKDTPDRWANVARAVEGRTPEEVKKHYEILVEDIKYI,"PWASAKENKAFERALAVYDKDTPDRWANVARAVEGRTPEEVKKHYEILVEDIKYI
PW-SAKENKAFERALAVYDKDTPDRWANVARAVEGRTPEEVKKHYEILVEDIKYI",285,'A' inserted at '3',None,1,0
6,-0.961126682,0,PWGSAKENKAFERALAVYDKDTPDRWANVARAVEGRTPEEVKKHYEILVEDIKYI,"PWGSAKENKAFERALAVYDKDTPDRWANVARAVEGRTPEEVKKHYEILVEDIKYI
PW-SAKENKAFERALAVYDKDTPDRWANVARAVEGRTPEEVKKHYEILVEDIKYI",285,'G' inserted at '3',None,1,0
7,-1.422583135,0,PWSAAKENKAFERALAVYDKDTPDRWANVARAVEGRTPEEVKKHYEILVEDIKYI,"PWSAAKENKAFERALAVYDKDTPDRWANVARAVEGRTPEEVKKHYEILVEDIKYI
PWSA-KENKAFERALAVYDKDTPDRWANVARAVEGRTPEEVKKHYEILVEDIKYI",285,'A' inserted at '5',None,1,0
9,-0.991212448,0,PWSAGKENKAFERALAVYDKDTPDRWANVARAVEGRTPEEVKKHYEILVEDIKYI,"PWSAGKENKAFERALAVYDKDTPDRWANVARAVEGRTPEEVKKHYEILVEDIKYI
PWSA-KENKAFERALAVYDKDTPDRWANVARAVEGRTPEEVKKHYEILVEDIKYI",285,'G' inserted at '5',None,1,0
10,-2.078086771,0,PWSAKAENKAFERALAVYDKDTPDRWANVARAVEGRTPEEVKKHYEILVEDIKYI,"PWSAKAENKAFERALAVYDKDTPDRWANVARAVEGRTPEEVKKHYEILVEDIKYI
PWSAK-ENKAFERALAVYDKDTPDRWANVARAVEGRTPEEVKKHYEILVEDIKYI",285,'A' inserted at '6',None,1,0
11,-1.561525485,0,PWSAKENAKAFERALAVYDKDTPDRWANVARAVEGRTPEEVKKHYEILVEDIKYI,"PWSAKENAKAFERALAVYDKDTPDRWANVARAVEGRTPEEVKKHYEILVEDIKYI
PWSAKEN-KAFERALAVYDKDTPDRWANVARAVEGRTPEEVKKHYEILVEDIKYI",285,'A' inserted at '8',None,1,0
12,-1.891205565,0,PWSAKENGKAFERALAVYDKDTPDRWANVARAVEGRTPEEVKKHYEILVEDIKYI,"PWSAKENGKAFERALAVYDKDTPDRWANVARAVEGRTPEEVKKHYEILVEDIKYI
PWSAKEN-KAFERALAVYDKDTPDRWANVARAVEGRTPEEVKKHYEILVEDIKYI",285,'G' inserted at '8',None,1,0
13,-2.144777663,0,PWSAKENKAAFERALAVYDKDTPDRWANVARAVEGRTPEEVKKHYEILVEDIKYI,"PWSAKENKAAFERALAVYDKDTPDRWANVARAVEGRTPEEVKKHYEILVEDIKYI
PWSAKENKA-FERALAVYDKDTPDRWANVARAVEGRTPEEVKKHYEILVEDIKYI",285,'A' inserted at '10',None,1,0
14,-2.004724417,0,PWSAKENKAFAERALAVYDKDTPDRWANVARAVEGRTPEEVKKHYEILVEDIKYI,"PWSAKENKAFAERALAVYDKDTPDRWANVARAVEGRTPEEVKKHYEILVEDIKYI
PWSAKENKAF-ERALAVYDKDTPDRWANVARAVEGRTPEEVKKHYEILVEDIKYI",285,'A' inserted at '11',None,1,0
15,-1.528087959,0,PWSAKENKAFEARALAVYDKDTPDRWANVARAVEGRTPEEVKKHYEILVEDIKYI,"PWSAKENKAFEARALAVYDKDTPDRWANVARAVEGRTPEEVKKHYEILVEDIKYI
PWSAKENKAFE-RALAVYDKDTPDRWANVARAVEGRTPEEVKKHYEILVEDIKYI",285,'A' inserted at '12',None,1,0
16,-1.864497977,0,PWSAKENKAFERAALAVYDKDTPDRWANVARAVEGRTPEEVKKHYEILVEDIKYI,"PWSAKENKAFERAALAVYDKDTPDRWANVARAVEGRTPEEVKKHYEILVEDIKYI
PWSAKENKAFERA-LAVYDKDTPDRWANVARAVEGRTPEEVKKHYEILVEDIKYI",285,'A' inserted at '14',None,1,0
17,-1.850850549,0,PWSAKENKAFERAGLAVYDKDTPDRWANVARAVEGRTPEEVKKHYEILVEDIKYI,"PWSAKENKAFERAGLAVYDKDTPDRWANVARAVEGRTPEEVKKHYEILVEDIKYI
PWSAKENKAFERA-LAVYDKDTPDRWANVARAVEGRTPEEVKKHYEILVEDIKYI",285,'G' inserted at '14',None,1,0
18,-1.573166092,0,PWSAKENKAFERALAAVYDKDTPDRWANVARAVEGRTPEEVKKHYEILVEDIKYI,"PWSAKENKAFERALAAVYDKDTPDRWANVARAVEGRTPEEVKKHYEILVEDIKYI
PWSAKENKAFERALA-VYDKDTPDRWANVARAVEGRTPEEVKKHYEILVEDIKYI",285,'A' inserted at '16',None,1,0
19,-1.895115095,0,PWSAKENKAFERALAGVYDKDTPDRWANVARAVEGRTPEEVKKHYEILVEDIKYI,"PWSAKENKAFERALAGVYDKDTPDRWANVARAVEGRTPEEVKKHYEILVEDIKYI
PWSAKENKAFERALA-VYDKDTPDRWANVARAVEGRTPEEVKKHYEILVEDIKYI",285,'G' inserted at '16',None,1,0
20,-1.736901077,0,PWSAKENKAFERALAVAYDKDTPDRWANVARAVEGRTPEEVKKHYEILVEDIKYI,"PWSAKENKAFERALAVAYDKDTPDRWANVARAVEGRTPEEVKKHYEILVEDIKYI
PWSAKENKAFERALAV-YDKDTPDRWANVARAVEGRTPEEVKKHYEILVEDIKYI",285,'A' inserted at '17',None,1,0
21,-2.041565125,0,PWSAKENKAFERALAVGYDKDTPDRWANVARAVEGRTPEEVKKHYEILVEDIKYI,"PWSAKENKAFERALAVGYDKDTPDRWANVARAVEGRTPEEVKKHYEILVEDIKYI
PWSAKENKAFERALAV-YDKDTPDRWANVARAVEGRTPEEVKKHYEILVEDIKYI",285,'G' inserted at '17',None,1,0
22,-1.016480635,0,PWSAKENKAFERALAVYADKDTPDRWANVARAVEGRTPEEVKKHYEILVEDIKYI,"PWSAKENKAFERALAVYADKDTPDRWANVARAVEGRTPEEVKKHYEILVEDIKYI
PWSAKENKAFERALAVY-DKDTPDRWANVARAVEGRTPEEVKKHYEILVEDIKYI",285,'A' inserted at '18',None,1,0
23,-1.578545728,0,PWSAKENKAFERALAVYDAKDTPDRWANVARAVEGRTPEEVKKHYEILVEDIKYI,"PWSAKENKAFERALAVYDAKDTPDRWANVARAVEGRTPEEVKKHYEILVEDIKYI
PWSAKENKAFERALAVYD-KDTPDRWANVARAVEGRTPEEVKKHYEILVEDIKYI",285,'A' inserted at '19',None,1,0
25,-1.390287582,0,PWSAKENKAFERALAVYDGKDTPDRWANVARAVEGRTPEEVKKHYEILVEDIKYI,"PWSAKENKAFERALAVYDGKDTPDRWANVARAVEGRTPEEVKKHYEILVEDIKYI
PWSAKENKAFERALAVYD-KDTPDRWANVARAVEGRTPEEVKKHYEILVEDIKYI",285,'G' inserted at '19',None,1,0
26,-1.662458107,0,PWSAKENKAFERALAVYDKADTPDRWANVARAVEGRTPEEVKKHYEILVEDIKYI,"PWSAKENKAFERALAVYDKADTPDRWANVARAVEGRTPEEVKKHYEILVEDIKYI
PWSAKENKAFERALAVYDK-DTPDRWANVARAVEGRTPEEVKKHYEILVEDIKYI",285,'A' inserted at '20',None,1,0
27,-1.984850542,0,PWSAKENKAFERALAVYDKDATPDRWANVARAVEGRTPEEVKKHYEILVEDIKYI,"PWSAKENKAFERALAVYDKDATPDRWANVARAVEGRTPEEVKKHYEILVEDIKYI
PWSAKENKAFERALAVYDKD-TPDRWANVARAVEGRTPEEVKKHYEILVEDIKYI",285,'A' inserted at '21',None,1,0
28,-1.261532606,0,PWSAKENKAFERALAVYDKDGTPDRWANVARAVEGRTPEEVKKHYEILVEDIKYI,"PWSAKENKAFERALAVYDKDGTPDRWANVARAVEGRTPEEVKKHYEILVEDIKYI
PWSAKENKAFERALAVYDKD-TPDRWANVARAVEGRTPEEVKKHYEILVEDIKYI",285,'G' inserted at '21',None,1,0
30,-1.395049766,0,PWSAKENKAFERALAVYDKDTAPDRWANVARAVEGRTPEEVKKHYEILVEDIKYI,"PWSAKENKAFERALAVYDKDTAPDRWANVARAVEGRTPEEVKKHYEILVEDIKYI
PWSAKENKAFERALAVYDKDT-PDRWANVARAVEGRTPEEVKKHYEILVEDIKYI",285,'A' inserted at '22',None,1,0
31,-0.894834223,0,PWSAKENKAFERALAVYDKDTGPDRWANVARAVEGRTPEEVKKHYEILVEDIKYI,"PWSAKENKAFERALAVYDKDTGPDRWANVARAVEGRTPEEVKKHYEILVEDIKYI
PWSAKENKAFERALAVYDKDT-PDRWANVARAVEGRTPEEVKKHYEILVEDIKYI",285,'G' inserted at '22',None,1,0
32,-1.691012752,0,PWSAKENKAFERALAVYDKDTPADRWANVARAVEGRTPEEVKKHYEILVEDIKYI,"PWSAKENKAFERALAVYDKDTPADRWANVARAVEGRTPEEVKKHYEILVEDIKYI
PWSAKENKAFERALAVYDKDTP-DRWANVARAVEGRTPEEVKKHYEILVEDIKYI",285,'A' inserted at '23',None,1,0
33,-1.453228395,0,PWSAKENKAFERALAVYDKDTPDARWANVARAVEGRTPEEVKKHYEILVEDIKYI,"PWSAKENKAFERALAVYDKDTPDARWANVARAVEGRTPEEVKKHYEILVEDIKYI
PWSAKENKAFERALAVYDKDTPD-RWANVARAVEGRTPEEVKKHYEILVEDIKYI",285,'A' inserted at '24',None,1,0
34,-1.860745606,0,PWSAKENKAFERALAVYDKDTPDGRWANVARAVEGRTPEEVKKHYEILVEDIKYI,"PWSAKENKAFERALAVYDKDTPDGRWANVARAVEGRTPEEVKKHYEILVEDIKYI
PWSAKENKAFERALAVYDKDTPD-RWANVARAVEGRTPEEVKKHYEILVEDIKYI",285,'G' inserted at '24',None,1,0
35,-1.944872303,0,PWSAKENKAFERALAVYDKDTPDRWAANVARAVEGRTPEEVKKHYEILVEDIKYI,"PWSAKENKAFERALAVYDKDTPDRWAANVARAVEGRTPEEVKKHYEILVEDIKYI
PWSAKENKAFERALAVYDKDTPDRWA-NVARAVEGRTPEEVKKHYEILVEDIKYI",285,'A' inserted at '27',None,1,0
36,-2.149681501,0,PWSAKENKAFERALAVYDKDTPDRWAGNVARAVEGRTPEEVKKHYEILVEDIKYI,"PWSAKENKAFERALAVYDKDTPDRWAGNVARAVEGRTPEEVKKHYEILVEDIKYI
PWSAKENKAFERALAVYDKDTPDRWA-NVARAVEGRTPEEVKKHYEILVEDIKYI",285,'G' inserted at '27',None,1,0
37,-1.693367468,0,PWSAKENKAFERALAVYDKDTPDRWANAVARAVEGRTPEEVKKHYEILVEDIKYI,"PWSAKENKAFERALAVYDKDTPDRWANAVARAVEGRTPEEVKKHYEILVEDIKYI
PWSAKENKAFERALAVYDKDTPDRWAN-VARAVEGRTPEEVKKHYEILVEDIKYI",285,'A' inserted at '28',None,1,0
38,-1.634624726,0,PWSAKENKAFERALAVYDKDTPDRWANGVARAVEGRTPEEVKKHYEILVEDIKYI,"PWSAKENKAFERALAVYDKDTPDRWANGVARAVEGRTPEEVKKHYEILVEDIKYI
PWSAKENKAFERALAVYDKDTPDRWAN-VARAVEGRTPEEVKKHYEILVEDIKYI",285,'G' inserted at '28',None,1,0
39,-2.060979918,0,PWSAKENKAFERALAVYDKDTPDRWANVAARAVEGRTPEEVKKHYEILVEDIKYI,"PWSAKENKAFERALAVYDKDTPDRWANVAARAVEGRTPEEVKKHYEILVEDIKYI
PWSAKENKAFERALAVYDKDTPDRWANVA-RAVEGRTPEEVKKHYEILVEDIKYI",285,'A' inserted at '30',None,1,0
40,-2.131056178,0,PWSAKENKAFERALAVYDKDTPDRWANVARAAVEGRTPEEVKKHYEILVEDIKYI,"PWSAKENKAFERALAVYDKDTPDRWANVARAAVEGRTPEEVKKHYEILVEDIKYI
PWSAKENKAFERALAVYDKDTPDRWANVARA-VEGRTPEEVKKHYEILVEDIKYI",285,'A' inserted at '32',None,1,0
41,-0.973424546,0,PWSAKENKAFERALAVYDKDTPDRWANVARAVAEGRTPEEVKKHYEILVEDIKYI,"PWSAKENKAFERALAVYDKDTPDRWANVARAVAEGRTPEEVKKHYEILVEDIKYI
PWSAKENKAFERALAVYDKDTPDRWANVARAV-EGRTPEEVKKHYEILVEDIKYI",285,'A' inserted at '33',None,1,0
42,-1.446183411,0,PWSAKENKAFERALAVYDKDTPDRWANVARAVEAGRTPEEVKKHYEILVEDIKYI,"PWSAKENKAFERALAVYDKDTPDRWANVARAVEAGRTPEEVKKHYEILVEDIKYI
PWSAKENKAFERALAVYDKDTPDRWANVARAVE-GRTPEEVKKHYEILVEDIKYI",285,'A' inserted at '34',None,1,0
43,-1.448664282,0,PWSAKENKAFERALAVYDKDTPDRWANVARAVEGARTPEEVKKHYEILVEDIKYI,"PWSAKENKAFERALAVYDKDTPDRWANVARAVEGARTPEEVKKHYEILVEDIKYI
PWSAKENKAFERALAVYDKDTPDRWANVARAVEG-RTPEEVKKHYEILVEDIKYI",285,'A' inserted at '35',None,1,0
44,-0.587600103,0,PWSAKENKAFERALAVYDKDTPDRWANVARAVEGGRTPEEVKKHYEILVEDIKYI,"PWSAKENKAFERALAVYDKDTPDRWANVARAVEGGRTPEEVKKHYEILVEDIKYI
PWSAKENKAFERALAVYDKDTPDRWANVARAVEG-RTPEEVKKHYEILVEDIKYI",285,'G' inserted at '35',None,1,0
45,-1.864024755,0,PWSAKENKAFERALAVYDKDTPDRWANVARAVEGRATPEEVKKHYEILVEDIKYI,"PWSAKENKAFERALAVYDKDTPDRWANVARAVEGRATPEEVKKHYEILVEDIKYI
PWSAKENKAFERALAVYDKDTPDRWANVARAVEGR-TPEEVKKHYEILVEDIKYI",285,'A' inserted at '36',None,1,0
46,-2.02488375,0,PWSAKENKAFERALAVYDKDTPDRWANVARAVEGRTGPEEVKKHYEILVEDIKYI,"PWSAKENKAFERALAVYDKDTPDRWANVARAVEGRTGPEEVKKHYEILVEDIKYI
PWSAKENKAFERALAVYDKDTPDRWANVARAVEGRT-PEEVKKHYEILVEDIKYI",285,'G' inserted at '37',None,1,0
47,-1.050560266,0,PWSAKENKAFERALAVYDKDTPDRWANVARAVEGRTPEEVAKKHYEILVEDIKYI,"PWSAKENKAFERALAVYDKDTPDRWANVARAVEGRTPEEVAKKHYEILVEDIKYI
PWSAKENKAFERALAVYDKDTPDRWANVARAVEGRTPEEV-KKHYEILVEDIKYI",285,'A' inserted at '41',None,1,0
48,-0.713803509,0,PWSAKENKAFERALAVYDKDTPDRWANVARAVEGRTPEEVKAKHYEILVEDIKYI,"PWSAKENKAFERALAVYDKDTPDRWANVARAVEGRTPEEVKAKHYEILVEDIKYI
PWSAKENKAFERALAVYDKDTPDRWANVARAVEGRTPEEVK-KHYEILVEDIKYI",285,'A' inserted at '42',None,1,0
49,-1.72711735,0,PWSAKENKAFERALAVYDKDTPDRWANVARAVEGRTPEEVKGKHYEILVEDIKYI,"PWSAKENKAFERALAVYDKDTPDRWANVARAVEGRTPEEVKGKHYEILVEDIKYI
PWSAKENKAFERALAVYDKDTPDRWANVARAVEGRTPEEVK-KHYEILVEDIKYI",285,'G' inserted at '42',None,1,0
50,-0.378979779,1,PWSAKENKAFERALAVYDKDTPDRWANVARAVEGRTPEEVKKHAYEILVEDIKYI,"PWSAKENKAFERALAVYDKDTPDRWANVARAVEGRTPEEVKKHAYEILVEDIKYI
PWSAKENKAFERALAVYDKDTPDRWANVARAVEGRTPEEVKKH-YEILVEDIKYI",285,'A' inserted at '44',None,1,0
51,-1.649932286,0,PWSAKENKAFERALAVYDKDTPDRWANVARAVEGRTPEEVKKHGYEILVEDIKYI,"PWSAKENKAFERALAVYDKDTPDRWANVARAVEGRTPEEVKKHGYEILVEDIKYI
PWSAKENKAFERALAVYDKDTPDRWANVARAVEGRTPEEVKKH-YEILVEDIKYI",285,'G' inserted at '44',None,1,0
52,0.01924469,1,PWSAKENKAFERALAVYDKDTPDRWANVARAVEGRTPEEVKKHYAEILVEDIKYI,"PWSAKENKAFERALAVYDKDTPDRWANVARAVEGRTPEEVKKHYAEILVEDIKYI
PWSAKENKAFERALAVYDKDTPDRWANVARAVEGRTPEEVKKHY-EILVEDIKYI",285,'A' inserted at '45',None,1,0
53,0.209869292,1,PWSAKENKAFERALAVYDKDTPDRWANVARAVEGRTPEEVKKHYEAILVEDIKYI,"PWSAKENKAFERALAVYDKDTPDRWANVARAVEGRTPEEVKKHYEAILVEDIKYI
PWSAKENKAFERALAVYDKDTPDRWANVARAVEGRTPEEVKKHYE-ILVEDIKYI",285,'A' inserted at '46',None,1,0
54,-0.271626088,1,PWSAKENKAFERALAVYDKDTPDRWANVARAVEGRTPEEVKKHYEGILVEDIKYI,"PWSAKENKAFERALAVYDKDTPDRWANVARAVEGRTPEEVKKHYEGILVEDIKYI
PWSAKENKAFERALAVYDKDTPDRWANVARAVEGRTPEEVKKHYE-ILVEDIKYI",285,'G' inserted at '46',None,1,0
55,-0.348404973,1,PWSAKENKAFERALAVYDKDTPDRWANVARAVEGRTPEEVKKHYEIALVEDIKYI,"PWSAKENKAFERALAVYDKDTPDRWANVARAVEGRTPEEVKKHYEIALVEDIKYI
PWSAKENKAFERALAVYDKDTPDRWANVARAVEGRTPEEVKKHYEI-LVEDIKYI",285,'A' inserted at '47',None,1,0
56,-0.284561214,1,PWSAKENKAFERALAVYDKDTPDRWANVARAVEGRTPEEVKKHYEIGLVEDIKYI,"PWSAKENKAFERALAVYDKDTPDRWANVARAVEGRTPEEVKKHYEIGLVEDIKYI
PWSAKENKAFERALAVYDKDTPDRWANVARAVEGRTPEEVKKHYEI-LVEDIKYI",285,'G' inserted at '47',None,1,0
57,-0.127639074,1,PWSAKENKAFERALAVYDKDTPDRWANVARAVEGRTPEEVKKHYEILAVEDIKYI,"PWSAKENKAFERALAVYDKDTPDRWANVARAVEGRTPEEVKKHYEILAVEDIKYI
PWSAKENKAFERALAVYDKDTPDRWANVARAVEGRTPEEVKKHYEIL-VEDIKYI",285,'A' inserted at '48',None,1,0
59,-0.178354661,1,PWSAKENKAFERALAVYDKDTPDRWANVARAVEGRTPEEVKKHYEILGVEDIKYI,"PWSAKENKAFERALAVYDKDTPDRWANVARAVEGRTPEEVKKHYEILGVEDIKYI
PWSAKENKAFERALAVYDKDTPDRWANVARAVEGRTPEEVKKHYEIL-VEDIKYI",285,'G' inserted at '48',None,1,0
60,0.291580345,1,PWSAKENKAFERALAVYDKDTPDRWANVARAVEGRTPEEVKKHYEILVAEDIKYI,"PWSAKENKAFERALAVYDKDTPDRWANVARAVEGRTPEEVKKHYEILVAEDIKYI
PWSAKENKAFERALAVYDKDTPDRWANVARAVEGRTPEEVKKHYEILV-EDIKYI",285,'A' inserted at '49',None,1,0
62,0.298589699,1,PWSAKENKAFERALAVYDKDTPDRWANVARAVEGRTPEEVKKHYEILVEADIKYI,"PWSAKENKAFERALAVYDKDTPDRWANVARAVEGRTPEEVKKHYEILVEADIKYI
PWSAKENKAFERALAVYDKDTPDRWANVARAVEGRTPEEVKKHYEILVE-DIKYI",285,'A' inserted at '50',None,1,0
63,0.04805204,1,PWSAKENKAFERALAVYDKDTPDRWANVARAVEGRTPEEVKKHYEILVEDAIKYI,"PWSAKENKAFERALAVYDKDTPDRWANVARAVEGRTPEEVKKHYEILVEDAIKYI
PWSAKENKAFERALAVYDKDTPDRWANVARAVEGRTPEEVKKHYEILVED-IKYI",285,'A' inserted at '51',None,1,0
64,0.013984603,1,PWSAKENKAFERALAVYDKDTPDRWANVARAVEGRTPEEVKKHYEILVEDGIKYI,"PWSAKENKAFERALAVYDKDTPDRWANVARAVEGRTPEEVKKHYEILVEDGIKYI
PWSAKENKAFERALAVYDKDTPDRWANVARAVEGRTPEEVKKHYEILVED-IKYI",285,'G' inserted at '51',None,1,0
65,-0.04213345,1,PWSAKENKAFERALAVYDKDTPDRWANVARAVEGRTPEEVKKHYEILVEDIAKYI,"PWSAKENKAFERALAVYDKDTPDRWANVARAVEGRTPEEVKKHYEILVEDIAKYI
PWSAKENKAFERALAVYDKDTPDRWANVARAVEGRTPEEVKKHYEILVEDI-KYI",285,'A' inserted at '52',None,1,0
66,-0.245533975,1,PWSAKENKAFERALAVYDKDTPDRWANVARAVEGRTPEEVKKHYEILVEDIGKYI,"PWSAKENKAFERALAVYDKDTPDRWANVARAVEGRTPEEVKKHYEILVEDIGKYI
PWSAKENKAFERALAVYDKDTPDRWANVARAVEGRTPEEVKKHYEILVEDI-KYI",285,'G' inserted at '52',None,1,0
67,-0.211976803,1,PWSAKENKAFERALAVYDKDTPDRWANVARAVEGRTPEEVKKHYEILVEDIKAYI,"PWSAKENKAFERALAVYDKDTPDRWANVARAVEGRTPEEVKKHYEILVEDIKAYI
PWSAKENKAFERALAVYDKDTPDRWANVARAVEGRTPEEVKKHYEILVEDIK-YI",285,'A' inserted at '53',None,1,0
68,0.051355368,1,PWSAKENKAFERALAVYDKDTPDRWANVARAVEGRTPEEVKKHYEILVEDIKGYI,"PWSAKENKAFERALAVYDKDTPDRWANVARAVEGRTPEEVKKHYEILVEDIKGYI
PWSAKENKAFERALAVYDKDTPDRWANVARAVEGRTPEEVKKHYEILVEDIK-YI",285,'G' inserted at '53',None,1,0
71,0.151610642,1,PWSAKENKAFERALAVYDKDTPDRWANVARAVEGRTPEEVKKHYEILVEDIKYAI,"PWSAKENKAFERALAVYDKDTPDRWANVARAVEGRTPEEVKKHYEILVEDIKYAI
PWSAKENKAFERALAVYDKDTPDRWANVARAVEGRTPEEVKKHYEILVEDIKY-I",285,'A' inserted at '54',None,1,0
72,0.174521664,1,PWSAKENKAFERALAVYDKDTPDRWANVARAVEGRTPEEVKKHYEILVEDIKYGI,"PWSAKENKAFERALAVYDKDTPDRWANVARAVEGRTPEEVKKHYEILVEDIKYGI
PWSAKENKAFERALAVYDKDTPDRWANVARAVEGRTPEEVKKHYEILVEDIKY-I",285,'G' inserted at '54',None,1,0
75,0.12642898,1,PWSAKENKAFERALAVYDKDTPDRWANVARAVEGRTPEEVKKHYEILVEGDIKYI,"PWSAKENKAFERALAVYDKDTPDRWANVARAVEGRTPEEVKKHYEILVEGDIKYI
PWSAKENKAFERALAVYDKDTPDRWANVARAVEGRTPEEVKKHYEILVE-DIKYI",285,'G' inserted at '50',None,1,0
77,0.306059489,1,PWSAKENKAFERALAVYDKDTPDRWANVARAVEGRTPEEVKKHYEILVGEDIKYI,"PWSAKENKAFERALAVYDKDTPDRWANVARAVEGRTPEEVKKHYEILVGEDIKYI
PWSAKENKAFERALAVYDKDTPDRWANVARAVEGRTPEEVKKHYEILV-EDIKYI",285,'G' inserted at '49',None,1,0
80,-0.532201638,0,PWSAKENKAFERALAVYDKDTPDRWANVARAVEGRTPEEVKKHYGEILVEDIKYI,"PWSAKENKAFERALAVYDKDTPDRWANVARAVEGRTPEEVKKHYGEILVEDIKYI
PWSAKENKAFERALAVYDKDTPDRWANVARAVEGRTPEEVKKHY-EILVEDIKYI",285,'G' inserted at '45',None,1,0
83,0.503955434,1,PWSAKENKAFERALAVYDKDTPDRWANVARAVGEGRTPEEVKKHYEILVEDIKYI,"PWSAKENKAFERALAVYDKDTPDRWANVARAVGEGRTPEEVKKHYEILVEDIKYI
PWSAKENKAFERALAVYDKDTPDRWANVARAV-EGRTPEEVKKHYEILVEDIKYI",285,'G' inserted at '33',None,1,0
85,-2.06432756,0,PWSAKENKAFERALAVYDKDTPDRWGANVARAVEGRTPEEVKKHYEILVEDIKYI,"PWSAKENKAFERALAVYDKDTPDRWGANVARAVEGRTPEEVKKHYEILVEDIKYI
PWSAKENKAFERALAVYDKDTPDRW-ANVARAVEGRTPEEVKKHYEILVEDIKYI",285,'G' inserted at '26',None,1,0
86,-1.107708381,0,PWSAKENKAFERALAVYDKDTPGDRWANVARAVEGRTPEEVKKHYEILVEDIKYI,"PWSAKENKAFERALAVYDKDTPGDRWANVARAVEGRTPEEVKKHYEILVEDIKYI
PWSAKENKAFERALAVYDKDTP-DRWANVARAVEGRTPEEVKKHYEILVEDIKYI",285,'G' inserted at '23',None,1,0
87,-1.482538624,0,PWSAKENKAFERALAVYDKGDTPDRWANVARAVEGRTPEEVKKHYEILVEDIKYI,"PWSAKENKAFERALAVYDKGDTPDRWANVARAVEGRTPEEVKKHYEILVEDIKYI
PWSAKENKAFERALAVYDK-DTPDRWANVARAVEGRTPEEVKKHYEILVEDIKYI",285,'G' inserted at '20',None,1,0
89,-1.049178199,0,PWSAKENKAFERALAVYGDKDTPDRWANVARAVEGRTPEEVKKHYEILVEDIKYI,"PWSAKENKAFERALAVYGDKDTPDRWANVARAVEGRTPEEVKKHYEILVEDIKYI
PWSAKENKAFERALAVY-DKDTPDRWANVARAVEGRTPEEVKKHYEILVEDIKYI",285,'G' inserted at '18',None,1,0
91,-1.355286956,0,PWSAKENKAFERALGAVYDKDTPDRWANVARAVEGRTPEEVKKHYEILVEDIKYI,"PWSAKENKAFERALGAVYDKDTPDRWANVARAVEGRTPEEVKKHYEILVEDIKYI
PWSAKENKAFERAL-AVYDKDTPDRWANVARAVEGRTPEEVKKHYEILVEDIKYI",285,'G' inserted at '15',None,1,0
92,-1.888710173,0,PWSAKENKAFERGALAVYDKDTPDRWANVARAVEGRTPEEVKKHYEILVEDIKYI,"PWSAKENKAFERGALAVYDKDTPDRWANVARAVEGRTPEEVKKHYEILVEDIKYI
PWSAKENKAFER-ALAVYDKDTPDRWANVARAVEGRTPEEVKKHYEILVEDIKYI",285,'G' inserted at '13',None,1,0
93,-2.065378315,0,PWSAKENKGAFERALAVYDKDTPDRWANVARAVEGRTPEEVKKHYEILVEDIKYI,"PWSAKENKGAFERALAVYDKDTPDRWANVARAVEGRTPEEVKKHYEILVEDIKYI
PWSAKENK-AFERALAVYDKDTPDRWANVARAVEGRTPEEVKKHYEILVEDIKYI",285,'G' inserted at '9',None,1,0
94,-2.118607349,0,PWSAKGENKAFERALAVYDKDTPDRWANVARAVEGRTPEEVKKHYEILVEDIKYI,"PWSAKGENKAFERALAVYDKDTPDRWANVARAVEGRTPEEVKKHYEILVEDIKYI
PWSAK-ENKAFERALAVYDKDTPDRWANVARAVEGRTPEEVKKHYEILVEDIKYI",285,'G' inserted at '6',None,1,0
95,-1.378776143,0,PWSGAKENKAFERALAVYDKDTPDRWANVARAVEGRTPEEVKKHYEILVEDIKYI,"PWSGAKENKAFERALAVYDKDTPDRWANVARAVEGRTPEEVKKHYEILVEDIKYI
PWS-AKENKAFERALAVYDKDTPDRWANVARAVEGRTPEEVKKHYEILVEDIKYI",285,'G' inserted at '4',None,1,0
1,0.322802008,1,APWSAKENKAFERALAVYDKDTPDRWANVARAVEGRTPEEVKKHYEILVEDIKYI,"PWSAKENKAFERALAVYDKDTPDRWANVARAVEGRTPEEVKKHYEILVEDIKYI
PWSAKENKAFERALAVYDKDTPDRWANVARAVEGRTPEEVKKHYEILVEDIKYI",285,None,None,0,0
2,0.143227706,1,GPWSAKENKAFERALAVYDKDTPDRWANVARAVEGRTPEEVKKHYEILVEDIKYI,"PWSAKENKAFERALAVYDKDTPDRWANVARAVEGRTPEEVKKHYEILVEDIKYI
PWSAKENKAFERALAVYDKDTPDRWANVARAVEGRTPEEVKKHYEILVEDIKYI",285,None,None,0,0
8,-1.578236938,0,PWSAENKAFERALAVYDKDTPDRWANVARAVEGRTPEEVKKHYEILVEDIKYI,"PWSA-ENKAFERALAVYDKDTPDRWANVARAVEGRTPEEVKKHYEILVEDIKYI
PWSAKENKAFERALAVYDKDTPDRWANVARAVEGRTPEEVKKHYEILVEDIKYI",280,None,'K' deleted in '5',0,1
24,-1.532638507,0,PWSAKENKAFERALAVYDDTPDRWANVARAVEGRTPEEVKKHYEILVEDIKYI,"PWSAKENKAFERALAVYD-DTPDRWANVARAVEGRTPEEVKKHYEILVEDIKYI
PWSAKENKAFERALAVYDKDTPDRWANVARAVEGRTPEEVKKHYEILVEDIKYI",280,None,'K' deleted in '19',0,1
29,-1.292488598,0,PWSAKENKAFERALAVYDKDPDRWANVARAVEGRTPEEVKKHYEILVEDIKYI,"PWSAKENKAFERALAVYDKD-PDRWANVARAVEGRTPEEVKKHYEILVEDIKYI
PWSAKENKAFERALAVYDKDTPDRWANVARAVEGRTPEEVKKHYEILVEDIKYI",280,None,'T' deleted in '21',0,1
58,-0.088162509,1,PWSAKENKAFERALAVYDKDTPDRWANVARAVEGRTPEEVKKHYEILEDIKYI,"PWSAKENKAFERALAVYDKDTPDRWANVARAVEGRTPEEVKKHYEIL-EDIKYI
PWSAKENKAFERALAVYDKDTPDRWANVARAVEGRTPEEVKKHYEILVEDIKYI",281,None,'V' deleted in '48',0,1
61,0.057205047,1,PWSAKENKAFERALAVYDKDTPDRWANVARAVEGRTPEEVKKHYEILVDIKYI,"PWSAKENKAFERALAVYDKDTPDRWANVARAVEGRTPEEVKKHYEILV-DIKYI
PWSAKENKAFERALAVYDKDTPDRWANVARAVEGRTPEEVKKHYEILVEDIKYI",280,None,'E' deleted in '49',0,1
69,-0.000116472,1,PWSAKENKAFERALAVYDKDTPDRWANVARAVEGRTPEEVKKHYEILVEDIKI,"PWSAKENKAFERALAVYDKDTPDRWANVARAVEGRTPEEVKKHYEILVEDIK-I
PWSAKENKAFERALAVYDKDTPDRWANVARAVEGRTPEEVKKHYEILVEDIKYI",278,None,'Y' deleted in '53',0,1
70,0.082966099,1,PWSAKENKAFERALAVYDKDTPDRWANVARAVEGRTPEEVKKHYEILVEDIKY,"PWSAKENKAFERALAVYDKDTPDRWANVARAVEGRTPEEVKKHYEILVEDIKY
PWSAKENKAFERALAVYDKDTPDRWANVARAVEGRTPEEVKKHYEILVEDIKY",281,None,None,0,0
73,-0.166051697,1,PWSAKENKAFERALAVYDKDTPDRWANVARAVEGRTPEEVKKHYEILVEDIYI,"PWSAKENKAFERALAVYDKDTPDRWANVARAVEGRTPEEVKKHYEILVEDI-YI
PWSAKENKAFERALAVYDKDTPDRWANVARAVEGRTPEEVKKHYEILVEDIKYI",280,None,'K' deleted in '52',0,1
74,0.079260043,1,PWSAKENKAFERALAVYDKDTPDRWANVARAVEGRTPEEVKKHYEILVEDKYI,"PWSAKENKAFERALAVYDKDTPDRWANVARAVEGRTPEEVKKHYEILVED-KYI
PWSAKENKAFERALAVYDKDTPDRWANVARAVEGRTPEEVKKHYEILVEDIKYI",281,None,'I' deleted in '51',0,1
76,0.402016048,1,PWSAKENKAFERALAVYDKDTPDRWANVARAVEGRTPEEVKKHYEILVEIKYI,"PWSAKENKAFERALAVYDKDTPDRWANVARAVEGRTPEEVKKHYEILVE-IKYI
PWSAKENKAFERALAVYDKDTPDRWANVARAVEGRTPEEVKKHYEILVEDIKYI",279,None,'D' deleted in '50',0,1
78,-0.856143356,0,PWSAKENKAFERALAVYDKDTPDRWANVARAVEGRTPEEVKKHYEIVEDIKYI,"PWSAKENKAFERALAVYDKDTPDRWANVARAVEGRTPEEVKKHYEI-VEDIKYI
PWSAKENKAFERALAVYDKDTPDRWANVARAVEGRTPEEVKKHYEILVEDIKYI",281,None,'L' deleted in '47',0,1
79,-0.369794643,1,PWSAKENKAFERALAVYDKDTPDRWANVARAVEGRTPEEVKKHYELVEDIKYI,"PWSAKENKAFERALAVYDKDTPDRWANVARAVEGRTPEEVKKHYE-LVEDIKYI
PWSAKENKAFERALAVYDKDTPDRWANVARAVEGRTPEEVKKHYEILVEDIKYI",281,None,'I' deleted in '46',0,1
81,-0.931123393,0,PWSAKENKAFERALAVYDKDTPDRWANVARAVEGRTPEEVKKHYILVEDIKYI,"PWSAKENKAFERALAVYDKDTPDRWANVARAVEGRTPEEVKKHY-ILVEDIKYI
PWSAKENKAFERALAVYDKDTPDRWANVARAVEGRTPEEVKKHYEILVEDIKYI",280,None,'E' deleted in '45',0,1
82,-0.577762129,0,PWSAKENKAFERALAVYDKDTPDRWANVARAVERTPEEVKKHYEILVEDIKYI,"PWSAKENKAFERALAVYDKDTPDRWANVARAVE-RTPEEVKKHYEILVEDIKYI
PWSAKENKAFERALAVYDKDTPDRWANVARAVEGRTPEEVKKHYEILVEDIKYI",279,None,'G' deleted in '34',0,1
84,0.912096505,1,PWSAKENKAFERALAVYDKDTPDRWANVARAVGRTPEEVKKHYEILVEDIKYI,"PWSAKENKAFERALAVYDKDTPDRWANVARAV-GRTPEEVKKHYEILVEDIKYI
PWSAKENKAFERALAVYDKDTPDRWANVARAVEGRTPEEVKKHYEILVEDIKYI",280,None,'E' deleted in '33',0,1
88,-1.695932452,0,PWSAKENKAFERALAVYDKTPDRWANVARAVEGRTPEEVKKHYEILVEDIKYI,"PWSAKENKAFERALAVYDK-TPDRWANVARAVEGRTPEEVKKHYEILVEDIKYI
PWSAKENKAFERALAVYDKDTPDRWANVARAVEGRTPEEVKKHYEILVEDIKYI",279,None,'D' deleted in '20',0,1
90,-0.74905172,0,PWSAKENKAFERALAVYKDTPDRWANVARAVEGRTPEEVKKHYEILVEDIKYI,"PWSAKENKAFERALAVY-KDTPDRWANVARAVEGRTPEEVKKHYEILVEDIKYI
PWSAKENKAFERALAVYDKDTPDRWANVARAVEGRTPEEVKKHYEILVEDIKYI",279,None,'D' deleted in '18',0,1
96,-1.719541739,0,PWSKENKAFERALAVYDKDTPDRWANVARAVEGRTPEEVKKHYEILVEDIKYI,"PWS-KENKAFERALAVYDKDTPDRWANVARAVEGRTPEEVKKHYEILVEDIKYI
PWSAKENKAFERALAVYDKDTPDRWANVARAVEGRTPEEVKKHYEILVEDIKYI",281,None,'A' deleted in '4',0,1
97,0.112181286,1,WSAKENKAFERALAVYDKDTPDRWANVARAVEGRTPEEVKKHYEILVEDIKYI,"WSAKENKAFERALAVYDKDTPDRWANVARAVEGRTPEEVKKHYEILVEDIKYI
WSAKENKAFERALAVYDKDTPDRWANVARAVEGRTPEEVKKHYEILVEDIKYI",278,None,None,0,0
