ID,DMS_Score,DMS_Score_Bin,mutated_sequence,Alignment,Align_score,Insertions,Deletions,NumberOfInsertionSites,NumberOfDeletionSites
3,0.32528544,1,PATLFAAISHKVAENDMLLINADYQQLRDKKMTRAEFVRKLRVIVGDDLLRSTITTLQ,"PATLFAAISHKVAENDMLLINADYQQLRDKKMTRAEFVRKLRVIVGDDLLRSTITTLQ
P-TLFAAISHKVAENDMLLINADYQQLRDKKMTRAEFVRKLRVIVGDDLLRSTITTLQ",277,'A' inserted at '2',None,1,0
4,0.367596441,1,PGTLFAAISHKVAENDMLLINADYQQLRDKKMTRAEFVRKLRVIVGDDLLRSTITTLQ,"PGTLFAAISHKVAENDMLLINADYQQLRDKKMTRAEFVRKLRVIVGDDLLRSTITTLQ
P-TLFAAISHKVAENDMLLINADYQQLRDKKMTRAEFVRKLRVIVGDDLLRSTITTLQ",277,'G' inserted at '2',None,1,0
6,0.501415464,1,PTALFAAISHKVAENDMLLINADYQQLRDKKMTRAEFVRKLRVIVGDDLLRSTITTLQ,"PTALFAAISHKVAENDMLLINADYQQLRDKKMTRAEFVRKLRVIVGDDLLRSTITTLQ
PT-LFAAISHKVAENDMLLINADYQQLRDKKMTRAEFVRKLRVIVGDDLLRSTITTLQ",277,'A' inserted at '3',None,1,0
8,0.219638915,1,PTGLFAAISHKVAENDMLLINADYQQLRDKKMTRAEFVRKLRVIVGDDLLRSTITTLQ,"PTGLFAAISHKVAENDMLLINADYQQLRDKKMTRAEFVRKLRVIVGDDLLRSTITTLQ
PT-LFAAISHKVAENDMLLINADYQQLRDKKMTRAEFVRKLRVIVGDDLLRSTITTLQ",277,'G' inserted at '3',None,1,0
10,-0.394993013,0,PTLAFAAISHKVAENDMLLINADYQQLRDKKMTRAEFVRKLRVIVGDDLLRSTITTLQ,"PTLAFAAISHKVAENDMLLINADYQQLRDKKMTRAEFVRKLRVIVGDDLLRSTITTLQ
PTL-FAAISHKVAENDMLLINADYQQLRDKKMTRAEFVRKLRVIVGDDLLRSTITTLQ",277,'A' inserted at '4',None,1,0
11,-0.368915093,1,PTLFAAAISHKVAENDMLLINADYQQLRDKKMTRAEFVRKLRVIVGDDLLRSTITTLQ,"PTLFAAAISHKVAENDMLLINADYQQLRDKKMTRAEFVRKLRVIVGDDLLRSTITTLQ
PTLFAA-ISHKVAENDMLLINADYQQLRDKKMTRAEFVRKLRVIVGDDLLRSTITTLQ",277,'A' inserted at '7',None,1,0
12,-0.650181208,0,PTLFAAGISHKVAENDMLLINADYQQLRDKKMTRAEFVRKLRVIVGDDLLRSTITTLQ,"PTLFAAGISHKVAENDMLLINADYQQLRDKKMTRAEFVRKLRVIVGDDLLRSTITTLQ
PTLFAA-ISHKVAENDMLLINADYQQLRDKKMTRAEFVRKLRVIVGDDLLRSTITTLQ",277,'G' inserted at '7',None,1,0
13,-0.698566965,0,PTLFAAIASHKVAENDMLLINADYQQLRDKKMTRAEFVRKLRVIVGDDLLRSTITTLQ,"PTLFAAIASHKVAENDMLLINADYQQLRDKKMTRAEFVRKLRVIVGDDLLRSTITTLQ
PTLFAAI-SHKVAENDMLLINADYQQLRDKKMTRAEFVRKLRVIVGDDLLRSTITTLQ",277,'A' inserted at '8',None,1,0
14,-0.688366542,0,PTLFAAIGSHKVAENDMLLINADYQQLRDKKMTRAEFVRKLRVIVGDDLLRSTITTLQ,"PTLFAAIGSHKVAENDMLLINADYQQLRDKKMTRAEFVRKLRVIVGDDLLRSTITTLQ
PTLFAAI-SHKVAENDMLLINADYQQLRDKKMTRAEFVRKLRVIVGDDLLRSTITTLQ",277,'G' inserted at '8',None,1,0
16,-0.741195938,0,PTLFAAISAHKVAENDMLLINADYQQLRDKKMTRAEFVRKLRVIVGDDLLRSTITTLQ,"PTLFAAISAHKVAENDMLLINADYQQLRDKKMTRAEFVRKLRVIVGDDLLRSTITTLQ
PTLFAAIS-HKVAENDMLLINADYQQLRDKKMTRAEFVRKLRVIVGDDLLRSTITTLQ",277,'A' inserted at '9',None,1,0
17,-0.825494857,0,PTLFAAISGHKVAENDMLLINADYQQLRDKKMTRAEFVRKLRVIVGDDLLRSTITTLQ,"PTLFAAISGHKVAENDMLLINADYQQLRDKKMTRAEFVRKLRVIVGDDLLRSTITTLQ
PTLFAAIS-HKVAENDMLLINADYQQLRDKKMTRAEFVRKLRVIVGDDLLRSTITTLQ",277,'G' inserted at '9',None,1,0
18,-0.660738552,0,PTLFAAISHAKVAENDMLLINADYQQLRDKKMTRAEFVRKLRVIVGDDLLRSTITTLQ,"PTLFAAISHAKVAENDMLLINADYQQLRDKKMTRAEFVRKLRVIVGDDLLRSTITTLQ
PTLFAAISH-KVAENDMLLINADYQQLRDKKMTRAEFVRKLRVIVGDDLLRSTITTLQ",277,'A' inserted at '10',None,1,0
19,-0.774605209,0,PTLFAAISHGKVAENDMLLINADYQQLRDKKMTRAEFVRKLRVIVGDDLLRSTITTLQ,"PTLFAAISHGKVAENDMLLINADYQQLRDKKMTRAEFVRKLRVIVGDDLLRSTITTLQ
PTLFAAISH-KVAENDMLLINADYQQLRDKKMTRAEFVRKLRVIVGDDLLRSTITTLQ",277,'G' inserted at '10',None,1,0
21,-0.976770487,0,PTLFAAISHKAVAENDMLLINADYQQLRDKKMTRAEFVRKLRVIVGDDLLRSTITTLQ,"PTLFAAISHKAVAENDMLLINADYQQLRDKKMTRAEFVRKLRVIVGDDLLRSTITTLQ
PTLFAAISHK-VAENDMLLINADYQQLRDKKMTRAEFVRKLRVIVGDDLLRSTITTLQ",277,'A' inserted at '11',None,1,0
22,-0.619408952,0,PTLFAAISHKGVAENDMLLINADYQQLRDKKMTRAEFVRKLRVIVGDDLLRSTITTLQ,"PTLFAAISHKGVAENDMLLINADYQQLRDKKMTRAEFVRKLRVIVGDDLLRSTITTLQ
PTLFAAISHK-VAENDMLLINADYQQLRDKKMTRAEFVRKLRVIVGDDLLRSTITTLQ",277,'G' inserted at '11',None,1,0
23,-1.239611914,0,PTLFAAISHKVAAENDMLLINADYQQLRDKKMTRAEFVRKLRVIVGDDLLRSTITTLQ,"PTLFAAISHKVAAENDMLLINADYQQLRDKKMTRAEFVRKLRVIVGDDLLRSTITTLQ
PTLFAAISHKVA-ENDMLLINADYQQLRDKKMTRAEFVRKLRVIVGDDLLRSTITTLQ",277,'A' inserted at '13',None,1,0
24,-0.948068714,0,PTLFAAISHKVAEANDMLLINADYQQLRDKKMTRAEFVRKLRVIVGDDLLRSTITTLQ,"PTLFAAISHKVAEANDMLLINADYQQLRDKKMTRAEFVRKLRVIVGDDLLRSTITTLQ
PTLFAAISHKVAE-NDMLLINADYQQLRDKKMTRAEFVRKLRVIVGDDLLRSTITTLQ",277,'A' inserted at '14',None,1,0
26,-1.073246124,0,PTLFAAISHKVAEGNDMLLINADYQQLRDKKMTRAEFVRKLRVIVGDDLLRSTITTLQ,"PTLFAAISHKVAEGNDMLLINADYQQLRDKKMTRAEFVRKLRVIVGDDLLRSTITTLQ
PTLFAAISHKVAE-NDMLLINADYQQLRDKKMTRAEFVRKLRVIVGDDLLRSTITTLQ",277,'G' inserted at '14',None,1,0
27,-1.178373364,0,PTLFAAISHKVAENADMLLINADYQQLRDKKMTRAEFVRKLRVIVGDDLLRSTITTLQ,"PTLFAAISHKVAENADMLLINADYQQLRDKKMTRAEFVRKLRVIVGDDLLRSTITTLQ
PTLFAAISHKVAEN-DMLLINADYQQLRDKKMTRAEFVRKLRVIVGDDLLRSTITTLQ",277,'A' inserted at '15',None,1,0
28,-0.856541972,0,PTLFAAISHKVAENDAMLLINADYQQLRDKKMTRAEFVRKLRVIVGDDLLRSTITTLQ,"PTLFAAISHKVAENDAMLLINADYQQLRDKKMTRAEFVRKLRVIVGDDLLRSTITTLQ
PTLFAAISHKVAEND-MLLINADYQQLRDKKMTRAEFVRKLRVIVGDDLLRSTITTLQ",277,'A' inserted at '16',None,1,0
29,-1.160334801,0,PTLFAAISHKVAENDGMLLINADYQQLRDKKMTRAEFVRKLRVIVGDDLLRSTITTLQ,"PTLFAAISHKVAENDGMLLINADYQQLRDKKMTRAEFVRKLRVIVGDDLLRSTITTLQ
PTLFAAISHKVAEND-MLLINADYQQLRDKKMTRAEFVRKLRVIVGDDLLRSTITTLQ",277,'G' inserted at '16',None,1,0
31,-1.146875227,0,PTLFAAISHKVAENDMALLINADYQQLRDKKMTRAEFVRKLRVIVGDDLLRSTITTLQ,"PTLFAAISHKVAENDMALLINADYQQLRDKKMTRAEFVRKLRVIVGDDLLRSTITTLQ
PTLFAAISHKVAENDM-LLINADYQQLRDKKMTRAEFVRKLRVIVGDDLLRSTITTLQ",277,'A' inserted at '17',None,1,0
32,-1.676553473,0,PTLFAAISHKVAENDMGLLINADYQQLRDKKMTRAEFVRKLRVIVGDDLLRSTITTLQ,"PTLFAAISHKVAENDMGLLINADYQQLRDKKMTRAEFVRKLRVIVGDDLLRSTITTLQ
PTLFAAISHKVAENDM-LLINADYQQLRDKKMTRAEFVRKLRVIVGDDLLRSTITTLQ",277,'G' inserted at '17',None,1,0
33,-0.457087352,0,PTLFAAISHKVAENDMLALINADYQQLRDKKMTRAEFVRKLRVIVGDDLLRSTITTLQ,"PTLFAAISHKVAENDMLALINADYQQLRDKKMTRAEFVRKLRVIVGDDLLRSTITTLQ
PTLFAAISHKVAENDML-LINADYQQLRDKKMTRAEFVRKLRVIVGDDLLRSTITTLQ",277,'A' inserted at '18',None,1,0
34,-1.034490605,0,PTLFAAISHKVAENDMLGLINADYQQLRDKKMTRAEFVRKLRVIVGDDLLRSTITTLQ,"PTLFAAISHKVAENDMLGLINADYQQLRDKKMTRAEFVRKLRVIVGDDLLRSTITTLQ
PTLFAAISHKVAENDML-LINADYQQLRDKKMTRAEFVRKLRVIVGDDLLRSTITTLQ",277,'G' inserted at '18',None,1,0
36,-0.691715399,0,PTLFAAISHKVAENDMLLAINADYQQLRDKKMTRAEFVRKLRVIVGDDLLRSTITTLQ,"PTLFAAISHKVAENDMLLAINADYQQLRDKKMTRAEFVRKLRVIVGDDLLRSTITTLQ
PTLFAAISHKVAENDMLL-INADYQQLRDKKMTRAEFVRKLRVIVGDDLLRSTITTLQ",277,'A' inserted at '19',None,1,0
37,-1.112292082,0,PTLFAAISHKVAENDMLLGINADYQQLRDKKMTRAEFVRKLRVIVGDDLLRSTITTLQ,"PTLFAAISHKVAENDMLLGINADYQQLRDKKMTRAEFVRKLRVIVGDDLLRSTITTLQ
PTLFAAISHKVAENDMLL-INADYQQLRDKKMTRAEFVRKLRVIVGDDLLRSTITTLQ",277,'G' inserted at '19',None,1,0
39,-0.976976949,0,PTLFAAISHKVAENDMLLIANADYQQLRDKKMTRAEFVRKLRVIVGDDLLRSTITTLQ,"PTLFAAISHKVAENDMLLIANADYQQLRDKKMTRAEFVRKLRVIVGDDLLRSTITTLQ
PTLFAAISHKVAENDMLLI-NADYQQLRDKKMTRAEFVRKLRVIVGDDLLRSTITTLQ",277,'A' inserted at '20',None,1,0
40,-1.547947471,0,PTLFAAISHKVAENDMLLIGNADYQQLRDKKMTRAEFVRKLRVIVGDDLLRSTITTLQ,"PTLFAAISHKVAENDMLLIGNADYQQLRDKKMTRAEFVRKLRVIVGDDLLRSTITTLQ
PTLFAAISHKVAENDMLLI-NADYQQLRDKKMTRAEFVRKLRVIVGDDLLRSTITTLQ",277,'G' inserted at '20',None,1,0
41,-1.357641066,0,PTLFAAISHKVAENDMLLINAADYQQLRDKKMTRAEFVRKLRVIVGDDLLRSTITTLQ,"PTLFAAISHKVAENDMLLINAADYQQLRDKKMTRAEFVRKLRVIVGDDLLRSTITTLQ
PTLFAAISHKVAENDMLLINA-DYQQLRDKKMTRAEFVRKLRVIVGDDLLRSTITTLQ",277,'A' inserted at '22',None,1,0
42,-1.093833724,0,PTLFAAISHKVAENDMLLINADAYQQLRDKKMTRAEFVRKLRVIVGDDLLRSTITTLQ,"PTLFAAISHKVAENDMLLINADAYQQLRDKKMTRAEFVRKLRVIVGDDLLRSTITTLQ
PTLFAAISHKVAENDMLLINAD-YQQLRDKKMTRAEFVRKLRVIVGDDLLRSTITTLQ",277,'A' inserted at '23',None,1,0
43,-1.864388189,0,PTLFAAISHKVAENDMLLINADYAQQLRDKKMTRAEFVRKLRVIVGDDLLRSTITTLQ,"PTLFAAISHKVAENDMLLINADYAQQLRDKKMTRAEFVRKLRVIVGDDLLRSTITTLQ
PTLFAAISHKVAENDMLLINADY-QQLRDKKMTRAEFVRKLRVIVGDDLLRSTITTLQ",277,'A' inserted at '24',None,1,0
44,-1.470014769,0,PTLFAAISHKVAENDMLLINADYQAQLRDKKMTRAEFVRKLRVIVGDDLLRSTITTLQ,"PTLFAAISHKVAENDMLLINADYQAQLRDKKMTRAEFVRKLRVIVGDDLLRSTITTLQ
PTLFAAISHKVAENDMLLINADYQ-QLRDKKMTRAEFVRKLRVIVGDDLLRSTITTLQ",277,'A' inserted at '25',None,1,0
45,-1.883394388,0,PTLFAAISHKVAENDMLLINADYQGQLRDKKMTRAEFVRKLRVIVGDDLLRSTITTLQ,"PTLFAAISHKVAENDMLLINADYQGQLRDKKMTRAEFVRKLRVIVGDDLLRSTITTLQ
PTLFAAISHKVAENDMLLINADYQ-QLRDKKMTRAEFVRKLRVIVGDDLLRSTITTLQ",277,'G' inserted at '25',None,1,0
46,-1.91706699,0,PTLFAAISHKVAENDMLLINADYQQALRDKKMTRAEFVRKLRVIVGDDLLRSTITTLQ,"PTLFAAISHKVAENDMLLINADYQQALRDKKMTRAEFVRKLRVIVGDDLLRSTITTLQ
PTLFAAISHKVAENDMLLINADYQQ-LRDKKMTRAEFVRKLRVIVGDDLLRSTITTLQ",277,'A' inserted at '26',None,1,0
47,-1.642965049,0,PTLFAAISHKVAENDMLLINADYQQGLRDKKMTRAEFVRKLRVIVGDDLLRSTITTLQ,"PTLFAAISHKVAENDMLLINADYQQGLRDKKMTRAEFVRKLRVIVGDDLLRSTITTLQ
PTLFAAISHKVAENDMLLINADYQQ-LRDKKMTRAEFVRKLRVIVGDDLLRSTITTLQ",277,'G' inserted at '26',None,1,0
48,-1.326297568,0,PTLFAAISHKVAENDMLLINADYQQLRADKKMTRAEFVRKLRVIVGDDLLRSTITTLQ,"PTLFAAISHKVAENDMLLINADYQQLRADKKMTRAEFVRKLRVIVGDDLLRSTITTLQ
PTLFAAISHKVAENDMLLINADYQQLR-DKKMTRAEFVRKLRVIVGDDLLRSTITTLQ",277,'A' inserted at '28',None,1,0
49,-1.511072516,0,PTLFAAISHKVAENDMLLINADYQQLRDAKKMTRAEFVRKLRVIVGDDLLRSTITTLQ,"PTLFAAISHKVAENDMLLINADYQQLRDAKKMTRAEFVRKLRVIVGDDLLRSTITTLQ
PTLFAAISHKVAENDMLLINADYQQLRD-KKMTRAEFVRKLRVIVGDDLLRSTITTLQ",277,'A' inserted at '29',None,1,0
50,-1.732190916,0,PTLFAAISHKVAENDMLLINADYQQLRDGKKMTRAEFVRKLRVIVGDDLLRSTITTLQ,"PTLFAAISHKVAENDMLLINADYQQLRDGKKMTRAEFVRKLRVIVGDDLLRSTITTLQ
PTLFAAISHKVAENDMLLINADYQQLRD-KKMTRAEFVRKLRVIVGDDLLRSTITTLQ",277,'G' inserted at '29',None,1,0
51,-1.374003542,0,PTLFAAISHKVAENDMLLINADYQQLRDKGKMTRAEFVRKLRVIVGDDLLRSTITTLQ,"PTLFAAISHKVAENDMLLINADYQQLRDKGKMTRAEFVRKLRVIVGDDLLRSTITTLQ
PTLFAAISHKVAENDMLLINADYQQLRDK-KMTRAEFVRKLRVIVGDDLLRSTITTLQ",277,'G' inserted at '30',None,1,0
52,-1.527172597,0,PTLFAAISHKVAENDMLLINADYQQLRDKKAMTRAEFVRKLRVIVGDDLLRSTITTLQ,"PTLFAAISHKVAENDMLLINADYQQLRDKKAMTRAEFVRKLRVIVGDDLLRSTITTLQ
PTLFAAISHKVAENDMLLINADYQQLRDKK-MTRAEFVRKLRVIVGDDLLRSTITTLQ",277,'A' inserted at '31',None,1,0
53,-1.167032737,0,PTLFAAISHKVAENDMLLINADYQQLRDKKGMTRAEFVRKLRVIVGDDLLRSTITTLQ,"PTLFAAISHKVAENDMLLINADYQQLRDKKGMTRAEFVRKLRVIVGDDLLRSTITTLQ
PTLFAAISHKVAENDMLLINADYQQLRDKK-MTRAEFVRKLRVIVGDDLLRSTITTLQ",277,'G' inserted at '31',None,1,0
56,-1.697821407,0,PTLFAAISHKVAENDMLLINADYQQLRDKKMTRAAEFVRKLRVIVGDDLLRSTITTLQ,"PTLFAAISHKVAENDMLLINADYQQLRDKKMTRAAEFVRKLRVIVGDDLLRSTITTLQ
PTLFAAISHKVAENDMLLINADYQQLRDKKMTRA-EFVRKLRVIVGDDLLRSTITTLQ",277,'A' inserted at '35',None,1,0
57,-0.683615606,0,PTLFAAISHKVAENDMLLINADYQQLRDKKMTRAEFVRKALRVIVGDDLLRSTITTLQ,"PTLFAAISHKVAENDMLLINADYQQLRDKKMTRAEFVRKALRVIVGDDLLRSTITTLQ
PTLFAAISHKVAENDMLLINADYQQLRDKKMTRAEFVRK-LRVIVGDDLLRSTITTLQ",277,'A' inserted at '40',None,1,0
58,-1.084564637,0,PTLFAAISHKVAENDMLLINADYQQLRDKKMTRAEFVRKLARVIVGDDLLRSTITTLQ,"PTLFAAISHKVAENDMLLINADYQQLRDKKMTRAEFVRKLARVIVGDDLLRSTITTLQ
PTLFAAISHKVAENDMLLINADYQQLRDKKMTRAEFVRKL-RVIVGDDLLRSTITTLQ",277,'A' inserted at '41',None,1,0
59,-1.17074992,0,PTLFAAISHKVAENDMLLINADYQQLRDKKMTRAEFVRKLRAVIVGDDLLRSTITTLQ,"PTLFAAISHKVAENDMLLINADYQQLRDKKMTRAEFVRKLRAVIVGDDLLRSTITTLQ
PTLFAAISHKVAENDMLLINADYQQLRDKKMTRAEFVRKLR-VIVGDDLLRSTITTLQ",277,'A' inserted at '42',None,1,0
60,-1.858684833,0,PTLFAAISHKVAENDMLLINADYQQLRDKKMTRAEFVRKLRGVIVGDDLLRSTITTLQ,"PTLFAAISHKVAENDMLLINADYQQLRDKKMTRAEFVRKLRGVIVGDDLLRSTITTLQ
PTLFAAISHKVAENDMLLINADYQQLRDKKMTRAEFVRKLR-VIVGDDLLRSTITTLQ",277,'G' inserted at '42',None,1,0
61,-1.447240151,0,PTLFAAISHKVAENDMLLINADYQQLRDKKMTRAEFVRKLRVAIVGDDLLRSTITTLQ,"PTLFAAISHKVAENDMLLINADYQQLRDKKMTRAEFVRKLRVAIVGDDLLRSTITTLQ
PTLFAAISHKVAENDMLLINADYQQLRDKKMTRAEFVRKLRV-IVGDDLLRSTITTLQ",277,'A' inserted at '43',None,1,0
62,-1.673660077,0,PTLFAAISHKVAENDMLLINADYQQLRDKKMTRAEFVRKLRVIAVGDDLLRSTITTLQ,"PTLFAAISHKVAENDMLLINADYQQLRDKKMTRAEFVRKLRVIAVGDDLLRSTITTLQ
PTLFAAISHKVAENDMLLINADYQQLRDKKMTRAEFVRKLRVI-VGDDLLRSTITTLQ",277,'A' inserted at '44',None,1,0
63,-1.389879259,0,PTLFAAISHKVAENDMLLINADYQQLRDKKMTRAEFVRKLRVIGVGDDLLRSTITTLQ,"PTLFAAISHKVAENDMLLINADYQQLRDKKMTRAEFVRKLRVIGVGDDLLRSTITTLQ
PTLFAAISHKVAENDMLLINADYQQLRDKKMTRAEFVRKLRVI-VGDDLLRSTITTLQ",277,'G' inserted at '44',None,1,0
64,-1.18125795,0,PTLFAAISHKVAENDMLLINADYQQLRDKKMTRAEFVRKLRVIVAGDDLLRSTITTLQ,"PTLFAAISHKVAENDMLLINADYQQLRDKKMTRAEFVRKLRVIVAGDDLLRSTITTLQ
PTLFAAISHKVAENDMLLINADYQQLRDKKMTRAEFVRKLRVIV-GDDLLRSTITTLQ",277,'A' inserted at '45',None,1,0
66,-0.703188277,0,PTLFAAISHKVAENDMLLINADYQQLRDKKMTRAEFVRKLRVIVGADDLLRSTITTLQ,"PTLFAAISHKVAENDMLLINADYQQLRDKKMTRAEFVRKLRVIVGADDLLRSTITTLQ
PTLFAAISHKVAENDMLLINADYQQLRDKKMTRAEFVRKLRVIVG-DDLLRSTITTLQ",277,'A' inserted at '46',None,1,0
67,-0.479353228,0,PTLFAAISHKVAENDMLLINADYQQLRDKKMTRAEFVRKLRVIVGDADLLRSTITTLQ,"PTLFAAISHKVAENDMLLINADYQQLRDKKMTRAEFVRKLRVIVGDADLLRSTITTLQ
PTLFAAISHKVAENDMLLINADYQQLRDKKMTRAEFVRKLRVIVGD-DLLRSTITTLQ",277,'A' inserted at '47',None,1,0
68,-0.050942204,1,PTLFAAISHKVAENDMLLINADYQQLRDKKMTRAEFVRKLRVIVGDDALLRSTITTLQ,"PTLFAAISHKVAENDMLLINADYQQLRDKKMTRAEFVRKLRVIVGDDALLRSTITTLQ
PTLFAAISHKVAENDMLLINADYQQLRDKKMTRAEFVRKLRVIVGDD-LLRSTITTLQ",277,'A' inserted at '48',None,1,0
69,-0.363341497,1,PTLFAAISHKVAENDMLLINADYQQLRDKKMTRAEFVRKLRVIVGDDGLLRSTITTLQ,"PTLFAAISHKVAENDMLLINADYQQLRDKKMTRAEFVRKLRVIVGDDGLLRSTITTLQ
PTLFAAISHKVAENDMLLINADYQQLRDKKMTRAEFVRKLRVIVGDD-LLRSTITTLQ",277,'G' inserted at '48',None,1,0
70,-0.801398944,0,PTLFAAISHKVAENDMLLINADYQQLRDKKMTRAEFVRKLRVIVGDDLALRSTITTLQ,"PTLFAAISHKVAENDMLLINADYQQLRDKKMTRAEFVRKLRVIVGDDLALRSTITTLQ
PTLFAAISHKVAENDMLLINADYQQLRDKKMTRAEFVRKLRVIVGDDL-LRSTITTLQ",277,'A' inserted at '49',None,1,0
71,-1.035618113,0,PTLFAAISHKVAENDMLLINADYQQLRDKKMTRAEFVRKLRVIVGDDLGLRSTITTLQ,"PTLFAAISHKVAENDMLLINADYQQLRDKKMTRAEFVRKLRVIVGDDLGLRSTITTLQ
PTLFAAISHKVAENDMLLINADYQQLRDKKMTRAEFVRKLRVIVGDDL-LRSTITTLQ",277,'G' inserted at '49',None,1,0
72,-0.85318172,0,PTLFAAISHKVAENDMLLINADYQQLRDKKMTRAEFVRKLRVIVGDDLLARSTITTLQ,"PTLFAAISHKVAENDMLLINADYQQLRDKKMTRAEFVRKLRVIVGDDLLARSTITTLQ
PTLFAAISHKVAENDMLLINADYQQLRDKKMTRAEFVRKLRVIVGDDLL-RSTITTLQ",277,'A' inserted at '50',None,1,0
73,-1.045881276,0,PTLFAAISHKVAENDMLLINADYQQLRDKKMTRAEFVRKLRVIVGDDLLGRSTITTLQ,"PTLFAAISHKVAENDMLLINADYQQLRDKKMTRAEFVRKLRVIVGDDLLGRSTITTLQ
PTLFAAISHKVAENDMLLINADYQQLRDKKMTRAEFVRKLRVIVGDDLL-RSTITTLQ",277,'G' inserted at '50',None,1,0
74,-0.546547594,0,PTLFAAISHKVAENDMLLINADYQQLRDKKMTRAEFVRKLRVIVGDDLLRASTITTLQ,"PTLFAAISHKVAENDMLLINADYQQLRDKKMTRAEFVRKLRVIVGDDLLRASTITTLQ
PTLFAAISHKVAENDMLLINADYQQLRDKKMTRAEFVRKLRVIVGDDLLR-STITTLQ",277,'A' inserted at '51',None,1,0
75,-0.930989759,0,PTLFAAISHKVAENDMLLINADYQQLRDKKMTRAEFVRKLRVIVGDDLLRGSTITTLQ,"PTLFAAISHKVAENDMLLINADYQQLRDKKMTRAEFVRKLRVIVGDDLLRGSTITTLQ
PTLFAAISHKVAENDMLLINADYQQLRDKKMTRAEFVRKLRVIVGDDLLR-STITTLQ",277,'G' inserted at '51',None,1,0
76,-0.585594181,0,PTLFAAISHKVAENDMLLINADYQQLRDKKMTRAEFVRKLRVIVGDDLLRSATITTLQ,"PTLFAAISHKVAENDMLLINADYQQLRDKKMTRAEFVRKLRVIVGDDLLRSATITTLQ
PTLFAAISHKVAENDMLLINADYQQLRDKKMTRAEFVRKLRVIVGDDLLRS-TITTLQ",277,'A' inserted at '52',None,1,0
77,-1.033044335,0,PTLFAAISHKVAENDMLLINADYQQLRDKKMTRAEFVRKLRVIVGDDLLRSGTITTLQ,"PTLFAAISHKVAENDMLLINADYQQLRDKKMTRAEFVRKLRVIVGDDLLRSGTITTLQ
PTLFAAISHKVAENDMLLINADYQQLRDKKMTRAEFVRKLRVIVGDDLLRS-TITTLQ",277,'G' inserted at '52',None,1,0
79,-0.742561821,0,PTLFAAISHKVAENDMLLINADYQQLRDKKMTRAEFVRKLRVIVGDDLLRSTAITTLQ,"PTLFAAISHKVAENDMLLINADYQQLRDKKMTRAEFVRKLRVIVGDDLLRSTAITTLQ
PTLFAAISHKVAENDMLLINADYQQLRDKKMTRAEFVRKLRVIVGDDLLRST-ITTLQ",277,'A' inserted at '53',None,1,0
80,-0.376450594,1,PTLFAAISHKVAENDMLLINADYQQLRDKKMTRAEFVRKLRVIVGDDLLRSTGITTLQ,"PTLFAAISHKVAENDMLLINADYQQLRDKKMTRAEFVRKLRVIVGDDLLRSTGITTLQ
PTLFAAISHKVAENDMLLINADYQQLRDKKMTRAEFVRKLRVIVGDDLLRST-ITTLQ",277,'G' inserted at '53',None,1,0
81,-0.151216609,1,PTLFAAISHKVAENDMLLINADYQQLRDKKMTRAEFVRKLRVIVGDDLLRSTIATTLQ,"PTLFAAISHKVAENDMLLINADYQQLRDKKMTRAEFVRKLRVIVGDDLLRSTIATTLQ
PTLFAAISHKVAENDMLLINADYQQLRDKKMTRAEFVRKLRVIVGDDLLRSTI-TTLQ",277,'A' inserted at '54',None,1,0
82,-0.410684023,0,PTLFAAISHKVAENDMLLINADYQQLRDKKMTRAEFVRKLRVIVGDDLLRSTIGTTLQ,"PTLFAAISHKVAENDMLLINADYQQLRDKKMTRAEFVRKLRVIVGDDLLRSTIGTTLQ
PTLFAAISHKVAENDMLLINADYQQLRDKKMTRAEFVRKLRVIVGDDLLRSTI-TTLQ",277,'G' inserted at '54',None,1,0
83,-0.076519735,1,PTLFAAISHKVAENDMLLINADYQQLRDKKMTRAEFVRKLRVIVGDDLLRSTITATLQ,"PTLFAAISHKVAENDMLLINADYQQLRDKKMTRAEFVRKLRVIVGDDLLRSTITATLQ
PTLFAAISHKVAENDMLLINADYQQLRDKKMTRAEFVRKLRVIVGDDLLRSTIT-TLQ",277,'A' inserted at '55',None,1,0
84,-0.35432217,1,PTLFAAISHKVAENDMLLINADYQQLRDKKMTRAEFVRKLRVIVGDDLLRSTITGTLQ,"PTLFAAISHKVAENDMLLINADYQQLRDKKMTRAEFVRKLRVIVGDDLLRSTITGTLQ
PTLFAAISHKVAENDMLLINADYQQLRDKKMTRAEFVRKLRVIVGDDLLRSTIT-TLQ",277,'G' inserted at '55',None,1,0
86,0.140971993,1,PTLFAAISHKVAENDMLLINADYQQLRDKKMTRAEFVRKLRVIVGDDLLRSTITTALQ,"PTLFAAISHKVAENDMLLINADYQQLRDKKMTRAEFVRKLRVIVGDDLLRSTITTALQ
PTLFAAISHKVAENDMLLINADYQQLRDKKMTRAEFVRKLRVIVGDDLLRSTITT-LQ",277,'A' inserted at '56',None,1,0
87,-0.557212202,0,PTLFAAISHKVAENDMLLINADYQQLRDKKMTRAEFVRKLRVIVGDDLLRSTITTGLQ,"PTLFAAISHKVAENDMLLINADYQQLRDKKMTRAEFVRKLRVIVGDDLLRSTITTGLQ
PTLFAAISHKVAENDMLLINADYQQLRDKKMTRAEFVRKLRVIVGDDLLRSTITT-LQ",277,'G' inserted at '56',None,1,0
89,0.129658072,1,PTLFAAISHKVAENDMLLINADYQQLRDKKMTRAEFVRKLRVIVGDDLLRSTITTLAQ,"PTLFAAISHKVAENDMLLINADYQQLRDKKMTRAEFVRKLRVIVGDDLLRSTITTLAQ
PTLFAAISHKVAENDMLLINADYQQLRDKKMTRAEFVRKLRVIVGDDLLRSTITTL-Q",277,'A' inserted at '57',None,1,0
90,-0.063857524,1,PTLFAAISHKVAENDMLLINADYQQLRDKKMTRAEFVRKLRVIVGDDLLRSTITTLGQ,"PTLFAAISHKVAENDMLLINADYQQLRDKKMTRAEFVRKLRVIVGDDLLRSTITTLGQ
PTLFAAISHKVAENDMLLINADYQQLRDKKMTRAEFVRKLRVIVGDDLLRSTITTL-Q",277,'G' inserted at '57',None,1,0
96,-0.326841274,1,PTLFAAISHKVAENDMLLINADYQQLRDKKMTRAEFVRKLRVIVGDGDLLRSTITTLQ,"PTLFAAISHKVAENDMLLINADYQQLRDKKMTRAEFVRKLRVIVGDGDLLRSTITTLQ
PTLFAAISHKVAENDMLLINADYQQLRDKKMTRAEFVRKLRVIVGD-DLLRSTITTLQ",277,'G' inserted at '47',None,1,0
98,-0.963279983,0,PTLFAAISHKVAENDMLLINADYQQLRDKKMTRAEFVRKLRVIVGGDDLLRSTITTLQ,"PTLFAAISHKVAENDMLLINADYQQLRDKKMTRAEFVRKLRVIVGGDDLLRSTITTLQ
PTLFAAISHKVAENDMLLINADYQQLRDKKMTRAEFVRKLRVIVG-DDLLRSTITTLQ",277,'G' inserted at '46',None,1,0
104,-1.323986144,0,PTLFAAISHKVAENDMLLINADYQQLRGDKKMTRAEFVRKLRVIVGDDLLRSTITTLQ,"PTLFAAISHKVAENDMLLINADYQQLRGDKKMTRAEFVRKLRVIVGDDLLRSTITTLQ
PTLFAAISHKVAENDMLLINADYQQLR-DKKMTRAEFVRKLRVIVGDDLLRSTITTLQ",277,'G' inserted at '28',None,1,0
106,-1.500475899,0,PTLFAAISHKVAENDMLLINAGDYQQLRDKKMTRAEFVRKLRVIVGDDLLRSTITTLQ,"PTLFAAISHKVAENDMLLINAGDYQQLRDKKMTRAEFVRKLRVIVGDDLLRSTITTLQ
PTLFAAISHKVAENDMLLINA-DYQQLRDKKMTRAEFVRKLRVIVGDDLLRSTITTLQ",277,'G' inserted at '22',None,1,0
109,-1.697153025,0,PTLFAAISHKVAENDMLLINGADYQQLRDKKMTRAEFVRKLRVIVGDDLLRSTITTLQ,"PTLFAAISHKVAENDMLLINGADYQQLRDKKMTRAEFVRKLRVIVGDDLLRSTITTLQ
PTLFAAISHKVAENDMLLIN-ADYQQLRDKKMTRAEFVRKLRVIVGDDLLRSTITTLQ",277,'G' inserted at '21',None,1,0
111,-1.366412561,0,PTLFAAISHKVAENGDMLLINADYQQLRDKKMTRAEFVRKLRVIVGDDLLRSTITTLQ,"PTLFAAISHKVAENGDMLLINADYQQLRDKKMTRAEFVRKLRVIVGDDLLRSTITTLQ
PTLFAAISHKVAEN-DMLLINADYQQLRDKKMTRAEFVRKLRVIVGDDLLRSTITTLQ",277,'G' inserted at '15',None,1,0
113,-0.790063325,0,PTLFAAISHKVAGENDMLLINADYQQLRDKKMTRAEFVRKLRVIVGDDLLRSTITTLQ,"PTLFAAISHKVAGENDMLLINADYQQLRDKKMTRAEFVRKLRVIVGDDLLRSTITTLQ
PTLFAAISHKVA-ENDMLLINADYQQLRDKKMTRAEFVRKLRVIVGDDLLRSTITTLQ",277,'G' inserted at '13',None,1,0
116,-1.26042714,0,PTLFAAISHKVGAENDMLLINADYQQLRDKKMTRAEFVRKLRVIVGDDLLRSTITTLQ,"PTLFAAISHKVGAENDMLLINADYQQLRDKKMTRAEFVRKLRVIVGDDLLRSTITTLQ
PTLFAAISHKV-AENDMLLINADYQQLRDKKMTRAEFVRKLRVIVGDDLLRSTITTLQ",277,'G' inserted at '12',None,1,0
120,-0.417338153,0,PTLFAGAISHKVAENDMLLINADYQQLRDKKMTRAEFVRKLRVIVGDDLLRSTITTLQ,"PTLFAGAISHKVAENDMLLINADYQQLRDKKMTRAEFVRKLRVIVGDDLLRSTITTLQ
PTLFA-AISHKVAENDMLLINADYQQLRDKKMTRAEFVRKLRVIVGDDLLRSTITTLQ",277,'G' inserted at '6',None,1,0
122,-0.457012443,0,PTLFGAAISHKVAENDMLLINADYQQLRDKKMTRAEFVRKLRVIVGDDLLRSTITTLQ,"PTLFGAAISHKVAENDMLLINADYQQLRDKKMTRAEFVRKLRVIVGDDLLRSTITTLQ
PTLF-AAISHKVAENDMLLINADYQQLRDKKMTRAEFVRKLRVIVGDDLLRSTITTLQ",277,'G' inserted at '5',None,1,0
123,-0.458695707,0,PTLGFAAISHKVAENDMLLINADYQQLRDKKMTRAEFVRKLRVIVGDDLLRSTITTLQ,"PTLGFAAISHKVAENDMLLINADYQQLRDKKMTRAEFVRKLRVIVGDDLLRSTITTLQ
PTL-FAAISHKVAENDMLLINADYQQLRDKKMTRAEFVRKLRVIVGDDLLRSTITTLQ",277,'G' inserted at '4',None,1,0
1,0.070009077,1,APTLFAAISHKVAENDMLLINADYQQLRDKKMTRAEFVRKLRVIVGDDLLRSTITTLQ,"PTLFAAISHKVAENDMLLINADYQQLRDKKMTRAEFVRKLRVIVGDDLLRSTITTLQ
PTLFAAISHKVAENDMLLINADYQQLRDKKMTRAEFVRKLRVIVGDDLLRSTITTLQ",277,None,None,0,0
2,-0.141865889,1,GPTLFAAISHKVAENDMLLINADYQQLRDKKMTRAEFVRKLRVIVGDDLLRSTITTLQ,"PTLFAAISHKVAENDMLLINADYQQLRDKKMTRAEFVRKLRVIVGDDLLRSTITTLQ
PTLFAAISHKVAENDMLLINADYQQLRDKKMTRAEFVRKLRVIVGDDLLRSTITTLQ",277,None,None,0,0
5,0.28671054,1,PLFAAISHKVAENDMLLINADYQQLRDKKMTRAEFVRKLRVIVGDDLLRSTITTLQ,"P-LFAAISHKVAENDMLLINADYQQLRDKKMTRAEFVRKLRVIVGDDLLRSTITTLQ
PTLFAAISHKVAENDMLLINADYQQLRDKKMTRAEFVRKLRVIVGDDLLRSTITTLQ",272,None,'T' deleted in '2',0,1
7,-0.416129901,0,PTFAAISHKVAENDMLLINADYQQLRDKKMTRAEFVRKLRVIVGDDLLRSTITTLQ,"PT-FAAISHKVAENDMLLINADYQQLRDKKMTRAEFVRKLRVIVGDDLLRSTITTLQ
PTLFAAISHKVAENDMLLINADYQQLRDKKMTRAEFVRKLRVIVGDDLLRSTITTLQ",273,None,'L' deleted in '3',0,1
9,-0.44048341,0,PTLAAISHKVAENDMLLINADYQQLRDKKMTRAEFVRKLRVIVGDDLLRSTITTLQ,"PTL-AAISHKVAENDMLLINADYQQLRDKKMTRAEFVRKLRVIVGDDLLRSTITTLQ
PTLFAAISHKVAENDMLLINADYQQLRDKKMTRAEFVRKLRVIVGDDLLRSTITTLQ",271,None,'F' deleted in '4',0,1
15,-0.689942935,0,PTLFAAIHKVAENDMLLINADYQQLRDKKMTRAEFVRKLRVIVGDDLLRSTITTLQ,"PTLFAAI-HKVAENDMLLINADYQQLRDKKMTRAEFVRKLRVIVGDDLLRSTITTLQ
PTLFAAISHKVAENDMLLINADYQQLRDKKMTRAEFVRKLRVIVGDDLLRSTITTLQ",273,None,'S' deleted in '8',0,1
20,-1.561572392,0,PTLFAAISHKAENDMLLINADYQQLRDKKMTRAEFVRKLRVIVGDDLLRSTITTLQ,"PTLFAAISHK-AENDMLLINADYQQLRDKKMTRAEFVRKLRVIVGDDLLRSTITTLQ
PTLFAAISHKVAENDMLLINADYQQLRDKKMTRAEFVRKLRVIVGDDLLRSTITTLQ",273,None,'V' deleted in '11',0,1
25,-1.029174725,0,PTLFAAISHKVAEDMLLINADYQQLRDKKMTRAEFVRKLRVIVGDDLLRSTITTLQ,"PTLFAAISHKVAE-DMLLINADYQQLRDKKMTRAEFVRKLRVIVGDDLLRSTITTLQ
PTLFAAISHKVAENDMLLINADYQQLRDKKMTRAEFVRKLRVIVGDDLLRSTITTLQ",271,None,'N' deleted in '14',0,1
30,-2.089735169,0,PTLFAAISHKVAENDLLINADYQQLRDKKMTRAEFVRKLRVIVGDDLLRSTITTLQ,"PTLFAAISHKVAEND-LLINADYQQLRDKKMTRAEFVRKLRVIVGDDLLRSTITTLQ
PTLFAAISHKVAENDMLLINADYQQLRDKKMTRAEFVRKLRVIVGDDLLRSTITTLQ",272,None,'M' deleted in '16',0,1
35,-1.916027771,0,PTLFAAISHKVAENDMLINADYQQLRDKKMTRAEFVRKLRVIVGDDLLRSTITTLQ,"PTLFAAISHKVAENDML-INADYQQLRDKKMTRAEFVRKLRVIVGDDLLRSTITTLQ
PTLFAAISHKVAENDMLLINADYQQLRDKKMTRAEFVRKLRVIVGDDLLRSTITTLQ",273,None,'L' deleted in '18',0,1
38,-1.509082539,0,PTLFAAISHKVAENDMLLIADYQQLRDKKMTRAEFVRKLRVIVGDDLLRSTITTLQ,"PTLFAAISHKVAENDMLLI-ADYQQLRDKKMTRAEFVRKLRVIVGDDLLRSTITTLQ
PTLFAAISHKVAENDMLLINADYQQLRDKKMTRAEFVRKLRVIVGDDLLRSTITTLQ",271,None,'N' deleted in '20',0,1
54,-1.745080462,0,PTLFAAISHKVAENDMLLINADYQQLRDKKMRAEFVRKLRVIVGDDLLRSTITTLQ,"PTLFAAISHKVAENDMLLINADYQQLRDKKM-RAEFVRKLRVIVGDDLLRSTITTLQ
PTLFAAISHKVAENDMLLINADYQQLRDKKMTRAEFVRKLRVIVGDDLLRSTITTLQ",272,None,'T' deleted in '32',0,1
55,-1.328234614,0,PTLFAAISHKVAENDMLLINADYQQLRDKKMTAEFVRKLRVIVGDDLLRSTITTLQ,"PTLFAAISHKVAENDMLLINADYQQLRDKKMT-AEFVRKLRVIVGDDLLRSTITTLQ
PTLFAAISHKVAENDMLLINADYQQLRDKKMTRAEFVRKLRVIVGDDLLRSTITTLQ",272,None,'R' deleted in '33',0,1
65,-0.475866974,0,PTLFAAISHKVAENDMLLINADYQQLRDKKMTRAEFVRKLRVIVDDLLRSTITTLQ,"PTLFAAISHKVAENDMLLINADYQQLRDKKMTRAEFVRKLRVIV-DDLLRSTITTLQ
PTLFAAISHKVAENDMLLINADYQQLRDKKMTRAEFVRKLRVIVGDDLLRSTITTLQ",271,None,'G' deleted in '45',0,1
78,0.175394011,1,PTLFAAISHKVAENDMLLINADYQQLRDKKMTRAEFVRKLRVIVGDDLLRSITTLQ,"PTLFAAISHKVAENDMLLINADYQQLRDKKMTRAEFVRKLRVIVGDDLLRS-ITTLQ
PTLFAAISHKVAENDMLLINADYQQLRDKKMTRAEFVRKLRVIVGDDLLRSTITTLQ",272,None,'T' deleted in '52',0,1
85,-0.455593356,0,PTLFAAISHKVAENDMLLINADYQQLRDKKMTRAEFVRKLRVIVGDDLLRSTITLQ,"PTLFAAISHKVAENDMLLINADYQQLRDKKMTRAEFVRKLRVIVGDDLLRSTIT-LQ
PTLFAAISHKVAENDMLLINADYQQLRDKKMTRAEFVRKLRVIVGDDLLRSTITTLQ",272,None,'T' deleted in '55',0,1
88,-0.261423221,1,PTLFAAISHKVAENDMLLINADYQQLRDKKMTRAEFVRKLRVIVGDDLLRSTITTL,"PTLFAAISHKVAENDMLLINADYQQLRDKKMTRAEFVRKLRVIVGDDLLRSTITTL
PTLFAAISHKVAENDMLLINADYQQLRDKKMTRAEFVRKLRVIVGDDLLRSTITTL",272,None,None,0,0
91,-0.710256245,0,PTLFAAISHKVAENDMLLINADYQQLRDKKMTRAEFVRKLRVIVGDDLLRSTITTQ,"PTLFAAISHKVAENDMLLINADYQQLRDKKMTRAEFVRKLRVIVGDDLLRSTITT-Q
PTLFAAISHKVAENDMLLINADYQQLRDKKMTRAEFVRKLRVIVGDDLLRSTITTLQ",273,None,'L' deleted in '56',0,1
92,-1.1031629,0,PTLFAAISHKVAENDMLLINADYQQLRDKKMTRAEFVRKLRVIVGDDLLRSTTTLQ,"PTLFAAISHKVAENDMLLINADYQQLRDKKMTRAEFVRKLRVIVGDDLLRST-TTLQ
PTLFAAISHKVAENDMLLINADYQQLRDKKMTRAEFVRKLRVIVGDDLLRSTITTLQ",273,None,'I' deleted in '53',0,1
93,0.320012398,1,PTLFAAISHKVAENDMLLINADYQQLRDKKMTRAEFVRKLRVIVGDDLLRTITTLQ,"PTLFAAISHKVAENDMLLINADYQQLRDKKMTRAEFVRKLRVIVGDDLLR-TITTLQ
PTLFAAISHKVAENDMLLINADYQQLRDKKMTRAEFVRKLRVIVGDDLLRSTITTLQ",273,None,'S' deleted in '51',0,1
94,-0.170859125,1,PTLFAAISHKVAENDMLLINADYQQLRDKKMTRAEFVRKLRVIVGDDLLSTITTLQ,"PTLFAAISHKVAENDMLLINADYQQLRDKKMTRAEFVRKLRVIVGDDLL-STITTLQ
PTLFAAISHKVAENDMLLINADYQQLRDKKMTRAEFVRKLRVIVGDDLLRSTITTLQ",272,None,'R' deleted in '50',0,1
95,-1.411382731,0,PTLFAAISHKVAENDMLLINADYQQLRDKKMTRAEFVRKLRVIVGDDLRSTITTLQ,"PTLFAAISHKVAENDMLLINADYQQLRDKKMTRAEFVRKLRVIVGDDL-RSTITTLQ
PTLFAAISHKVAENDMLLINADYQQLRDKKMTRAEFVRKLRVIVGDDLLRSTITTLQ",273,None,'L' deleted in '49',0,1
97,-0.300411248,1,PTLFAAISHKVAENDMLLINADYQQLRDKKMTRAEFVRKLRVIVGDLLRSTITTLQ,"PTLFAAISHKVAENDMLLINADYQQLRDKKMTRAEFVRKLRVIVGD-LLRSTITTLQ
PTLFAAISHKVAENDMLLINADYQQLRDKKMTRAEFVRKLRVIVGDDLLRSTITTLQ",271,None,'D' deleted in '47',0,1
99,-1.37470239,0,PTLFAAISHKVAENDMLLINADYQQLRDKKMTRAEFVRLRVIVGDDLLRSTITTLQ,"PTLFAAISHKVAENDMLLINADYQQLRDKKMTRAEFVR-LRVIVGDDLLRSTITTLQ
PTLFAAISHKVAENDMLLINADYQQLRDKKMTRAEFVRKLRVIVGDDLLRSTITTLQ",272,None,'K' deleted in '39',0,1
100,-1.718312544,0,PTLFAAISHKVAENDMLLINADYQQLRDKKMTRAFVRKLRVIVGDDLLRSTITTLQ,"PTLFAAISHKVAENDMLLINADYQQLRDKKMTRA-FVRKLRVIVGDDLLRSTITTLQ
PTLFAAISHKVAENDMLLINADYQQLRDKKMTRAEFVRKLRVIVGDDLLRSTITTLQ",272,None,'E' deleted in '35',0,1
101,-1.960650359,0,PTLFAAISHKVAENDMLLINADYQQLRDKKMTREFVRKLRVIVGDDLLRSTITTLQ,"PTLFAAISHKVAENDMLLINADYQQLRDKKMTR-EFVRKLRVIVGDDLLRSTITTLQ
PTLFAAISHKVAENDMLLINADYQQLRDKKMTRAEFVRKLRVIVGDDLLRSTITTLQ",273,None,'A' deleted in '34',0,1
102,-1.648665228,0,PTLFAAISHKVAENDMLLINADYQQLRDKKTRAEFVRKLRVIVGDDLLRSTITTLQ,"PTLFAAISHKVAENDMLLINADYQQLRDKK-TRAEFVRKLRVIVGDDLLRSTITTLQ
PTLFAAISHKVAENDMLLINADYQQLRDKKMTRAEFVRKLRVIVGDDLLRSTITTLQ",272,None,'M' deleted in '31',0,1
103,-1.204498243,0,PTLFAAISHKVAENDMLLINADYQQLRDKMTRAEFVRKLRVIVGDDLLRSTITTLQ,"PTLFAAISHKVAENDMLLINADYQQLRDK-MTRAEFVRKLRVIVGDDLLRSTITTLQ
PTLFAAISHKVAENDMLLINADYQQLRDKKMTRAEFVRKLRVIVGDDLLRSTITTLQ",272,None,'K' deleted in '30',0,1
105,-1.135118566,0,PTLFAAISHKVAENDMLLINADYQQLRKKMTRAEFVRKLRVIVGDDLLRSTITTLQ,"PTLFAAISHKVAENDMLLINADYQQLR-KKMTRAEFVRKLRVIVGDDLLRSTITTLQ
PTLFAAISHKVAENDMLLINADYQQLRDKKMTRAEFVRKLRVIVGDDLLRSTITTLQ",271,None,'D' deleted in '28',0,1
107,-0.593281645,0,PTLFAAISHKVAENDMLLINAYQQLRDKKMTRAEFVRKLRVIVGDDLLRSTITTLQ,"PTLFAAISHKVAENDMLLINA-YQQLRDKKMTRAEFVRKLRVIVGDDLLRSTITTLQ
PTLFAAISHKVAENDMLLINADYQQLRDKKMTRAEFVRKLRVIVGDDLLRSTITTLQ",271,None,'D' deleted in '22',0,1
108,-1.075594038,0,PTLFAAISHKVAENDMLLINDYQQLRDKKMTRAEFVRKLRVIVGDDLLRSTITTLQ,"PTLFAAISHKVAENDMLLIN-DYQQLRDKKMTRAEFVRKLRVIVGDDLLRSTITTLQ
PTLFAAISHKVAENDMLLINADYQQLRDKKMTRAEFVRKLRVIVGDDLLRSTITTLQ",273,None,'A' deleted in '21',0,1
110,-2.011290318,0,PTLFAAISHKVAENDMLLNADYQQLRDKKMTRAEFVRKLRVIVGDDLLRSTITTLQ,"PTLFAAISHKVAENDMLL-NADYQQLRDKKMTRAEFVRKLRVIVGDDLLRSTITTLQ
PTLFAAISHKVAENDMLLINADYQQLRDKKMTRAEFVRKLRVIVGDDLLRSTITTLQ",273,None,'I' deleted in '19',0,1
112,-0.286972851,1,PTLFAAISHKVAENMLLINADYQQLRDKKMTRAEFVRKLRVIVGDDLLRSTITTLQ,"PTLFAAISHKVAEN-MLLINADYQQLRDKKMTRAEFVRKLRVIVGDDLLRSTITTLQ
PTLFAAISHKVAENDMLLINADYQQLRDKKMTRAEFVRKLRVIVGDDLLRSTITTLQ",271,None,'D' deleted in '15',0,1
114,-0.655737229,0,PTLFAAISHKVANDMLLINADYQQLRDKKMTRAEFVRKLRVIVGDDLLRSTITTLQ,"PTLFAAISHKVA-NDMLLINADYQQLRDKKMTRAEFVRKLRVIVGDDLLRSTITTLQ
PTLFAAISHKVAENDMLLINADYQQLRDKKMTRAEFVRKLRVIVGDDLLRSTITTLQ",272,None,'E' deleted in '13',0,1
115,-1.21335841,0,PTLFAAISHKVENDMLLINADYQQLRDKKMTRAEFVRKLRVIVGDDLLRSTITTLQ,"PTLFAAISHKV-ENDMLLINADYQQLRDKKMTRAEFVRKLRVIVGDDLLRSTITTLQ
PTLFAAISHKVAENDMLLINADYQQLRDKKMTRAEFVRKLRVIVGDDLLRSTITTLQ",273,None,'A' deleted in '12',0,1
117,-0.340591994,1,PTLFAAISHVAENDMLLINADYQQLRDKKMTRAEFVRKLRVIVGDDLLRSTITTLQ,"PTLFAAISH-VAENDMLLINADYQQLRDKKMTRAEFVRKLRVIVGDDLLRSTITTLQ
PTLFAAISHKVAENDMLLINADYQQLRDKKMTRAEFVRKLRVIVGDDLLRSTITTLQ",272,None,'K' deleted in '10',0,1
118,-0.719075258,0,PTLFAAISKVAENDMLLINADYQQLRDKKMTRAEFVRKLRVIVGDDLLRSTITTLQ,"PTLFAAIS-KVAENDMLLINADYQQLRDKKMTRAEFVRKLRVIVGDDLLRSTITTLQ
PTLFAAISHKVAENDMLLINADYQQLRDKKMTRAEFVRKLRVIVGDDLLRSTITTLQ",269,None,'H' deleted in '9',0,1
119,-1.030139307,0,PTLFAASHKVAENDMLLINADYQQLRDKKMTRAEFVRKLRVIVGDDLLRSTITTLQ,"PTLFAA-SHKVAENDMLLINADYQQLRDKKMTRAEFVRKLRVIVGDDLLRSTITTLQ
PTLFAAISHKVAENDMLLINADYQQLRDKKMTRAEFVRKLRVIVGDDLLRSTITTLQ",273,None,'I' deleted in '7',0,1
121,-0.649131944,0,PTLFAISHKVAENDMLLINADYQQLRDKKMTRAEFVRKLRVIVGDDLLRSTITTLQ,"PTLFA-ISHKVAENDMLLINADYQQLRDKKMTRAEFVRKLRVIVGDDLLRSTITTLQ
PTLFAAISHKVAENDMLLINADYQQLRDKKMTRAEFVRKLRVIVGDDLLRSTITTLQ",273,None,'A' deleted in '6',0,1
124,0.195318787,1,TLFAAISHKVAENDMLLINADYQQLRDKKMTRAEFVRKLRVIVGDDLLRSTITTLQ,"TLFAAISHKVAENDMLLINADYQQLRDKKMTRAEFVRKLRVIVGDDLLRSTITTLQ
TLFAAISHKVAENDMLLINADYQQLRDKKMTRAEFVRKLRVIVGDDLLRSTITTLQ",270,None,None,0,0
