ID,DMS_Score,DMS_Score_Bin,mutated_sequence,Alignment,Align_score,Insertions,Deletions,NumberOfInsertionSites,NumberOfDeletionSites
4,-0.064283373,1,SAEYETMLTEIMSMGYERERVVAALRASYNNPHRAVEYLLTGIPG,"SAEYETMLTEIMSMGYERERVVAALRASYNNPHRAVEYLLTGIPG
S-EYETMLTEIMSMGYERERVVAALRASYNNPHRAVEYLLTGIPG",222,'A' inserted at '2',None,1,0
5,-0.066536555,1,SEAYETMLTEIMSMGYERERVVAALRASYNNPHRAVEYLLTGIPG,"SEAYETMLTEIMSMGYERERVVAALRASYNNPHRAVEYLLTGIPG
SE-YETMLTEIMSMGYERERVVAALRASYNNPHRAVEYLLTGIPG",222,'A' inserted at '3',None,1,0
7,-0.412438552,1,SEGYETMLTEIMSMGYERERVVAALRASYNNPHRAVEYLLTGIPG,"SEGYETMLTEIMSMGYERERVVAALRASYNNPHRAVEYLLTGIPG
SE-YETMLTEIMSMGYERERVVAALRASYNNPHRAVEYLLTGIPG",222,'G' inserted at '3',None,1,0
8,-1.420416578,0,SEYAETMLTEIMSMGYERERVVAALRASYNNPHRAVEYLLTGIPG,"SEYAETMLTEIMSMGYERERVVAALRASYNNPHRAVEYLLTGIPG
SEY-ETMLTEIMSMGYERERVVAALRASYNNPHRAVEYLLTGIPG",222,'A' inserted at '4',None,1,0
9,-1.654577002,0,SEYEATMLTEIMSMGYERERVVAALRASYNNPHRAVEYLLTGIPG,"SEYEATMLTEIMSMGYERERVVAALRASYNNPHRAVEYLLTGIPG
SEYE-TMLTEIMSMGYERERVVAALRASYNNPHRAVEYLLTGIPG",222,'A' inserted at '5',None,1,0
10,-1.714726815,0,SEYEGTMLTEIMSMGYERERVVAALRASYNNPHRAVEYLLTGIPG,"SEYEGTMLTEIMSMGYERERVVAALRASYNNPHRAVEYLLTGIPG
SEYE-TMLTEIMSMGYERERVVAALRASYNNPHRAVEYLLTGIPG",222,'G' inserted at '5',None,1,0
12,-1.546432516,0,SEYETAMLTEIMSMGYERERVVAALRASYNNPHRAVEYLLTGIPG,"SEYETAMLTEIMSMGYERERVVAALRASYNNPHRAVEYLLTGIPG
SEYET-MLTEIMSMGYERERVVAALRASYNNPHRAVEYLLTGIPG",222,'A' inserted at '6',None,1,0
13,-2.001607003,0,SEYETGMLTEIMSMGYERERVVAALRASYNNPHRAVEYLLTGIPG,"SEYETGMLTEIMSMGYERERVVAALRASYNNPHRAVEYLLTGIPG
SEYET-MLTEIMSMGYERERVVAALRASYNNPHRAVEYLLTGIPG",222,'G' inserted at '6',None,1,0
15,-2.176305165,0,SEYETMALTEIMSMGYERERVVAALRASYNNPHRAVEYLLTGIPG,"SEYETMALTEIMSMGYERERVVAALRASYNNPHRAVEYLLTGIPG
SEYETM-LTEIMSMGYERERVVAALRASYNNPHRAVEYLLTGIPG",222,'A' inserted at '7',None,1,0
16,-2.251442882,0,SEYETMGLTEIMSMGYERERVVAALRASYNNPHRAVEYLLTGIPG,"SEYETMGLTEIMSMGYERERVVAALRASYNNPHRAVEYLLTGIPG
SEYETM-LTEIMSMGYERERVVAALRASYNNPHRAVEYLLTGIPG",222,'G' inserted at '7',None,1,0
17,-2.302293236,0,SEYETMLATEIMSMGYERERVVAALRASYNNPHRAVEYLLTGIPG,"SEYETMLATEIMSMGYERERVVAALRASYNNPHRAVEYLLTGIPG
SEYETML-TEIMSMGYERERVVAALRASYNNPHRAVEYLLTGIPG",222,'A' inserted at '8',None,1,0
19,-3.188173617,0,SEYETMLGTEIMSMGYERERVVAALRASYNNPHRAVEYLLTGIPG,"SEYETMLGTEIMSMGYERERVVAALRASYNNPHRAVEYLLTGIPG
SEYETML-TEIMSMGYERERVVAALRASYNNPHRAVEYLLTGIPG",222,'G' inserted at '8',None,1,0
20,-1.9582936,0,SEYETMLTAEIMSMGYERERVVAALRASYNNPHRAVEYLLTGIPG,"SEYETMLTAEIMSMGYERERVVAALRASYNNPHRAVEYLLTGIPG
SEYETMLT-EIMSMGYERERVVAALRASYNNPHRAVEYLLTGIPG",222,'A' inserted at '9',None,1,0
21,-1.201087447,0,SEYETMLTEAIMSMGYERERVVAALRASYNNPHRAVEYLLTGIPG,"SEYETMLTEAIMSMGYERERVVAALRASYNNPHRAVEYLLTGIPG
SEYETMLTE-IMSMGYERERVVAALRASYNNPHRAVEYLLTGIPG",222,'A' inserted at '10',None,1,0
22,-1.995298886,0,SEYETMLTEGIMSMGYERERVVAALRASYNNPHRAVEYLLTGIPG,"SEYETMLTEGIMSMGYERERVVAALRASYNNPHRAVEYLLTGIPG
SEYETMLTE-IMSMGYERERVVAALRASYNNPHRAVEYLLTGIPG",222,'G' inserted at '10',None,1,0
23,-1.675473707,0,SEYETMLTEIAMSMGYERERVVAALRASYNNPHRAVEYLLTGIPG,"SEYETMLTEIAMSMGYERERVVAALRASYNNPHRAVEYLLTGIPG
SEYETMLTEI-MSMGYERERVVAALRASYNNPHRAVEYLLTGIPG",222,'A' inserted at '11',None,1,0
24,-2.115550823,0,SEYETMLTEIGMSMGYERERVVAALRASYNNPHRAVEYLLTGIPG,"SEYETMLTEIGMSMGYERERVVAALRASYNNPHRAVEYLLTGIPG
SEYETMLTEI-MSMGYERERVVAALRASYNNPHRAVEYLLTGIPG",222,'G' inserted at '11',None,1,0
25,-1.22469642,0,SEYETMLTEIMASMGYERERVVAALRASYNNPHRAVEYLLTGIPG,"SEYETMLTEIMASMGYERERVVAALRASYNNPHRAVEYLLTGIPG
SEYETMLTEIM-SMGYERERVVAALRASYNNPHRAVEYLLTGIPG",222,'A' inserted at '12',None,1,0
26,-1.712513402,0,SEYETMLTEIMGSMGYERERVVAALRASYNNPHRAVEYLLTGIPG,"SEYETMLTEIMGSMGYERERVVAALRASYNNPHRAVEYLLTGIPG
SEYETMLTEIM-SMGYERERVVAALRASYNNPHRAVEYLLTGIPG",222,'G' inserted at '12',None,1,0
28,-1.181509543,0,SEYETMLTEIMSAMGYERERVVAALRASYNNPHRAVEYLLTGIPG,"SEYETMLTEIMSAMGYERERVVAALRASYNNPHRAVEYLLTGIPG
SEYETMLTEIMS-MGYERERVVAALRASYNNPHRAVEYLLTGIPG",222,'A' inserted at '13',None,1,0
29,-1.619705692,0,SEYETMLTEIMSGMGYERERVVAALRASYNNPHRAVEYLLTGIPG,"SEYETMLTEIMSGMGYERERVVAALRASYNNPHRAVEYLLTGIPG
SEYETMLTEIMS-MGYERERVVAALRASYNNPHRAVEYLLTGIPG",222,'G' inserted at '13',None,1,0
31,-1.838123974,0,SEYETMLTEIMSMAGYERERVVAALRASYNNPHRAVEYLLTGIPG,"SEYETMLTEIMSMAGYERERVVAALRASYNNPHRAVEYLLTGIPG
SEYETMLTEIMSM-GYERERVVAALRASYNNPHRAVEYLLTGIPG",222,'A' inserted at '14',None,1,0
32,-1.411367593,0,SEYETMLTEIMSMGAYERERVVAALRASYNNPHRAVEYLLTGIPG,"SEYETMLTEIMSMGAYERERVVAALRASYNNPHRAVEYLLTGIPG
SEYETMLTEIMSMG-YERERVVAALRASYNNPHRAVEYLLTGIPG",222,'A' inserted at '15',None,1,0
34,-1.101058459,0,SEYETMLTEIMSMGGYERERVVAALRASYNNPHRAVEYLLTGIPG,"SEYETMLTEIMSMGGYERERVVAALRASYNNPHRAVEYLLTGIPG
SEYETMLTEIMSMG-YERERVVAALRASYNNPHRAVEYLLTGIPG",222,'G' inserted at '15',None,1,0
35,-2.147421807,0,SEYETMLTEIMSMGYAERERVVAALRASYNNPHRAVEYLLTGIPG,"SEYETMLTEIMSMGYAERERVVAALRASYNNPHRAVEYLLTGIPG
SEYETMLTEIMSMGY-ERERVVAALRASYNNPHRAVEYLLTGIPG",222,'A' inserted at '16',None,1,0
36,-2.005309826,0,SEYETMLTEIMSMGYEARERVVAALRASYNNPHRAVEYLLTGIPG,"SEYETMLTEIMSMGYEARERVVAALRASYNNPHRAVEYLLTGIPG
SEYETMLTEIMSMGYE-RERVVAALRASYNNPHRAVEYLLTGIPG",222,'A' inserted at '17',None,1,0
38,-2.691759376,0,SEYETMLTEIMSMGYEGRERVVAALRASYNNPHRAVEYLLTGIPG,"SEYETMLTEIMSMGYEGRERVVAALRASYNNPHRAVEYLLTGIPG
SEYETMLTEIMSMGYE-RERVVAALRASYNNPHRAVEYLLTGIPG",222,'G' inserted at '17',None,1,0
39,-2.554239733,0,SEYETMLTEIMSMGYERAERVVAALRASYNNPHRAVEYLLTGIPG,"SEYETMLTEIMSMGYERAERVVAALRASYNNPHRAVEYLLTGIPG
SEYETMLTEIMSMGYER-ERVVAALRASYNNPHRAVEYLLTGIPG",222,'A' inserted at '18',None,1,0
40,-2.894245527,0,SEYETMLTEIMSMGYEREARVVAALRASYNNPHRAVEYLLTGIPG,"SEYETMLTEIMSMGYEREARVVAALRASYNNPHRAVEYLLTGIPG
SEYETMLTEIMSMGYERE-RVVAALRASYNNPHRAVEYLLTGIPG",222,'A' inserted at '19',None,1,0
41,-3.561545068,0,SEYETMLTEIMSMGYEREGRVVAALRASYNNPHRAVEYLLTGIPG,"SEYETMLTEIMSMGYEREGRVVAALRASYNNPHRAVEYLLTGIPG
SEYETMLTEIMSMGYERE-RVVAALRASYNNPHRAVEYLLTGIPG",222,'G' inserted at '19',None,1,0
42,-2.889397933,0,SEYETMLTEIMSMGYERERAVVAALRASYNNPHRAVEYLLTGIPG,"SEYETMLTEIMSMGYERERAVVAALRASYNNPHRAVEYLLTGIPG
SEYETMLTEIMSMGYERER-VVAALRASYNNPHRAVEYLLTGIPG",222,'A' inserted at '20',None,1,0
43,-3.041524248,0,SEYETMLTEIMSMGYERERGVVAALRASYNNPHRAVEYLLTGIPG,"SEYETMLTEIMSMGYERERGVVAALRASYNNPHRAVEYLLTGIPG
SEYETMLTEIMSMGYERER-VVAALRASYNNPHRAVEYLLTGIPG",222,'G' inserted at '20',None,1,0
45,-3.522302861,0,SEYETMLTEIMSMGYERERVAVAALRASYNNPHRAVEYLLTGIPG,"SEYETMLTEIMSMGYERERVAVAALRASYNNPHRAVEYLLTGIPG
SEYETMLTEIMSMGYERERV-VAALRASYNNPHRAVEYLLTGIPG",222,'A' inserted at '21',None,1,0
46,-3.286446919,0,SEYETMLTEIMSMGYERERVVAAALRASYNNPHRAVEYLLTGIPG,"SEYETMLTEIMSMGYERERVVAAALRASYNNPHRAVEYLLTGIPG
SEYETMLTEIMSMGYERERVVAA-LRASYNNPHRAVEYLLTGIPG",222,'A' inserted at '24',None,1,0
47,-3.411741706,0,SEYETMLTEIMSMGYERERVVAAGLRASYNNPHRAVEYLLTGIPG,"SEYETMLTEIMSMGYERERVVAAGLRASYNNPHRAVEYLLTGIPG
SEYETMLTEIMSMGYERERVVAA-LRASYNNPHRAVEYLLTGIPG",222,'G' inserted at '24',None,1,0
48,-2.484794098,0,SEYETMLTEIMSMGYERERVVAALARASYNNPHRAVEYLLTGIPG,"SEYETMLTEIMSMGYERERVVAALARASYNNPHRAVEYLLTGIPG
SEYETMLTEIMSMGYERERVVAAL-RASYNNPHRAVEYLLTGIPG",222,'A' inserted at '25',None,1,0
50,-3.219551992,0,SEYETMLTEIMSMGYERERVVAALGRASYNNPHRAVEYLLTGIPG,"SEYETMLTEIMSMGYERERVVAALGRASYNNPHRAVEYLLTGIPG
SEYETMLTEIMSMGYERERVVAAL-RASYNNPHRAVEYLLTGIPG",222,'G' inserted at '25',None,1,0
51,-2.30942334,0,SEYETMLTEIMSMGYERERVVAALRAASYNNPHRAVEYLLTGIPG,"SEYETMLTEIMSMGYERERVVAALRAASYNNPHRAVEYLLTGIPG
SEYETMLTEIMSMGYERERVVAALRA-SYNNPHRAVEYLLTGIPG",222,'A' inserted at '27',None,1,0
52,-2.426145364,0,SEYETMLTEIMSMGYERERVVAALRAGSYNNPHRAVEYLLTGIPG,"SEYETMLTEIMSMGYERERVVAALRAGSYNNPHRAVEYLLTGIPG
SEYETMLTEIMSMGYERERVVAALRA-SYNNPHRAVEYLLTGIPG",222,'G' inserted at '27',None,1,0
53,-2.612745868,0,SEYETMLTEIMSMGYERERVVAALRASAYNNPHRAVEYLLTGIPG,"SEYETMLTEIMSMGYERERVVAALRASAYNNPHRAVEYLLTGIPG
SEYETMLTEIMSMGYERERVVAALRAS-YNNPHRAVEYLLTGIPG",222,'A' inserted at '28',None,1,0
54,-1.25843986,0,SEYETMLTEIMSMGYERERVVAALRASGYNNPHRAVEYLLTGIPG,"SEYETMLTEIMSMGYERERVVAALRASGYNNPHRAVEYLLTGIPG
SEYETMLTEIMSMGYERERVVAALRAS-YNNPHRAVEYLLTGIPG",222,'G' inserted at '28',None,1,0
56,-2.363710274,0,SEYETMLTEIMSMGYERERVVAALRASYANNPHRAVEYLLTGIPG,"SEYETMLTEIMSMGYERERVVAALRASYANNPHRAVEYLLTGIPG
SEYETMLTEIMSMGYERERVVAALRASY-NNPHRAVEYLLTGIPG",222,'A' inserted at '29',None,1,0
57,-2.222100635,0,SEYETMLTEIMSMGYERERVVAALRASYGNNPHRAVEYLLTGIPG,"SEYETMLTEIMSMGYERERVVAALRASYGNNPHRAVEYLLTGIPG
SEYETMLTEIMSMGYERERVVAALRASY-NNPHRAVEYLLTGIPG",222,'G' inserted at '29',None,1,0
58,-2.594745105,0,SEYETMLTEIMSMGYERERVVAALRASYNANPHRAVEYLLTGIPG,"SEYETMLTEIMSMGYERERVVAALRASYNANPHRAVEYLLTGIPG
SEYETMLTEIMSMGYERERVVAALRASYN-NPHRAVEYLLTGIPG",222,'A' inserted at '30',None,1,0
59,-2.027987255,0,SEYETMLTEIMSMGYERERVVAALRASYNGNPHRAVEYLLTGIPG,"SEYETMLTEIMSMGYERERVVAALRASYNGNPHRAVEYLLTGIPG
SEYETMLTEIMSMGYERERVVAALRASYN-NPHRAVEYLLTGIPG",222,'G' inserted at '30',None,1,0
60,-2.709353037,0,SEYETMLTEIMSMGYERERVVAALRASYNNAPHRAVEYLLTGIPG,"SEYETMLTEIMSMGYERERVVAALRASYNNAPHRAVEYLLTGIPG
SEYETMLTEIMSMGYERERVVAALRASYNN-PHRAVEYLLTGIPG",222,'A' inserted at '31',None,1,0
61,-2.444449795,0,SEYETMLTEIMSMGYERERVVAALRASYNNGPHRAVEYLLTGIPG,"SEYETMLTEIMSMGYERERVVAALRASYNNGPHRAVEYLLTGIPG
SEYETMLTEIMSMGYERERVVAALRASYNN-PHRAVEYLLTGIPG",222,'G' inserted at '31',None,1,0
63,-2.519991339,0,SEYETMLTEIMSMGYERERVVAALRASYNNPAHRAVEYLLTGIPG,"SEYETMLTEIMSMGYERERVVAALRASYNNPAHRAVEYLLTGIPG
SEYETMLTEIMSMGYERERVVAALRASYNNP-HRAVEYLLTGIPG",222,'A' inserted at '32',None,1,0
64,-2.508219707,0,SEYETMLTEIMSMGYERERVVAALRASYNNPGHRAVEYLLTGIPG,"SEYETMLTEIMSMGYERERVVAALRASYNNPGHRAVEYLLTGIPG
SEYETMLTEIMSMGYERERVVAALRASYNNP-HRAVEYLLTGIPG",222,'G' inserted at '32',None,1,0
65,-2.676850577,0,SEYETMLTEIMSMGYERERVVAALRASYNNPHARAVEYLLTGIPG,"SEYETMLTEIMSMGYERERVVAALRASYNNPHARAVEYLLTGIPG
SEYETMLTEIMSMGYERERVVAALRASYNNPH-RAVEYLLTGIPG",222,'A' inserted at '33',None,1,0
67,-2.790196844,0,SEYETMLTEIMSMGYERERVVAALRASYNNPHGRAVEYLLTGIPG,"SEYETMLTEIMSMGYERERVVAALRASYNNPHGRAVEYLLTGIPG
SEYETMLTEIMSMGYERERVVAALRASYNNPH-RAVEYLLTGIPG",222,'G' inserted at '33',None,1,0
68,-2.441084185,0,SEYETMLTEIMSMGYERERVVAALRASYNNPHRAAVEYLLTGIPG,"SEYETMLTEIMSMGYERERVVAALRASYNNPHRAAVEYLLTGIPG
SEYETMLTEIMSMGYERERVVAALRASYNNPHRA-VEYLLTGIPG",222,'A' inserted at '35',None,1,0
70,-3.035472059,0,SEYETMLTEIMSMGYERERVVAALRASYNNPHRAGVEYLLTGIPG,"SEYETMLTEIMSMGYERERVVAALRASYNNPHRAGVEYLLTGIPG
SEYETMLTEIMSMGYERERVVAALRASYNNPHRA-VEYLLTGIPG",222,'G' inserted at '35',None,1,0
71,-2.228260999,0,SEYETMLTEIMSMGYERERVVAALRASYNNPHRAVAEYLLTGIPG,"SEYETMLTEIMSMGYERERVVAALRASYNNPHRAVAEYLLTGIPG
SEYETMLTEIMSMGYERERVVAALRASYNNPHRAV-EYLLTGIPG",222,'A' inserted at '36',None,1,0
72,-2.629963017,0,SEYETMLTEIMSMGYERERVVAALRASYNNPHRAVEAYLLTGIPG,"SEYETMLTEIMSMGYERERVVAALRASYNNPHRAVEAYLLTGIPG
SEYETMLTEIMSMGYERERVVAALRASYNNPHRAVE-YLLTGIPG",222,'A' inserted at '37',None,1,0
73,-2.842477498,0,SEYETMLTEIMSMGYERERVVAALRASYNNPHRAVEGYLLTGIPG,"SEYETMLTEIMSMGYERERVVAALRASYNNPHRAVEGYLLTGIPG
SEYETMLTEIMSMGYERERVVAALRASYNNPHRAVE-YLLTGIPG",222,'G' inserted at '37',None,1,0
75,-2.735690798,0,SEYETMLTEIMSMGYERERVVAALRASYNNPHRAVEYALLTGIPG,"SEYETMLTEIMSMGYERERVVAALRASYNNPHRAVEYALLTGIPG
SEYETMLTEIMSMGYERERVVAALRASYNNPHRAVEY-LLTGIPG",222,'A' inserted at '38',None,1,0
76,-2.81079435,0,SEYETMLTEIMSMGYERERVVAALRASYNNPHRAVEYGLLTGIPG,"SEYETMLTEIMSMGYERERVVAALRASYNNPHRAVEYGLLTGIPG
SEYETMLTEIMSMGYERERVVAALRASYNNPHRAVEY-LLTGIPG",222,'G' inserted at '38',None,1,0
77,-0.544230652,1,SEYETMLTEIMSMGYERERVVAALRASYNNPHRAVEYLALTGIPG,"SEYETMLTEIMSMGYERERVVAALRASYNNPHRAVEYLALTGIPG
SEYETMLTEIMSMGYERERVVAALRASYNNPHRAVEYL-LTGIPG",222,'A' inserted at '39',None,1,0
78,-1.00139714,0,SEYETMLTEIMSMGYERERVVAALRASYNNPHRAVEYLGLTGIPG,"SEYETMLTEIMSMGYERERVVAALRASYNNPHRAVEYLGLTGIPG
SEYETMLTEIMSMGYERERVVAALRASYNNPHRAVEYL-LTGIPG",222,'G' inserted at '39',None,1,0
79,-0.004489998,1,SEYETMLTEIMSMGYERERVVAALRASYNNPHRAVEYLLATGIPG,"SEYETMLTEIMSMGYERERVVAALRASYNNPHRAVEYLLATGIPG
SEYETMLTEIMSMGYERERVVAALRASYNNPHRAVEYLL-TGIPG",222,'A' inserted at '40',None,1,0
81,-0.416053337,1,SEYETMLTEIMSMGYERERVVAALRASYNNPHRAVEYLLGTGIPG,"SEYETMLTEIMSMGYERERVVAALRASYNNPHRAVEYLLGTGIPG
SEYETMLTEIMSMGYERERVVAALRASYNNPHRAVEYLL-TGIPG",222,'G' inserted at '40',None,1,0
82,-0.558189135,1,SEYETMLTEIMSMGYERERVVAALRASYNNPHRAVEYLLTAGIPG,"SEYETMLTEIMSMGYERERVVAALRASYNNPHRAVEYLLTAGIPG
SEYETMLTEIMSMGYERERVVAALRASYNNPHRAVEYLLT-GIPG",222,'A' inserted at '41',None,1,0
83,-0.089786139,1,SEYETMLTEIMSMGYERERVVAALRASYNNPHRAVEYLLTGAIPG,"SEYETMLTEIMSMGYERERVVAALRASYNNPHRAVEYLLTGAIPG
SEYETMLTEIMSMGYERERVVAALRASYNNPHRAVEYLLTG-IPG",222,'A' inserted at '42',None,1,0
84,-0.222719317,1,SEYETMLTEIMSMGYERERVVAALRASYNNPHRAVEYLLTGGIPG,"SEYETMLTEIMSMGYERERVVAALRASYNNPHRAVEYLLTGGIPG
SEYETMLTEIMSMGYERERVVAALRASYNNPHRAVEYLLTG-IPG",222,'G' inserted at '42',None,1,0
85,-0.149274001,1,SEYETMLTEIMSMGYERERVVAALRASYNNPHRAVEYLLTGIAPG,"SEYETMLTEIMSMGYERERVVAALRASYNNPHRAVEYLLTGIAPG
SEYETMLTEIMSMGYERERVVAALRASYNNPHRAVEYLLTGI-PG",222,'A' inserted at '43',None,1,0
87,-0.306313079,1,SEYETMLTEIMSMGYERERVVAALRASYNNPHRAVEYLLTGIGPG,"SEYETMLTEIMSMGYERERVVAALRASYNNPHRAVEYLLTGIGPG
SEYETMLTEIMSMGYERERVVAALRASYNNPHRAVEYLLTGI-PG",222,'G' inserted at '43',None,1,0
89,-0.153503067,1,SEYETMLTEIMSMGYERERVVAALRASYNNPHRAVEYLLTGIPAG,"SEYETMLTEIMSMGYERERVVAALRASYNNPHRAVEYLLTGIPAG
SEYETMLTEIMSMGYERERVVAALRASYNNPHRAVEYLLTGIP-G",222,'A' inserted at '44',None,1,0
94,-2.741420279,0,SEYETMLTEIMSMGYERERVVAALRASYNNPHRAVGEYLLTGIPG,"SEYETMLTEIMSMGYERERVVAALRASYNNPHRAVGEYLLTGIPG
SEYETMLTEIMSMGYERERVVAALRASYNNPHRAV-EYLLTGIPG",222,'G' inserted at '36',None,1,0
96,-2.577378756,0,SEYETMLTEIMSMGYERERVVAALRASYNNPHRGAVEYLLTGIPG,"SEYETMLTEIMSMGYERERVVAALRASYNNPHRGAVEYLLTGIPG
SEYETMLTEIMSMGYERERVVAALRASYNNPHR-AVEYLLTGIPG",222,'G' inserted at '34',None,1,0
101,-3.009794824,0,SEYETMLTEIMSMGYERERVVAALRGASYNNPHRAVEYLLTGIPG,"SEYETMLTEIMSMGYERERVVAALRGASYNNPHRAVEYLLTGIPG
SEYETMLTEIMSMGYERERVVAALR-ASYNNPHRAVEYLLTGIPG",222,'G' inserted at '26',None,1,0
103,-3.627756691,0,SEYETMLTEIMSMGYERERVVAGALRASYNNPHRAVEYLLTGIPG,"SEYETMLTEIMSMGYERERVVAGALRASYNNPHRAVEYLLTGIPG
SEYETMLTEIMSMGYERERVVA-ALRASYNNPHRAVEYLLTGIPG",222,'G' inserted at '23',None,1,0
105,-3.545432025,0,SEYETMLTEIMSMGYERERVVGAALRASYNNPHRAVEYLLTGIPG,"SEYETMLTEIMSMGYERERVVGAALRASYNNPHRAVEYLLTGIPG
SEYETMLTEIMSMGYERERVV-AALRASYNNPHRAVEYLLTGIPG",222,'G' inserted at '22',None,1,0
107,-3.512680401,0,SEYETMLTEIMSMGYERGERVVAALRASYNNPHRAVEYLLTGIPG,"SEYETMLTEIMSMGYERGERVVAALRASYNNPHRAVEYLLTGIPG
SEYETMLTEIMSMGYER-ERVVAALRASYNNPHRAVEYLLTGIPG",222,'G' inserted at '18',None,1,0
109,-2.198952009,0,SEYETMLTEIMSMGYGERERVVAALRASYNNPHRAVEYLLTGIPG,"SEYETMLTEIMSMGYGERERVVAALRASYNNPHRAVEYLLTGIPG
SEYETMLTEIMSMGY-ERERVVAALRASYNNPHRAVEYLLTGIPG",222,'G' inserted at '16',None,1,0
114,-2.587007216,0,SEYETMLTGEIMSMGYERERVVAALRASYNNPHRAVEYLLTGIPG,"SEYETMLTGEIMSMGYERERVVAALRASYNNPHRAVEYLLTGIPG
SEYETMLT-EIMSMGYERERVVAALRASYNNPHRAVEYLLTGIPG",222,'G' inserted at '9',None,1,0
117,-1.760208365,0,SEYGETMLTEIMSMGYERERVVAALRASYNNPHRAVEYLLTGIPG,"SEYGETMLTEIMSMGYERERVVAALRASYNNPHRAVEYLLTGIPG
SEY-ETMLTEIMSMGYERERVVAALRASYNNPHRAVEYLLTGIPG",222,'G' inserted at '4',None,1,0
119,-0.373438892,1,SGEYETMLTEIMSMGYERERVVAALRASYNNPHRAVEYLLTGIPG,"SGEYETMLTEIMSMGYERERVVAALRASYNNPHRAVEYLLTGIPG
S-EYETMLTEIMSMGYERERVVAALRASYNNPHRAVEYLLTGIPG",222,'G' inserted at '2',None,1,0
1,-0.130912985,1,ASEYETMLTEIMSMGYERERVVAALRASYNNPHRAVEYLLTGIPG,"SEYETMLTEIMSMGYERERVVAALRASYNNPHRAVEYLLTGIPG
SEYETMLTEIMSMGYERERVVAALRASYNNPHRAVEYLLTGIPG",222,None,None,0,0
2,-0.176866345,1,EYETMLTEIMSMGYERERVVAALRASYNNPHRAVEYLLTGIPG,"EYETMLTEIMSMGYERERVVAALRASYNNPHRAVEYLLTGIPG
EYETMLTEIMSMGYERERVVAALRASYNNPHRAVEYLLTGIPG",218,None,None,0,0
3,-0.196949305,1,GSEYETMLTEIMSMGYERERVVAALRASYNNPHRAVEYLLTGIPG,"SEYETMLTEIMSMGYERERVVAALRASYNNPHRAVEYLLTGIPG
SEYETMLTEIMSMGYERERVVAALRASYNNPHRAVEYLLTGIPG",222,None,None,0,0
6,-1.718642243,0,SEETMLTEIMSMGYERERVVAALRASYNNPHRAVEYLLTGIPG,"SE-ETMLTEIMSMGYERERVVAALRASYNNPHRAVEYLLTGIPG
SEYETMLTEIMSMGYERERVVAALRASYNNPHRAVEYLLTGIPG",215,None,'Y' deleted in '3',0,1
11,-1.664254426,0,SEYEMLTEIMSMGYERERVVAALRASYNNPHRAVEYLLTGIPG,"SEYE-MLTEIMSMGYERERVVAALRASYNNPHRAVEYLLTGIPG
SEYETMLTEIMSMGYERERVVAALRASYNNPHRAVEYLLTGIPG",217,None,'T' deleted in '5',0,1
14,-2.382165082,0,SEYETLTEIMSMGYERERVVAALRASYNNPHRAVEYLLTGIPG,"SEYET-LTEIMSMGYERERVVAALRASYNNPHRAVEYLLTGIPG
SEYETMLTEIMSMGYERERVVAALRASYNNPHRAVEYLLTGIPG",217,None,'M' deleted in '6',0,1
18,-1.987370569,0,SEYETMLEIMSMGYERERVVAALRASYNNPHRAVEYLLTGIPG,"SEYETML-EIMSMGYERERVVAALRASYNNPHRAVEYLLTGIPG
SEYETMLTEIMSMGYERERVVAALRASYNNPHRAVEYLLTGIPG",217,None,'T' deleted in '8',0,1
27,-2.469739892,0,SEYETMLTEIMMGYERERVVAALRASYNNPHRAVEYLLTGIPG,"SEYETMLTEIM-MGYERERVVAALRASYNNPHRAVEYLLTGIPG
SEYETMLTEIMSMGYERERVVAALRASYNNPHRAVEYLLTGIPG",218,None,'S' deleted in '12',0,1
30,-2.405418618,0,SEYETMLTEIMSGYERERVVAALRASYNNPHRAVEYLLTGIPG,"SEYETMLTEIMS-GYERERVVAALRASYNNPHRAVEYLLTGIPG
SEYETMLTEIMSMGYERERVVAALRASYNNPHRAVEYLLTGIPG",217,None,'M' deleted in '13',0,1
33,-3.347715868,0,SEYETMLTEIMSMGERERVVAALRASYNNPHRAVEYLLTGIPG,"SEYETMLTEIMSMG-ERERVVAALRASYNNPHRAVEYLLTGIPG
SEYETMLTEIMSMGYERERVVAALRASYNNPHRAVEYLLTGIPG",215,None,'Y' deleted in '15',0,1
37,-2.683479429,0,SEYETMLTEIMSMGYEERVVAALRASYNNPHRAVEYLLTGIPG,"SEYETMLTEIMSMGYE-ERVVAALRASYNNPHRAVEYLLTGIPG
SEYETMLTEIMSMGYERERVVAALRASYNNPHRAVEYLLTGIPG",217,None,'R' deleted in '17',0,1
44,-3.499702199,0,SEYETMLTEIMSMGYERERVAALRASYNNPHRAVEYLLTGIPG,"SEYETMLTEIMSMGYERERV-AALRASYNNPHRAVEYLLTGIPG
SEYETMLTEIMSMGYERERVVAALRASYNNPHRAVEYLLTGIPG",218,None,'V' deleted in '21',0,1
49,-1.730407139,0,SEYETMLTEIMSMGYERERVVAALASYNNPHRAVEYLLTGIPG,"SEYETMLTEIMSMGYERERVVAAL-ASYNNPHRAVEYLLTGIPG
SEYETMLTEIMSMGYERERVVAALRASYNNPHRAVEYLLTGIPG",217,None,'R' deleted in '25',0,1
55,-2.074271688,0,SEYETMLTEIMSMGYERERVVAALRASNNPHRAVEYLLTGIPG,"SEYETMLTEIMSMGYERERVVAALRAS-NNPHRAVEYLLTGIPG
SEYETMLTEIMSMGYERERVVAALRASYNNPHRAVEYLLTGIPG",215,None,'Y' deleted in '28',0,1
62,-2.274064002,0,SEYETMLTEIMSMGYERERVVAALRASYNNHRAVEYLLTGIPG,"SEYETMLTEIMSMGYERERVVAALRASYNN-HRAVEYLLTGIPG
SEYETMLTEIMSMGYERERVVAALRASYNNPHRAVEYLLTGIPG",215,None,'P' deleted in '31',0,1
66,-1.969330133,0,SEYETMLTEIMSMGYERERVVAALRASYNNPHAVEYLLTGIPG,"SEYETMLTEIMSMGYERERVVAALRASYNNPH-AVEYLLTGIPG
SEYETMLTEIMSMGYERERVVAALRASYNNPHRAVEYLLTGIPG",217,None,'R' deleted in '33',0,1
69,-2.494898962,0,SEYETMLTEIMSMGYERERVVAALRASYNNPHRAEYLLTGIPG,"SEYETMLTEIMSMGYERERVVAALRASYNNPHRA-EYLLTGIPG
SEYETMLTEIMSMGYERERVVAALRASYNNPHRAVEYLLTGIPG",218,None,'V' deleted in '35',0,1
74,-0.316765412,1,SEYETMLTEIMSMGYERERVVAALRASYNNPHRAVELLTGIPG,"SEYETMLTEIMSMGYERERVVAALRASYNNPHRAVE-LLTGIPG
SEYETMLTEIMSMGYERERVVAALRASYNNPHRAVEYLLTGIPG",215,None,'Y' deleted in '37',0,1
80,-0.348161451,1,SEYETMLTEIMSMGYERERVVAALRASYNNPHRAVEYLLGIPG,"SEYETMLTEIMSMGYERERVVAALRASYNNPHRAVEYLL-GIPG
SEYETMLTEIMSMGYERERVVAALRASYNNPHRAVEYLLTGIPG",217,None,'T' deleted in '40',0,1
86,-0.452536365,1,SEYETMLTEIMSMGYERERVVAALRASYNNPHRAVEYLLTGIG,"SEYETMLTEIMSMGYERERVVAALRASYNNPHRAVEYLLTGI-G
SEYETMLTEIMSMGYERERVVAALRASYNNPHRAVEYLLTGIPG",215,None,'P' deleted in '43',0,1
88,-0.075477739,1,SEYETMLTEIMSMGYERERVVAALRASYNNPHRAVEYLLTGIP,"SEYETMLTEIMSMGYERERVVAALRASYNNPHRAVEYLLTGIP
SEYETMLTEIMSMGYERERVVAALRASYNNPHRAVEYLLTGIP",216,None,None,0,0
90,-0.168308909,1,SEYETMLTEIMSMGYERERVVAALRASYNNPHRAVEYLLTGIPGG,"SEYETMLTEIMSMGYERERVVAALRASYNNPHRAVEYLLTGIPG
SEYETMLTEIMSMGYERERVVAALRASYNNPHRAVEYLLTGIPG",222,None,None,0,0
91,-0.563780851,1,SEYETMLTEIMSMGYERERVVAALRASYNNPHRAVEYLLTGPG,"SEYETMLTEIMSMGYERERVVAALRASYNNPHRAVEYLLTG-PG
SEYETMLTEIMSMGYERERVVAALRASYNNPHRAVEYLLTGIPG",218,None,'I' deleted in '42',0,1
92,-0.873037387,0,SEYETMLTEIMSMGYERERVVAALRASYNNPHRAVEYLLTIPG,"SEYETMLTEIMSMGYERERVVAALRASYNNPHRAVEYLLT-IPG
SEYETMLTEIMSMGYERERVVAALRASYNNPHRAVEYLLTGIPG",216,None,'G' deleted in '41',0,1
93,-0.81246357,0,SEYETMLTEIMSMGYERERVVAALRASYNNPHRAVEYLTGIPG,"SEYETMLTEIMSMGYERERVVAALRASYNNPHRAVEYL-TGIPG
SEYETMLTEIMSMGYERERVVAALRASYNNPHRAVEYLLTGIPG",218,None,'L' deleted in '39',0,1
95,-1.174790024,0,SEYETMLTEIMSMGYERERVVAALRASYNNPHRAVYLLTGIPG,"SEYETMLTEIMSMGYERERVVAALRASYNNPHRAV-YLLTGIPG
SEYETMLTEIMSMGYERERVVAALRASYNNPHRAVEYLLTGIPG",217,None,'E' deleted in '36',0,1
97,-2.783606186,0,SEYETMLTEIMSMGYERERVVAALRASYNNPHRVEYLLTGIPG,"SEYETMLTEIMSMGYERERVVAALRASYNNPHR-VEYLLTGIPG
SEYETMLTEIMSMGYERERVVAALRASYNNPHRAVEYLLTGIPG",218,None,'A' deleted in '34',0,1
98,-2.524843143,0,SEYETMLTEIMSMGYERERVVAALRASYNNPRAVEYLLTGIPG,"SEYETMLTEIMSMGYERERVVAALRASYNNP-RAVEYLLTGIPG
SEYETMLTEIMSMGYERERVVAALRASYNNPHRAVEYLLTGIPG",214,None,'H' deleted in '32',0,1
99,-2.330089091,0,SEYETMLTEIMSMGYERERVVAALRASYNPHRAVEYLLTGIPG,"SEYETMLTEIMSMGYERERVVAALRASYN-PHRAVEYLLTGIPG
SEYETMLTEIMSMGYERERVVAALRASYNNPHRAVEYLLTGIPG",216,None,'N' deleted in '30',0,1
100,-1.431993089,0,SEYETMLTEIMSMGYERERVVAALRAYNNPHRAVEYLLTGIPG,"SEYETMLTEIMSMGYERERVVAALRA-YNNPHRAVEYLLTGIPG
SEYETMLTEIMSMGYERERVVAALRASYNNPHRAVEYLLTGIPG",218,None,'S' deleted in '27',0,1
102,-1.772399846,0,SEYETMLTEIMSMGYERERVVAALRSYNNPHRAVEYLLTGIPG,"SEYETMLTEIMSMGYERERVVAALR-SYNNPHRAVEYLLTGIPG
SEYETMLTEIMSMGYERERVVAALRASYNNPHRAVEYLLTGIPG",218,None,'A' deleted in '26',0,1
104,-3.786609428,0,SEYETMLTEIMSMGYERERVVALRASYNNPHRAVEYLLTGIPG,"SEYETMLTEIMSMGYERERVVA-LRASYNNPHRAVEYLLTGIPG
SEYETMLTEIMSMGYERERVVAALRASYNNPHRAVEYLLTGIPG",218,None,'A' deleted in '23',0,1
106,-2.864589055,0,SEYETMLTEIMSMGYEREVVAALRASYNNPHRAVEYLLTGIPG,"SEYETMLTEIMSMGYERE-VVAALRASYNNPHRAVEYLLTGIPG
SEYETMLTEIMSMGYERERVVAALRASYNNPHRAVEYLLTGIPG",217,None,'R' deleted in '19',0,1
108,-2.988411612,0,SEYETMLTEIMSMGYERRVVAALRASYNNPHRAVEYLLTGIPG,"SEYETMLTEIMSMGYER-RVVAALRASYNNPHRAVEYLLTGIPG
SEYETMLTEIMSMGYERERVVAALRASYNNPHRAVEYLLTGIPG",217,None,'E' deleted in '18',0,1
110,-2.661179735,0,SEYETMLTEIMSMGYRERVVAALRASYNNPHRAVEYLLTGIPG,"SEYETMLTEIMSMGY-RERVVAALRASYNNPHRAVEYLLTGIPG
SEYETMLTEIMSMGYERERVVAALRASYNNPHRAVEYLLTGIPG",217,None,'E' deleted in '16',0,1
111,-2.346491758,0,SEYETMLTEIMSMYERERVVAALRASYNNPHRAVEYLLTGIPG,"SEYETMLTEIMSM-YERERVVAALRASYNNPHRAVEYLLTGIPG
SEYETMLTEIMSMGYERERVVAALRASYNNPHRAVEYLLTGIPG",216,None,'G' deleted in '14',0,1
112,-2.948422558,0,SEYETMLTEISMGYERERVVAALRASYNNPHRAVEYLLTGIPG,"SEYETMLTEI-SMGYERERVVAALRASYNNPHRAVEYLLTGIPG
SEYETMLTEIMSMGYERERVVAALRASYNNPHRAVEYLLTGIPG",217,None,'M' deleted in '11',0,1
113,-2.907729687,0,SEYETMLTEMSMGYERERVVAALRASYNNPHRAVEYLLTGIPG,"SEYETMLTE-MSMGYERERVVAALRASYNNPHRAVEYLLTGIPG
SEYETMLTEIMSMGYERERVVAALRASYNNPHRAVEYLLTGIPG",218,None,'I' deleted in '10',0,1
115,-1.816339695,0,SEYETMLTIMSMGYERERVVAALRASYNNPHRAVEYLLTGIPG,"SEYETMLT-IMSMGYERERVVAALRASYNNPHRAVEYLLTGIPG
SEYETMLTEIMSMGYERERVVAALRASYNNPHRAVEYLLTGIPG",217,None,'E' deleted in '9',0,1
116,-2.539380715,0,SEYETMTEIMSMGYERERVVAALRASYNNPHRAVEYLLTGIPG,"SEYETM-TEIMSMGYERERVVAALRASYNNPHRAVEYLLTGIPG
SEYETMLTEIMSMGYERERVVAALRASYNNPHRAVEYLLTGIPG",218,None,'L' deleted in '7',0,1
118,-1.796342408,0,SEYTMLTEIMSMGYERERVVAALRASYNNPHRAVEYLLTGIPG,"SEY-TMLTEIMSMGYERERVVAALRASYNNPHRAVEYLLTGIPG
SEYETMLTEIMSMGYERERVVAALRASYNNPHRAVEYLLTGIPG",217,None,'E' deleted in '4',0,1
120,-0.2391493,1,SYETMLTEIMSMGYERERVVAALRASYNNPHRAVEYLLTGIPG,"S-YETMLTEIMSMGYERERVVAALRASYNNPHRAVEYLLTGIPG
SEYETMLTEIMSMGYERERVVAALRASYNNPHRAVEYLLTGIPG",217,None,'E' deleted in '2',0,1
