ID,DMS_Score,DMS_Score_Bin,mutated_sequence,Alignment,Align_score,Insertions,Deletions,NumberOfInsertionSites,NumberOfDeletionSites
3,0.234172631,1,GAEDLPLPPGWSVDWTMRGRKYYIDHNTNTTHWSHPLESGPSSG,"GAEDLPLPPGWSVDWTMRGRKYYIDHNTNTTHWSHPLESGPSSG
G-EDLPLPPGWSVDWTMRGRKYYIDHNTNTTHWSHPLESGPSSG",254,'A' inserted at '2',None,1,0
5,-0.177293068,1,GEADLPLPPGWSVDWTMRGRKYYIDHNTNTTHWSHPLESGPSSG,"GEADLPLPPGWSVDWTMRGRKYYIDHNTNTTHWSHPLESGPSSG
GE-DLPLPPGWSVDWTMRGRKYYIDHNTNTTHWSHPLESGPSSG",254,'A' inserted at '3',None,1,0
6,-0.338145867,1,GEDALPLPPGWSVDWTMRGRKYYIDHNTNTTHWSHPLESGPSSG,"GEDALPLPPGWSVDWTMRGRKYYIDHNTNTTHWSHPLESGPSSG
GED-LPLPPGWSVDWTMRGRKYYIDHNTNTTHWSHPLESGPSSG",254,'A' inserted at '4',None,1,0
7,-0.365607215,1,GEDGLPLPPGWSVDWTMRGRKYYIDHNTNTTHWSHPLESGPSSG,"GEDGLPLPPGWSVDWTMRGRKYYIDHNTNTTHWSHPLESGPSSG
GED-LPLPPGWSVDWTMRGRKYYIDHNTNTTHWSHPLESGPSSG",254,'G' inserted at '4',None,1,0
8,0.093847063,1,GEDLAPLPPGWSVDWTMRGRKYYIDHNTNTTHWSHPLESGPSSG,"GEDLAPLPPGWSVDWTMRGRKYYIDHNTNTTHWSHPLESGPSSG
GEDL-PLPPGWSVDWTMRGRKYYIDHNTNTTHWSHPLESGPSSG",254,'A' inserted at '5',None,1,0
10,-0.688303351,0,GEDLPALPPGWSVDWTMRGRKYYIDHNTNTTHWSHPLESGPSSG,"GEDLPALPPGWSVDWTMRGRKYYIDHNTNTTHWSHPLESGPSSG
GEDLP-LPPGWSVDWTMRGRKYYIDHNTNTTHWSHPLESGPSSG",254,'A' inserted at '6',None,1,0
11,-0.811511165,0,GEDLPGLPPGWSVDWTMRGRKYYIDHNTNTTHWSHPLESGPSSG,"GEDLPGLPPGWSVDWTMRGRKYYIDHNTNTTHWSHPLESGPSSG
GEDLP-LPPGWSVDWTMRGRKYYIDHNTNTTHWSHPLESGPSSG",254,'G' inserted at '6',None,1,0
12,1.010602333,1,GEDLPLPPGAWSVDWTMRGRKYYIDHNTNTTHWSHPLESGPSSG,"GEDLPLPPGAWSVDWTMRGRKYYIDHNTNTTHWSHPLESGPSSG
GEDLPLPPG-WSVDWTMRGRKYYIDHNTNTTHWSHPLESGPSSG",254,'A' inserted at '10',None,1,0
13,-2.271819143,0,GEDLPLPPGGWSVDWTMRGRKYYIDHNTNTTHWSHPLESGPSSG,"GEDLPLPPGGWSVDWTMRGRKYYIDHNTNTTHWSHPLESGPSSG
GEDLPLPPG-WSVDWTMRGRKYYIDHNTNTTHWSHPLESGPSSG",254,'G' inserted at '10',None,1,0
14,-1.669279068,0,GEDLPLPPGWSAVDWTMRGRKYYIDHNTNTTHWSHPLESGPSSG,"GEDLPLPPGWSAVDWTMRGRKYYIDHNTNTTHWSHPLESGPSSG
GEDLPLPPGWS-VDWTMRGRKYYIDHNTNTTHWSHPLESGPSSG",254,'A' inserted at '12',None,1,0
16,-2.079334511,0,GEDLPLPPGWSGVDWTMRGRKYYIDHNTNTTHWSHPLESGPSSG,"GEDLPLPPGWSGVDWTMRGRKYYIDHNTNTTHWSHPLESGPSSG
GEDLPLPPGWS-VDWTMRGRKYYIDHNTNTTHWSHPLESGPSSG",254,'G' inserted at '12',None,1,0
17,-1.644254775,0,GEDLPLPPGWSVADWTMRGRKYYIDHNTNTTHWSHPLESGPSSG,"GEDLPLPPGWSVADWTMRGRKYYIDHNTNTTHWSHPLESGPSSG
GEDLPLPPGWSV-DWTMRGRKYYIDHNTNTTHWSHPLESGPSSG",254,'A' inserted at '13',None,1,0
19,-1.570671569,0,GEDLPLPPGWSVDWATMRGRKYYIDHNTNTTHWSHPLESGPSSG,"GEDLPLPPGWSVDWATMRGRKYYIDHNTNTTHWSHPLESGPSSG
GEDLPLPPGWSVDW-TMRGRKYYIDHNTNTTHWSHPLESGPSSG",254,'A' inserted at '15',None,1,0
20,-1.585798681,0,GEDLPLPPGWSVDWGTMRGRKYYIDHNTNTTHWSHPLESGPSSG,"GEDLPLPPGWSVDWGTMRGRKYYIDHNTNTTHWSHPLESGPSSG
GEDLPLPPGWSVDW-TMRGRKYYIDHNTNTTHWSHPLESGPSSG",254,'G' inserted at '15',None,1,0
21,-0.958932165,0,GEDLPLPPGWSVDWTAMRGRKYYIDHNTNTTHWSHPLESGPSSG,"GEDLPLPPGWSVDWTAMRGRKYYIDHNTNTTHWSHPLESGPSSG
GEDLPLPPGWSVDWT-MRGRKYYIDHNTNTTHWSHPLESGPSSG",254,'A' inserted at '16',None,1,0
22,-0.634770762,0,GEDLPLPPGWSVDWTGMRGRKYYIDHNTNTTHWSHPLESGPSSG,"GEDLPLPPGWSVDWTGMRGRKYYIDHNTNTTHWSHPLESGPSSG
GEDLPLPPGWSVDWT-MRGRKYYIDHNTNTTHWSHPLESGPSSG",254,'G' inserted at '16',None,1,0
23,-0.655879156,0,GEDLPLPPGWSVDWTMARGRKYYIDHNTNTTHWSHPLESGPSSG,"GEDLPLPPGWSVDWTMARGRKYYIDHNTNTTHWSHPLESGPSSG
GEDLPLPPGWSVDWTM-RGRKYYIDHNTNTTHWSHPLESGPSSG",254,'A' inserted at '17',None,1,0
24,-0.443988827,1,GEDLPLPPGWSVDWTMGRGRKYYIDHNTNTTHWSHPLESGPSSG,"GEDLPLPPGWSVDWTMGRGRKYYIDHNTNTTHWSHPLESGPSSG
GEDLPLPPGWSVDWTM-RGRKYYIDHNTNTTHWSHPLESGPSSG",254,'G' inserted at '17',None,1,0
26,-1.177969379,0,GEDLPLPPGWSVDWTMRAGRKYYIDHNTNTTHWSHPLESGPSSG,"GEDLPLPPGWSVDWTMRAGRKYYIDHNTNTTHWSHPLESGPSSG
GEDLPLPPGWSVDWTMR-GRKYYIDHNTNTTHWSHPLESGPSSG",254,'A' inserted at '18',None,1,0
27,-1.351163178,0,GEDLPLPPGWSVDWTMRGARKYYIDHNTNTTHWSHPLESGPSSG,"GEDLPLPPGWSVDWTMRGARKYYIDHNTNTTHWSHPLESGPSSG
GEDLPLPPGWSVDWTMRG-RKYYIDHNTNTTHWSHPLESGPSSG",254,'A' inserted at '19',None,1,0
28,-0.933360208,0,GEDLPLPPGWSVDWTMRGGRKYYIDHNTNTTHWSHPLESGPSSG,"GEDLPLPPGWSVDWTMRGGRKYYIDHNTNTTHWSHPLESGPSSG
GEDLPLPPGWSVDWTMRG-RKYYIDHNTNTTHWSHPLESGPSSG",254,'G' inserted at '19',None,1,0
30,-1.66760168,0,GEDLPLPPGWSVDWTMRGRAKYYIDHNTNTTHWSHPLESGPSSG,"GEDLPLPPGWSVDWTMRGRAKYYIDHNTNTTHWSHPLESGPSSG
GEDLPLPPGWSVDWTMRGR-KYYIDHNTNTTHWSHPLESGPSSG",254,'A' inserted at '20',None,1,0
31,-2.222664704,0,GEDLPLPPGWSVDWTMRGRGKYYIDHNTNTTHWSHPLESGPSSG,"GEDLPLPPGWSVDWTMRGRGKYYIDHNTNTTHWSHPLESGPSSG
GEDLPLPPGWSVDWTMRGR-KYYIDHNTNTTHWSHPLESGPSSG",254,'G' inserted at '20',None,1,0
32,-2.25098419,0,GEDLPLPPGWSVDWTMRGRKAYYIDHNTNTTHWSHPLESGPSSG,"GEDLPLPPGWSVDWTMRGRKAYYIDHNTNTTHWSHPLESGPSSG
GEDLPLPPGWSVDWTMRGRK-YYIDHNTNTTHWSHPLESGPSSG",254,'A' inserted at '21',None,1,0
35,-2.306353283,0,GEDLPLPPGWSVDWTMRGRKYYIADHNTNTTHWSHPLESGPSSG,"GEDLPLPPGWSVDWTMRGRKYYIADHNTNTTHWSHPLESGPSSG
GEDLPLPPGWSVDWTMRGRKYYI-DHNTNTTHWSHPLESGPSSG",254,'A' inserted at '24',None,1,0
36,-2.438217241,0,GEDLPLPPGWSVDWTMRGRKYYIDAHNTNTTHWSHPLESGPSSG,"GEDLPLPPGWSVDWTMRGRKYYIDAHNTNTTHWSHPLESGPSSG
GEDLPLPPGWSVDWTMRGRKYYID-HNTNTTHWSHPLESGPSSG",254,'A' inserted at '25',None,1,0
37,-2.175987706,0,GEDLPLPPGWSVDWTMRGRKYYIDHANTNTTHWSHPLESGPSSG,"GEDLPLPPGWSVDWTMRGRKYYIDHANTNTTHWSHPLESGPSSG
GEDLPLPPGWSVDWTMRGRKYYIDH-NTNTTHWSHPLESGPSSG",254,'A' inserted at '26',None,1,0
38,-1.764476892,0,GEDLPLPPGWSVDWTMRGRKYYIDHGNTNTTHWSHPLESGPSSG,"GEDLPLPPGWSVDWTMRGRKYYIDHGNTNTTHWSHPLESGPSSG
GEDLPLPPGWSVDWTMRGRKYYIDH-NTNTTHWSHPLESGPSSG",254,'G' inserted at '26',None,1,0
39,-2.701222528,0,GEDLPLPPGWSVDWTMRGRKYYIDHNATNTTHWSHPLESGPSSG,"GEDLPLPPGWSVDWTMRGRKYYIDHNATNTTHWSHPLESGPSSG
GEDLPLPPGWSVDWTMRGRKYYIDHN-TNTTHWSHPLESGPSSG",254,'A' inserted at '27',None,1,0
40,-1.845443645,0,GEDLPLPPGWSVDWTMRGRKYYIDHNTANTTHWSHPLESGPSSG,"GEDLPLPPGWSVDWTMRGRKYYIDHNTANTTHWSHPLESGPSSG
GEDLPLPPGWSVDWTMRGRKYYIDHNT-NTTHWSHPLESGPSSG",254,'A' inserted at '28',None,1,0
41,-1.194243451,0,GEDLPLPPGWSVDWTMRGRKYYIDHNTGNTTHWSHPLESGPSSG,"GEDLPLPPGWSVDWTMRGRKYYIDHNTGNTTHWSHPLESGPSSG
GEDLPLPPGWSVDWTMRGRKYYIDHNT-NTTHWSHPLESGPSSG",254,'G' inserted at '28',None,1,0
42,-2.702231635,0,GEDLPLPPGWSVDWTMRGRKYYIDHNTNATTHWSHPLESGPSSG,"GEDLPLPPGWSVDWTMRGRKYYIDHNTNATTHWSHPLESGPSSG
GEDLPLPPGWSVDWTMRGRKYYIDHNTN-TTHWSHPLESGPSSG",254,'A' inserted at '29',None,1,0
43,-1.404581835,0,GEDLPLPPGWSVDWTMRGRKYYIDHNTNGTTHWSHPLESGPSSG,"GEDLPLPPGWSVDWTMRGRKYYIDHNTNGTTHWSHPLESGPSSG
GEDLPLPPGWSVDWTMRGRKYYIDHNTN-TTHWSHPLESGPSSG",254,'G' inserted at '29',None,1,0
45,-2.089318794,0,GEDLPLPPGWSVDWTMRGRKYYIDHNTNTTHGWSHPLESGPSSG,"GEDLPLPPGWSVDWTMRGRKYYIDHNTNTTHGWSHPLESGPSSG
GEDLPLPPGWSVDWTMRGRKYYIDHNTNTTH-WSHPLESGPSSG",254,'G' inserted at '32',None,1,0
47,-1.767974331,0,GEDLPLPPGWSVDWTMRGRKYYIDHNTNTTHWASHPLESGPSSG,"GEDLPLPPGWSVDWTMRGRKYYIDHNTNTTHWASHPLESGPSSG
GEDLPLPPGWSVDWTMRGRKYYIDHNTNTTHW-SHPLESGPSSG",254,'A' inserted at '33',None,1,0
49,-2.124328093,0,GEDLPLPPGWSVDWTMRGRKYYIDHNTNTTHWSAHPLESGPSSG,"GEDLPLPPGWSVDWTMRGRKYYIDHNTNTTHWSAHPLESGPSSG
GEDLPLPPGWSVDWTMRGRKYYIDHNTNTTHWS-HPLESGPSSG",254,'A' inserted at '34',None,1,0
50,-1.365716899,0,GEDLPLPPGWSVDWTMRGRKYYIDHNTNTTHWSGHPLESGPSSG,"GEDLPLPPGWSVDWTMRGRKYYIDHNTNTTHWSGHPLESGPSSG
GEDLPLPPGWSVDWTMRGRKYYIDHNTNTTHWS-HPLESGPSSG",254,'G' inserted at '34',None,1,0
51,-2.10404745,0,GEDLPLPPGWSVDWTMRGRKYYIDHNTNTTHWSHAPLESGPSSG,"GEDLPLPPGWSVDWTMRGRKYYIDHNTNTTHWSHAPLESGPSSG
GEDLPLPPGWSVDWTMRGRKYYIDHNTNTTHWSH-PLESGPSSG",254,'A' inserted at '35',None,1,0
52,-1.820569407,0,GEDLPLPPGWSVDWTMRGRKYYIDHNTNTTHWSHGPLESGPSSG,"GEDLPLPPGWSVDWTMRGRKYYIDHNTNTTHWSHGPLESGPSSG
GEDLPLPPGWSVDWTMRGRKYYIDHNTNTTHWSH-PLESGPSSG",254,'G' inserted at '35',None,1,0
54,0.017373177,1,GEDLPLPPGWSVDWTMRGRKYYIDHNTNTTHWSHPALESGPSSG,"GEDLPLPPGWSVDWTMRGRKYYIDHNTNTTHWSHPALESGPSSG
GEDLPLPPGWSVDWTMRGRKYYIDHNTNTTHWSHP-LESGPSSG",254,'A' inserted at '36',None,1,0
56,-0.017630025,1,GEDLPLPPGWSVDWTMRGRKYYIDHNTNTTHWSHPGLESGPSSG,"GEDLPLPPGWSVDWTMRGRKYYIDHNTNTTHWSHPGLESGPSSG
GEDLPLPPGWSVDWTMRGRKYYIDHNTNTTHWSHP-LESGPSSG",254,'G' inserted at '36',None,1,0
57,0.084544871,1,GEDLPLPPGWSVDWTMRGRKYYIDHNTNTTHWSHPLAESGPSSG,"GEDLPLPPGWSVDWTMRGRKYYIDHNTNTTHWSHPLAESGPSSG
GEDLPLPPGWSVDWTMRGRKYYIDHNTNTTHWSHPL-ESGPSSG",254,'A' inserted at '37',None,1,0
58,0.004953693,1,GEDLPLPPGWSVDWTMRGRKYYIDHNTNTTHWSHPLEASGPSSG,"GEDLPLPPGWSVDWTMRGRKYYIDHNTNTTHWSHPLEASGPSSG
GEDLPLPPGWSVDWTMRGRKYYIDHNTNTTHWSHPLE-SGPSSG",254,'A' inserted at '38',None,1,0
59,0.053533283,1,GEDLPLPPGWSVDWTMRGRKYYIDHNTNTTHWSHPLEGSGPSSG,"GEDLPLPPGWSVDWTMRGRKYYIDHNTNTTHWSHPLEGSGPSSG
GEDLPLPPGWSVDWTMRGRKYYIDHNTNTTHWSHPLE-SGPSSG",254,'G' inserted at '38',None,1,0
60,0.107624873,1,GEDLPLPPGWSVDWTMRGRKYYIDHNTNTTHWSHPLESAGPSSG,"GEDLPLPPGWSVDWTMRGRKYYIDHNTNTTHWSHPLESAGPSSG
GEDLPLPPGWSVDWTMRGRKYYIDHNTNTTHWSHPLES-GPSSG",254,'A' inserted at '39',None,1,0
61,-0.005297738,1,GEDLPLPPGWSVDWTMRGRKYYIDHNTNTTHWSHPLESGAPSSG,"GEDLPLPPGWSVDWTMRGRKYYIDHNTNTTHWSHPLESGAPSSG
GEDLPLPPGWSVDWTMRGRKYYIDHNTNTTHWSHPLESG-PSSG",254,'A' inserted at '40',None,1,0
62,0.063191813,1,GEDLPLPPGWSVDWTMRGRKYYIDHNTNTTHWSHPLESGGPSSG,"GEDLPLPPGWSVDWTMRGRKYYIDHNTNTTHWSHPLESGGPSSG
GEDLPLPPGWSVDWTMRGRKYYIDHNTNTTHWSHPLESG-PSSG",254,'G' inserted at '40',None,1,0
63,-0.094448912,1,GEDLPLPPGWSVDWTMRGRKYYIDHNTNTTHWSHPLESGPASSG,"GEDLPLPPGWSVDWTMRGRKYYIDHNTNTTHWSHPLESGPASSG
GEDLPLPPGWSVDWTMRGRKYYIDHNTNTTHWSHPLESGP-SSG",254,'A' inserted at '41',None,1,0
64,0.369800149,1,GEDLPLPPGWSVDWTMRGRKYYIDHNTNTTHWSHPLESGPGSSG,"GEDLPLPPGWSVDWTMRGRKYYIDHNTNTTHWSHPLESGPGSSG
GEDLPLPPGWSVDWTMRGRKYYIDHNTNTTHWSHPLESGP-SSG",254,'G' inserted at '41',None,1,0
65,0.412827832,1,GEDLPLPPGWSVDWTMRGRKYYIDHNTNTTHWSHPLESGPSASG,"GEDLPLPPGWSVDWTMRGRKYYIDHNTNTTHWSHPLESGPSASG
GEDLPLPPGWSVDWTMRGRKYYIDHNTNTTHWSHPLESGPS-SG",254,'A' inserted at '42',None,1,0
67,-0.029529791,1,GEDLPLPPGWSVDWTMRGRKYYIDHNTNTTHWSHPLESGPSGSG,"GEDLPLPPGWSVDWTMRGRKYYIDHNTNTTHWSHPLESGPSGSG
GEDLPLPPGWSVDWTMRGRKYYIDHNTNTTHWSHPLESGPS-SG",254,'G' inserted at '42',None,1,0
69,0.048623443,1,GEDLPLPPGWSVDWTMRGRKYYIDHNTNTTHWSHPLESGPSSAG,"GEDLPLPPGWSVDWTMRGRKYYIDHNTNTTHWSHPLESGPSSAG
GEDLPLPPGWSVDWTMRGRKYYIDHNTNTTHWSHPLESGPSS-G",254,'A' inserted at '43',None,1,0
73,0.963186354,1,GEDLPLPPGWSVDWTMRGRKYYIDHNTNTTHWSHPLGESGPSSG,"GEDLPLPPGWSVDWTMRGRKYYIDHNTNTTHWSHPLGESGPSSG
GEDLPLPPGWSVDWTMRGRKYYIDHNTNTTHWSHPL-ESGPSSG",254,'G' inserted at '37',None,1,0
78,-1.848588139,0,GEDLPLPPGWSVDWTMRGRKYYIGDHNTNTTHWSHPLESGPSSG,"GEDLPLPPGWSVDWTMRGRKYYIGDHNTNTTHWSHPLESGPSSG
GEDLPLPPGWSVDWTMRGRKYYI-DHNTNTTHWSHPLESGPSSG",254,'G' inserted at '24',None,1,0
82,-1.228988471,0,GEDLPLPPGWSVGDWTMRGRKYYIDHNTNTTHWSHPLESGPSSG,"GEDLPLPPGWSVGDWTMRGRKYYIDHNTNTTHWSHPLESGPSSG
GEDLPLPPGWSV-DWTMRGRKYYIDHNTNTTHWSHPLESGPSSG",254,'G' inserted at '13',None,1,0
84,0.149053747,1,GEGDLPLPPGWSVDWTMRGRKYYIDHNTNTTHWSHPLESGPSSG,"GEGDLPLPPGWSVDWTMRGRKYYIDHNTNTTHWSHPLESGPSSG
GE-DLPLPPGWSVDWTMRGRKYYIDHNTNTTHWSHPLESGPSSG",254,'G' inserted at '3',None,1,0
86,0.094410908,1,GGEDLPLPPGWSVDWTMRGRKYYIDHNTNTTHWSHPLESGPSSG,"GGEDLPLPPGWSVDWTMRGRKYYIDHNTNTTHWSHPLESGPSSG
G-EDLPLPPGWSVDWTMRGRKYYIDHNTNTTHWSHPLESGPSSG",254,'G' inserted at '2',None,1,0
1,-0.083832178,1,AGEDLPLPPGWSVDWTMRGRKYYIDHNTNTTHWSHPLESGPSSG,"GEDLPLPPGWSVDWTMRGRKYYIDHNTNTTHWSHPLESGPSSG
GEDLPLPPGWSVDWTMRGRKYYIDHNTNTTHWSHPLESGPSSG",254,None,None,0,0
2,0.103743137,1,EDLPLPPGWSVDWTMRGRKYYIDHNTNTTHWSHPLESGPSSG,"EDLPLPPGWSVDWTMRGRKYYIDHNTNTTHWSHPLESGPSSG
EDLPLPPGWSVDWTMRGRKYYIDHNTNTTHWSHPLESGPSSG",248,None,None,0,0
4,-0.155924686,1,GDLPLPPGWSVDWTMRGRKYYIDHNTNTTHWSHPLESGPSSG,"G-DLPLPPGWSVDWTMRGRKYYIDHNTNTTHWSHPLESGPSSG
GEDLPLPPGWSVDWTMRGRKYYIDHNTNTTHWSHPLESGPSSG",249,None,'E' deleted in '2',0,1
9,-0.523834764,1,GEDLLPPGWSVDWTMRGRKYYIDHNTNTTHWSHPLESGPSSG,"GEDL-LPPGWSVDWTMRGRKYYIDHNTNTTHWSHPLESGPSSG
GEDLPLPPGWSVDWTMRGRKYYIDHNTNTTHWSHPLESGPSSG",247,None,'P' deleted in '5',0,1
15,-2.790369072,0,GEDLPLPPGWSDWTMRGRKYYIDHNTNTTHWSHPLESGPSSG,"GEDLPLPPGWS-DWTMRGRKYYIDHNTNTTHWSHPLESGPSSG
GEDLPLPPGWSVDWTMRGRKYYIDHNTNTTHWSHPLESGPSSG",250,None,'V' deleted in '12',0,1
18,-0.26675804,1,GEDLPLPPGWSVDTMRGRKYYIDHNTNTTHWSHPLESGPSSG,"GEDLPLPPGWSVD-TMRGRKYYIDHNTNTTHWSHPLESGPSSG
GEDLPLPPGWSVDWTMRGRKYYIDHNTNTTHWSHPLESGPSSG",243,None,'W' deleted in '14',0,1
25,0.402401394,1,GEDLPLPPGWSVDWTMGRKYYIDHNTNTTHWSHPLESGPSSG,"GEDLPLPPGWSVDWTM-GRKYYIDHNTNTTHWSHPLESGPSSG
GEDLPLPPGWSVDWTMRGRKYYIDHNTNTTHWSHPLESGPSSG",249,None,'R' deleted in '17',0,1
29,-1.553835858,0,GEDLPLPPGWSVDWTMRGKYYIDHNTNTTHWSHPLESGPSSG,"GEDLPLPPGWSVDWTMRG-KYYIDHNTNTTHWSHPLESGPSSG
GEDLPLPPGWSVDWTMRGRKYYIDHNTNTTHWSHPLESGPSSG",249,None,'R' deleted in '19',0,1
33,-1.744497037,0,GEDLPLPPGWSVDWTMRGRKYIDHNTNTTHWSHPLESGPSSG,"GEDLPLPPGWSVDWTMRGRKY-IDHNTNTTHWSHPLESGPSSG
GEDLPLPPGWSVDWTMRGRKYYIDHNTNTTHWSHPLESGPSSG",247,None,'Y' deleted in '22',0,1
34,-1.882255059,0,GEDLPLPPGWSVDWTMRGRKYYDHNTNTTHWSHPLESGPSSG,"GEDLPLPPGWSVDWTMRGRKYY-DHNTNTTHWSHPLESGPSSG
GEDLPLPPGWSVDWTMRGRKYYIDHNTNTTHWSHPLESGPSSG",250,None,'I' deleted in '23',0,1
44,-1.442740968,0,GEDLPLPPGWSVDWTMRGRKYYIDHNTNTHWSHPLESGPSSG,"GEDLPLPPGWSVDWTMRGRKYYIDHNTNT-HWSHPLESGPSSG
GEDLPLPPGWSVDWTMRGRKYYIDHNTNTTHWSHPLESGPSSG",249,None,'T' deleted in '30',0,1
46,-1.880205316,0,GEDLPLPPGWSVDWTMRGRKYYIDHNTNTTHSHPLESGPSSG,"GEDLPLPPGWSVDWTMRGRKYYIDHNTNTTH-SHPLESGPSSG
GEDLPLPPGWSVDWTMRGRKYYIDHNTNTTHWSHPLESGPSSG",243,None,'W' deleted in '32',0,1
48,-1.307452454,0,GEDLPLPPGWSVDWTMRGRKYYIDHNTNTTHWHPLESGPSSG,"GEDLPLPPGWSVDWTMRGRKYYIDHNTNTTHW-HPLESGPSSG
GEDLPLPPGWSVDWTMRGRKYYIDHNTNTTHWSHPLESGPSSG",250,None,'S' deleted in '33',0,1
53,-1.730625922,0,GEDLPLPPGWSVDWTMRGRKYYIDHNTNTTHWSHLESGPSSG,"GEDLPLPPGWSVDWTMRGRKYYIDHNTNTTHWSH-LESGPSSG
GEDLPLPPGWSVDWTMRGRKYYIDHNTNTTHWSHPLESGPSSG",247,None,'P' deleted in '35',0,1
55,-0.134492211,1,GEDLPLPPGWSVDWTMRGRKYYIDHNTNTTHWSHPESGPSSG,"GEDLPLPPGWSVDWTMRGRKYYIDHNTNTTHWSHP-ESGPSSG
GEDLPLPPGWSVDWTMRGRKYYIDHNTNTTHWSHPLESGPSSG",250,None,'L' deleted in '36',0,1
66,-0.096845061,1,GEDLPLPPGWSVDWTMRGRKYYIDHNTNTTHWSHPLESGPSG,"GEDLPLPPGWSVDWTMRGRKYYIDHNTNTTHWSHPLESGPS-G
GEDLPLPPGWSVDWTMRGRKYYIDHNTNTTHWSHPLESGPSSG",250,None,'S' deleted in '42',0,1
68,0.431021908,1,GEDLPLPPGWSVDWTMRGRKYYIDHNTNTTHWSHPLESGPSS,"GEDLPLPPGWSVDWTMRGRKYYIDHNTNTTHWSHPLESGPSS
GEDLPLPPGWSVDWTMRGRKYYIDHNTNTTHWSHPLESGPSS",248,None,None,0,0
70,0.121218901,1,GEDLPLPPGWSVDWTMRGRKYYIDHNTNTTHWSHPLESGPSSGG,"GEDLPLPPGWSVDWTMRGRKYYIDHNTNTTHWSHPLESGPSSG
GEDLPLPPGWSVDWTMRGRKYYIDHNTNTTHWSHPLESGPSSG",254,None,None,0,0
71,0.043123942,1,GEDLPLPPGWSVDWTMRGRKYYIDHNTNTTHWSHPLESGSSG,"GEDLPLPPGWSVDWTMRGRKYYIDHNTNTTHWSHPLESG-SSG
GEDLPLPPGWSVDWTMRGRKYYIDHNTNTTHWSHPLESGPSSG",247,None,'P' deleted in '40',0,1
72,0.160902811,1,GEDLPLPPGWSVDWTMRGRKYYIDHNTNTTHWSHPLESPSSG,"GEDLPLPPGWSVDWTMRGRKYYIDHNTNTTHWSHPLES-PSSG
GEDLPLPPGWSVDWTMRGRKYYIDHNTNTTHWSHPLESGPSSG",248,None,'G' deleted in '39',0,1
74,0.351157515,1,GEDLPLPPGWSVDWTMRGRKYYIDHNTNTTHWSHPLSGPSSG,"GEDLPLPPGWSVDWTMRGRKYYIDHNTNTTHWSHPL-SGPSSG
GEDLPLPPGWSVDWTMRGRKYYIDHNTNTTHWSHPLESGPSSG",249,None,'E' deleted in '37',0,1
75,-2.13911676,0,GEDLPLPPGWSVDWTMRGRKYYIDHNTNTTHWSPLESGPSSG,"GEDLPLPPGWSVDWTMRGRKYYIDHNTNTTHWS-PLESGPSSG
GEDLPLPPGWSVDWTMRGRKYYIDHNTNTTHWSHPLESGPSSG",246,None,'H' deleted in '34',0,1
76,-2.697143288,0,GEDLPLPPGWSVDWTMRGRKYYIDHNTNTTWSHPLESGPSSG,"GEDLPLPPGWSVDWTMRGRKYYIDHNTNTT-WSHPLESGPSSG
GEDLPLPPGWSVDWTMRGRKYYIDHNTNTTHWSHPLESGPSSG",246,None,'H' deleted in '31',0,1
77,-1.031680597,0,GEDLPLPPGWSVDWTMRGRKYYIDNTNTTHWSHPLESGPSSG,"GEDLPLPPGWSVDWTMRGRKYYID-NTNTTHWSHPLESGPSSG
GEDLPLPPGWSVDWTMRGRKYYIDHNTNTTHWSHPLESGPSSG",246,None,'H' deleted in '25',0,1
79,-2.085915873,0,GEDLPLPPGWSVDWTMRGRKYYIHNTNTTHWSHPLESGPSSG,"GEDLPLPPGWSVDWTMRGRKYYI-HNTNTTHWSHPLESGPSSG
GEDLPLPPGWSVDWTMRGRKYYIDHNTNTTHWSHPLESGPSSG",248,None,'D' deleted in '24',0,1
80,-1.758717833,0,GEDLPLPPGWSVDWTMRGRYYIDHNTNTTHWSHPLESGPSSG,"GEDLPLPPGWSVDWTMRGR-YYIDHNTNTTHWSHPLESGPSSG
GEDLPLPPGWSVDWTMRGRKYYIDHNTNTTHWSHPLESGPSSG",249,None,'K' deleted in '20',0,1
81,0.225424452,1,GEDLPLPPGWSVDWTRGRKYYIDHNTNTTHWSHPLESGPSSG,"GEDLPLPPGWSVDWT-RGRKYYIDHNTNTTHWSHPLESGPSSG
GEDLPLPPGWSVDWTMRGRKYYIDHNTNTTHWSHPLESGPSSG",249,None,'M' deleted in '16',0,1
83,-0.427410997,1,GEDLPLPPGWSVWTMRGRKYYIDHNTNTTHWSHPLESGPSSG,"GEDLPLPPGWSV-WTMRGRKYYIDHNTNTTHWSHPLESGPSSG
GEDLPLPPGWSVDWTMRGRKYYIDHNTNTTHWSHPLESGPSSG",248,None,'D' deleted in '13',0,1
85,0.07624049,1,GELPLPPGWSVDWTMRGRKYYIDHNTNTTHWSHPLESGPSSG,"GE-LPLPPGWSVDWTMRGRKYYIDHNTNTTHWSHPLESGPSSG
GEDLPLPPGWSVDWTMRGRKYYIDHNTNTTHWSHPLESGPSSG",248,None,'D' deleted in '3',0,1
