ID,DMS_Score,DMS_Score_Bin,mutated_sequence,Alignment,Align_score,Insertions,Deletions,NumberOfInsertionSites,NumberOfDeletionSites
3,-0.93900113,1,MARKLSDELLIESYFKATEMNLNRDFIELIENEIKRRSLGHIISV,"MARKLSDELLIESYFKATEMNLNRDFIELIENEIKRRSLGHIISV
M-RKLSDELLIESYFKATEMNLNRDFIELIENEIKRRSLGHIISV",213,'A' inserted at '2',None,1,0
4,-1.522670275,0,MGRKLSDELLIESYFKATEMNLNRDFIELIENEIKRRSLGHIISV,"MGRKLSDELLIESYFKATEMNLNRDFIELIENEIKRRSLGHIISV
M-RKLSDELLIESYFKATEMNLNRDFIELIENEIKRRSLGHIISV",213,'G' inserted at '2',None,1,0
6,-1.783265616,0,MRAKLSDELLIESYFKATEMNLNRDFIELIENEIKRRSLGHIISV,"MRAKLSDELLIESYFKATEMNLNRDFIELIENEIKRRSLGHIISV
MR-KLSDELLIESYFKATEMNLNRDFIELIENEIKRRSLGHIISV",213,'A' inserted at '3',None,1,0
7,-1.644024807,0,MRGKLSDELLIESYFKATEMNLNRDFIELIENEIKRRSLGHIISV,"MRGKLSDELLIESYFKATEMNLNRDFIELIENEIKRRSLGHIISV
MR-KLSDELLIESYFKATEMNLNRDFIELIENEIKRRSLGHIISV",213,'G' inserted at '3',None,1,0
8,-1.647742985,0,MRKALSDELLIESYFKATEMNLNRDFIELIENEIKRRSLGHIISV,"MRKALSDELLIESYFKATEMNLNRDFIELIENEIKRRSLGHIISV
MRK-LSDELLIESYFKATEMNLNRDFIELIENEIKRRSLGHIISV",213,'A' inserted at '4',None,1,0
9,-1.585538303,0,MRKGLSDELLIESYFKATEMNLNRDFIELIENEIKRRSLGHIISV,"MRKGLSDELLIESYFKATEMNLNRDFIELIENEIKRRSLGHIISV
MRK-LSDELLIESYFKATEMNLNRDFIELIENEIKRRSLGHIISV",213,'G' inserted at '4',None,1,0
10,-2.388168974,0,MRKLASDELLIESYFKATEMNLNRDFIELIENEIKRRSLGHIISV,"MRKLASDELLIESYFKATEMNLNRDFIELIENEIKRRSLGHIISV
MRKL-SDELLIESYFKATEMNLNRDFIELIENEIKRRSLGHIISV",213,'A' inserted at '5',None,1,0
12,-2.443913036,0,MRKLGSDELLIESYFKATEMNLNRDFIELIENEIKRRSLGHIISV,"MRKLGSDELLIESYFKATEMNLNRDFIELIENEIKRRSLGHIISV
MRKL-SDELLIESYFKATEMNLNRDFIELIENEIKRRSLGHIISV",213,'G' inserted at '5',None,1,0
13,-2.342699168,0,MRKLSADELLIESYFKATEMNLNRDFIELIENEIKRRSLGHIISV,"MRKLSADELLIESYFKATEMNLNRDFIELIENEIKRRSLGHIISV
MRKLS-DELLIESYFKATEMNLNRDFIELIENEIKRRSLGHIISV",213,'A' inserted at '6',None,1,0
14,-2.300018756,0,MRKLSDAELLIESYFKATEMNLNRDFIELIENEIKRRSLGHIISV,"MRKLSDAELLIESYFKATEMNLNRDFIELIENEIKRRSLGHIISV
MRKLSD-ELLIESYFKATEMNLNRDFIELIENEIKRRSLGHIISV",213,'A' inserted at '7',None,1,0
15,-2.77044067,0,MRKLSDEALLIESYFKATEMNLNRDFIELIENEIKRRSLGHIISV,"MRKLSDEALLIESYFKATEMNLNRDFIELIENEIKRRSLGHIISV
MRKLSDE-LLIESYFKATEMNLNRDFIELIENEIKRRSLGHIISV",213,'A' inserted at '8',None,1,0
16,-3.115173075,0,MRKLSDEGLLIESYFKATEMNLNRDFIELIENEIKRRSLGHIISV,"MRKLSDEGLLIESYFKATEMNLNRDFIELIENEIKRRSLGHIISV
MRKLSDE-LLIESYFKATEMNLNRDFIELIENEIKRRSLGHIISV",213,'G' inserted at '8',None,1,0
17,-2.59456451,0,MRKLSDELALIESYFKATEMNLNRDFIELIENEIKRRSLGHIISV,"MRKLSDELALIESYFKATEMNLNRDFIELIENEIKRRSLGHIISV
MRKLSDEL-LIESYFKATEMNLNRDFIELIENEIKRRSLGHIISV",213,'A' inserted at '9',None,1,0
18,-3.156653484,0,MRKLSDELGLIESYFKATEMNLNRDFIELIENEIKRRSLGHIISV,"MRKLSDELGLIESYFKATEMNLNRDFIELIENEIKRRSLGHIISV
MRKLSDEL-LIESYFKATEMNLNRDFIELIENEIKRRSLGHIISV",213,'G' inserted at '9',None,1,0
20,-3.080864527,0,MRKLSDELLAIESYFKATEMNLNRDFIELIENEIKRRSLGHIISV,"MRKLSDELLAIESYFKATEMNLNRDFIELIENEIKRRSLGHIISV
MRKLSDELL-IESYFKATEMNLNRDFIELIENEIKRRSLGHIISV",213,'A' inserted at '10',None,1,0
22,-3.36891594,0,MRKLSDELLGIESYFKATEMNLNRDFIELIENEIKRRSLGHIISV,"MRKLSDELLGIESYFKATEMNLNRDFIELIENEIKRRSLGHIISV
MRKLSDELL-IESYFKATEMNLNRDFIELIENEIKRRSLGHIISV",213,'G' inserted at '10',None,1,0
23,-3.537031273,0,MRKLSDELLIAESYFKATEMNLNRDFIELIENEIKRRSLGHIISV,"MRKLSDELLIAESYFKATEMNLNRDFIELIENEIKRRSLGHIISV
MRKLSDELLI-ESYFKATEMNLNRDFIELIENEIKRRSLGHIISV",213,'A' inserted at '11',None,1,0
24,-3.416548874,0,MRKLSDELLIEASYFKATEMNLNRDFIELIENEIKRRSLGHIISV,"MRKLSDELLIEASYFKATEMNLNRDFIELIENEIKRRSLGHIISV
MRKLSDELLIE-SYFKATEMNLNRDFIELIENEIKRRSLGHIISV",213,'A' inserted at '12',None,1,0
25,-3.536640371,0,MRKLSDELLIEGSYFKATEMNLNRDFIELIENEIKRRSLGHIISV,"MRKLSDELLIEGSYFKATEMNLNRDFIELIENEIKRRSLGHIISV
MRKLSDELLIE-SYFKATEMNLNRDFIELIENEIKRRSLGHIISV",213,'G' inserted at '12',None,1,0
26,-3.304038024,0,MRKLSDELLIESAYFKATEMNLNRDFIELIENEIKRRSLGHIISV,"MRKLSDELLIESAYFKATEMNLNRDFIELIENEIKRRSLGHIISV
MRKLSDELLIES-YFKATEMNLNRDFIELIENEIKRRSLGHIISV",213,'A' inserted at '13',None,1,0
28,-3.594537087,0,MRKLSDELLIESGYFKATEMNLNRDFIELIENEIKRRSLGHIISV,"MRKLSDELLIESGYFKATEMNLNRDFIELIENEIKRRSLGHIISV
MRKLSDELLIES-YFKATEMNLNRDFIELIENEIKRRSLGHIISV",213,'G' inserted at '13',None,1,0
29,-3.137493974,0,MRKLSDELLIESYAFKATEMNLNRDFIELIENEIKRRSLGHIISV,"MRKLSDELLIESYAFKATEMNLNRDFIELIENEIKRRSLGHIISV
MRKLSDELLIESY-FKATEMNLNRDFIELIENEIKRRSLGHIISV",213,'A' inserted at '14',None,1,0
30,-2.135298718,0,MRKLSDELLIESYFAKATEMNLNRDFIELIENEIKRRSLGHIISV,"MRKLSDELLIESYFAKATEMNLNRDFIELIENEIKRRSLGHIISV
MRKLSDELLIESYF-KATEMNLNRDFIELIENEIKRRSLGHIISV",213,'A' inserted at '15',None,1,0
32,-2.672099194,0,MRKLSDELLIESYFGKATEMNLNRDFIELIENEIKRRSLGHIISV,"MRKLSDELLIESYFGKATEMNLNRDFIELIENEIKRRSLGHIISV
MRKLSDELLIESYF-KATEMNLNRDFIELIENEIKRRSLGHIISV",213,'G' inserted at '15',None,1,0
33,-0.662792335,1,MRKLSDELLIESYFKAATEMNLNRDFIELIENEIKRRSLGHIISV,"MRKLSDELLIESYFKAATEMNLNRDFIELIENEIKRRSLGHIISV
MRKLSDELLIESYFKA-TEMNLNRDFIELIENEIKRRSLGHIISV",213,'A' inserted at '17',None,1,0
35,-1.476791996,0,MRKLSDELLIESYFKAGTEMNLNRDFIELIENEIKRRSLGHIISV,"MRKLSDELLIESYFKAGTEMNLNRDFIELIENEIKRRSLGHIISV
MRKLSDELLIESYFKA-TEMNLNRDFIELIENEIKRRSLGHIISV",213,'G' inserted at '17',None,1,0
36,-0.310014612,1,MRKLSDELLIESYFKATAEMNLNRDFIELIENEIKRRSLGHIISV,"MRKLSDELLIESYFKATAEMNLNRDFIELIENEIKRRSLGHIISV
MRKLSDELLIESYFKAT-EMNLNRDFIELIENEIKRRSLGHIISV",213,'A' inserted at '18',None,1,0
37,-0.556589832,1,MRKLSDELLIESYFKATEAMNLNRDFIELIENEIKRRSLGHIISV,"MRKLSDELLIESYFKATEAMNLNRDFIELIENEIKRRSLGHIISV
MRKLSDELLIESYFKATE-MNLNRDFIELIENEIKRRSLGHIISV",213,'A' inserted at '19',None,1,0
38,-0.810934777,1,MRKLSDELLIESYFKATEGMNLNRDFIELIENEIKRRSLGHIISV,"MRKLSDELLIESYFKATEGMNLNRDFIELIENEIKRRSLGHIISV
MRKLSDELLIESYFKATE-MNLNRDFIELIENEIKRRSLGHIISV",213,'G' inserted at '19',None,1,0
39,-0.54508964,1,MRKLSDELLIESYFKATEMANLNRDFIELIENEIKRRSLGHIISV,"MRKLSDELLIESYFKATEMANLNRDFIELIENEIKRRSLGHIISV
MRKLSDELLIESYFKATEM-NLNRDFIELIENEIKRRSLGHIISV",213,'A' inserted at '20',None,1,0
40,-0.697440824,1,MRKLSDELLIESYFKATEMGNLNRDFIELIENEIKRRSLGHIISV,"MRKLSDELLIESYFKATEMGNLNRDFIELIENEIKRRSLGHIISV
MRKLSDELLIESYFKATEM-NLNRDFIELIENEIKRRSLGHIISV",213,'G' inserted at '20',None,1,0
42,-0.902169588,1,MRKLSDELLIESYFKATEMNALNRDFIELIENEIKRRSLGHIISV,"MRKLSDELLIESYFKATEMNALNRDFIELIENEIKRRSLGHIISV
MRKLSDELLIESYFKATEMN-LNRDFIELIENEIKRRSLGHIISV",213,'A' inserted at '21',None,1,0
43,-0.914133991,1,MRKLSDELLIESYFKATEMNGLNRDFIELIENEIKRRSLGHIISV,"MRKLSDELLIESYFKATEMNGLNRDFIELIENEIKRRSLGHIISV
MRKLSDELLIESYFKATEMN-LNRDFIELIENEIKRRSLGHIISV",213,'G' inserted at '21',None,1,0
44,-0.844427962,1,MRKLSDELLIESYFKATEMNLANRDFIELIENEIKRRSLGHIISV,"MRKLSDELLIESYFKATEMNLANRDFIELIENEIKRRSLGHIISV
MRKLSDELLIESYFKATEMNL-NRDFIELIENEIKRRSLGHIISV",213,'A' inserted at '22',None,1,0
45,-0.995547553,1,MRKLSDELLIESYFKATEMNLGNRDFIELIENEIKRRSLGHIISV,"MRKLSDELLIESYFKATEMNLGNRDFIELIENEIKRRSLGHIISV
MRKLSDELLIESYFKATEMNL-NRDFIELIENEIKRRSLGHIISV",213,'G' inserted at '22',None,1,0
46,-1.441413696,0,MRKLSDELLIESYFKATEMNLNARDFIELIENEIKRRSLGHIISV,"MRKLSDELLIESYFKATEMNLNARDFIELIENEIKRRSLGHIISV
MRKLSDELLIESYFKATEMNLN-RDFIELIENEIKRRSLGHIISV",213,'A' inserted at '23',None,1,0
48,-1.465632787,0,MRKLSDELLIESYFKATEMNLNGRDFIELIENEIKRRSLGHIISV,"MRKLSDELLIESYFKATEMNLNGRDFIELIENEIKRRSLGHIISV
MRKLSDELLIESYFKATEMNLN-RDFIELIENEIKRRSLGHIISV",213,'G' inserted at '23',None,1,0
49,-1.542480119,0,MRKLSDELLIESYFKATEMNLNRADFIELIENEIKRRSLGHIISV,"MRKLSDELLIESYFKATEMNLNRADFIELIENEIKRRSLGHIISV
MRKLSDELLIESYFKATEMNLNR-DFIELIENEIKRRSLGHIISV",213,'A' inserted at '24',None,1,0
50,-1.422229116,0,MRKLSDELLIESYFKATEMNLNRDAFIELIENEIKRRSLGHIISV,"MRKLSDELLIESYFKATEMNLNRDAFIELIENEIKRRSLGHIISV
MRKLSDELLIESYFKATEMNLNRD-FIELIENEIKRRSLGHIISV",213,'A' inserted at '25',None,1,0
51,-2.011937266,0,MRKLSDELLIESYFKATEMNLNRDFAIELIENEIKRRSLGHIISV,"MRKLSDELLIESYFKATEMNLNRDFAIELIENEIKRRSLGHIISV
MRKLSDELLIESYFKATEMNLNRDF-IELIENEIKRRSLGHIISV",213,'A' inserted at '26',None,1,0
53,-2.373121567,0,MRKLSDELLIESYFKATEMNLNRDFGIELIENEIKRRSLGHIISV,"MRKLSDELLIESYFKATEMNLNRDFGIELIENEIKRRSLGHIISV
MRKLSDELLIESYFKATEMNLNRDF-IELIENEIKRRSLGHIISV",213,'G' inserted at '26',None,1,0
54,-2.65907348,0,MRKLSDELLIESYFKATEMNLNRDFIAELIENEIKRRSLGHIISV,"MRKLSDELLIESYFKATEMNLNRDFIAELIENEIKRRSLGHIISV
MRKLSDELLIESYFKATEMNLNRDFI-ELIENEIKRRSLGHIISV",213,'A' inserted at '27',None,1,0
55,-3.037108406,0,MRKLSDELLIESYFKATEMNLNRDFIEALIENEIKRRSLGHIISV,"MRKLSDELLIESYFKATEMNLNRDFIEALIENEIKRRSLGHIISV
MRKLSDELLIESYFKATEMNLNRDFIE-LIENEIKRRSLGHIISV",213,'A' inserted at '28',None,1,0
56,-3.231779906,0,MRKLSDELLIESYFKATEMNLNRDFIEGLIENEIKRRSLGHIISV,"MRKLSDELLIESYFKATEMNLNRDFIEGLIENEIKRRSLGHIISV
MRKLSDELLIESYFKATEMNLNRDFIE-LIENEIKRRSLGHIISV",213,'G' inserted at '28',None,1,0
58,-3.2666159,0,MRKLSDELLIESYFKATEMNLNRDFIELAIENEIKRRSLGHIISV,"MRKLSDELLIESYFKATEMNLNRDFIELAIENEIKRRSLGHIISV
MRKLSDELLIESYFKATEMNLNRDFIEL-IENEIKRRSLGHIISV",213,'A' inserted at '29',None,1,0
60,-3.555105174,0,MRKLSDELLIESYFKATEMNLNRDFIELGIENEIKRRSLGHIISV,"MRKLSDELLIESYFKATEMNLNRDFIELGIENEIKRRSLGHIISV
MRKLSDELLIESYFKATEMNLNRDFIEL-IENEIKRRSLGHIISV",213,'G' inserted at '29',None,1,0
61,-3.619340403,0,MRKLSDELLIESYFKATEMNLNRDFIELIAENEIKRRSLGHIISV,"MRKLSDELLIESYFKATEMNLNRDFIELIAENEIKRRSLGHIISV
MRKLSDELLIESYFKATEMNLNRDFIELI-ENEIKRRSLGHIISV",213,'A' inserted at '30',None,1,0
62,-3.813622427,0,MRKLSDELLIESYFKATEMNLNRDFIELIEANEIKRRSLGHIISV,"MRKLSDELLIESYFKATEMNLNRDFIELIEANEIKRRSLGHIISV
MRKLSDELLIESYFKATEMNLNRDFIELIE-NEIKRRSLGHIISV",213,'A' inserted at '31',None,1,0
64,-4.191147354,0,MRKLSDELLIESYFKATEMNLNRDFIELIEGNEIKRRSLGHIISV,"MRKLSDELLIESYFKATEMNLNRDFIELIEGNEIKRRSLGHIISV
MRKLSDELLIESYFKATEMNLNRDFIELIE-NEIKRRSLGHIISV",213,'G' inserted at '31',None,1,0
65,-3.736673684,0,MRKLSDELLIESYFKATEMNLNRDFIELIENAEIKRRSLGHIISV,"MRKLSDELLIESYFKATEMNLNRDFIELIENAEIKRRSLGHIISV
MRKLSDELLIESYFKATEMNLNRDFIELIEN-EIKRRSLGHIISV",213,'A' inserted at '32',None,1,0
66,-3.515119321,0,MRKLSDELLIESYFKATEMNLNRDFIELIENEAIKRRSLGHIISV,"MRKLSDELLIESYFKATEMNLNRDFIELIENEAIKRRSLGHIISV
MRKLSDELLIESYFKATEMNLNRDFIELIENE-IKRRSLGHIISV",213,'A' inserted at '33',None,1,0
67,-4.195452714,0,MRKLSDELLIESYFKATEMNLNRDFIELIENEGIKRRSLGHIISV,"MRKLSDELLIESYFKATEMNLNRDFIELIENEGIKRRSLGHIISV
MRKLSDELLIESYFKATEMNLNRDFIELIENE-IKRRSLGHIISV",213,'G' inserted at '33',None,1,0
68,-2.045926125,0,MRKLSDELLIESYFKATEMNLNRDFIELIENEIAKRRSLGHIISV,"MRKLSDELLIESYFKATEMNLNRDFIELIENEIAKRRSLGHIISV
MRKLSDELLIESYFKATEMNLNRDFIELIENEI-KRRSLGHIISV",213,'A' inserted at '34',None,1,0
69,-2.670643568,0,MRKLSDELLIESYFKATEMNLNRDFIELIENEIGKRRSLGHIISV,"MRKLSDELLIESYFKATEMNLNRDFIELIENEIGKRRSLGHIISV
MRKLSDELLIESYFKATEMNLNRDFIELIENEI-KRRSLGHIISV",213,'G' inserted at '34',None,1,0
70,-1.816622854,0,MRKLSDELLIESYFKATEMNLNRDFIELIENEIKARRSLGHIISV,"MRKLSDELLIESYFKATEMNLNRDFIELIENEIKARRSLGHIISV
MRKLSDELLIESYFKATEMNLNRDFIELIENEIK-RRSLGHIISV",213,'A' inserted at '35',None,1,0
71,-2.481637379,0,MRKLSDELLIESYFKATEMNLNRDFIELIENEIKGRRSLGHIISV,"MRKLSDELLIESYFKATEMNLNRDFIELIENEIKGRRSLGHIISV
MRKLSDELLIESYFKATEMNLNRDFIELIENEIK-RRSLGHIISV",213,'G' inserted at '35',None,1,0
72,-2.721622335,0,MRKLSDELLIESYFKATEMNLNRDFIELIENEIKRARSLGHIISV,"MRKLSDELLIESYFKATEMNLNRDFIELIENEIKRARSLGHIISV
MRKLSDELLIESYFKATEMNLNRDFIELIENEIKR-RSLGHIISV",213,'A' inserted at '36',None,1,0
73,-3.220462059,0,MRKLSDELLIESYFKATEMNLNRDFIELIENEIKRGRSLGHIISV,"MRKLSDELLIESYFKATEMNLNRDFIELIENEIKRGRSLGHIISV
MRKLSDELLIESYFKATEMNLNRDFIELIENEIKR-RSLGHIISV",213,'G' inserted at '36',None,1,0
74,-0.905806931,1,MRKLSDELLIESYFKATEMNLNRDFIELIENEIKRRASLGHIISV,"MRKLSDELLIESYFKATEMNLNRDFIELIENEIKRRASLGHIISV
MRKLSDELLIESYFKATEMNLNRDFIELIENEIKRR-SLGHIISV",213,'A' inserted at '37',None,1,0
75,-0.97203974,1,MRKLSDELLIESYFKATEMNLNRDFIELIENEIKRRGSLGHIISV,"MRKLSDELLIESYFKATEMNLNRDFIELIENEIKRRGSLGHIISV
MRKLSDELLIESYFKATEMNLNRDFIELIENEIKRR-SLGHIISV",213,'G' inserted at '37',None,1,0
77,-1.187197242,0,MRKLSDELLIESYFKATEMNLNRDFIELIENEIKRRSALGHIISV,"MRKLSDELLIESYFKATEMNLNRDFIELIENEIKRRSALGHIISV
MRKLSDELLIESYFKATEMNLNRDFIELIENEIKRRS-LGHIISV",213,'A' inserted at '38',None,1,0
79,-1.16813443,0,MRKLSDELLIESYFKATEMNLNRDFIELIENEIKRRSGLGHIISV,"MRKLSDELLIESYFKATEMNLNRDFIELIENEIKRRSGLGHIISV
MRKLSDELLIESYFKATEMNLNRDFIELIENEIKRRS-LGHIISV",213,'G' inserted at '38',None,1,0
80,-0.631157866,1,MRKLSDELLIESYFKATEMNLNRDFIELIENEIKRRSLAGHIISV,"MRKLSDELLIESYFKATEMNLNRDFIELIENEIKRRSLAGHIISV
MRKLSDELLIESYFKATEMNLNRDFIELIENEIKRRSL-GHIISV",213,'A' inserted at '39',None,1,0
81,-0.393915397,1,MRKLSDELLIESYFKATEMNLNRDFIELIENEIKRRSLGAHIISV,"MRKLSDELLIESYFKATEMNLNRDFIELIENEIKRRSLGAHIISV
MRKLSDELLIESYFKATEMNLNRDFIELIENEIKRRSLG-HIISV",213,'A' inserted at '40',None,1,0
82,-0.57917366,1,MRKLSDELLIESYFKATEMNLNRDFIELIENEIKRRSLGGHIISV,"MRKLSDELLIESYFKATEMNLNRDFIELIENEIKRRSLGGHIISV
MRKLSDELLIESYFKATEMNLNRDFIELIENEIKRRSLG-HIISV",213,'G' inserted at '40',None,1,0
83,-0.198782041,1,MRKLSDELLIESYFKATEMNLNRDFIELIENEIKRRSLGHAIISV,"MRKLSDELLIESYFKATEMNLNRDFIELIENEIKRRSLGHAIISV
MRKLSDELLIESYFKATEMNLNRDFIELIENEIKRRSLGH-IISV",213,'A' inserted at '41',None,1,0
84,-0.872735567,1,MRKLSDELLIESYFKATEMNLNRDFIELIENEIKRRSLGHGIISV,"MRKLSDELLIESYFKATEMNLNRDFIELIENEIKRRSLGHGIISV
MRKLSDELLIESYFKATEMNLNRDFIELIENEIKRRSLGH-IISV",213,'G' inserted at '41',None,1,0
85,-0.8575916,1,MRKLSDELLIESYFKATEMNLNRDFIELIENEIKRRSLGHIAISV,"MRKLSDELLIESYFKATEMNLNRDFIELIENEIKRRSLGHIAISV
MRKLSDELLIESYFKATEMNLNRDFIELIENEIKRRSLGHI-ISV",213,'A' inserted at '42',None,1,0
86,-1.104136283,0,MRKLSDELLIESYFKATEMNLNRDFIELIENEIKRRSLGHIGISV,"MRKLSDELLIESYFKATEMNLNRDFIELIENEIKRRSLGHIGISV
MRKLSDELLIESYFKATEMNLNRDFIELIENEIKRRSLGHI-ISV",213,'G' inserted at '42',None,1,0
87,0.12333753,1,MRKLSDELLIESYFKATEMNLNRDFIELIENEIKRRSLGHIIASV,"MRKLSDELLIESYFKATEMNLNRDFIELIENEIKRRSLGHIIASV
MRKLSDELLIESYFKATEMNLNRDFIELIENEIKRRSLGHII-SV",213,'A' inserted at '43',None,1,0
88,0.063951709,1,MRKLSDELLIESYFKATEMNLNRDFIELIENEIKRRSLGHIIGSV,"MRKLSDELLIESYFKATEMNLNRDFIELIENEIKRRSLGHIIGSV
MRKLSDELLIESYFKATEMNLNRDFIELIENEIKRRSLGHII-SV",213,'G' inserted at '43',None,1,0
90,-0.016641238,1,MRKLSDELLIESYFKATEMNLNRDFIELIENEIKRRSLGHIISAV,"MRKLSDELLIESYFKATEMNLNRDFIELIENEIKRRSLGHIISAV
MRKLSDELLIESYFKATEMNLNRDFIELIENEIKRRSLGHIIS-V",213,'A' inserted at '44',None,1,0
91,0.055277979,1,MRKLSDELLIESYFKATEMNLNRDFIELIENEIKRRSLGHIISGV,"MRKLSDELLIESYFKATEMNLNRDFIELIENEIKRRSLGHIISGV
MRKLSDELLIESYFKATEMNLNRDFIELIENEIKRRSLGHIIS-V",213,'G' inserted at '44',None,1,0
99,-3.832645317,0,MRKLSDELLIESYFKATEMNLNRDFIELIENGEIKRRSLGHIISV,"MRKLSDELLIESYFKATEMNLNRDFIELIENGEIKRRSLGHIISV
MRKLSDELLIESYFKATEMNLNRDFIELIEN-EIKRRSLGHIISV",213,'G' inserted at '32',None,1,0
101,-4.186833283,0,MRKLSDELLIESYFKATEMNLNRDFIELIGENEIKRRSLGHIISV,"MRKLSDELLIESYFKATEMNLNRDFIELIGENEIKRRSLGHIISV
MRKLSDELLIESYFKATEMNLNRDFIELI-ENEIKRRSLGHIISV",213,'G' inserted at '30',None,1,0
103,-3.011882472,0,MRKLSDELLIESYFKATEMNLNRDFIGELIENEIKRRSLGHIISV,"MRKLSDELLIESYFKATEMNLNRDFIGELIENEIKRRSLGHIISV
MRKLSDELLIESYFKATEMNLNRDFI-ELIENEIKRRSLGHIISV",213,'G' inserted at '27',None,1,0
105,-1.460024317,0,MRKLSDELLIESYFKATEMNLNRDGFIELIENEIKRRSLGHIISV,"MRKLSDELLIESYFKATEMNLNRDGFIELIENEIKRRSLGHIISV
MRKLSDELLIESYFKATEMNLNRD-FIELIENEIKRRSLGHIISV",213,'G' inserted at '25',None,1,0
108,-1.64263155,0,MRKLSDELLIESYFKATEMNLNRGDFIELIENEIKRRSLGHIISV,"MRKLSDELLIESYFKATEMNLNRGDFIELIENEIKRRSLGHIISV
MRKLSDELLIESYFKATEMNLNR-DFIELIENEIKRRSLGHIISV",213,'G' inserted at '24',None,1,0
112,-0.515171947,1,MRKLSDELLIESYFKATGEMNLNRDFIELIENEIKRRSLGHIISV,"MRKLSDELLIESYFKATGEMNLNRDFIELIENEIKRRSLGHIISV
MRKLSDELLIESYFKAT-EMNLNRDFIELIENEIKRRSLGHIISV",213,'G' inserted at '18',None,1,0
114,-1.971818765,0,MRKLSDELLIESYFKGATEMNLNRDFIELIENEIKRRSLGHIISV,"MRKLSDELLIESYFKGATEMNLNRDFIELIENEIKRRSLGHIISV
MRKLSDELLIESYFK-ATEMNLNRDFIELIENEIKRRSLGHIISV",213,'G' inserted at '16',None,1,0
116,-3.211726506,0,MRKLSDELLIESYGFKATEMNLNRDFIELIENEIKRRSLGHIISV,"MRKLSDELLIESYGFKATEMNLNRDFIELIENEIKRRSLGHIISV
MRKLSDELLIESY-FKATEMNLNRDFIELIENEIKRRSLGHIISV",213,'G' inserted at '14',None,1,0
119,-3.288223718,0,MRKLSDELLIGESYFKATEMNLNRDFIELIENEIKRRSLGHIISV,"MRKLSDELLIGESYFKATEMNLNRDFIELIENEIKRRSLGHIISV
MRKLSDELLI-ESYFKATEMNLNRDFIELIENEIKRRSLGHIISV",213,'G' inserted at '11',None,1,0
121,-2.845026058,0,MRKLSDGELLIESYFKATEMNLNRDFIELIENEIKRRSLGHIISV,"MRKLSDGELLIESYFKATEMNLNRDFIELIENEIKRRSLGHIISV
MRKLSD-ELLIESYFKATEMNLNRDFIELIENEIKRRSLGHIISV",213,'G' inserted at '7',None,1,0
124,-2.660781276,0,MRKLSGDELLIESYFKATEMNLNRDFIELIENEIKRRSLGHIISV,"MRKLSGDELLIESYFKATEMNLNRDFIELIENEIKRRSLGHIISV
MRKLS-DELLIESYFKATEMNLNRDFIELIENEIKRRSLGHIISV",213,'G' inserted at '6',None,1,0
1,-0.036510418,1,AMRKLSDELLIESYFKATEMNLNRDFIELIENEIKRRSLGHIISV,"MRKLSDELLIESYFKATEMNLNRDFIELIENEIKRRSLGHIISV
MRKLSDELLIESYFKATEMNLNRDFIELIENEIKRRSLGHIISV",213,None,None,0,0
2,-0.273088468,1,GMRKLSDELLIESYFKATEMNLNRDFIELIENEIKRRSLGHIISV,"MRKLSDELLIESYFKATEMNLNRDFIELIENEIKRRSLGHIISV
MRKLSDELLIESYFKATEMNLNRDFIELIENEIKRRSLGHIISV",213,None,None,0,0
5,-0.716074533,1,MKLSDELLIESYFKATEMNLNRDFIELIENEIKRRSLGHIISV,"M-KLSDELLIESYFKATEMNLNRDFIELIENEIKRRSLGHIISV
MRKLSDELLIESYFKATEMNLNRDFIELIENEIKRRSLGHIISV",208,None,'R' deleted in '2',0,1
11,-2.460281868,0,MRKLDELLIESYFKATEMNLNRDFIELIENEIKRRSLGHIISV,"MRKL-DELLIESYFKATEMNLNRDFIELIENEIKRRSLGHIISV
MRKLSDELLIESYFKATEMNLNRDFIELIENEIKRRSLGHIISV",209,None,'S' deleted in '5',0,1
19,-2.833749603,0,MRKLSDELIESYFKATEMNLNRDFIELIENEIKRRSLGHIISV,"MRKLSDEL-IESYFKATEMNLNRDFIELIENEIKRRSLGHIISV
MRKLSDELLIESYFKATEMNLNRDFIELIENEIKRRSLGHIISV",209,None,'L' deleted in '9',0,1
21,-2.524676535,0,MRKLSDELLESYFKATEMNLNRDFIELIENEIKRRSLGHIISV,"MRKLSDELL-ESYFKATEMNLNRDFIELIENEIKRRSLGHIISV
MRKLSDELLIESYFKATEMNLNRDFIELIENEIKRRSLGHIISV",209,None,'I' deleted in '10',0,1
27,-2.987938826,0,MRKLSDELLIESFKATEMNLNRDFIELIENEIKRRSLGHIISV,"MRKLSDELLIES-FKATEMNLNRDFIELIENEIKRRSLGHIISV
MRKLSDELLIESYFKATEMNLNRDFIELIENEIKRRSLGHIISV",206,None,'Y' deleted in '13',0,1
31,-2.21053244,0,MRKLSDELLIESYFATEMNLNRDFIELIENEIKRRSLGHIISV,"MRKLSDELLIESYF-ATEMNLNRDFIELIENEIKRRSLGHIISV
MRKLSDELLIESYFKATEMNLNRDFIELIENEIKRRSLGHIISV",208,None,'K' deleted in '15',0,1
34,-1.690711124,0,MRKLSDELLIESYFKAEMNLNRDFIELIENEIKRRSLGHIISV,"MRKLSDELLIESYFKA-EMNLNRDFIELIENEIKRRSLGHIISV
MRKLSDELLIESYFKATEMNLNRDFIELIENEIKRRSLGHIISV",208,None,'T' deleted in '17',0,1
41,-1.09161499,0,MRKLSDELLIESYFKATEMLNRDFIELIENEIKRRSLGHIISV,"MRKLSDELLIESYFKATEM-LNRDFIELIENEIKRRSLGHIISV
MRKLSDELLIESYFKATEMNLNRDFIELIENEIKRRSLGHIISV",207,None,'N' deleted in '20',0,1
47,-0.926256888,1,MRKLSDELLIESYFKATEMNLNDFIELIENEIKRRSLGHIISV,"MRKLSDELLIESYFKATEMNLN-DFIELIENEIKRRSLGHIISV
MRKLSDELLIESYFKATEMNLNRDFIELIENEIKRRSLGHIISV",208,None,'R' deleted in '23',0,1
52,-2.274820783,0,MRKLSDELLIESYFKATEMNLNRDFELIENEIKRRSLGHIISV,"MRKLSDELLIESYFKATEMNLNRDF-ELIENEIKRRSLGHIISV
MRKLSDELLIESYFKATEMNLNRDFIELIENEIKRRSLGHIISV",209,None,'I' deleted in '26',0,1
57,-1.742597054,0,MRKLSDELLIESYFKATEMNLNRDFIEIENEIKRRSLGHIISV,"MRKLSDELLIESYFKATEMNLNRDFIE-IENEIKRRSLGHIISV
MRKLSDELLIESYFKATEMNLNRDFIELIENEIKRRSLGHIISV",209,None,'L' deleted in '28',0,1
59,-1.994443876,0,MRKLSDELLIESYFKATEMNLNRDFIELENEIKRRSLGHIISV,"MRKLSDELLIESYFKATEMNLNRDFIEL-ENEIKRRSLGHIISV
MRKLSDELLIESYFKATEMNLNRDFIELIENEIKRRSLGHIISV",209,None,'I' deleted in '29',0,1
63,-1.450652614,0,MRKLSDELLIESYFKATEMNLNRDFIELIEEIKRRSLGHIISV,"MRKLSDELLIESYFKATEMNLNRDFIELIE-EIKRRSLGHIISV
MRKLSDELLIESYFKATEMNLNRDFIELIENEIKRRSLGHIISV",207,None,'N' deleted in '31',0,1
76,-1.380426888,0,MRKLSDELLIESYFKATEMNLNRDFIELIENEIKRRLGHIISV,"MRKLSDELLIESYFKATEMNLNRDFIELIENEIKRR-LGHIISV
MRKLSDELLIESYFKATEMNLNRDFIELIENEIKRRSLGHIISV",209,None,'S' deleted in '37',0,1
78,-2.065223814,0,MRKLSDELLIESYFKATEMNLNRDFIELIENEIKRRSGHIISV,"MRKLSDELLIESYFKATEMNLNRDFIELIENEIKRRS-GHIISV
MRKLSDELLIESYFKATEMNLNRDFIELIENEIKRRSLGHIISV",209,None,'L' deleted in '38',0,1
89,0.020454769,1,MRKLSDELLIESYFKATEMNLNRDFIELIENEIKRRSLGHIIS,"MRKLSDELLIESYFKATEMNLNRDFIELIENEIKRRSLGHIIS
MRKLSDELLIESYFKATEMNLNRDFIELIENEIKRRSLGHIIS",209,None,None,0,0
92,0.035418209,1,MRKLSDELLIESYFKATEMNLNRDFIELIENEIKRRSLGHIIV,"MRKLSDELLIESYFKATEMNLNRDFIELIENEIKRRSLGHII-V
MRKLSDELLIESYFKATEMNLNRDFIELIENEIKRRSLGHIISV",209,None,'S' deleted in '43',0,1
93,-0.88083644,1,MRKLSDELLIESYFKATEMNLNRDFIELIENEIKRRSLGHISV,"MRKLSDELLIESYFKATEMNLNRDFIELIENEIKRRSLGHI-SV
MRKLSDELLIESYFKATEMNLNRDFIELIENEIKRRSLGHIISV",209,None,'I' deleted in '42',0,1
94,-0.692136885,1,MRKLSDELLIESYFKATEMNLNRDFIELIENEIKRRSLGIISV,"MRKLSDELLIESYFKATEMNLNRDFIELIENEIKRRSLG-IISV
MRKLSDELLIESYFKATEMNLNRDFIELIENEIKRRSLGHIISV",205,None,'H' deleted in '40',0,1
95,-0.346369042,1,MRKLSDELLIESYFKATEMNLNRDFIELIENEIKRRSLHIISV,"MRKLSDELLIESYFKATEMNLNRDFIELIENEIKRRSL-HIISV
MRKLSDELLIESYFKATEMNLNRDFIELIENEIKRRSLGHIISV",207,None,'G' deleted in '39',0,1
96,-3.060413654,0,MRKLSDELLIESYFKATEMNLNRDFIELIENEIKRSLGHIISV,"MRKLSDELLIESYFKATEMNLNRDFIELIENEIKR-SLGHIISV
MRKLSDELLIESYFKATEMNLNRDFIELIENEIKRRSLGHIISV",208,None,'R' deleted in '36',0,1
97,-2.894827391,0,MRKLSDELLIESYFKATEMNLNRDFIELIENEIRRSLGHIISV,"MRKLSDELLIESYFKATEMNLNRDFIELIENEI-RRSLGHIISV
MRKLSDELLIESYFKATEMNLNRDFIELIENEIKRRSLGHIISV",208,None,'K' deleted in '34',0,1
98,-3.687045282,0,MRKLSDELLIESYFKATEMNLNRDFIELIENEKRRSLGHIISV,"MRKLSDELLIESYFKATEMNLNRDFIELIENE-KRRSLGHIISV
MRKLSDELLIESYFKATEMNLNRDFIELIENEIKRRSLGHIISV",209,None,'I' deleted in '33',0,1
100,-3.075840956,0,MRKLSDELLIESYFKATEMNLNRDFIELIENIKRRSLGHIISV,"MRKLSDELLIESYFKATEMNLNRDFIELIEN-IKRRSLGHIISV
MRKLSDELLIESYFKATEMNLNRDFIELIENEIKRRSLGHIISV",208,None,'E' deleted in '32',0,1
102,-1.559290108,0,MRKLSDELLIESYFKATEMNLNRDFIELINEIKRRSLGHIISV,"MRKLSDELLIESYFKATEMNLNRDFIELI-NEIKRRSLGHIISV
MRKLSDELLIESYFKATEMNLNRDFIELIENEIKRRSLGHIISV",208,None,'E' deleted in '30',0,1
104,-2.229515659,0,MRKLSDELLIESYFKATEMNLNRDFILIENEIKRRSLGHIISV,"MRKLSDELLIESYFKATEMNLNRDFI-LIENEIKRRSLGHIISV
MRKLSDELLIESYFKATEMNLNRDFIELIENEIKRRSLGHIISV",208,None,'E' deleted in '27',0,1
106,-1.26708638,0,MRKLSDELLIESYFKATEMNLNRDIELIENEIKRRSLGHIISV,"MRKLSDELLIESYFKATEMNLNRD-IELIENEIKRRSLGHIISV
MRKLSDELLIESYFKATEMNLNRDFIELIENEIKRRSLGHIISV",207,None,'F' deleted in '25',0,1
107,-0.983486066,1,MRKLSDELLIESYFKATEMNLNRFIELIENEIKRRSLGHIISV,"MRKLSDELLIESYFKATEMNLNR-FIELIENEIKRRSLGHIISV
MRKLSDELLIESYFKATEMNLNRDFIELIENEIKRRSLGHIISV",207,None,'D' deleted in '24',0,1
109,-0.540904517,1,MRKLSDELLIESYFKATEMNLRDFIELIENEIKRRSLGHIISV,"MRKLSDELLIESYFKATEMNL-RDFIELIENEIKRRSLGHIISV
MRKLSDELLIESYFKATEMNLNRDFIELIENEIKRRSLGHIISV",207,None,'N' deleted in '22',0,1
110,-0.667887048,1,MRKLSDELLIESYFKATEMNNRDFIELIENEIKRRSLGHIISV,"MRKLSDELLIESYFKATEMN-NRDFIELIENEIKRRSLGHIISV
MRKLSDELLIESYFKATEMNLNRDFIELIENEIKRRSLGHIISV",209,None,'L' deleted in '21',0,1
111,-1.413592278,0,MRKLSDELLIESYFKATENLNRDFIELIENEIKRRSLGHIISV,"MRKLSDELLIESYFKATE-NLNRDFIELIENEIKRRSLGHIISV
MRKLSDELLIESYFKATEMNLNRDFIELIENEIKRRSLGHIISV",208,None,'M' deleted in '19',0,1
113,-1.201356861,0,MRKLSDELLIESYFKATMNLNRDFIELIENEIKRRSLGHIISV,"MRKLSDELLIESYFKAT-MNLNRDFIELIENEIKRRSLGHIISV
MRKLSDELLIESYFKATEMNLNRDFIELIENEIKRRSLGHIISV",208,None,'E' deleted in '18',0,1
115,-2.199359865,0,MRKLSDELLIESYFKTEMNLNRDFIELIENEIKRRSLGHIISV,"MRKLSDELLIESYFK-TEMNLNRDFIELIENEIKRRSLGHIISV
MRKLSDELLIESYFKATEMNLNRDFIELIENEIKRRSLGHIISV",209,None,'A' deleted in '16',0,1
117,-2.57810793,0,MRKLSDELLIESYKATEMNLNRDFIELIENEIKRRSLGHIISV,"MRKLSDELLIESY-KATEMNLNRDFIELIENEIKRRSLGHIISV
MRKLSDELLIESYFKATEMNLNRDFIELIENEIKRRSLGHIISV",207,None,'F' deleted in '14',0,1
118,-1.894851727,0,MRKLSDELLIEYFKATEMNLNRDFIELIENEIKRRSLGHIISV,"MRKLSDELLIE-YFKATEMNLNRDFIELIENEIKRRSLGHIISV
MRKLSDELLIESYFKATEMNLNRDFIELIENEIKRRSLGHIISV",209,None,'S' deleted in '12',0,1
120,-2.002546457,0,MRKLSDELLISYFKATEMNLNRDFIELIENEIKRRSLGHIISV,"MRKLSDELLI-SYFKATEMNLNRDFIELIENEIKRRSLGHIISV
MRKLSDELLIESYFKATEMNLNRDFIELIENEIKRRSLGHIISV",208,None,'E' deleted in '11',0,1
122,-2.277194322,0,MRKLSDLLIESYFKATEMNLNRDFIELIENEIKRRSLGHIISV,"MRKLSD-LLIESYFKATEMNLNRDFIELIENEIKRRSLGHIISV
MRKLSDELLIESYFKATEMNLNRDFIELIENEIKRRSLGHIISV",208,None,'E' deleted in '7',0,1
123,-2.42985415,0,MRKLSELLIESYFKATEMNLNRDFIELIENEIKRRSLGHIISV,"MRKLS-ELLIESYFKATEMNLNRDFIELIENEIKRRSLGHIISV
MRKLSDELLIESYFKATEMNLNRDFIELIENEIKRRSLGHIISV",207,None,'D' deleted in '6',0,1
125,-1.91566169,0,MRKSDELLIESYFKATEMNLNRDFIELIENEIKRRSLGHIISV,"MRK-SDELLIESYFKATEMNLNRDFIELIENEIKRRSLGHIISV
MRKLSDELLIESYFKATEMNLNRDFIELIENEIKRRSLGHIISV",209,None,'L' deleted in '4',0,1
126,-0.523623097,1,MRLSDELLIESYFKATEMNLNRDFIELIENEIKRRSLGHIISV,"MR-LSDELLIESYFKATEMNLNRDFIELIENEIKRRSLGHIISV
MRKLSDELLIESYFKATEMNLNRDFIELIENEIKRRSLGHIISV",208,None,'K' deleted in '3',0,1
127,-1.153743576,0,RKLSDELLIESYFKATEMNLNRDFIELIENEIKRRSLGHIISV,"RKLSDELLIESYFKATEMNLNRDFIELIENEIKRRSLGHIISV
RKLSDELLIESYFKATEMNLNRDFIELIENEIKRRSLGHIISV",208,None,None,0,0
