ID,DMS_Score,DMS_Score_Bin,mutated_sequence,Alignment,Align_score,Insertions,Deletions,NumberOfInsertionSites,NumberOfDeletionSites
4,-0.100318061,1,RAPMNAFMVWARIHRPALAKANPAANNAEISVQLGLEWNKLSEEQKKPYYDEAQKIKE,"RAPMNAFMVWARIHRPALAKANPAANNAEISVQLGLEWNKLSEEQKKPYYDEAQKIKE
R-PMNAFMVWARIHRPALAKANPAANNAEISVQLGLEWNKLSEEQKKPYYDEAQKIKE",298,'A' inserted at '2',None,1,0
5,0.022081104,1,RGPMNAFMVWARIHRPALAKANPAANNAEISVQLGLEWNKLSEEQKKPYYDEAQKIKE,"RGPMNAFMVWARIHRPALAKANPAANNAEISVQLGLEWNKLSEEQKKPYYDEAQKIKE
R-PMNAFMVWARIHRPALAKANPAANNAEISVQLGLEWNKLSEEQKKPYYDEAQKIKE",298,'G' inserted at '2',None,1,0
7,0.112568978,1,RPAMNAFMVWARIHRPALAKANPAANNAEISVQLGLEWNKLSEEQKKPYYDEAQKIKE,"RPAMNAFMVWARIHRPALAKANPAANNAEISVQLGLEWNKLSEEQKKPYYDEAQKIKE
RP-MNAFMVWARIHRPALAKANPAANNAEISVQLGLEWNKLSEEQKKPYYDEAQKIKE",298,'A' inserted at '3',None,1,0
8,-0.035452715,1,RPGMNAFMVWARIHRPALAKANPAANNAEISVQLGLEWNKLSEEQKKPYYDEAQKIKE,"RPGMNAFMVWARIHRPALAKANPAANNAEISVQLGLEWNKLSEEQKKPYYDEAQKIKE
RP-MNAFMVWARIHRPALAKANPAANNAEISVQLGLEWNKLSEEQKKPYYDEAQKIKE",298,'G' inserted at '3',None,1,0
10,-0.223666574,1,RPMANAFMVWARIHRPALAKANPAANNAEISVQLGLEWNKLSEEQKKPYYDEAQKIKE,"RPMANAFMVWARIHRPALAKANPAANNAEISVQLGLEWNKLSEEQKKPYYDEAQKIKE
RPM-NAFMVWARIHRPALAKANPAANNAEISVQLGLEWNKLSEEQKKPYYDEAQKIKE",298,'A' inserted at '4',None,1,0
11,-0.412633964,0,RPMGNAFMVWARIHRPALAKANPAANNAEISVQLGLEWNKLSEEQKKPYYDEAQKIKE,"RPMGNAFMVWARIHRPALAKANPAANNAEISVQLGLEWNKLSEEQKKPYYDEAQKIKE
RPM-NAFMVWARIHRPALAKANPAANNAEISVQLGLEWNKLSEEQKKPYYDEAQKIKE",298,'G' inserted at '4',None,1,0
12,-0.149679545,1,RPMNAAFMVWARIHRPALAKANPAANNAEISVQLGLEWNKLSEEQKKPYYDEAQKIKE,"RPMNAAFMVWARIHRPALAKANPAANNAEISVQLGLEWNKLSEEQKKPYYDEAQKIKE
RPMNA-FMVWARIHRPALAKANPAANNAEISVQLGLEWNKLSEEQKKPYYDEAQKIKE",298,'A' inserted at '6',None,1,0
13,-3.456332968,0,RPMNAFMVWAARIHRPALAKANPAANNAEISVQLGLEWNKLSEEQKKPYYDEAQKIKE,"RPMNAFMVWAARIHRPALAKANPAANNAEISVQLGLEWNKLSEEQKKPYYDEAQKIKE
RPMNAFMVWA-RIHRPALAKANPAANNAEISVQLGLEWNKLSEEQKKPYYDEAQKIKE",298,'A' inserted at '11',None,1,0
14,-3.691179968,0,RPMNAFMVWARAIHRPALAKANPAANNAEISVQLGLEWNKLSEEQKKPYYDEAQKIKE,"RPMNAFMVWARAIHRPALAKANPAANNAEISVQLGLEWNKLSEEQKKPYYDEAQKIKE
RPMNAFMVWAR-IHRPALAKANPAANNAEISVQLGLEWNKLSEEQKKPYYDEAQKIKE",298,'A' inserted at '12',None,1,0
15,-2.14894874,0,RPMNAFMVWARIHARPALAKANPAANNAEISVQLGLEWNKLSEEQKKPYYDEAQKIKE,"RPMNAFMVWARIHARPALAKANPAANNAEISVQLGLEWNKLSEEQKKPYYDEAQKIKE
RPMNAFMVWARIH-RPALAKANPAANNAEISVQLGLEWNKLSEEQKKPYYDEAQKIKE",298,'A' inserted at '14',None,1,0
16,-1.522016284,0,RPMNAFMVWARIHGRPALAKANPAANNAEISVQLGLEWNKLSEEQKKPYYDEAQKIKE,"RPMNAFMVWARIHGRPALAKANPAANNAEISVQLGLEWNKLSEEQKKPYYDEAQKIKE
RPMNAFMVWARIH-RPALAKANPAANNAEISVQLGLEWNKLSEEQKKPYYDEAQKIKE",298,'G' inserted at '14',None,1,0
19,-2.213478375,0,RPMNAFMVWARIHRAPALAKANPAANNAEISVQLGLEWNKLSEEQKKPYYDEAQKIKE,"RPMNAFMVWARIHRAPALAKANPAANNAEISVQLGLEWNKLSEEQKKPYYDEAQKIKE
RPMNAFMVWARIHR-PALAKANPAANNAEISVQLGLEWNKLSEEQKKPYYDEAQKIKE",298,'A' inserted at '15',None,1,0
20,-2.192165137,0,RPMNAFMVWARIHRGPALAKANPAANNAEISVQLGLEWNKLSEEQKKPYYDEAQKIKE,"RPMNAFMVWARIHRGPALAKANPAANNAEISVQLGLEWNKLSEEQKKPYYDEAQKIKE
RPMNAFMVWARIHR-PALAKANPAANNAEISVQLGLEWNKLSEEQKKPYYDEAQKIKE",298,'G' inserted at '15',None,1,0
22,-2.040530349,0,RPMNAFMVWARIHRPAALAKANPAANNAEISVQLGLEWNKLSEEQKKPYYDEAQKIKE,"RPMNAFMVWARIHRPAALAKANPAANNAEISVQLGLEWNKLSEEQKKPYYDEAQKIKE
RPMNAFMVWARIHRPA-LAKANPAANNAEISVQLGLEWNKLSEEQKKPYYDEAQKIKE",298,'A' inserted at '17',None,1,0
23,-3.092085249,0,RPMNAFMVWARIHRPAGLAKANPAANNAEISVQLGLEWNKLSEEQKKPYYDEAQKIKE,"RPMNAFMVWARIHRPAGLAKANPAANNAEISVQLGLEWNKLSEEQKKPYYDEAQKIKE
RPMNAFMVWARIHRPA-LAKANPAANNAEISVQLGLEWNKLSEEQKKPYYDEAQKIKE",298,'G' inserted at '17',None,1,0
24,-1.517532067,0,RPMNAFMVWARIHRPALAAKANPAANNAEISVQLGLEWNKLSEEQKKPYYDEAQKIKE,"RPMNAFMVWARIHRPALAAKANPAANNAEISVQLGLEWNKLSEEQKKPYYDEAQKIKE
RPMNAFMVWARIHRPALA-KANPAANNAEISVQLGLEWNKLSEEQKKPYYDEAQKIKE",298,'A' inserted at '19',None,1,0
26,-1.835409689,0,RPMNAFMVWARIHRPALAGKANPAANNAEISVQLGLEWNKLSEEQKKPYYDEAQKIKE,"RPMNAFMVWARIHRPALAGKANPAANNAEISVQLGLEWNKLSEEQKKPYYDEAQKIKE
RPMNAFMVWARIHRPALA-KANPAANNAEISVQLGLEWNKLSEEQKKPYYDEAQKIKE",298,'G' inserted at '19',None,1,0
27,-1.786545966,0,RPMNAFMVWARIHRPALAKAANPAANNAEISVQLGLEWNKLSEEQKKPYYDEAQKIKE,"RPMNAFMVWARIHRPALAKAANPAANNAEISVQLGLEWNKLSEEQKKPYYDEAQKIKE
RPMNAFMVWARIHRPALAKA-NPAANNAEISVQLGLEWNKLSEEQKKPYYDEAQKIKE",298,'A' inserted at '21',None,1,0
28,-1.884569864,0,RPMNAFMVWARIHRPALAKAGNPAANNAEISVQLGLEWNKLSEEQKKPYYDEAQKIKE,"RPMNAFMVWARIHRPALAKAGNPAANNAEISVQLGLEWNKLSEEQKKPYYDEAQKIKE
RPMNAFMVWARIHRPALAKA-NPAANNAEISVQLGLEWNKLSEEQKKPYYDEAQKIKE",298,'G' inserted at '21',None,1,0
30,-2.152423479,0,RPMNAFMVWARIHRPALAKANAPAANNAEISVQLGLEWNKLSEEQKKPYYDEAQKIKE,"RPMNAFMVWARIHRPALAKANAPAANNAEISVQLGLEWNKLSEEQKKPYYDEAQKIKE
RPMNAFMVWARIHRPALAKAN-PAANNAEISVQLGLEWNKLSEEQKKPYYDEAQKIKE",298,'A' inserted at '22',None,1,0
31,-1.385061406,0,RPMNAFMVWARIHRPALAKANGPAANNAEISVQLGLEWNKLSEEQKKPYYDEAQKIKE,"RPMNAFMVWARIHRPALAKANGPAANNAEISVQLGLEWNKLSEEQKKPYYDEAQKIKE
RPMNAFMVWARIHRPALAKAN-PAANNAEISVQLGLEWNKLSEEQKKPYYDEAQKIKE",298,'G' inserted at '22',None,1,0
32,-1.71408026,0,RPMNAFMVWARIHRPALAKANPAAANNAEISVQLGLEWNKLSEEQKKPYYDEAQKIKE,"RPMNAFMVWARIHRPALAKANPAAANNAEISVQLGLEWNKLSEEQKKPYYDEAQKIKE
RPMNAFMVWARIHRPALAKANPAA-NNAEISVQLGLEWNKLSEEQKKPYYDEAQKIKE",298,'A' inserted at '25',None,1,0
33,-1.884570775,0,RPMNAFMVWARIHRPALAKANPAAGNNAEISVQLGLEWNKLSEEQKKPYYDEAQKIKE,"RPMNAFMVWARIHRPALAKANPAAGNNAEISVQLGLEWNKLSEEQKKPYYDEAQKIKE
RPMNAFMVWARIHRPALAKANPAA-NNAEISVQLGLEWNKLSEEQKKPYYDEAQKIKE",298,'G' inserted at '25',None,1,0
35,-1.971558033,0,RPMNAFMVWARIHRPALAKANPAANANAEISVQLGLEWNKLSEEQKKPYYDEAQKIKE,"RPMNAFMVWARIHRPALAKANPAANANAEISVQLGLEWNKLSEEQKKPYYDEAQKIKE
RPMNAFMVWARIHRPALAKANPAAN-NAEISVQLGLEWNKLSEEQKKPYYDEAQKIKE",298,'A' inserted at '26',None,1,0
36,-1.87799634,0,RPMNAFMVWARIHRPALAKANPAANGNAEISVQLGLEWNKLSEEQKKPYYDEAQKIKE,"RPMNAFMVWARIHRPALAKANPAANGNAEISVQLGLEWNKLSEEQKKPYYDEAQKIKE
RPMNAFMVWARIHRPALAKANPAAN-NAEISVQLGLEWNKLSEEQKKPYYDEAQKIKE",298,'G' inserted at '26',None,1,0
37,-1.652597288,0,RPMNAFMVWARIHRPALAKANPAANNAAEISVQLGLEWNKLSEEQKKPYYDEAQKIKE,"RPMNAFMVWARIHRPALAKANPAANNAAEISVQLGLEWNKLSEEQKKPYYDEAQKIKE
RPMNAFMVWARIHRPALAKANPAANNA-EISVQLGLEWNKLSEEQKKPYYDEAQKIKE",298,'A' inserted at '28',None,1,0
38,-1.57364041,0,RPMNAFMVWARIHRPALAKANPAANNAEAISVQLGLEWNKLSEEQKKPYYDEAQKIKE,"RPMNAFMVWARIHRPALAKANPAANNAEAISVQLGLEWNKLSEEQKKPYYDEAQKIKE
RPMNAFMVWARIHRPALAKANPAANNAE-ISVQLGLEWNKLSEEQKKPYYDEAQKIKE",298,'A' inserted at '29',None,1,0
39,-2.149497542,0,RPMNAFMVWARIHRPALAKANPAANNAEGISVQLGLEWNKLSEEQKKPYYDEAQKIKE,"RPMNAFMVWARIHRPALAKANPAANNAEGISVQLGLEWNKLSEEQKKPYYDEAQKIKE
RPMNAFMVWARIHRPALAKANPAANNAE-ISVQLGLEWNKLSEEQKKPYYDEAQKIKE",298,'G' inserted at '29',None,1,0
40,-2.815574381,0,RPMNAFMVWARIHRPALAKANPAANNAEIASVQLGLEWNKLSEEQKKPYYDEAQKIKE,"RPMNAFMVWARIHRPALAKANPAANNAEIASVQLGLEWNKLSEEQKKPYYDEAQKIKE
RPMNAFMVWARIHRPALAKANPAANNAEI-SVQLGLEWNKLSEEQKKPYYDEAQKIKE",298,'A' inserted at '30',None,1,0
41,-2.967071695,0,RPMNAFMVWARIHRPALAKANPAANNAEIGSVQLGLEWNKLSEEQKKPYYDEAQKIKE,"RPMNAFMVWARIHRPALAKANPAANNAEIGSVQLGLEWNKLSEEQKKPYYDEAQKIKE
RPMNAFMVWARIHRPALAKANPAANNAEI-SVQLGLEWNKLSEEQKKPYYDEAQKIKE",298,'G' inserted at '30',None,1,0
42,-2.423828619,0,RPMNAFMVWARIHRPALAKANPAANNAEISAVQLGLEWNKLSEEQKKPYYDEAQKIKE,"RPMNAFMVWARIHRPALAKANPAANNAEISAVQLGLEWNKLSEEQKKPYYDEAQKIKE
RPMNAFMVWARIHRPALAKANPAANNAEIS-VQLGLEWNKLSEEQKKPYYDEAQKIKE",298,'A' inserted at '31',None,1,0
43,-3.43402417,0,RPMNAFMVWARIHRPALAKANPAANNAEISGVQLGLEWNKLSEEQKKPYYDEAQKIKE,"RPMNAFMVWARIHRPALAKANPAANNAEISGVQLGLEWNKLSEEQKKPYYDEAQKIKE
RPMNAFMVWARIHRPALAKANPAANNAEIS-VQLGLEWNKLSEEQKKPYYDEAQKIKE",298,'G' inserted at '31',None,1,0
45,-2.232088029,0,RPMNAFMVWARIHRPALAKANPAANNAEISVAQLGLEWNKLSEEQKKPYYDEAQKIKE,"RPMNAFMVWARIHRPALAKANPAANNAEISVAQLGLEWNKLSEEQKKPYYDEAQKIKE
RPMNAFMVWARIHRPALAKANPAANNAEISV-QLGLEWNKLSEEQKKPYYDEAQKIKE",298,'A' inserted at '32',None,1,0
46,-2.829430827,0,RPMNAFMVWARIHRPALAKANPAANNAEISVGQLGLEWNKLSEEQKKPYYDEAQKIKE,"RPMNAFMVWARIHRPALAKANPAANNAEISVGQLGLEWNKLSEEQKKPYYDEAQKIKE
RPMNAFMVWARIHRPALAKANPAANNAEISV-QLGLEWNKLSEEQKKPYYDEAQKIKE",298,'G' inserted at '32',None,1,0
48,-2.554905498,0,RPMNAFMVWARIHRPALAKANPAANNAEISVQALGLEWNKLSEEQKKPYYDEAQKIKE,"RPMNAFMVWARIHRPALAKANPAANNAEISVQALGLEWNKLSEEQKKPYYDEAQKIKE
RPMNAFMVWARIHRPALAKANPAANNAEISVQ-LGLEWNKLSEEQKKPYYDEAQKIKE",298,'A' inserted at '33',None,1,0
49,-3.353572789,0,RPMNAFMVWARIHRPALAKANPAANNAEISVQGLGLEWNKLSEEQKKPYYDEAQKIKE,"RPMNAFMVWARIHRPALAKANPAANNAEISVQGLGLEWNKLSEEQKKPYYDEAQKIKE
RPMNAFMVWARIHRPALAKANPAANNAEISVQ-LGLEWNKLSEEQKKPYYDEAQKIKE",298,'G' inserted at '33',None,1,0
51,-1.898254883,0,RPMNAFMVWARIHRPALAKANPAANNAEISVQLGLAEWNKLSEEQKKPYYDEAQKIKE,"RPMNAFMVWARIHRPALAKANPAANNAEISVQLGLAEWNKLSEEQKKPYYDEAQKIKE
RPMNAFMVWARIHRPALAKANPAANNAEISVQLGL-EWNKLSEEQKKPYYDEAQKIKE",298,'A' inserted at '36',None,1,0
52,-2.388207727,0,RPMNAFMVWARIHRPALAKANPAANNAEISVQLGLEAWNKLSEEQKKPYYDEAQKIKE,"RPMNAFMVWARIHRPALAKANPAANNAEISVQLGLEAWNKLSEEQKKPYYDEAQKIKE
RPMNAFMVWARIHRPALAKANPAANNAEISVQLGLE-WNKLSEEQKKPYYDEAQKIKE",298,'A' inserted at '37',None,1,0
53,-2.818568995,0,RPMNAFMVWARIHRPALAKANPAANNAEISVQLGLEWANKLSEEQKKPYYDEAQKIKE,"RPMNAFMVWARIHRPALAKANPAANNAEISVQLGLEWANKLSEEQKKPYYDEAQKIKE
RPMNAFMVWARIHRPALAKANPAANNAEISVQLGLEW-NKLSEEQKKPYYDEAQKIKE",298,'A' inserted at '38',None,1,0
54,-3.113279676,0,RPMNAFMVWARIHRPALAKANPAANNAEISVQLGLEWGNKLSEEQKKPYYDEAQKIKE,"RPMNAFMVWARIHRPALAKANPAANNAEISVQLGLEWGNKLSEEQKKPYYDEAQKIKE
RPMNAFMVWARIHRPALAKANPAANNAEISVQLGLEW-NKLSEEQKKPYYDEAQKIKE",298,'G' inserted at '38',None,1,0
55,-3.483416972,0,RPMNAFMVWARIHRPALAKANPAANNAEISVQLGLEWNKLSAEEQKKPYYDEAQKIKE,"RPMNAFMVWARIHRPALAKANPAANNAEISVQLGLEWNKLSAEEQKKPYYDEAQKIKE
RPMNAFMVWARIHRPALAKANPAANNAEISVQLGLEWNKLS-EEQKKPYYDEAQKIKE",298,'A' inserted at '42',None,1,0
56,-3.453212088,0,RPMNAFMVWARIHRPALAKANPAANNAEISVQLGLEWNKLSEEQGKKPYYDEAQKIKE,"RPMNAFMVWARIHRPALAKANPAANNAEISVQLGLEWNKLSEEQGKKPYYDEAQKIKE
RPMNAFMVWARIHRPALAKANPAANNAEISVQLGLEWNKLSEEQ-KKPYYDEAQKIKE",298,'G' inserted at '45',None,1,0
57,-3.128402641,0,RPMNAFMVWARIHRPALAKANPAANNAEISVQLGLEWNKLSEEQKAKPYYDEAQKIKE,"RPMNAFMVWARIHRPALAKANPAANNAEISVQLGLEWNKLSEEQKAKPYYDEAQKIKE
RPMNAFMVWARIHRPALAKANPAANNAEISVQLGLEWNKLSEEQK-KPYYDEAQKIKE",298,'A' inserted at '46',None,1,0
58,-2.794683726,0,RPMNAFMVWARIHRPALAKANPAANNAEISVQLGLEWNKLSEEQKKGPYYDEAQKIKE,"RPMNAFMVWARIHRPALAKANPAANNAEISVQLGLEWNKLSEEQKKGPYYDEAQKIKE
RPMNAFMVWARIHRPALAKANPAANNAEISVQLGLEWNKLSEEQKK-PYYDEAQKIKE",298,'G' inserted at '47',None,1,0
59,-2.231832982,0,RPMNAFMVWARIHRPALAKANPAANNAEISVQLGLEWNKLSEEQKKPYAYDEAQKIKE,"RPMNAFMVWARIHRPALAKANPAANNAEISVQLGLEWNKLSEEQKKPYAYDEAQKIKE
RPMNAFMVWARIHRPALAKANPAANNAEISVQLGLEWNKLSEEQKKPY-YDEAQKIKE",298,'A' inserted at '49',None,1,0
61,-2.044609263,0,RPMNAFMVWARIHRPALAKANPAANNAEISVQLGLEWNKLSEEQKKPYGYDEAQKIKE,"RPMNAFMVWARIHRPALAKANPAANNAEISVQLGLEWNKLSEEQKKPYGYDEAQKIKE
RPMNAFMVWARIHRPALAKANPAANNAEISVQLGLEWNKLSEEQKKPY-YDEAQKIKE",298,'G' inserted at '49',None,1,0
62,-1.719284015,0,RPMNAFMVWARIHRPALAKANPAANNAEISVQLGLEWNKLSEEQKKPYYADEAQKIKE,"RPMNAFMVWARIHRPALAKANPAANNAEISVQLGLEWNKLSEEQKKPYYADEAQKIKE
RPMNAFMVWARIHRPALAKANPAANNAEISVQLGLEWNKLSEEQKKPYY-DEAQKIKE",298,'A' inserted at '50',None,1,0
63,-1.411704849,0,RPMNAFMVWARIHRPALAKANPAANNAEISVQLGLEWNKLSEEQKKPYYDAEAQKIKE,"RPMNAFMVWARIHRPALAKANPAANNAEISVQLGLEWNKLSEEQKKPYYDAEAQKIKE
RPMNAFMVWARIHRPALAKANPAANNAEISVQLGLEWNKLSEEQKKPYYD-EAQKIKE",298,'A' inserted at '51',None,1,0
65,-0.541614559,0,RPMNAFMVWARIHRPALAKANPAANNAEISVQLGLEWNKLSEEQKKPYYDEAAQKIKE,"RPMNAFMVWARIHRPALAKANPAANNAEISVQLGLEWNKLSEEQKKPYYDEAAQKIKE
RPMNAFMVWARIHRPALAKANPAANNAEISVQLGLEWNKLSEEQKKPYYDEA-QKIKE",298,'A' inserted at '53',None,1,0
66,-0.936936813,0,RPMNAFMVWARIHRPALAKANPAANNAEISVQLGLEWNKLSEEQKKPYYDEAGQKIKE,"RPMNAFMVWARIHRPALAKANPAANNAEISVQLGLEWNKLSEEQKKPYYDEAGQKIKE
RPMNAFMVWARIHRPALAKANPAANNAEISVQLGLEWNKLSEEQKKPYYDEA-QKIKE",298,'G' inserted at '53',None,1,0
68,-0.684102175,0,RPMNAFMVWARIHRPALAKANPAANNAEISVQLGLEWNKLSEEQKKPYYDEAQAKIKE,"RPMNAFMVWARIHRPALAKANPAANNAEISVQLGLEWNKLSEEQKKPYYDEAQAKIKE
RPMNAFMVWARIHRPALAKANPAANNAEISVQLGLEWNKLSEEQKKPYYDEAQ-KIKE",298,'A' inserted at '54',None,1,0
69,-0.875382973,0,RPMNAFMVWARIHRPALAKANPAANNAEISVQLGLEWNKLSEEQKKPYYDEAQGKIKE,"RPMNAFMVWARIHRPALAKANPAANNAEISVQLGLEWNKLSEEQKKPYYDEAQGKIKE
RPMNAFMVWARIHRPALAKANPAANNAEISVQLGLEWNKLSEEQKKPYYDEAQ-KIKE",298,'G' inserted at '54',None,1,0
71,-0.578585824,0,RPMNAFMVWARIHRPALAKANPAANNAEISVQLGLEWNKLSEEQKKPYYDEAQKAIKE,"RPMNAFMVWARIHRPALAKANPAANNAEISVQLGLEWNKLSEEQKKPYYDEAQKAIKE
RPMNAFMVWARIHRPALAKANPAANNAEISVQLGLEWNKLSEEQKKPYYDEAQK-IKE",298,'A' inserted at '55',None,1,0
72,-0.601795105,0,RPMNAFMVWARIHRPALAKANPAANNAEISVQLGLEWNKLSEEQKKPYYDEAQKGIKE,"RPMNAFMVWARIHRPALAKANPAANNAEISVQLGLEWNKLSEEQKKPYYDEAQKGIKE
RPMNAFMVWARIHRPALAKANPAANNAEISVQLGLEWNKLSEEQKKPYYDEAQK-IKE",298,'G' inserted at '55',None,1,0
73,-0.091774283,1,RPMNAFMVWARIHRPALAKANPAANNAEISVQLGLEWNKLSEEQKKPYYDEAQKIAKE,"RPMNAFMVWARIHRPALAKANPAANNAEISVQLGLEWNKLSEEQKKPYYDEAQKIAKE
RPMNAFMVWARIHRPALAKANPAANNAEISVQLGLEWNKLSEEQKKPYYDEAQKI-KE",298,'A' inserted at '56',None,1,0
75,-0.214702838,1,RPMNAFMVWARIHRPALAKANPAANNAEISVQLGLEWNKLSEEQKKPYYDEAQKIGKE,"RPMNAFMVWARIHRPALAKANPAANNAEISVQLGLEWNKLSEEQKKPYYDEAQKIGKE
RPMNAFMVWARIHRPALAKANPAANNAEISVQLGLEWNKLSEEQKKPYYDEAQKI-KE",298,'G' inserted at '56',None,1,0
77,0.019125545,1,RPMNAFMVWARIHRPALAKANPAANNAEISVQLGLEWNKLSEEQKKPYYDEAQKIKAE,"RPMNAFMVWARIHRPALAKANPAANNAEISVQLGLEWNKLSEEQKKPYYDEAQKIKAE
RPMNAFMVWARIHRPALAKANPAANNAEISVQLGLEWNKLSEEQKKPYYDEAQKIK-E",298,'A' inserted at '57',None,1,0
78,-0.149600779,1,RPMNAFMVWARIHRPALAKANPAANNAEISVQLGLEWNKLSEEQKKPYYDEAQKIKGE,"RPMNAFMVWARIHRPALAKANPAANNAEISVQLGLEWNKLSEEQKKPYYDEAQKIKGE
RPMNAFMVWARIHRPALAKANPAANNAEISVQLGLEWNKLSEEQKKPYYDEAQKIK-E",298,'G' inserted at '57',None,1,0
80,-1.711659597,0,RPMNAFMVWARIHRPALAKANPAANNAEISVQLGLEWNKLSEEQKKPYYDEGAQKIKE,"RPMNAFMVWARIHRPALAKANPAANNAEISVQLGLEWNKLSEEQKKPYYDEGAQKIKE
RPMNAFMVWARIHRPALAKANPAANNAEISVQLGLEWNKLSEEQKKPYYDE-AQKIKE",298,'G' inserted at '52',None,1,0
82,-1.586610655,0,RPMNAFMVWARIHRPALAKANPAANNAEISVQLGLEWNKLSEEQKKPYYDGEAQKIKE,"RPMNAFMVWARIHRPALAKANPAANNAEISVQLGLEWNKLSEEQKKPYYDGEAQKIKE
RPMNAFMVWARIHRPALAKANPAANNAEISVQLGLEWNKLSEEQKKPYYD-EAQKIKE",298,'G' inserted at '51',None,1,0
84,-1.854965622,0,RPMNAFMVWARIHRPALAKANPAANNAEISVQLGLEWNKLSEEQKKPYYGDEAQKIKE,"RPMNAFMVWARIHRPALAKANPAANNAEISVQLGLEWNKLSEEQKKPYYGDEAQKIKE
RPMNAFMVWARIHRPALAKANPAANNAEISVQLGLEWNKLSEEQKKPYY-DEAQKIKE",298,'G' inserted at '50',None,1,0
87,-2.706560757,0,RPMNAFMVWARIHRPALAKANPAANNAEISVQLGLGEWNKLSEEQKKPYYDEAQKIKE,"RPMNAFMVWARIHRPALAKANPAANNAEISVQLGLGEWNKLSEEQKKPYYDEAQKIKE
RPMNAFMVWARIHRPALAKANPAANNAEISVQLGL-EWNKLSEEQKKPYYDEAQKIKE",298,'G' inserted at '36',None,1,0
92,-1.862248641,0,RPMNAFMVWARIHRPALAKANPAANNAGEISVQLGLEWNKLSEEQKKPYYDEAQKIKE,"RPMNAFMVWARIHRPALAKANPAANNAGEISVQLGLEWNKLSEEQKKPYYDEAQKIKE
RPMNAFMVWARIHRPALAKANPAANNA-EISVQLGLEWNKLSEEQKKPYYDEAQKIKE",298,'G' inserted at '28',None,1,0
95,-1.746971069,0,RPMNAFMVWARIHRPALAKANPAANNGAEISVQLGLEWNKLSEEQKKPYYDEAQKIKE,"RPMNAFMVWARIHRPALAKANPAANNGAEISVQLGLEWNKLSEEQKKPYYDEAQKIKE
RPMNAFMVWARIHRPALAKANPAANN-AEISVQLGLEWNKLSEEQKKPYYDEAQKIKE",298,'G' inserted at '27',None,1,0
96,-1.527338557,0,RPMNAFMVWARIHRPALAKANPAGANNAEISVQLGLEWNKLSEEQKKPYYDEAQKIKE,"RPMNAFMVWARIHRPALAKANPAGANNAEISVQLGLEWNKLSEEQKKPYYDEAQKIKE
RPMNAFMVWARIHRPALAKANPA-ANNAEISVQLGLEWNKLSEEQKKPYYDEAQKIKE",298,'G' inserted at '24',None,1,0
98,-1.452084272,0,RPMNAFMVWARIHRPALAKANPGAANNAEISVQLGLEWNKLSEEQKKPYYDEAQKIKE,"RPMNAFMVWARIHRPALAKANPGAANNAEISVQLGLEWNKLSEEQKKPYYDEAQKIKE
RPMNAFMVWARIHRPALAKANP-AANNAEISVQLGLEWNKLSEEQKKPYYDEAQKIKE",298,'G' inserted at '23',None,1,0
100,-1.84704878,0,RPMNAFMVWARIHRPALAKGANPAANNAEISVQLGLEWNKLSEEQKKPYYDEAQKIKE,"RPMNAFMVWARIHRPALAKGANPAANNAEISVQLGLEWNKLSEEQKKPYYDEAQKIKE
RPMNAFMVWARIHRPALAK-ANPAANNAEISVQLGLEWNKLSEEQKKPYYDEAQKIKE",298,'G' inserted at '20',None,1,0
102,-2.383459376,0,RPMNAFMVWARIHRPALGAKANPAANNAEISVQLGLEWNKLSEEQKKPYYDEAQKIKE,"RPMNAFMVWARIHRPALGAKANPAANNAEISVQLGLEWNKLSEEQKKPYYDEAQKIKE
RPMNAFMVWARIHRPAL-AKANPAANNAEISVQLGLEWNKLSEEQKKPYYDEAQKIKE",298,'G' inserted at '18',None,1,0
104,-2.025528021,0,RPMNAFMVWARIHRPGALAKANPAANNAEISVQLGLEWNKLSEEQKKPYYDEAQKIKE,"RPMNAFMVWARIHRPGALAKANPAANNAEISVQLGLEWNKLSEEQKKPYYDEAQKIKE
RPMNAFMVWARIHRP-ALAKANPAANNAEISVQLGLEWNKLSEEQKKPYYDEAQKIKE",298,'G' inserted at '16',None,1,0
106,-0.352691162,0,RPMNAGFMVWARIHRPALAKANPAANNAEISVQLGLEWNKLSEEQKKPYYDEAQKIKE,"RPMNAGFMVWARIHRPALAKANPAANNAEISVQLGLEWNKLSEEQKKPYYDEAQKIKE
RPMNA-FMVWARIHRPALAKANPAANNAEISVQLGLEWNKLSEEQKKPYYDEAQKIKE",298,'G' inserted at '6',None,1,0
108,-0.212499337,1,RPMNGAFMVWARIHRPALAKANPAANNAEISVQLGLEWNKLSEEQKKPYYDEAQKIKE,"RPMNGAFMVWARIHRPALAKANPAANNAEISVQLGLEWNKLSEEQKKPYYDEAQKIKE
RPMN-AFMVWARIHRPALAKANPAANNAEISVQLGLEWNKLSEEQKKPYYDEAQKIKE",298,'G' inserted at '5',None,1,0
1,0.112129045,1,ARPMNAFMVWARIHRPALAKANPAANNAEISVQLGLEWNKLSEEQKKPYYDEAQKIKE,"RPMNAFMVWARIHRPALAKANPAANNAEISVQLGLEWNKLSEEQKKPYYDEAQKIKE
RPMNAFMVWARIHRPALAKANPAANNAEISVQLGLEWNKLSEEQKKPYYDEAQKIKE",298,None,None,0,0
2,0.03494911,1,GRPMNAFMVWARIHRPALAKANPAANNAEISVQLGLEWNKLSEEQKKPYYDEAQKIKE,"RPMNAFMVWARIHRPALAKANPAANNAEISVQLGLEWNKLSEEQKKPYYDEAQKIKE
RPMNAFMVWARIHRPALAKANPAANNAEISVQLGLEWNKLSEEQKKPYYDEAQKIKE",298,None,None,0,0
3,0.119050182,1,PMNAFMVWARIHRPALAKANPAANNAEISVQLGLEWNKLSEEQKKPYYDEAQKIKE,"PMNAFMVWARIHRPALAKANPAANNAEISVQLGLEWNKLSEEQKKPYYDEAQKIKE
PMNAFMVWARIHRPALAKANPAANNAEISVQLGLEWNKLSEEQKKPYYDEAQKIKE",293,None,None,0,0
6,0.117398249,1,RMNAFMVWARIHRPALAKANPAANNAEISVQLGLEWNKLSEEQKKPYYDEAQKIKE,"R-MNAFMVWARIHRPALAKANPAANNAEISVQLGLEWNKLSEEQKKPYYDEAQKIKE
RPMNAFMVWARIHRPALAKANPAANNAEISVQLGLEWNKLSEEQKKPYYDEAQKIKE",291,None,'P' deleted in '2',0,1
9,-0.307962397,1,RPMAFMVWARIHRPALAKANPAANNAEISVQLGLEWNKLSEEQKKPYYDEAQKIKE,"RPM-AFMVWARIHRPALAKANPAANNAEISVQLGLEWNKLSEEQKKPYYDEAQKIKE
RPMNAFMVWARIHRPALAKANPAANNAEISVQLGLEWNKLSEEQKKPYYDEAQKIKE",292,None,'N' deleted in '4',0,1
17,-2.608782449,0,RPMNAFMVWARIHPALAKANPAANNAEISVQLGLEWNKLSEEQKKPYYDEAQKIKE,"RPMNAFMVWARIH-PALAKANPAANNAEISVQLGLEWNKLSEEQKKPYYDEAQKIKE
RPMNAFMVWARIHRPALAKANPAANNAEISVQLGLEWNKLSEEQKKPYYDEAQKIKE",293,None,'R' deleted in '14',0,1
18,-1.690900999,0,RPMNAFMVWARIHRALAKANPAANNAEISVQLGLEWNKLSEEQKKPYYDEAQKIKE,"RPMNAFMVWARIHR-ALAKANPAANNAEISVQLGLEWNKLSEEQKKPYYDEAQKIKE
RPMNAFMVWARIHRPALAKANPAANNAEISVQLGLEWNKLSEEQKKPYYDEAQKIKE",291,None,'P' deleted in '15',0,1
21,-2.809826028,0,RPMNAFMVWARIHRPAAKANPAANNAEISVQLGLEWNKLSEEQKKPYYDEAQKIKE,"RPMNAFMVWARIHRPA-AKANPAANNAEISVQLGLEWNKLSEEQKKPYYDEAQKIKE
RPMNAFMVWARIHRPALAKANPAANNAEISVQLGLEWNKLSEEQKKPYYDEAQKIKE",294,None,'L' deleted in '17',0,1
25,-1.599328368,0,RPMNAFMVWARIHRPALAANPAANNAEISVQLGLEWNKLSEEQKKPYYDEAQKIKE,"RPMNAFMVWARIHRPALA-ANPAANNAEISVQLGLEWNKLSEEQKKPYYDEAQKIKE
RPMNAFMVWARIHRPALAKANPAANNAEISVQLGLEWNKLSEEQKKPYYDEAQKIKE",293,None,'K' deleted in '19',0,1
29,-1.57197969,0,RPMNAFMVWARIHRPALAKANAANNAEISVQLGLEWNKLSEEQKKPYYDEAQKIKE,"RPMNAFMVWARIHRPALAKAN-AANNAEISVQLGLEWNKLSEEQKKPYYDEAQKIKE
RPMNAFMVWARIHRPALAKANPAANNAEISVQLGLEWNKLSEEQKKPYYDEAQKIKE",291,None,'P' deleted in '22',0,1
34,-1.85745074,0,RPMNAFMVWARIHRPALAKANPAANAEISVQLGLEWNKLSEEQKKPYYDEAQKIKE,"RPMNAFMVWARIHRPALAKANPAAN-AEISVQLGLEWNKLSEEQKKPYYDEAQKIKE
RPMNAFMVWARIHRPALAKANPAANNAEISVQLGLEWNKLSEEQKKPYYDEAQKIKE",292,None,'N' deleted in '26',0,1
44,-2.302106597,0,RPMNAFMVWARIHRPALAKANPAANNAEISQLGLEWNKLSEEQKKPYYDEAQKIKE,"RPMNAFMVWARIHRPALAKANPAANNAEIS-QLGLEWNKLSEEQKKPYYDEAQKIKE
RPMNAFMVWARIHRPALAKANPAANNAEISVQLGLEWNKLSEEQKKPYYDEAQKIKE",294,None,'V' deleted in '31',0,1
47,-2.666340215,0,RPMNAFMVWARIHRPALAKANPAANNAEISVLGLEWNKLSEEQKKPYYDEAQKIKE,"RPMNAFMVWARIHRPALAKANPAANNAEISV-LGLEWNKLSEEQKKPYYDEAQKIKE
RPMNAFMVWARIHRPALAKANPAANNAEISVQLGLEWNKLSEEQKKPYYDEAQKIKE",293,None,'Q' deleted in '32',0,1
50,-2.828516698,0,RPMNAFMVWARIHRPALAKANPAANNAEISVQLGEWNKLSEEQKKPYYDEAQKIKE,"RPMNAFMVWARIHRPALAKANPAANNAEISVQLG-EWNKLSEEQKKPYYDEAQKIKE
RPMNAFMVWARIHRPALAKANPAANNAEISVQLGLEWNKLSEEQKKPYYDEAQKIKE",294,None,'L' deleted in '35',0,1
60,-2.485161217,0,RPMNAFMVWARIHRPALAKANPAANNAEISVQLGLEWNKLSEEQKKPYDEAQKIKE,"RPMNAFMVWARIHRPALAKANPAANNAEISVQLGLEWNKLSEEQKKPY-DEAQKIKE
RPMNAFMVWARIHRPALAKANPAANNAEISVQLGLEWNKLSEEQKKPYYDEAQKIKE",291,None,'Y' deleted in '49',0,1
64,-1.400522743,0,RPMNAFMVWARIHRPALAKANPAANNAEISVQLGLEWNKLSEEQKKPYYDAQKIKE,"RPMNAFMVWARIHRPALAKANPAANNAEISVQLGLEWNKLSEEQKKPYYD-AQKIKE
RPMNAFMVWARIHRPALAKANPAANNAEISVQLGLEWNKLSEEQKKPYYDEAQKIKE",293,None,'E' deleted in '51',0,1
67,-0.825348637,0,RPMNAFMVWARIHRPALAKANPAANNAEISVQLGLEWNKLSEEQKKPYYDEAKIKE,"RPMNAFMVWARIHRPALAKANPAANNAEISVQLGLEWNKLSEEQKKPYYDEA-KIKE
RPMNAFMVWARIHRPALAKANPAANNAEISVQLGLEWNKLSEEQKKPYYDEAQKIKE",293,None,'Q' deleted in '53',0,1
70,-0.807906419,0,RPMNAFMVWARIHRPALAKANPAANNAEISVQLGLEWNKLSEEQKKPYYDEAQIKE,"RPMNAFMVWARIHRPALAKANPAANNAEISVQLGLEWNKLSEEQKKPYYDEAQ-IKE
RPMNAFMVWARIHRPALAKANPAANNAEISVQLGLEWNKLSEEQKKPYYDEAQKIKE",293,None,'K' deleted in '54',0,1
74,-0.177013025,1,RPMNAFMVWARIHRPALAKANPAANNAEISVQLGLEWNKLSEEQKKPYYDEAQKIE,"RPMNAFMVWARIHRPALAKANPAANNAEISVQLGLEWNKLSEEQKKPYYDEAQKI-E
RPMNAFMVWARIHRPALAKANPAANNAEISVQLGLEWNKLSEEQKKPYYDEAQKIKE",293,None,'K' deleted in '56',0,1
76,-0.275352021,1,RPMNAFMVWARIHRPALAKANPAANNAEISVQLGLEWNKLSEEQKKPYYDEAQKIK,"RPMNAFMVWARIHRPALAKANPAANNAEISVQLGLEWNKLSEEQKKPYYDEAQKIK
RPMNAFMVWARIHRPALAKANPAANNAEISVQLGLEWNKLSEEQKKPYYDEAQKIK",293,None,None,0,0
79,-0.658964818,0,RPMNAFMVWARIHRPALAKANPAANNAEISVQLGLEWNKLSEEQKKPYYDEAQKKE,"RPMNAFMVWARIHRPALAKANPAANNAEISVQLGLEWNKLSEEQKKPYYDEAQK-KE
RPMNAFMVWARIHRPALAKANPAANNAEISVQLGLEWNKLSEEQKKPYYDEAQKIKE",294,None,'I' deleted in '55',0,1
81,-1.574649376,0,RPMNAFMVWARIHRPALAKANPAANNAEISVQLGLEWNKLSEEQKKPYYDEQKIKE,"RPMNAFMVWARIHRPALAKANPAANNAEISVQLGLEWNKLSEEQKKPYYDE-QKIKE
RPMNAFMVWARIHRPALAKANPAANNAEISVQLGLEWNKLSEEQKKPYYDEAQKIKE",294,None,'A' deleted in '52',0,1
83,-1.338671017,0,RPMNAFMVWARIHRPALAKANPAANNAEISVQLGLEWNKLSEEQKKPYYEAQKIKE,"RPMNAFMVWARIHRPALAKANPAANNAEISVQLGLEWNKLSEEQKKPYY-EAQKIKE
RPMNAFMVWARIHRPALAKANPAANNAEISVQLGLEWNKLSEEQKKPYYDEAQKIKE",292,None,'D' deleted in '50',0,1
85,-2.110703947,0,RPMNAFMVWARIHRPALAKANPAANNAEISVQLGLEWNKLSEEQKKYYDEAQKIKE,"RPMNAFMVWARIHRPALAKANPAANNAEISVQLGLEWNKLSEEQKK-YYDEAQKIKE
RPMNAFMVWARIHRPALAKANPAANNAEISVQLGLEWNKLSEEQKKPYYDEAQKIKE",291,None,'P' deleted in '47',0,1
86,-3.805903542,0,RPMNAFMVWARIHRPALAKANPAANNAEISVQLGLEWNKSEEQKKPYYDEAQKIKE,"RPMNAFMVWARIHRPALAKANPAANNAEISVQLGLEWNK-SEEQKKPYYDEAQKIKE
RPMNAFMVWARIHRPALAKANPAANNAEISVQLGLEWNKLSEEQKKPYYDEAQKIKE",294,None,'L' deleted in '40',0,1
88,-2.53679421,0,RPMNAFMVWARIHRPALAKANPAANNAEISVQLGLWNKLSEEQKKPYYDEAQKIKE,"RPMNAFMVWARIHRPALAKANPAANNAEISVQLGL-WNKLSEEQKKPYYDEAQKIKE
RPMNAFMVWARIHRPALAKANPAANNAEISVQLGLEWNKLSEEQKKPYYDEAQKIKE",293,None,'E' deleted in '36',0,1
89,-2.216126023,0,RPMNAFMVWARIHRPALAKANPAANNAEISVQLLEWNKLSEEQKKPYYDEAQKIKE,"RPMNAFMVWARIHRPALAKANPAANNAEISVQL-LEWNKLSEEQKKPYYDEAQKIKE
RPMNAFMVWARIHRPALAKANPAANNAEISVQLGLEWNKLSEEQKKPYYDEAQKIKE",292,None,'G' deleted in '34',0,1
90,-1.929206952,0,RPMNAFMVWARIHRPALAKANPAANNAEIVQLGLEWNKLSEEQKKPYYDEAQKIKE,"RPMNAFMVWARIHRPALAKANPAANNAEI-VQLGLEWNKLSEEQKKPYYDEAQKIKE
RPMNAFMVWARIHRPALAKANPAANNAEISVQLGLEWNKLSEEQKKPYYDEAQKIKE",294,None,'S' deleted in '30',0,1
91,-2.846139147,0,RPMNAFMVWARIHRPALAKANPAANNAESVQLGLEWNKLSEEQKKPYYDEAQKIKE,"RPMNAFMVWARIHRPALAKANPAANNAE-SVQLGLEWNKLSEEQKKPYYDEAQKIKE
RPMNAFMVWARIHRPALAKANPAANNAEISVQLGLEWNKLSEEQKKPYYDEAQKIKE",294,None,'I' deleted in '29',0,1
93,-2.038465521,0,RPMNAFMVWARIHRPALAKANPAANNAISVQLGLEWNKLSEEQKKPYYDEAQKIKE,"RPMNAFMVWARIHRPALAKANPAANNA-ISVQLGLEWNKLSEEQKKPYYDEAQKIKE
RPMNAFMVWARIHRPALAKANPAANNAEISVQLGLEWNKLSEEQKKPYYDEAQKIKE",293,None,'E' deleted in '28',0,1
94,-2.05373219,0,RPMNAFMVWARIHRPALAKANPAANNEISVQLGLEWNKLSEEQKKPYYDEAQKIKE,"RPMNAFMVWARIHRPALAKANPAANN-EISVQLGLEWNKLSEEQKKPYYDEAQKIKE
RPMNAFMVWARIHRPALAKANPAANNAEISVQLGLEWNKLSEEQKKPYYDEAQKIKE",294,None,'A' deleted in '27',0,1
97,-1.589467217,0,RPMNAFMVWARIHRPALAKANPANNAEISVQLGLEWNKLSEEQKKPYYDEAQKIKE,"RPMNAFMVWARIHRPALAKANPA-NNAEISVQLGLEWNKLSEEQKKPYYDEAQKIKE
RPMNAFMVWARIHRPALAKANPAANNAEISVQLGLEWNKLSEEQKKPYYDEAQKIKE",294,None,'A' deleted in '24',0,1
99,-1.995400627,0,RPMNAFMVWARIHRPALAKAPAANNAEISVQLGLEWNKLSEEQKKPYYDEAQKIKE,"RPMNAFMVWARIHRPALAKA-PAANNAEISVQLGLEWNKLSEEQKKPYYDEAQKIKE
RPMNAFMVWARIHRPALAKANPAANNAEISVQLGLEWNKLSEEQKKPYYDEAQKIKE",292,None,'N' deleted in '21',0,1
101,-1.668200137,0,RPMNAFMVWARIHRPALAKNPAANNAEISVQLGLEWNKLSEEQKKPYYDEAQKIKE,"RPMNAFMVWARIHRPALAK-NPAANNAEISVQLGLEWNKLSEEQKKPYYDEAQKIKE
RPMNAFMVWARIHRPALAKANPAANNAEISVQLGLEWNKLSEEQKKPYYDEAQKIKE",294,None,'A' deleted in '20',0,1
103,-1.977200841,0,RPMNAFMVWARIHRPALKANPAANNAEISVQLGLEWNKLSEEQKKPYYDEAQKIKE,"RPMNAFMVWARIHRPAL-KANPAANNAEISVQLGLEWNKLSEEQKKPYYDEAQKIKE
RPMNAFMVWARIHRPALAKANPAANNAEISVQLGLEWNKLSEEQKKPYYDEAQKIKE",294,None,'A' deleted in '18',0,1
105,-2.329653749,0,RPMNAFMVWARIHRPLAKANPAANNAEISVQLGLEWNKLSEEQKKPYYDEAQKIKE,"RPMNAFMVWARIHRP-LAKANPAANNAEISVQLGLEWNKLSEEQKKPYYDEAQKIKE
RPMNAFMVWARIHRPALAKANPAANNAEISVQLGLEWNKLSEEQKKPYYDEAQKIKE",294,None,'A' deleted in '16',0,1
107,-3.016943772,0,RPMNFMVWARIHRPALAKANPAANNAEISVQLGLEWNKLSEEQKKPYYDEAQKIKE,"RPMN-FMVWARIHRPALAKANPAANNAEISVQLGLEWNKLSEEQKKPYYDEAQKIKE
RPMNAFMVWARIHRPALAKANPAANNAEISVQLGLEWNKLSEEQKKPYYDEAQKIKE",294,None,'A' deleted in '5',0,1
109,-0.26639251,1,RPNAFMVWARIHRPALAKANPAANNAEISVQLGLEWNKLSEEQKKPYYDEAQKIKE,"RP-NAFMVWARIHRPALAKANPAANNAEISVQLGLEWNKLSEEQKKPYYDEAQKIKE
RPMNAFMVWARIHRPALAKANPAANNAEISVQLGLEWNKLSEEQKKPYYDEAQKIKE",293,None,'M' deleted in '3',0,1
