ID,DMS_Score,DMS_Score_Bin,mutated_sequence,Alignment,Align_score,Insertions,Deletions,NumberOfInsertionSites,NumberOfDeletionSites
3,0.291414283,1,MATFKLIINGKTLKGETTTEAVDAATAEKVFKQYFNDNGIDGEWTYDDATKTFTITE,"MATFKLIINGKTLKGETTTEAVDAATAEKVFKQYFNDNGIDGEWTYDDATKTFTITE
M-TFKLIINGKTLKGETTTEAVDAATAEKVFKQYFNDNGIDGEWTYDDATKTFTITE",291,'A' inserted at '2',None,1,0
5,-0.245876724,1,MGTFKLIINGKTLKGETTTEAVDAATAEKVFKQYFNDNGIDGEWTYDDATKTFTITE,"MGTFKLIINGKTLKGETTTEAVDAATAEKVFKQYFNDNGIDGEWTYDDATKTFTITE
M-TFKLIINGKTLKGETTTEAVDAATAEKVFKQYFNDNGIDGEWTYDDATKTFTITE",291,'G' inserted at '2',None,1,0
6,-0.098183535,1,MTAFKLIINGKTLKGETTTEAVDAATAEKVFKQYFNDNGIDGEWTYDDATKTFTITE,"MTAFKLIINGKTLKGETTTEAVDAATAEKVFKQYFNDNGIDGEWTYDDATKTFTITE
MT-FKLIINGKTLKGETTTEAVDAATAEKVFKQYFNDNGIDGEWTYDDATKTFTITE",291,'A' inserted at '3',None,1,0
7,-2.813126379,0,MTFAKLIINGKTLKGETTTEAVDAATAEKVFKQYFNDNGIDGEWTYDDATKTFTITE,"MTFAKLIINGKTLKGETTTEAVDAATAEKVFKQYFNDNGIDGEWTYDDATKTFTITE
MTF-KLIINGKTLKGETTTEAVDAATAEKVFKQYFNDNGIDGEWTYDDATKTFTITE",291,'A' inserted at '4',None,1,0
8,-2.484896919,0,MTFGKLIINGKTLKGETTTEAVDAATAEKVFKQYFNDNGIDGEWTYDDATKTFTITE,"MTFGKLIINGKTLKGETTTEAVDAATAEKVFKQYFNDNGIDGEWTYDDATKTFTITE
MTF-KLIINGKTLKGETTTEAVDAATAEKVFKQYFNDNGIDGEWTYDDATKTFTITE",291,'G' inserted at '4',None,1,0
9,0.53818143,1,MTFKALIINGKTLKGETTTEAVDAATAEKVFKQYFNDNGIDGEWTYDDATKTFTITE,"MTFKALIINGKTLKGETTTEAVDAATAEKVFKQYFNDNGIDGEWTYDDATKTFTITE
MTFK-LIINGKTLKGETTTEAVDAATAEKVFKQYFNDNGIDGEWTYDDATKTFTITE",291,'A' inserted at '5',None,1,0
10,-1.440474177,0,MTFKGLIINGKTLKGETTTEAVDAATAEKVFKQYFNDNGIDGEWTYDDATKTFTITE,"MTFKGLIINGKTLKGETTTEAVDAATAEKVFKQYFNDNGIDGEWTYDDATKTFTITE
MTFK-LIINGKTLKGETTTEAVDAATAEKVFKQYFNDNGIDGEWTYDDATKTFTITE",291,'G' inserted at '5',None,1,0
12,-0.672921865,1,MTFKLAIINGKTLKGETTTEAVDAATAEKVFKQYFNDNGIDGEWTYDDATKTFTITE,"MTFKLAIINGKTLKGETTTEAVDAATAEKVFKQYFNDNGIDGEWTYDDATKTFTITE
MTFKL-IINGKTLKGETTTEAVDAATAEKVFKQYFNDNGIDGEWTYDDATKTFTITE",291,'A' inserted at '6',None,1,0
13,-2.427141394,0,MTFKLGIINGKTLKGETTTEAVDAATAEKVFKQYFNDNGIDGEWTYDDATKTFTITE,"MTFKLGIINGKTLKGETTTEAVDAATAEKVFKQYFNDNGIDGEWTYDDATKTFTITE
MTFKL-IINGKTLKGETTTEAVDAATAEKVFKQYFNDNGIDGEWTYDDATKTFTITE",291,'G' inserted at '6',None,1,0
14,-1.4002403,0,MTFKLIAINGKTLKGETTTEAVDAATAEKVFKQYFNDNGIDGEWTYDDATKTFTITE,"MTFKLIAINGKTLKGETTTEAVDAATAEKVFKQYFNDNGIDGEWTYDDATKTFTITE
MTFKLI-INGKTLKGETTTEAVDAATAEKVFKQYFNDNGIDGEWTYDDATKTFTITE",291,'A' inserted at '7',None,1,0
15,-2.101092525,0,MTFKLIGINGKTLKGETTTEAVDAATAEKVFKQYFNDNGIDGEWTYDDATKTFTITE,"MTFKLIGINGKTLKGETTTEAVDAATAEKVFKQYFNDNGIDGEWTYDDATKTFTITE
MTFKLI-INGKTLKGETTTEAVDAATAEKVFKQYFNDNGIDGEWTYDDATKTFTITE",291,'G' inserted at '7',None,1,0
16,-0.84097278,1,MTFKLIIANGKTLKGETTTEAVDAATAEKVFKQYFNDNGIDGEWTYDDATKTFTITE,"MTFKLIIANGKTLKGETTTEAVDAATAEKVFKQYFNDNGIDGEWTYDDATKTFTITE
MTFKLII-NGKTLKGETTTEAVDAATAEKVFKQYFNDNGIDGEWTYDDATKTFTITE",291,'A' inserted at '8',None,1,0
18,-1.453255053,0,MTFKLIIGNGKTLKGETTTEAVDAATAEKVFKQYFNDNGIDGEWTYDDATKTFTITE,"MTFKLIIGNGKTLKGETTTEAVDAATAEKVFKQYFNDNGIDGEWTYDDATKTFTITE
MTFKLII-NGKTLKGETTTEAVDAATAEKVFKQYFNDNGIDGEWTYDDATKTFTITE",291,'G' inserted at '8',None,1,0
19,-0.700794279,1,MTFKLIINAGKTLKGETTTEAVDAATAEKVFKQYFNDNGIDGEWTYDDATKTFTITE,"MTFKLIINAGKTLKGETTTEAVDAATAEKVFKQYFNDNGIDGEWTYDDATKTFTITE
MTFKLIIN-GKTLKGETTTEAVDAATAEKVFKQYFNDNGIDGEWTYDDATKTFTITE",291,'A' inserted at '9',None,1,0
20,-1.438362411,0,MTFKLIINGAKTLKGETTTEAVDAATAEKVFKQYFNDNGIDGEWTYDDATKTFTITE,"MTFKLIINGAKTLKGETTTEAVDAATAEKVFKQYFNDNGIDGEWTYDDATKTFTITE
MTFKLIING-KTLKGETTTEAVDAATAEKVFKQYFNDNGIDGEWTYDDATKTFTITE",291,'A' inserted at '10',None,1,0
21,-1.159919146,0,MTFKLIINGGKTLKGETTTEAVDAATAEKVFKQYFNDNGIDGEWTYDDATKTFTITE,"MTFKLIINGGKTLKGETTTEAVDAATAEKVFKQYFNDNGIDGEWTYDDATKTFTITE
MTFKLIING-KTLKGETTTEAVDAATAEKVFKQYFNDNGIDGEWTYDDATKTFTITE",291,'G' inserted at '10',None,1,0
22,-0.963975595,1,MTFKLIINGKATLKGETTTEAVDAATAEKVFKQYFNDNGIDGEWTYDDATKTFTITE,"MTFKLIINGKATLKGETTTEAVDAATAEKVFKQYFNDNGIDGEWTYDDATKTFTITE
MTFKLIINGK-TLKGETTTEAVDAATAEKVFKQYFNDNGIDGEWTYDDATKTFTITE",291,'A' inserted at '11',None,1,0
23,-0.334664555,1,MTFKLIINGKGTLKGETTTEAVDAATAEKVFKQYFNDNGIDGEWTYDDATKTFTITE,"MTFKLIINGKGTLKGETTTEAVDAATAEKVFKQYFNDNGIDGEWTYDDATKTFTITE
MTFKLIINGK-TLKGETTTEAVDAATAEKVFKQYFNDNGIDGEWTYDDATKTFTITE",291,'G' inserted at '11',None,1,0
25,-0.582226701,1,MTFKLIINGKTALKGETTTEAVDAATAEKVFKQYFNDNGIDGEWTYDDATKTFTITE,"MTFKLIINGKTALKGETTTEAVDAATAEKVFKQYFNDNGIDGEWTYDDATKTFTITE
MTFKLIINGKT-LKGETTTEAVDAATAEKVFKQYFNDNGIDGEWTYDDATKTFTITE",291,'A' inserted at '12',None,1,0
26,0.349084817,1,MTFKLIINGKTGLKGETTTEAVDAATAEKVFKQYFNDNGIDGEWTYDDATKTFTITE,"MTFKLIINGKTGLKGETTTEAVDAATAEKVFKQYFNDNGIDGEWTYDDATKTFTITE
MTFKLIINGKT-LKGETTTEAVDAATAEKVFKQYFNDNGIDGEWTYDDATKTFTITE",291,'G' inserted at '12',None,1,0
28,-1.002547136,0,MTFKLIINGKTLAKGETTTEAVDAATAEKVFKQYFNDNGIDGEWTYDDATKTFTITE,"MTFKLIINGKTLAKGETTTEAVDAATAEKVFKQYFNDNGIDGEWTYDDATKTFTITE
MTFKLIINGKTL-KGETTTEAVDAATAEKVFKQYFNDNGIDGEWTYDDATKTFTITE",291,'A' inserted at '13',None,1,0
30,-0.51102799,1,MTFKLIINGKTLGKGETTTEAVDAATAEKVFKQYFNDNGIDGEWTYDDATKTFTITE,"MTFKLIINGKTLGKGETTTEAVDAATAEKVFKQYFNDNGIDGEWTYDDATKTFTITE
MTFKLIINGKTL-KGETTTEAVDAATAEKVFKQYFNDNGIDGEWTYDDATKTFTITE",291,'G' inserted at '13',None,1,0
31,-0.895751093,1,MTFKLIINGKTLKAGETTTEAVDAATAEKVFKQYFNDNGIDGEWTYDDATKTFTITE,"MTFKLIINGKTLKAGETTTEAVDAATAEKVFKQYFNDNGIDGEWTYDDATKTFTITE
MTFKLIINGKTLK-GETTTEAVDAATAEKVFKQYFNDNGIDGEWTYDDATKTFTITE",291,'A' inserted at '14',None,1,0
33,-0.724106951,1,MTFKLIINGKTLKGAETTTEAVDAATAEKVFKQYFNDNGIDGEWTYDDATKTFTITE,"MTFKLIINGKTLKGAETTTEAVDAATAEKVFKQYFNDNGIDGEWTYDDATKTFTITE
MTFKLIINGKTLKG-ETTTEAVDAATAEKVFKQYFNDNGIDGEWTYDDATKTFTITE",291,'A' inserted at '15',None,1,0
34,-0.761932886,1,MTFKLIINGKTLKGEATTTEAVDAATAEKVFKQYFNDNGIDGEWTYDDATKTFTITE,"MTFKLIINGKTLKGEATTTEAVDAATAEKVFKQYFNDNGIDGEWTYDDATKTFTITE
MTFKLIINGKTLKGE-TTTEAVDAATAEKVFKQYFNDNGIDGEWTYDDATKTFTITE",291,'A' inserted at '16',None,1,0
35,-1.11188833,0,MTFKLIINGKTLKGEGTTTEAVDAATAEKVFKQYFNDNGIDGEWTYDDATKTFTITE,"MTFKLIINGKTLKGEGTTTEAVDAATAEKVFKQYFNDNGIDGEWTYDDATKTFTITE
MTFKLIINGKTLKGE-TTTEAVDAATAEKVFKQYFNDNGIDGEWTYDDATKTFTITE",291,'G' inserted at '16',None,1,0
36,-0.709235092,1,MTFKLIINGKTLKGETATTEAVDAATAEKVFKQYFNDNGIDGEWTYDDATKTFTITE,"MTFKLIINGKTLKGETATTEAVDAATAEKVFKQYFNDNGIDGEWTYDDATKTFTITE
MTFKLIINGKTLKGET-TTEAVDAATAEKVFKQYFNDNGIDGEWTYDDATKTFTITE",291,'A' inserted at '17',None,1,0
37,-1.263754995,0,MTFKLIINGKTLKGETGTTEAVDAATAEKVFKQYFNDNGIDGEWTYDDATKTFTITE,"MTFKLIINGKTLKGETGTTEAVDAATAEKVFKQYFNDNGIDGEWTYDDATKTFTITE
MTFKLIINGKTLKGET-TTEAVDAATAEKVFKQYFNDNGIDGEWTYDDATKTFTITE",291,'G' inserted at '17',None,1,0
38,-1.438139168,0,MTFKLIINGKTLKGETTATEAVDAATAEKVFKQYFNDNGIDGEWTYDDATKTFTITE,"MTFKLIINGKTLKGETTATEAVDAATAEKVFKQYFNDNGIDGEWTYDDATKTFTITE
MTFKLIINGKTLKGETT-TEAVDAATAEKVFKQYFNDNGIDGEWTYDDATKTFTITE",291,'A' inserted at '18',None,1,0
40,-2.114271484,0,MTFKLIINGKTLKGETTGTEAVDAATAEKVFKQYFNDNGIDGEWTYDDATKTFTITE,"MTFKLIINGKTLKGETTGTEAVDAATAEKVFKQYFNDNGIDGEWTYDDATKTFTITE
MTFKLIINGKTLKGETT-TEAVDAATAEKVFKQYFNDNGIDGEWTYDDATKTFTITE",291,'G' inserted at '18',None,1,0
41,-1.239026996,0,MTFKLIINGKTLKGETTTAEAVDAATAEKVFKQYFNDNGIDGEWTYDDATKTFTITE,"MTFKLIINGKTLKGETTTAEAVDAATAEKVFKQYFNDNGIDGEWTYDDATKTFTITE
MTFKLIINGKTLKGETTT-EAVDAATAEKVFKQYFNDNGIDGEWTYDDATKTFTITE",291,'A' inserted at '19',None,1,0
43,-2.19883576,0,MTFKLIINGKTLKGETTTEAAVDAATAEKVFKQYFNDNGIDGEWTYDDATKTFTITE,"MTFKLIINGKTLKGETTTEAAVDAATAEKVFKQYFNDNGIDGEWTYDDATKTFTITE
MTFKLIINGKTLKGETTTEA-VDAATAEKVFKQYFNDNGIDGEWTYDDATKTFTITE",291,'A' inserted at '21',None,1,0
45,-2.453904694,0,MTFKLIINGKTLKGETTTEAGVDAATAEKVFKQYFNDNGIDGEWTYDDATKTFTITE,"MTFKLIINGKTLKGETTTEAGVDAATAEKVFKQYFNDNGIDGEWTYDDATKTFTITE
MTFKLIINGKTLKGETTTEA-VDAATAEKVFKQYFNDNGIDGEWTYDDATKTFTITE",291,'G' inserted at '21',None,1,0
47,-2.3916193,0,MTFKLIINGKTLKGETTTEAVADAATAEKVFKQYFNDNGIDGEWTYDDATKTFTITE,"MTFKLIINGKTLKGETTTEAVADAATAEKVFKQYFNDNGIDGEWTYDDATKTFTITE
MTFKLIINGKTLKGETTTEAV-DAATAEKVFKQYFNDNGIDGEWTYDDATKTFTITE",291,'A' inserted at '22',None,1,0
49,-2.813550491,0,MTFKLIINGKTLKGETTTEAVDAAATAEKVFKQYFNDNGIDGEWTYDDATKTFTITE,"MTFKLIINGKTLKGETTTEAVDAAATAEKVFKQYFNDNGIDGEWTYDDATKTFTITE
MTFKLIINGKTLKGETTTEAVDAA-TAEKVFKQYFNDNGIDGEWTYDDATKTFTITE",291,'A' inserted at '25',None,1,0
50,-3.046110312,0,MTFKLIINGKTLKGETTTEAVDAAGTAEKVFKQYFNDNGIDGEWTYDDATKTFTITE,"MTFKLIINGKTLKGETTTEAVDAAGTAEKVFKQYFNDNGIDGEWTYDDATKTFTITE
MTFKLIINGKTLKGETTTEAVDAA-TAEKVFKQYFNDNGIDGEWTYDDATKTFTITE",291,'G' inserted at '25',None,1,0
51,-2.503220738,0,MTFKLIINGKTLKGETTTEAVDAATAAEKVFKQYFNDNGIDGEWTYDDATKTFTITE,"MTFKLIINGKTLKGETTTEAVDAATAAEKVFKQYFNDNGIDGEWTYDDATKTFTITE
MTFKLIINGKTLKGETTTEAVDAATA-EKVFKQYFNDNGIDGEWTYDDATKTFTITE",291,'A' inserted at '27',None,1,0
52,-3.329378156,0,MTFKLIINGKTLKGETTTEAVDAATAEAKVFKQYFNDNGIDGEWTYDDATKTFTITE,"MTFKLIINGKTLKGETTTEAVDAATAEAKVFKQYFNDNGIDGEWTYDDATKTFTITE
MTFKLIINGKTLKGETTTEAVDAATAE-KVFKQYFNDNGIDGEWTYDDATKTFTITE",291,'A' inserted at '28',None,1,0
53,-3.635640074,0,MTFKLIINGKTLKGETTTEAVDAATAEGKVFKQYFNDNGIDGEWTYDDATKTFTITE,"MTFKLIINGKTLKGETTTEAVDAATAEGKVFKQYFNDNGIDGEWTYDDATKTFTITE
MTFKLIINGKTLKGETTTEAVDAATAE-KVFKQYFNDNGIDGEWTYDDATKTFTITE",291,'G' inserted at '28',None,1,0
54,-3.285299583,0,MTFKLIINGKTLKGETTTEAVDAATAEKAVFKQYFNDNGIDGEWTYDDATKTFTITE,"MTFKLIINGKTLKGETTTEAVDAATAEKAVFKQYFNDNGIDGEWTYDDATKTFTITE
MTFKLIINGKTLKGETTTEAVDAATAEK-VFKQYFNDNGIDGEWTYDDATKTFTITE",291,'A' inserted at '29',None,1,0
56,-3.713048396,0,MTFKLIINGKTLKGETTTEAVDAATAEKGVFKQYFNDNGIDGEWTYDDATKTFTITE,"MTFKLIINGKTLKGETTTEAVDAATAEKGVFKQYFNDNGIDGEWTYDDATKTFTITE
MTFKLIINGKTLKGETTTEAVDAATAEK-VFKQYFNDNGIDGEWTYDDATKTFTITE",291,'G' inserted at '29',None,1,0
57,-3.418422505,0,MTFKLIINGKTLKGETTTEAVDAATAEKVAFKQYFNDNGIDGEWTYDDATKTFTITE,"MTFKLIINGKTLKGETTTEAVDAATAEKVAFKQYFNDNGIDGEWTYDDATKTFTITE
MTFKLIINGKTLKGETTTEAVDAATAEKV-FKQYFNDNGIDGEWTYDDATKTFTITE",291,'A' inserted at '30',None,1,0
58,-1.94570922,0,MTFKLIINGKTLKGETTTEAVDAATAEKVFAKQYFNDNGIDGEWTYDDATKTFTITE,"MTFKLIINGKTLKGETTTEAVDAATAEKVFAKQYFNDNGIDGEWTYDDATKTFTITE
MTFKLIINGKTLKGETTTEAVDAATAEKVF-KQYFNDNGIDGEWTYDDATKTFTITE",291,'A' inserted at '31',None,1,0
59,-2.807341748,0,MTFKLIINGKTLKGETTTEAVDAATAEKVFGKQYFNDNGIDGEWTYDDATKTFTITE,"MTFKLIINGKTLKGETTTEAVDAATAEKVFGKQYFNDNGIDGEWTYDDATKTFTITE
MTFKLIINGKTLKGETTTEAVDAATAEKVF-KQYFNDNGIDGEWTYDDATKTFTITE",291,'G' inserted at '31',None,1,0
60,-0.791559905,1,MTFKLIINGKTLKGETTTEAVDAATAEKVFKAQYFNDNGIDGEWTYDDATKTFTITE,"MTFKLIINGKTLKGETTTEAVDAATAEKVFKAQYFNDNGIDGEWTYDDATKTFTITE
MTFKLIINGKTLKGETTTEAVDAATAEKVFK-QYFNDNGIDGEWTYDDATKTFTITE",291,'A' inserted at '32',None,1,0
61,-1.394589455,0,MTFKLIINGKTLKGETTTEAVDAATAEKVFKGQYFNDNGIDGEWTYDDATKTFTITE,"MTFKLIINGKTLKGETTTEAVDAATAEKVFKGQYFNDNGIDGEWTYDDATKTFTITE
MTFKLIINGKTLKGETTTEAVDAATAEKVFK-QYFNDNGIDGEWTYDDATKTFTITE",291,'G' inserted at '32',None,1,0
62,-0.987966651,1,MTFKLIINGKTLKGETTTEAVDAATAEKVFKQAYFNDNGIDGEWTYDDATKTFTITE,"MTFKLIINGKTLKGETTTEAVDAATAEKVFKQAYFNDNGIDGEWTYDDATKTFTITE
MTFKLIINGKTLKGETTTEAVDAATAEKVFKQ-YFNDNGIDGEWTYDDATKTFTITE",291,'A' inserted at '33',None,1,0
63,-1.521132533,0,MTFKLIINGKTLKGETTTEAVDAATAEKVFKQGYFNDNGIDGEWTYDDATKTFTITE,"MTFKLIINGKTLKGETTTEAVDAATAEKVFKQGYFNDNGIDGEWTYDDATKTFTITE
MTFKLIINGKTLKGETTTEAVDAATAEKVFKQ-YFNDNGIDGEWTYDDATKTFTITE",291,'G' inserted at '33',None,1,0
64,-0.046435553,1,MTFKLIINGKTLKGETTTEAVDAATAEKVFKQYAFNDNGIDGEWTYDDATKTFTITE,"MTFKLIINGKTLKGETTTEAVDAATAEKVFKQYAFNDNGIDGEWTYDDATKTFTITE
MTFKLIINGKTLKGETTTEAVDAATAEKVFKQY-FNDNGIDGEWTYDDATKTFTITE",291,'A' inserted at '34',None,1,0
65,-0.341532296,1,MTFKLIINGKTLKGETTTEAVDAATAEKVFKQYFANDNGIDGEWTYDDATKTFTITE,"MTFKLIINGKTLKGETTTEAVDAATAEKVFKQYFANDNGIDGEWTYDDATKTFTITE
MTFKLIINGKTLKGETTTEAVDAATAEKVFKQYF-NDNGIDGEWTYDDATKTFTITE",291,'A' inserted at '35',None,1,0
67,-0.506456393,1,MTFKLIINGKTLKGETTTEAVDAATAEKVFKQYFGNDNGIDGEWTYDDATKTFTITE,"MTFKLIINGKTLKGETTTEAVDAATAEKVFKQYFGNDNGIDGEWTYDDATKTFTITE
MTFKLIINGKTLKGETTTEAVDAATAEKVFKQYF-NDNGIDGEWTYDDATKTFTITE",291,'G' inserted at '35',None,1,0
68,-0.049487324,1,MTFKLIINGKTLKGETTTEAVDAATAEKVFKQYFNADNGIDGEWTYDDATKTFTITE,"MTFKLIINGKTLKGETTTEAVDAATAEKVFKQYFNADNGIDGEWTYDDATKTFTITE
MTFKLIINGKTLKGETTTEAVDAATAEKVFKQYFN-DNGIDGEWTYDDATKTFTITE",291,'A' inserted at '36',None,1,0
69,-0.027961352,1,MTFKLIINGKTLKGETTTEAVDAATAEKVFKQYFNDANGIDGEWTYDDATKTFTITE,"MTFKLIINGKTLKGETTTEAVDAATAEKVFKQYFNDANGIDGEWTYDDATKTFTITE
MTFKLIINGKTLKGETTTEAVDAATAEKVFKQYFND-NGIDGEWTYDDATKTFTITE",291,'A' inserted at '37',None,1,0
71,-0.370135452,1,MTFKLIINGKTLKGETTTEAVDAATAEKVFKQYFNDGNGIDGEWTYDDATKTFTITE,"MTFKLIINGKTLKGETTTEAVDAATAEKVFKQYFNDGNGIDGEWTYDDATKTFTITE
MTFKLIINGKTLKGETTTEAVDAATAEKVFKQYFND-NGIDGEWTYDDATKTFTITE",291,'G' inserted at '37',None,1,0
72,0.07651208,1,MTFKLIINGKTLKGETTTEAVDAATAEKVFKQYFNDNAGIDGEWTYDDATKTFTITE,"MTFKLIINGKTLKGETTTEAVDAATAEKVFKQYFNDNAGIDGEWTYDDATKTFTITE
MTFKLIINGKTLKGETTTEAVDAATAEKVFKQYFNDN-GIDGEWTYDDATKTFTITE",291,'A' inserted at '38',None,1,0
73,-0.08487446,1,MTFKLIINGKTLKGETTTEAVDAATAEKVFKQYFNDNGAIDGEWTYDDATKTFTITE,"MTFKLIINGKTLKGETTTEAVDAATAEKVFKQYFNDNGAIDGEWTYDDATKTFTITE
MTFKLIINGKTLKGETTTEAVDAATAEKVFKQYFNDNG-IDGEWTYDDATKTFTITE",291,'A' inserted at '39',None,1,0
75,1.063521816,1,MTFKLIINGKTLKGETTTEAVDAATAEKVFKQYFNDNGGIDGEWTYDDATKTFTITE,"MTFKLIINGKTLKGETTTEAVDAATAEKVFKQYFNDNGGIDGEWTYDDATKTFTITE
MTFKLIINGKTLKGETTTEAVDAATAEKVFKQYFNDNG-IDGEWTYDDATKTFTITE",291,'G' inserted at '39',None,1,0
76,-0.001535598,1,MTFKLIINGKTLKGETTTEAVDAATAEKVFKQYFNDNGIADGEWTYDDATKTFTITE,"MTFKLIINGKTLKGETTTEAVDAATAEKVFKQYFNDNGIADGEWTYDDATKTFTITE
MTFKLIINGKTLKGETTTEAVDAATAEKVFKQYFNDNGI-DGEWTYDDATKTFTITE",291,'A' inserted at '40',None,1,0
77,-0.193429636,1,MTFKLIINGKTLKGETTTEAVDAATAEKVFKQYFNDNGIDAGEWTYDDATKTFTITE,"MTFKLIINGKTLKGETTTEAVDAATAEKVFKQYFNDNGIDAGEWTYDDATKTFTITE
MTFKLIINGKTLKGETTTEAVDAATAEKVFKQYFNDNGID-GEWTYDDATKTFTITE",291,'A' inserted at '41',None,1,0
79,-0.454670647,1,MTFKLIINGKTLKGETTTEAVDAATAEKVFKQYFNDNGIDGAEWTYDDATKTFTITE,"MTFKLIINGKTLKGETTTEAVDAATAEKVFKQYFNDNGIDGAEWTYDDATKTFTITE
MTFKLIINGKTLKGETTTEAVDAATAEKVFKQYFNDNGIDG-EWTYDDATKTFTITE",291,'A' inserted at '42',None,1,0
80,-1.494086315,0,MTFKLIINGKTLKGETTTEAVDAATAEKVFKQYFNDNGIDGEAWTYDDATKTFTITE,"MTFKLIINGKTLKGETTTEAVDAATAEKVFKQYFNDNGIDGEAWTYDDATKTFTITE
MTFKLIINGKTLKGETTTEAVDAATAEKVFKQYFNDNGIDGE-WTYDDATKTFTITE",291,'A' inserted at '43',None,1,0
81,-1.546276118,0,MTFKLIINGKTLKGETTTEAVDAATAEKVFKQYFNDNGIDGEGWTYDDATKTFTITE,"MTFKLIINGKTLKGETTTEAVDAATAEKVFKQYFNDNGIDGEGWTYDDATKTFTITE
MTFKLIINGKTLKGETTTEAVDAATAEKVFKQYFNDNGIDGE-WTYDDATKTFTITE",291,'G' inserted at '43',None,1,0
82,-2.285470765,0,MTFKLIINGKTLKGETTTEAVDAATAEKVFKQYFNDNGIDGEWATYDDATKTFTITE,"MTFKLIINGKTLKGETTTEAVDAATAEKVFKQYFNDNGIDGEWATYDDATKTFTITE
MTFKLIINGKTLKGETTTEAVDAATAEKVFKQYFNDNGIDGEW-TYDDATKTFTITE",291,'A' inserted at '44',None,1,0
83,-2.190301604,0,MTFKLIINGKTLKGETTTEAVDAATAEKVFKQYFNDNGIDGEWGTYDDATKTFTITE,"MTFKLIINGKTLKGETTTEAVDAATAEKVFKQYFNDNGIDGEWGTYDDATKTFTITE
MTFKLIINGKTLKGETTTEAVDAATAEKVFKQYFNDNGIDGEW-TYDDATKTFTITE",291,'G' inserted at '44',None,1,0
84,-2.674702524,0,MTFKLIINGKTLKGETTTEAVDAATAEKVFKQYFNDNGIDGEWTAYDDATKTFTITE,"MTFKLIINGKTLKGETTTEAVDAATAEKVFKQYFNDNGIDGEWTAYDDATKTFTITE
MTFKLIINGKTLKGETTTEAVDAATAEKVFKQYFNDNGIDGEWT-YDDATKTFTITE",291,'A' inserted at '45',None,1,0
85,-2.536654382,0,MTFKLIINGKTLKGETTTEAVDAATAEKVFKQYFNDNGIDGEWTGYDDATKTFTITE,"MTFKLIINGKTLKGETTTEAVDAATAEKVFKQYFNDNGIDGEWTGYDDATKTFTITE
MTFKLIINGKTLKGETTTEAVDAATAEKVFKQYFNDNGIDGEWT-YDDATKTFTITE",291,'G' inserted at '45',None,1,0
86,-3.42973081,0,MTFKLIINGKTLKGETTTEAVDAATAEKVFKQYFNDNGIDGEWTYADDATKTFTITE,"MTFKLIINGKTLKGETTTEAVDAATAEKVFKQYFNDNGIDGEWTYADDATKTFTITE
MTFKLIINGKTLKGETTTEAVDAATAEKVFKQYFNDNGIDGEWTY-DDATKTFTITE",291,'A' inserted at '46',None,1,0
87,-3.382424093,0,MTFKLIINGKTLKGETTTEAVDAATAEKVFKQYFNDNGIDGEWTYDADATKTFTITE,"MTFKLIINGKTLKGETTTEAVDAATAEKVFKQYFNDNGIDGEWTYDADATKTFTITE
MTFKLIINGKTLKGETTTEAVDAATAEKVFKQYFNDNGIDGEWTYD-DATKTFTITE",291,'A' inserted at '47',None,1,0
89,-3.586306874,0,MTFKLIINGKTLKGETTTEAVDAATAEKVFKQYFNDNGIDGEWTYDDAATKTFTITE,"MTFKLIINGKTLKGETTTEAVDAATAEKVFKQYFNDNGIDGEWTYDDAATKTFTITE
MTFKLIINGKTLKGETTTEAVDAATAEKVFKQYFNDNGIDGEWTYDDA-TKTFTITE",291,'A' inserted at '49',None,1,0
90,-3.031866746,0,MTFKLIINGKTLKGETTTEAVDAATAEKVFKQYFNDNGIDGEWTYDDAGTKTFTITE,"MTFKLIINGKTLKGETTTEAVDAATAEKVFKQYFNDNGIDGEWTYDDAGTKTFTITE
MTFKLIINGKTLKGETTTEAVDAATAEKVFKQYFNDNGIDGEWTYDDA-TKTFTITE",291,'G' inserted at '49',None,1,0
92,-4.005056986,0,MTFKLIINGKTLKGETTTEAVDAATAEKVFKQYFNDNGIDGEWTYDDATAKTFTITE,"MTFKLIINGKTLKGETTTEAVDAATAEKVFKQYFNDNGIDGEWTYDDATAKTFTITE
MTFKLIINGKTLKGETTTEAVDAATAEKVFKQYFNDNGIDGEWTYDDAT-KTFTITE",291,'A' inserted at '50',None,1,0
93,-3.46498261,0,MTFKLIINGKTLKGETTTEAVDAATAEKVFKQYFNDNGIDGEWTYDDATGKTFTITE,"MTFKLIINGKTLKGETTTEAVDAATAEKVFKQYFNDNGIDGEWTYDDATGKTFTITE
MTFKLIINGKTLKGETTTEAVDAATAEKVFKQYFNDNGIDGEWTYDDAT-KTFTITE",291,'G' inserted at '50',None,1,0
94,-3.272226671,0,MTFKLIINGKTLKGETTTEAVDAATAEKVFKQYFNDNGIDGEWTYDDATKATFTITE,"MTFKLIINGKTLKGETTTEAVDAATAEKVFKQYFNDNGIDGEWTYDDATKATFTITE
MTFKLIINGKTLKGETTTEAVDAATAEKVFKQYFNDNGIDGEWTYDDATK-TFTITE",291,'A' inserted at '51',None,1,0
96,-3.620621809,0,MTFKLIINGKTLKGETTTEAVDAATAEKVFKQYFNDNGIDGEWTYDDATKGTFTITE,"MTFKLIINGKTLKGETTTEAVDAATAEKVFKQYFNDNGIDGEWTYDDATKGTFTITE
MTFKLIINGKTLKGETTTEAVDAATAEKVFKQYFNDNGIDGEWTYDDATK-TFTITE",291,'G' inserted at '51',None,1,0
97,-3.667127368,0,MTFKLIINGKTLKGETTTEAVDAATAEKVFKQYFNDNGIDGEWTYDDATKTAFTITE,"MTFKLIINGKTLKGETTTEAVDAATAEKVFKQYFNDNGIDGEWTYDDATKTAFTITE
MTFKLIINGKTLKGETTTEAVDAATAEKVFKQYFNDNGIDGEWTYDDATKT-FTITE",291,'A' inserted at '52',None,1,0
98,-2.761592397,0,MTFKLIINGKTLKGETTTEAVDAATAEKVFKQYFNDNGIDGEWTYDDATKTFATITE,"MTFKLIINGKTLKGETTTEAVDAATAEKVFKQYFNDNGIDGEWTYDDATKTFATITE
MTFKLIINGKTLKGETTTEAVDAATAEKVFKQYFNDNGIDGEWTYDDATKTF-TITE",291,'A' inserted at '53',None,1,0
99,-3.42697935,0,MTFKLIINGKTLKGETTTEAVDAATAEKVFKQYFNDNGIDGEWTYDDATKTFGTITE,"MTFKLIINGKTLKGETTTEAVDAATAEKVFKQYFNDNGIDGEWTYDDATKTFGTITE
MTFKLIINGKTLKGETTTEAVDAATAEKVFKQYFNDNGIDGEWTYDDATKTF-TITE",291,'G' inserted at '53',None,1,0
101,-1.439208813,0,MTFKLIINGKTLKGETTTEAVDAATAEKVFKQYFNDNGIDGEWTYDDATKTFTAITE,"MTFKLIINGKTLKGETTTEAVDAATAEKVFKQYFNDNGIDGEWTYDDATKTFTAITE
MTFKLIINGKTLKGETTTEAVDAATAEKVFKQYFNDNGIDGEWTYDDATKTFT-ITE",291,'A' inserted at '54',None,1,0
102,-2.680725139,0,MTFKLIINGKTLKGETTTEAVDAATAEKVFKQYFNDNGIDGEWTYDDATKTFTGITE,"MTFKLIINGKTLKGETTTEAVDAATAEKVFKQYFNDNGIDGEWTYDDATKTFTGITE
MTFKLIINGKTLKGETTTEAVDAATAEKVFKQYFNDNGIDGEWTYDDATKTFT-ITE",291,'G' inserted at '54',None,1,0
103,-1.095761934,0,MTFKLIINGKTLKGETTTEAVDAATAEKVFKQYFNDNGIDGEWTYDDATKTFTIATE,"MTFKLIINGKTLKGETTTEAVDAATAEKVFKQYFNDNGIDGEWTYDDATKTFTIATE
MTFKLIINGKTLKGETTTEAVDAATAEKVFKQYFNDNGIDGEWTYDDATKTFTI-TE",291,'A' inserted at '55',None,1,0
105,-1.456226236,0,MTFKLIINGKTLKGETTTEAVDAATAEKVFKQYFNDNGIDGEWTYDDATKTFTIGTE,"MTFKLIINGKTLKGETTTEAVDAATAEKVFKQYFNDNGIDGEWTYDDATKTFTIGTE
MTFKLIINGKTLKGETTTEAVDAATAEKVFKQYFNDNGIDGEWTYDDATKTFTI-TE",291,'G' inserted at '55',None,1,0
107,-0.572114314,1,MTFKLIINGKTLKGETTTEAVDAATAEKVFKQYFNDNGIDGEWTYDDATKTFTITAE,"MTFKLIINGKTLKGETTTEAVDAATAEKVFKQYFNDNGIDGEWTYDDATKTFTITAE
MTFKLIINGKTLKGETTTEAVDAATAEKVFKQYFNDNGIDGEWTYDDATKTFTIT-E",291,'A' inserted at '56',None,1,0
108,-1.103715299,0,MTFKLIINGKTLKGETTTEAVDAATAEKVFKQYFNDNGIDGEWTYDDATKTFTITGE,"MTFKLIINGKTLKGETTTEAVDAATAEKVFKQYFNDNGIDGEWTYDDATKTFTITGE
MTFKLIINGKTLKGETTTEAVDAATAEKVFKQYFNDNGIDGEWTYDDATKTFTIT-E",291,'G' inserted at '56',None,1,0
110,-4.179824428,0,MTFKLIINGKTLKGETTTEAVDAATAEKVFKQYFNDNGIDGEWTYDDATKTGFTITE,"MTFKLIINGKTLKGETTTEAVDAATAEKVFKQYFNDNGIDGEWTYDDATKTGFTITE
MTFKLIINGKTLKGETTTEAVDAATAEKVFKQYFNDNGIDGEWTYDDATKT-FTITE",291,'G' inserted at '52',None,1,0
112,-3.505871952,0,MTFKLIINGKTLKGETTTEAVDAATAEKVFKQYFNDNGIDGEWTYDDGATKTFTITE,"MTFKLIINGKTLKGETTTEAVDAATAEKVFKQYFNDNGIDGEWTYDDGATKTFTITE
MTFKLIINGKTLKGETTTEAVDAATAEKVFKQYFNDNGIDGEWTYDD-ATKTFTITE",291,'G' inserted at '48',None,1,0
114,-3.288452535,0,MTFKLIINGKTLKGETTTEAVDAATAEKVFKQYFNDNGIDGEWTYDGDATKTFTITE,"MTFKLIINGKTLKGETTTEAVDAATAEKVFKQYFNDNGIDGEWTYDGDATKTFTITE
MTFKLIINGKTLKGETTTEAVDAATAEKVFKQYFNDNGIDGEWTYD-DATKTFTITE",291,'G' inserted at '47',None,1,0
115,-0.319828652,1,MTFKLIINGKTLKGETTTEAVDAATAEKVFKQYFNDNGIDGGEWTYDDATKTFTITE,"MTFKLIINGKTLKGETTTEAVDAATAEKVFKQYFNDNGIDGGEWTYDDATKTFTITE
MTFKLIINGKTLKGETTTEAVDAATAEKVFKQYFNDNGIDG-EWTYDDATKTFTITE",291,'G' inserted at '42',None,1,0
117,-0.124109369,1,MTFKLIINGKTLKGETTTEAVDAATAEKVFKQYFNDNGIGDGEWTYDDATKTFTITE,"MTFKLIINGKTLKGETTTEAVDAATAEKVFKQYFNDNGIGDGEWTYDDATKTFTITE
MTFKLIINGKTLKGETTTEAVDAATAEKVFKQYFNDNGI-DGEWTYDDATKTFTITE",291,'G' inserted at '40',None,1,0
120,-0.399905225,1,MTFKLIINGKTLKGETTTEAVDAATAEKVFKQYFNGDNGIDGEWTYDDATKTFTITE,"MTFKLIINGKTLKGETTTEAVDAATAEKVFKQYFNGDNGIDGEWTYDDATKTFTITE
MTFKLIINGKTLKGETTTEAVDAATAEKVFKQYFN-DNGIDGEWTYDDATKTFTITE",291,'G' inserted at '36',None,1,0
122,-1.78998598,0,MTFKLIINGKTLKGETTTEAVDAATAEKVFKQYGFNDNGIDGEWTYDDATKTFTITE,"MTFKLIINGKTLKGETTTEAVDAATAEKVFKQYGFNDNGIDGEWTYDDATKTFTITE
MTFKLIINGKTLKGETTTEAVDAATAEKVFKQY-FNDNGIDGEWTYDDATKTFTITE",291,'G' inserted at '34',None,1,0
126,-3.665576215,0,MTFKLIINGKTLKGETTTEAVDAATAEKVGFKQYFNDNGIDGEWTYDDATKTFTITE,"MTFKLIINGKTLKGETTTEAVDAATAEKVGFKQYFNDNGIDGEWTYDDATKTFTITE
MTFKLIINGKTLKGETTTEAVDAATAEKV-FKQYFNDNGIDGEWTYDDATKTFTITE",291,'G' inserted at '30',None,1,0
129,-2.921834733,0,MTFKLIINGKTLKGETTTEAVDAATAGEKVFKQYFNDNGIDGEWTYDDATKTFTITE,"MTFKLIINGKTLKGETTTEAVDAATAGEKVFKQYFNDNGIDGEWTYDDATKTFTITE
MTFKLIINGKTLKGETTTEAVDAATA-EKVFKQYFNDNGIDGEWTYDDATKTFTITE",291,'G' inserted at '27',None,1,0
132,-3.538134924,0,MTFKLIINGKTLKGETTTEAVDAATGAEKVFKQYFNDNGIDGEWTYDDATKTFTITE,"MTFKLIINGKTLKGETTTEAVDAATGAEKVFKQYFNDNGIDGEWTYDDATKTFTITE
MTFKLIINGKTLKGETTTEAVDAAT-AEKVFKQYFNDNGIDGEWTYDDATKTFTITE",291,'G' inserted at '26',None,1,0
133,-3.227940505,0,MTFKLIINGKTLKGETTTEAVDAGATAEKVFKQYFNDNGIDGEWTYDDATKTFTITE,"MTFKLIINGKTLKGETTTEAVDAGATAEKVFKQYFNDNGIDGEWTYDDATKTFTITE
MTFKLIINGKTLKGETTTEAVDA-ATAEKVFKQYFNDNGIDGEWTYDDATKTFTITE",291,'G' inserted at '24',None,1,0
135,-2.736690616,0,MTFKLIINGKTLKGETTTEAVDGAATAEKVFKQYFNDNGIDGEWTYDDATKTFTITE,"MTFKLIINGKTLKGETTTEAVDGAATAEKVFKQYFNDNGIDGEWTYDDATKTFTITE
MTFKLIINGKTLKGETTTEAVD-AATAEKVFKQYFNDNGIDGEWTYDDATKTFTITE",291,'G' inserted at '23',None,1,0
136,-2.257548702,0,MTFKLIINGKTLKGETTTEAVGDAATAEKVFKQYFNDNGIDGEWTYDDATKTFTITE,"MTFKLIINGKTLKGETTTEAVGDAATAEKVFKQYFNDNGIDGEWTYDDATKTFTITE
MTFKLIINGKTLKGETTTEAV-DAATAEKVFKQYFNDNGIDGEWTYDDATKTFTITE",291,'G' inserted at '22',None,1,0
137,-2.293436181,0,MTFKLIINGKTLKGETTTEGAVDAATAEKVFKQYFNDNGIDGEWTYDDATKTFTITE,"MTFKLIINGKTLKGETTTEGAVDAATAEKVFKQYFNDNGIDGEWTYDDATKTFTITE
MTFKLIINGKTLKGETTTE-AVDAATAEKVFKQYFNDNGIDGEWTYDDATKTFTITE",291,'G' inserted at '20',None,1,0
139,-2.063058487,0,MTFKLIINGKTLKGETTTGEAVDAATAEKVFKQYFNDNGIDGEWTYDDATKTFTITE,"MTFKLIINGKTLKGETTTGEAVDAATAEKVFKQYFNDNGIDGEWTYDDATKTFTITE
MTFKLIINGKTLKGETTT-EAVDAATAEKVFKQYFNDNGIDGEWTYDDATKTFTITE",291,'G' inserted at '19',None,1,0
140,-0.975534824,1,MTFKLIINGKTLKGGETTTEAVDAATAEKVFKQYFNDNGIDGEWTYDDATKTFTITE,"MTFKLIINGKTLKGGETTTEAVDAATAEKVFKQYFNDNGIDGEWTYDDATKTFTITE
MTFKLIINGKTLKG-ETTTEAVDAATAEKVFKQYFNDNGIDGEWTYDDATKTFTITE",291,'G' inserted at '15',None,1,0
146,-0.972950774,1,MTGFKLIINGKTLKGETTTEAVDAATAEKVFKQYFNDNGIDGEWTYDDATKTFTITE,"MTGFKLIINGKTLKGETTTEAVDAATAEKVFKQYFNDNGIDGEWTYDDATKTFTITE
MT-FKLIINGKTLKGETTTEAVDAATAEKVFKQYFNDNGIDGEWTYDDATKTFTITE",291,'G' inserted at '3',None,1,0
1,0.200417468,1,AMTFKLIINGKTLKGETTTEAVDAATAEKVFKQYFNDNGIDGEWTYDDATKTFTITE,"MTFKLIINGKTLKGETTTEAVDAATAEKVFKQYFNDNGIDGEWTYDDATKTFTITE
MTFKLIINGKTLKGETTTEAVDAATAEKVFKQYFNDNGIDGEWTYDDATKTFTITE",291,None,None,0,0
2,-0.013672102,1,GMTFKLIINGKTLKGETTTEAVDAATAEKVFKQYFNDNGIDGEWTYDDATKTFTITE,"MTFKLIINGKTLKGETTTEAVDAATAEKVFKQYFNDNGIDGEWTYDDATKTFTITE
MTFKLIINGKTLKGETTTEAVDAATAEKVFKQYFNDNGIDGEWTYDDATKTFTITE",291,None,None,0,0
4,-0.577820113,1,MFKLIINGKTLKGETTTEAVDAATAEKVFKQYFNDNGIDGEWTYDDATKTFTITE,"M-FKLIINGKTLKGETTTEAVDAATAEKVFKQYFNDNGIDGEWTYDDATKTFTITE
MTFKLIINGKTLKGETTTEAVDAATAEKVFKQYFNDNGIDGEWTYDDATKTFTITE",286,None,'T' deleted in '2',0,1
11,-2.839455329,0,MTFKIINGKTLKGETTTEAVDAATAEKVFKQYFNDNGIDGEWTYDDATKTFTITE,"MTFK-IINGKTLKGETTTEAVDAATAEKVFKQYFNDNGIDGEWTYDDATKTFTITE
MTFKLIINGKTLKGETTTEAVDAATAEKVFKQYFNDNGIDGEWTYDDATKTFTITE",287,None,'L' deleted in '5',0,1
17,-2.095581855,0,MTFKLIIGKTLKGETTTEAVDAATAEKVFKQYFNDNGIDGEWTYDDATKTFTITE,"MTFKLII-GKTLKGETTTEAVDAATAEKVFKQYFNDNGIDGEWTYDDATKTFTITE
MTFKLIINGKTLKGETTTEAVDAATAEKVFKQYFNDNGIDGEWTYDDATKTFTITE",285,None,'N' deleted in '8',0,1
24,-0.570251068,1,MTFKLIINGKLKGETTTEAVDAATAEKVFKQYFNDNGIDGEWTYDDATKTFTITE,"MTFKLIINGK-LKGETTTEAVDAATAEKVFKQYFNDNGIDGEWTYDDATKTFTITE
MTFKLIINGKTLKGETTTEAVDAATAEKVFKQYFNDNGIDGEWTYDDATKTFTITE",286,None,'T' deleted in '11',0,1
27,-0.522461016,1,MTFKLIINGKTKGETTTEAVDAATAEKVFKQYFNDNGIDGEWTYDDATKTFTITE,"MTFKLIINGKT-KGETTTEAVDAATAEKVFKQYFNDNGIDGEWTYDDATKTFTITE
MTFKLIINGKTLKGETTTEAVDAATAEKVFKQYFNDNGIDGEWTYDDATKTFTITE",287,None,'L' deleted in '12',0,1
29,-0.696684901,1,MTFKLIINGKTLGETTTEAVDAATAEKVFKQYFNDNGIDGEWTYDDATKTFTITE,"MTFKLIINGKTL-GETTTEAVDAATAEKVFKQYFNDNGIDGEWTYDDATKTFTITE
MTFKLIINGKTLKGETTTEAVDAATAEKVFKQYFNDNGIDGEWTYDDATKTFTITE",286,None,'K' deleted in '13',0,1
32,-0.145071006,1,MTFKLIINGKTLKETTTEAVDAATAEKVFKQYFNDNGIDGEWTYDDATKTFTITE,"MTFKLIINGKTLK-ETTTEAVDAATAEKVFKQYFNDNGIDGEWTYDDATKTFTITE
MTFKLIINGKTLKGETTTEAVDAATAEKVFKQYFNDNGIDGEWTYDDATKTFTITE",285,None,'G' deleted in '14',0,1
39,-1.441422356,0,MTFKLIINGKTLKGETTEAVDAATAEKVFKQYFNDNGIDGEWTYDDATKTFTITE,"MTFKLIINGKTLKGETT-EAVDAATAEKVFKQYFNDNGIDGEWTYDDATKTFTITE
MTFKLIINGKTLKGETTTEAVDAATAEKVFKQYFNDNGIDGEWTYDDATKTFTITE",286,None,'T' deleted in '18',0,1
42,-1.145674441,0,MTFKLIINGKTLKGETTTAVDAATAEKVFKQYFNDNGIDGEWTYDDATKTFTITE,"MTFKLIINGKTLKGETTT-AVDAATAEKVFKQYFNDNGIDGEWTYDDATKTFTITE
MTFKLIINGKTLKGETTTEAVDAATAEKVFKQYFNDNGIDGEWTYDDATKTFTITE",286,None,'E' deleted in '19',0,1
44,-2.551675489,0,MTFKLIINGKTLKGETTTEADAATAEKVFKQYFNDNGIDGEWTYDDATKTFTITE,"MTFKLIINGKTLKGETTTEA-DAATAEKVFKQYFNDNGIDGEWTYDDATKTFTITE
MTFKLIINGKTLKGETTTEAVDAATAEKVFKQYFNDNGIDGEWTYDDATKTFTITE",287,None,'V' deleted in '21',0,1
46,-3.101868867,0,MTFKLIINGKTLKGETTTEAVAATAEKVFKQYFNDNGIDGEWTYDDATKTFTITE,"MTFKLIINGKTLKGETTTEAV-AATAEKVFKQYFNDNGIDGEWTYDDATKTFTITE
MTFKLIINGKTLKGETTTEAVDAATAEKVFKQYFNDNGIDGEWTYDDATKTFTITE",285,None,'D' deleted in '22',0,1
48,-3.10007117,0,MTFKLIINGKTLKGETTTEAVDAAAEKVFKQYFNDNGIDGEWTYDDATKTFTITE,"MTFKLIINGKTLKGETTTEAVDAA-AEKVFKQYFNDNGIDGEWTYDDATKTFTITE
MTFKLIINGKTLKGETTTEAVDAATAEKVFKQYFNDNGIDGEWTYDDATKTFTITE",286,None,'T' deleted in '25',0,1
55,-2.84305696,0,MTFKLIINGKTLKGETTTEAVDAATAEKFKQYFNDNGIDGEWTYDDATKTFTITE,"MTFKLIINGKTLKGETTTEAVDAATAEK-FKQYFNDNGIDGEWTYDDATKTFTITE
MTFKLIINGKTLKGETTTEAVDAATAEKVFKQYFNDNGIDGEWTYDDATKTFTITE",287,None,'V' deleted in '29',0,1
66,-0.480666448,1,MTFKLIINGKTLKGETTTEAVDAATAEKVFKQYFDNGIDGEWTYDDATKTFTITE,"MTFKLIINGKTLKGETTTEAVDAATAEKVFKQYF-DNGIDGEWTYDDATKTFTITE
MTFKLIINGKTLKGETTTEAVDAATAEKVFKQYFNDNGIDGEWTYDDATKTFTITE",285,None,'N' deleted in '35',0,1
70,-0.3200277,1,MTFKLIINGKTLKGETTTEAVDAATAEKVFKQYFNDGIDGEWTYDDATKTFTITE,"MTFKLIINGKTLKGETTTEAVDAATAEKVFKQYFND-GIDGEWTYDDATKTFTITE
MTFKLIINGKTLKGETTTEAVDAATAEKVFKQYFNDNGIDGEWTYDDATKTFTITE",285,None,'N' deleted in '37',0,1
74,-0.929556976,1,MTFKLIINGKTLKGETTTEAVDAATAEKVFKQYFNDNGDGEWTYDDATKTFTITE,"MTFKLIINGKTLKGETTTEAVDAATAEKVFKQYFNDNG-DGEWTYDDATKTFTITE
MTFKLIINGKTLKGETTTEAVDAATAEKVFKQYFNDNGIDGEWTYDDATKTFTITE",287,None,'I' deleted in '39',0,1
78,-1.25066554,0,MTFKLIINGKTLKGETTTEAVDAATAEKVFKQYFNDNGIDEWTYDDATKTFTITE,"MTFKLIINGKTLKGETTTEAVDAATAEKVFKQYFNDNGID-EWTYDDATKTFTITE
MTFKLIINGKTLKGETTTEAVDAATAEKVFKQYFNDNGIDGEWTYDDATKTFTITE",285,None,'G' deleted in '41',0,1
88,-3.563110013,0,MTFKLIINGKTLKGETTTEAVDAATAEKVFKQYFNDNGIDGEWTYDATKTFTITE,"MTFKLIINGKTLKGETTTEAVDAATAEKVFKQYFNDNGIDGEWTYD-ATKTFTITE
MTFKLIINGKTLKGETTTEAVDAATAEKVFKQYFNDNGIDGEWTYDDATKTFTITE",285,None,'D' deleted in '47',0,1
91,-3.32354948,0,MTFKLIINGKTLKGETTTEAVDAATAEKVFKQYFNDNGIDGEWTYDDAKTFTITE,"MTFKLIINGKTLKGETTTEAVDAATAEKVFKQYFNDNGIDGEWTYDDA-KTFTITE
MTFKLIINGKTLKGETTTEAVDAATAEKVFKQYFNDNGIDGEWTYDDATKTFTITE",286,None,'T' deleted in '49',0,1
95,-3.536359643,0,MTFKLIINGKTLKGETTTEAVDAATAEKVFKQYFNDNGIDGEWTYDDATKFTITE,"MTFKLIINGKTLKGETTTEAVDAATAEKVFKQYFNDNGIDGEWTYDDATK-FTITE
MTFKLIINGKTLKGETTTEAVDAATAEKVFKQYFNDNGIDGEWTYDDATKTFTITE",286,None,'T' deleted in '51',0,1
100,-2.671469987,0,MTFKLIINGKTLKGETTTEAVDAATAEKVFKQYFNDNGIDGEWTYDDATKTFITE,"MTFKLIINGKTLKGETTTEAVDAATAEKVFKQYFNDNGIDGEWTYDDATKTF-ITE
MTFKLIINGKTLKGETTTEAVDAATAEKVFKQYFNDNGIDGEWTYDDATKTFTITE",286,None,'T' deleted in '53',0,1
104,-1.174507701,0,MTFKLIINGKTLKGETTTEAVDAATAEKVFKQYFNDNGIDGEWTYDDATKTFTIE,"MTFKLIINGKTLKGETTTEAVDAATAEKVFKQYFNDNGIDGEWTYDDATKTFTI-E
MTFKLIINGKTLKGETTTEAVDAATAEKVFKQYFNDNGIDGEWTYDDATKTFTITE",286,None,'T' deleted in '55',0,1
106,-0.850517269,1,MTFKLIINGKTLKGETTTEAVDAATAEKVFKQYFNDNGIDGEWTYDDATKTFTIT,"MTFKLIINGKTLKGETTTEAVDAATAEKVFKQYFNDNGIDGEWTYDDATKTFTIT
MTFKLIINGKTLKGETTTEAVDAATAEKVFKQYFNDNGIDGEWTYDDATKTFTIT",286,None,None,0,0
109,-2.393466656,0,MTFKLIINGKTLKGETTTEAVDAATAEKVFKQYFNDNGIDGEWTYDDATKTFTTE,"MTFKLIINGKTLKGETTTEAVDAATAEKVFKQYFNDNGIDGEWTYDDATKTFT-TE
MTFKLIINGKTLKGETTTEAVDAATAEKVFKQYFNDNGIDGEWTYDDATKTFTITE",287,None,'I' deleted in '54',0,1
111,-2.704484294,0,MTFKLIINGKTLKGETTTEAVDAATAEKVFKQYFNDNGIDGEWTYDDATTFTITE,"MTFKLIINGKTLKGETTTEAVDAATAEKVFKQYFNDNGIDGEWTYDDAT-TFTITE
MTFKLIINGKTLKGETTTEAVDAATAEKVFKQYFNDNGIDGEWTYDDATKTFTITE",286,None,'K' deleted in '50',0,1
113,-3.33433605,0,MTFKLIINGKTLKGETTTEAVDAATAEKVFKQYFNDNGIDGEWTYDDTKTFTITE,"MTFKLIINGKTLKGETTTEAVDAATAEKVFKQYFNDNGIDGEWTYDD-TKTFTITE
MTFKLIINGKTLKGETTTEAVDAATAEKVFKQYFNDNGIDGEWTYDDATKTFTITE",287,None,'A' deleted in '48',0,1
116,-1.827579674,0,MTFKLIINGKTLKGETTTEAVDAATAEKVFKQYFNDNGIDGWTYDDATKTFTITE,"MTFKLIINGKTLKGETTTEAVDAATAEKVFKQYFNDNGIDG-WTYDDATKTFTITE
MTFKLIINGKTLKGETTTEAVDAATAEKVFKQYFNDNGIDGEWTYDDATKTFTITE",286,None,'E' deleted in '42',0,1
118,-0.867420087,1,MTFKLIINGKTLKGETTTEAVDAATAEKVFKQYFNDNGIGEWTYDDATKTFTITE,"MTFKLIINGKTLKGETTTEAVDAATAEKVFKQYFNDNGI-GEWTYDDATKTFTITE
MTFKLIINGKTLKGETTTEAVDAATAEKVFKQYFNDNGIDGEWTYDDATKTFTITE",285,None,'D' deleted in '40',0,1
119,-0.384169891,1,MTFKLIINGKTLKGETTTEAVDAATAEKVFKQYFNDNIDGEWTYDDATKTFTITE,"MTFKLIINGKTLKGETTTEAVDAATAEKVFKQYFNDN-IDGEWTYDDATKTFTITE
MTFKLIINGKTLKGETTTEAVDAATAEKVFKQYFNDNGIDGEWTYDDATKTFTITE",285,None,'G' deleted in '38',0,1
121,-0.307651642,1,MTFKLIINGKTLKGETTTEAVDAATAEKVFKQYFNNGIDGEWTYDDATKTFTITE,"MTFKLIINGKTLKGETTTEAVDAATAEKVFKQYFN-NGIDGEWTYDDATKTFTITE
MTFKLIINGKTLKGETTTEAVDAATAEKVFKQYFNDNGIDGEWTYDDATKTFTITE",285,None,'D' deleted in '36',0,1
123,-1.661497501,0,MTFKLIINGKTLKGETTTEAVDAATAEKVFKQYNDNGIDGEWTYDDATKTFTITE,"MTFKLIINGKTLKGETTTEAVDAATAEKVFKQY-NDNGIDGEWTYDDATKTFTITE
MTFKLIINGKTLKGETTTEAVDAATAEKVFKQYFNDNGIDGEWTYDDATKTFTITE",285,None,'F' deleted in '34',0,1
124,-2.014636854,0,MTFKLIINGKTLKGETTTEAVDAATAEKVFKYFNDNGIDGEWTYDDATKTFTITE,"MTFKLIINGKTLKGETTTEAVDAATAEKVFK-YFNDNGIDGEWTYDDATKTFTITE
MTFKLIINGKTLKGETTTEAVDAATAEKVFKQYFNDNGIDGEWTYDDATKTFTITE",286,None,'Q' deleted in '32',0,1
125,-2.166352277,0,MTFKLIINGKTLKGETTTEAVDAATAEKVFQYFNDNGIDGEWTYDDATKTFTITE,"MTFKLIINGKTLKGETTTEAVDAATAEKVF-QYFNDNGIDGEWTYDDATKTFTITE
MTFKLIINGKTLKGETTTEAVDAATAEKVFKQYFNDNGIDGEWTYDDATKTFTITE",286,None,'K' deleted in '31',0,1
127,-3.037916945,0,MTFKLIINGKTLKGETTTEAVDAATAEKVKQYFNDNGIDGEWTYDDATKTFTITE,"MTFKLIINGKTLKGETTTEAVDAATAEKV-KQYFNDNGIDGEWTYDDATKTFTITE
MTFKLIINGKTLKGETTTEAVDAATAEKVFKQYFNDNGIDGEWTYDDATKTFTITE",285,None,'F' deleted in '30',0,1
128,-2.660661044,0,MTFKLIINGKTLKGETTTEAVDAATAEVFKQYFNDNGIDGEWTYDDATKTFTITE,"MTFKLIINGKTLKGETTTEAVDAATAE-VFKQYFNDNGIDGEWTYDDATKTFTITE
MTFKLIINGKTLKGETTTEAVDAATAEKVFKQYFNDNGIDGEWTYDDATKTFTITE",286,None,'K' deleted in '28',0,1
130,-3.014483063,0,MTFKLIINGKTLKGETTTEAVDAATAKVFKQYFNDNGIDGEWTYDDATKTFTITE,"MTFKLIINGKTLKGETTTEAVDAATA-KVFKQYFNDNGIDGEWTYDDATKTFTITE
MTFKLIINGKTLKGETTTEAVDAATAEKVFKQYFNDNGIDGEWTYDDATKTFTITE",286,None,'E' deleted in '27',0,1
131,-3.070690704,0,MTFKLIINGKTLKGETTTEAVDAATEKVFKQYFNDNGIDGEWTYDDATKTFTITE,"MTFKLIINGKTLKGETTTEAVDAAT-EKVFKQYFNDNGIDGEWTYDDATKTFTITE
MTFKLIINGKTLKGETTTEAVDAATAEKVFKQYFNDNGIDGEWTYDDATKTFTITE",287,None,'A' deleted in '26',0,1
134,-3.153479477,0,MTFKLIINGKTLKGETTTEAVDATAEKVFKQYFNDNGIDGEWTYDDATKTFTITE,"MTFKLIINGKTLKGETTTEAVDA-TAEKVFKQYFNDNGIDGEWTYDDATKTFTITE
MTFKLIINGKTLKGETTTEAVDAATAEKVFKQYFNDNGIDGEWTYDDATKTFTITE",287,None,'A' deleted in '24',0,1
138,-1.920142129,0,MTFKLIINGKTLKGETTTEVDAATAEKVFKQYFNDNGIDGEWTYDDATKTFTITE,"MTFKLIINGKTLKGETTTE-VDAATAEKVFKQYFNDNGIDGEWTYDDATKTFTITE
MTFKLIINGKTLKGETTTEAVDAATAEKVFKQYFNDNGIDGEWTYDDATKTFTITE",287,None,'A' deleted in '20',0,1
141,-0.786321885,1,MTFKLIINGKTLKGTTTEAVDAATAEKVFKQYFNDNGIDGEWTYDDATKTFTITE,"MTFKLIINGKTLKG-TTTEAVDAATAEKVFKQYFNDNGIDGEWTYDDATKTFTITE
MTFKLIINGKTLKGETTTEAVDAATAEKVFKQYFNDNGIDGEWTYDDATKTFTITE",286,None,'E' deleted in '15',0,1
142,-0.610357256,1,MTFKLIINGTLKGETTTEAVDAATAEKVFKQYFNDNGIDGEWTYDDATKTFTITE,"MTFKLIING-TLKGETTTEAVDAATAEKVFKQYFNDNGIDGEWTYDDATKTFTITE
MTFKLIINGKTLKGETTTEAVDAATAEKVFKQYFNDNGIDGEWTYDDATKTFTITE",286,None,'K' deleted in '10',0,1
143,-1.822981969,0,MTFKLIINKTLKGETTTEAVDAATAEKVFKQYFNDNGIDGEWTYDDATKTFTITE,"MTFKLIIN-KTLKGETTTEAVDAATAEKVFKQYFNDNGIDGEWTYDDATKTFTITE
MTFKLIINGKTLKGETTTEAVDAATAEKVFKQYFNDNGIDGEWTYDDATKTFTITE",285,None,'G' deleted in '9',0,1
144,-2.642084656,0,MTFKLINGKTLKGETTTEAVDAATAEKVFKQYFNDNGIDGEWTYDDATKTFTITE,"MTFKLI-NGKTLKGETTTEAVDAATAEKVFKQYFNDNGIDGEWTYDDATKTFTITE
MTFKLIINGKTLKGETTTEAVDAATAEKVFKQYFNDNGIDGEWTYDDATKTFTITE",287,None,'I' deleted in '7',0,1
145,-2.445989122,0,MTFLIINGKTLKGETTTEAVDAATAEKVFKQYFNDNGIDGEWTYDDATKTFTITE,"MTF-LIINGKTLKGETTTEAVDAATAEKVFKQYFNDNGIDGEWTYDDATKTFTITE
MTFKLIINGKTLKGETTTEAVDAATAEKVFKQYFNDNGIDGEWTYDDATKTFTITE",286,None,'K' deleted in '4',0,1
147,-3.062944101,0,MTKLIINGKTLKGETTTEAVDAATAEKVFKQYFNDNGIDGEWTYDDATKTFTITE,"MT-KLIINGKTLKGETTTEAVDAATAEKVFKQYFNDNGIDGEWTYDDATKTFTITE
MTFKLIINGKTLKGETTTEAVDAATAEKVFKQYFNDNGIDGEWTYDDATKTFTITE",285,None,'F' deleted in '3',0,1
148,-0.465562561,1,TFKLIINGKTLKGETTTEAVDAATAEKVFKQYFNDNGIDGEWTYDDATKTFTITE,"TFKLIINGKTLKGETTTEAVDAATAEKVFKQYFNDNGIDGEWTYDDATKTFTITE
TFKLIINGKTLKGETTTEAVDAATAEKVFKQYFNDNGIDGEWTYDDATKTFTITE",286,None,None,0,0
