ID,DMS_Score,DMS_Score_Bin,mutated_sequence,Alignment,Align_score,Insertions,Deletions,NumberOfInsertionSites,NumberOfDeletionSites
4,-0.045616963,1,RALIESLSQMLSMGFSDEGGWLTRLLQTKNYDIGAALDTIQ,"RALIESLSQMLSMGFSDEGGWLTRLLQTKNYDIGAALDTIQ
R-LIESLSQMLSMGFSDEGGWLTRLLQTKNYDIGAALDTIQ",199,'A' inserted at '2',None,1,0
5,-0.238925882,1,RGLIESLSQMLSMGFSDEGGWLTRLLQTKNYDIGAALDTIQ,"RGLIESLSQMLSMGFSDEGGWLTRLLQTKNYDIGAALDTIQ
R-LIESLSQMLSMGFSDEGGWLTRLLQTKNYDIGAALDTIQ",199,'G' inserted at '2',None,1,0
7,-0.355624933,1,RLAIESLSQMLSMGFSDEGGWLTRLLQTKNYDIGAALDTIQ,"RLAIESLSQMLSMGFSDEGGWLTRLLQTKNYDIGAALDTIQ
RL-IESLSQMLSMGFSDEGGWLTRLLQTKNYDIGAALDTIQ",199,'A' inserted at '3',None,1,0
9,-1.042663233,0,RLGIESLSQMLSMGFSDEGGWLTRLLQTKNYDIGAALDTIQ,"RLGIESLSQMLSMGFSDEGGWLTRLLQTKNYDIGAALDTIQ
RL-IESLSQMLSMGFSDEGGWLTRLLQTKNYDIGAALDTIQ",199,'G' inserted at '3',None,1,0
10,-0.489656729,1,RLIAESLSQMLSMGFSDEGGWLTRLLQTKNYDIGAALDTIQ,"RLIAESLSQMLSMGFSDEGGWLTRLLQTKNYDIGAALDTIQ
RLI-ESLSQMLSMGFSDEGGWLTRLLQTKNYDIGAALDTIQ",199,'A' inserted at '4',None,1,0
11,-0.768474061,1,RLIEASLSQMLSMGFSDEGGWLTRLLQTKNYDIGAALDTIQ,"RLIEASLSQMLSMGFSDEGGWLTRLLQTKNYDIGAALDTIQ
RLIE-SLSQMLSMGFSDEGGWLTRLLQTKNYDIGAALDTIQ",199,'A' inserted at '5',None,1,0
12,-0.969350703,0,RLIEGSLSQMLSMGFSDEGGWLTRLLQTKNYDIGAALDTIQ,"RLIEGSLSQMLSMGFSDEGGWLTRLLQTKNYDIGAALDTIQ
RLIE-SLSQMLSMGFSDEGGWLTRLLQTKNYDIGAALDTIQ",199,'G' inserted at '5',None,1,0
14,-0.26094214,1,RLIESALSQMLSMGFSDEGGWLTRLLQTKNYDIGAALDTIQ,"RLIESALSQMLSMGFSDEGGWLTRLLQTKNYDIGAALDTIQ
RLIES-LSQMLSMGFSDEGGWLTRLLQTKNYDIGAALDTIQ",199,'A' inserted at '6',None,1,0
15,-1.519434638,0,RLIESGLSQMLSMGFSDEGGWLTRLLQTKNYDIGAALDTIQ,"RLIESGLSQMLSMGFSDEGGWLTRLLQTKNYDIGAALDTIQ
RLIES-LSQMLSMGFSDEGGWLTRLLQTKNYDIGAALDTIQ",199,'G' inserted at '6',None,1,0
16,-1.561032921,0,RLIESLASQMLSMGFSDEGGWLTRLLQTKNYDIGAALDTIQ,"RLIESLASQMLSMGFSDEGGWLTRLLQTKNYDIGAALDTIQ
RLIESL-SQMLSMGFSDEGGWLTRLLQTKNYDIGAALDTIQ",199,'A' inserted at '7',None,1,0
17,-1.984816836,0,RLIESLGSQMLSMGFSDEGGWLTRLLQTKNYDIGAALDTIQ,"RLIESLGSQMLSMGFSDEGGWLTRLLQTKNYDIGAALDTIQ
RLIESL-SQMLSMGFSDEGGWLTRLLQTKNYDIGAALDTIQ",199,'G' inserted at '7',None,1,0
19,-1.6703464,0,RLIESLSAQMLSMGFSDEGGWLTRLLQTKNYDIGAALDTIQ,"RLIESLSAQMLSMGFSDEGGWLTRLLQTKNYDIGAALDTIQ
RLIESLS-QMLSMGFSDEGGWLTRLLQTKNYDIGAALDTIQ",199,'A' inserted at '8',None,1,0
20,-2.152121829,0,RLIESLSGQMLSMGFSDEGGWLTRLLQTKNYDIGAALDTIQ,"RLIESLSGQMLSMGFSDEGGWLTRLLQTKNYDIGAALDTIQ
RLIESLS-QMLSMGFSDEGGWLTRLLQTKNYDIGAALDTIQ",199,'G' inserted at '8',None,1,0
22,-1.524972364,0,RLIESLSQAMLSMGFSDEGGWLTRLLQTKNYDIGAALDTIQ,"RLIESLSQAMLSMGFSDEGGWLTRLLQTKNYDIGAALDTIQ
RLIESLSQ-MLSMGFSDEGGWLTRLLQTKNYDIGAALDTIQ",199,'A' inserted at '9',None,1,0
23,-1.809839852,0,RLIESLSQGMLSMGFSDEGGWLTRLLQTKNYDIGAALDTIQ,"RLIESLSQGMLSMGFSDEGGWLTRLLQTKNYDIGAALDTIQ
RLIESLSQ-MLSMGFSDEGGWLTRLLQTKNYDIGAALDTIQ",199,'G' inserted at '9',None,1,0
25,-1.511989729,0,RLIESLSQMALSMGFSDEGGWLTRLLQTKNYDIGAALDTIQ,"RLIESLSQMALSMGFSDEGGWLTRLLQTKNYDIGAALDTIQ
RLIESLSQM-LSMGFSDEGGWLTRLLQTKNYDIGAALDTIQ",199,'A' inserted at '10',None,1,0
26,-1.984512139,0,RLIESLSQMGLSMGFSDEGGWLTRLLQTKNYDIGAALDTIQ,"RLIESLSQMGLSMGFSDEGGWLTRLLQTKNYDIGAALDTIQ
RLIESLSQM-LSMGFSDEGGWLTRLLQTKNYDIGAALDTIQ",199,'G' inserted at '10',None,1,0
27,-0.813949401,1,RLIESLSQMLASMGFSDEGGWLTRLLQTKNYDIGAALDTIQ,"RLIESLSQMLASMGFSDEGGWLTRLLQTKNYDIGAALDTIQ
RLIESLSQML-SMGFSDEGGWLTRLLQTKNYDIGAALDTIQ",199,'A' inserted at '11',None,1,0
28,-1.085340056,0,RLIESLSQMLGSMGFSDEGGWLTRLLQTKNYDIGAALDTIQ,"RLIESLSQMLGSMGFSDEGGWLTRLLQTKNYDIGAALDTIQ
RLIESLSQML-SMGFSDEGGWLTRLLQTKNYDIGAALDTIQ",199,'G' inserted at '11',None,1,0
30,-0.546225873,1,RLIESLSQMLSAMGFSDEGGWLTRLLQTKNYDIGAALDTIQ,"RLIESLSQMLSAMGFSDEGGWLTRLLQTKNYDIGAALDTIQ
RLIESLSQMLS-MGFSDEGGWLTRLLQTKNYDIGAALDTIQ",199,'A' inserted at '12',None,1,0
32,-1.143336866,0,RLIESLSQMLSGMGFSDEGGWLTRLLQTKNYDIGAALDTIQ,"RLIESLSQMLSGMGFSDEGGWLTRLLQTKNYDIGAALDTIQ
RLIESLSQMLS-MGFSDEGGWLTRLLQTKNYDIGAALDTIQ",199,'G' inserted at '12',None,1,0
33,-1.14351309,0,RLIESLSQMLSMAGFSDEGGWLTRLLQTKNYDIGAALDTIQ,"RLIESLSQMLSMAGFSDEGGWLTRLLQTKNYDIGAALDTIQ
RLIESLSQMLSM-GFSDEGGWLTRLLQTKNYDIGAALDTIQ",199,'A' inserted at '13',None,1,0
35,-1.342509128,0,RLIESLSQMLSMGAFSDEGGWLTRLLQTKNYDIGAALDTIQ,"RLIESLSQMLSMGAFSDEGGWLTRLLQTKNYDIGAALDTIQ
RLIESLSQMLSMG-FSDEGGWLTRLLQTKNYDIGAALDTIQ",199,'A' inserted at '14',None,1,0
36,-1.428463571,0,RLIESLSQMLSMGFASDEGGWLTRLLQTKNYDIGAALDTIQ,"RLIESLSQMLSMGFASDEGGWLTRLLQTKNYDIGAALDTIQ
RLIESLSQMLSMGF-SDEGGWLTRLLQTKNYDIGAALDTIQ",199,'A' inserted at '15',None,1,0
38,-1.253079094,0,RLIESLSQMLSMGFGSDEGGWLTRLLQTKNYDIGAALDTIQ,"RLIESLSQMLSMGFGSDEGGWLTRLLQTKNYDIGAALDTIQ
RLIESLSQMLSMGF-SDEGGWLTRLLQTKNYDIGAALDTIQ",199,'G' inserted at '15',None,1,0
39,-1.262467347,0,RLIESLSQMLSMGFSADEGGWLTRLLQTKNYDIGAALDTIQ,"RLIESLSQMLSMGFSADEGGWLTRLLQTKNYDIGAALDTIQ
RLIESLSQMLSMGFS-DEGGWLTRLLQTKNYDIGAALDTIQ",199,'A' inserted at '16',None,1,0
40,-1.344465674,0,RLIESLSQMLSMGFSDAEGGWLTRLLQTKNYDIGAALDTIQ,"RLIESLSQMLSMGFSDAEGGWLTRLLQTKNYDIGAALDTIQ
RLIESLSQMLSMGFSD-EGGWLTRLLQTKNYDIGAALDTIQ",199,'A' inserted at '17',None,1,0
41,-1.126914253,0,RLIESLSQMLSMGFSDEAGGWLTRLLQTKNYDIGAALDTIQ,"RLIESLSQMLSMGFSDEAGGWLTRLLQTKNYDIGAALDTIQ
RLIESLSQMLSMGFSDE-GGWLTRLLQTKNYDIGAALDTIQ",199,'A' inserted at '18',None,1,0
42,-1.000245249,0,RLIESLSQMLSMGFSDEGAGWLTRLLQTKNYDIGAALDTIQ,"RLIESLSQMLSMGFSDEGAGWLTRLLQTKNYDIGAALDTIQ
RLIESLSQMLSMGFSDEG-GWLTRLLQTKNYDIGAALDTIQ",199,'A' inserted at '19',None,1,0
43,-1.089386604,0,RLIESLSQMLSMGFSDEGGAWLTRLLQTKNYDIGAALDTIQ,"RLIESLSQMLSMGFSDEGGAWLTRLLQTKNYDIGAALDTIQ
RLIESLSQMLSMGFSDEGG-WLTRLLQTKNYDIGAALDTIQ",199,'A' inserted at '20',None,1,0
44,-1.260107794,0,RLIESLSQMLSMGFSDEGGGWLTRLLQTKNYDIGAALDTIQ,"RLIESLSQMLSMGFSDEGGGWLTRLLQTKNYDIGAALDTIQ
RLIESLSQMLSMGFSDEGG-WLTRLLQTKNYDIGAALDTIQ",199,'G' inserted at '20',None,1,0
46,-1.785029522,0,RLIESLSQMLSMGFSDEGGWALTRLLQTKNYDIGAALDTIQ,"RLIESLSQMLSMGFSDEGGWALTRLLQTKNYDIGAALDTIQ
RLIESLSQMLSMGFSDEGGW-LTRLLQTKNYDIGAALDTIQ",199,'A' inserted at '21',None,1,0
47,-1.472776913,0,RLIESLSQMLSMGFSDEGGWGLTRLLQTKNYDIGAALDTIQ,"RLIESLSQMLSMGFSDEGGWGLTRLLQTKNYDIGAALDTIQ
RLIESLSQMLSMGFSDEGGW-LTRLLQTKNYDIGAALDTIQ",199,'G' inserted at '21',None,1,0
48,-1.811760764,0,RLIESLSQMLSMGFSDEGGWLATRLLQTKNYDIGAALDTIQ,"RLIESLSQMLSMGFSDEGGWLATRLLQTKNYDIGAALDTIQ
RLIESLSQMLSMGFSDEGGWL-TRLLQTKNYDIGAALDTIQ",199,'A' inserted at '22',None,1,0
49,-2.184397784,0,RLIESLSQMLSMGFSDEGGWLGTRLLQTKNYDIGAALDTIQ,"RLIESLSQMLSMGFSDEGGWLGTRLLQTKNYDIGAALDTIQ
RLIESLSQMLSMGFSDEGGWL-TRLLQTKNYDIGAALDTIQ",199,'G' inserted at '22',None,1,0
51,-1.890938141,0,RLIESLSQMLSMGFSDEGGWLTARLLQTKNYDIGAALDTIQ,"RLIESLSQMLSMGFSDEGGWLTARLLQTKNYDIGAALDTIQ
RLIESLSQMLSMGFSDEGGWLT-RLLQTKNYDIGAALDTIQ",199,'A' inserted at '23',None,1,0
52,-1.918510529,0,RLIESLSQMLSMGFSDEGGWLTGRLLQTKNYDIGAALDTIQ,"RLIESLSQMLSMGFSDEGGWLTGRLLQTKNYDIGAALDTIQ
RLIESLSQMLSMGFSDEGGWLT-RLLQTKNYDIGAALDTIQ",199,'G' inserted at '23',None,1,0
54,-1.690162595,0,RLIESLSQMLSMGFSDEGGWLTRALLQTKNYDIGAALDTIQ,"RLIESLSQMLSMGFSDEGGWLTRALLQTKNYDIGAALDTIQ
RLIESLSQMLSMGFSDEGGWLTR-LLQTKNYDIGAALDTIQ",199,'A' inserted at '24',None,1,0
55,-2.241936632,0,RLIESLSQMLSMGFSDEGGWLTRGLLQTKNYDIGAALDTIQ,"RLIESLSQMLSMGFSDEGGWLTRGLLQTKNYDIGAALDTIQ
RLIESLSQMLSMGFSDEGGWLTR-LLQTKNYDIGAALDTIQ",199,'G' inserted at '24',None,1,0
56,-1.722431991,0,RLIESLSQMLSMGFSDEGGWLTRLALQTKNYDIGAALDTIQ,"RLIESLSQMLSMGFSDEGGWLTRLALQTKNYDIGAALDTIQ
RLIESLSQMLSMGFSDEGGWLTRL-LQTKNYDIGAALDTIQ",199,'A' inserted at '25',None,1,0
57,-1.834287303,0,RLIESLSQMLSMGFSDEGGWLTRLGLQTKNYDIGAALDTIQ,"RLIESLSQMLSMGFSDEGGWLTRLGLQTKNYDIGAALDTIQ
RLIESLSQMLSMGFSDEGGWLTRL-LQTKNYDIGAALDTIQ",199,'G' inserted at '25',None,1,0
58,-0.855413342,1,RLIESLSQMLSMGFSDEGGWLTRLLAQTKNYDIGAALDTIQ,"RLIESLSQMLSMGFSDEGGWLTRLLAQTKNYDIGAALDTIQ
RLIESLSQMLSMGFSDEGGWLTRLL-QTKNYDIGAALDTIQ",199,'A' inserted at '26',None,1,0
59,-1.107894743,0,RLIESLSQMLSMGFSDEGGWLTRLLGQTKNYDIGAALDTIQ,"RLIESLSQMLSMGFSDEGGWLTRLLGQTKNYDIGAALDTIQ
RLIESLSQMLSMGFSDEGGWLTRLL-QTKNYDIGAALDTIQ",199,'G' inserted at '26',None,1,0
60,-0.572824048,1,RLIESLSQMLSMGFSDEGGWLTRLLQATKNYDIGAALDTIQ,"RLIESLSQMLSMGFSDEGGWLTRLLQATKNYDIGAALDTIQ
RLIESLSQMLSMGFSDEGGWLTRLLQ-TKNYDIGAALDTIQ",199,'A' inserted at '27',None,1,0
61,-0.896164701,0,RLIESLSQMLSMGFSDEGGWLTRLLQGTKNYDIGAALDTIQ,"RLIESLSQMLSMGFSDEGGWLTRLLQGTKNYDIGAALDTIQ
RLIESLSQMLSMGFSDEGGWLTRLLQ-TKNYDIGAALDTIQ",199,'G' inserted at '27',None,1,0
63,-0.984053408,0,RLIESLSQMLSMGFSDEGGWLTRLLQTAKNYDIGAALDTIQ,"RLIESLSQMLSMGFSDEGGWLTRLLQTAKNYDIGAALDTIQ
RLIESLSQMLSMGFSDEGGWLTRLLQT-KNYDIGAALDTIQ",199,'A' inserted at '28',None,1,0
64,-1.459458998,0,RLIESLSQMLSMGFSDEGGWLTRLLQTGKNYDIGAALDTIQ,"RLIESLSQMLSMGFSDEGGWLTRLLQTGKNYDIGAALDTIQ
RLIESLSQMLSMGFSDEGGWLTRLLQT-KNYDIGAALDTIQ",199,'G' inserted at '28',None,1,0
65,-1.328944198,0,RLIESLSQMLSMGFSDEGGWLTRLLQTKANYDIGAALDTIQ,"RLIESLSQMLSMGFSDEGGWLTRLLQTKANYDIGAALDTIQ
RLIESLSQMLSMGFSDEGGWLTRLLQTK-NYDIGAALDTIQ",199,'A' inserted at '29',None,1,0
66,-1.412681947,0,RLIESLSQMLSMGFSDEGGWLTRLLQTKGNYDIGAALDTIQ,"RLIESLSQMLSMGFSDEGGWLTRLLQTKGNYDIGAALDTIQ
RLIESLSQMLSMGFSDEGGWLTRLLQTK-NYDIGAALDTIQ",199,'G' inserted at '29',None,1,0
67,-1.23631686,0,RLIESLSQMLSMGFSDEGGWLTRLLQTKNAYDIGAALDTIQ,"RLIESLSQMLSMGFSDEGGWLTRLLQTKNAYDIGAALDTIQ
RLIESLSQMLSMGFSDEGGWLTRLLQTKN-YDIGAALDTIQ",199,'A' inserted at '30',None,1,0
69,-1.256668397,0,RLIESLSQMLSMGFSDEGGWLTRLLQTKNGYDIGAALDTIQ,"RLIESLSQMLSMGFSDEGGWLTRLLQTKNGYDIGAALDTIQ
RLIESLSQMLSMGFSDEGGWLTRLLQTKN-YDIGAALDTIQ",199,'G' inserted at '30',None,1,0
70,-1.311889071,0,RLIESLSQMLSMGFSDEGGWLTRLLQTKNYADIGAALDTIQ,"RLIESLSQMLSMGFSDEGGWLTRLLQTKNYADIGAALDTIQ
RLIESLSQMLSMGFSDEGGWLTRLLQTKNY-DIGAALDTIQ",199,'A' inserted at '31',None,1,0
71,-1.177692459,0,RLIESLSQMLSMGFSDEGGWLTRLLQTKNYDAIGAALDTIQ,"RLIESLSQMLSMGFSDEGGWLTRLLQTKNYDAIGAALDTIQ
RLIESLSQMLSMGFSDEGGWLTRLLQTKNYD-IGAALDTIQ",199,'A' inserted at '32',None,1,0
73,-1.48733057,0,RLIESLSQMLSMGFSDEGGWLTRLLQTKNYDGIGAALDTIQ,"RLIESLSQMLSMGFSDEGGWLTRLLQTKNYDGIGAALDTIQ
RLIESLSQMLSMGFSDEGGWLTRLLQTKNYD-IGAALDTIQ",199,'G' inserted at '32',None,1,0
75,-1.35563666,0,RLIESLSQMLSMGFSDEGGWLTRLLQTKNYDIAGAALDTIQ,"RLIESLSQMLSMGFSDEGGWLTRLLQTKNYDIAGAALDTIQ
RLIESLSQMLSMGFSDEGGWLTRLLQTKNYDI-GAALDTIQ",199,'A' inserted at '33',None,1,0
76,-1.610126077,0,RLIESLSQMLSMGFSDEGGWLTRLLQTKNYDIGAAALDTIQ,"RLIESLSQMLSMGFSDEGGWLTRLLQTKNYDIGAAALDTIQ
RLIESLSQMLSMGFSDEGGWLTRLLQTKNYDIGAA-LDTIQ",199,'A' inserted at '36',None,1,0
78,-1.733239949,0,RLIESLSQMLSMGFSDEGGWLTRLLQTKNYDIGAAGLDTIQ,"RLIESLSQMLSMGFSDEGGWLTRLLQTKNYDIGAAGLDTIQ
RLIESLSQMLSMGFSDEGGWLTRLLQTKNYDIGAA-LDTIQ",199,'G' inserted at '36',None,1,0
79,-1.067123885,0,RLIESLSQMLSMGFSDEGGWLTRLLQTKNYDIGAALADTIQ,"RLIESLSQMLSMGFSDEGGWLTRLLQTKNYDIGAALADTIQ
RLIESLSQMLSMGFSDEGGWLTRLLQTKNYDIGAAL-DTIQ",199,'A' inserted at '37',None,1,0
80,-1.082069782,0,RLIESLSQMLSMGFSDEGGWLTRLLQTKNYDIGAALDATIQ,"RLIESLSQMLSMGFSDEGGWLTRLLQTKNYDIGAALDATIQ
RLIESLSQMLSMGFSDEGGWLTRLLQTKNYDIGAALD-TIQ",199,'A' inserted at '38',None,1,0
81,-1.272860809,0,RLIESLSQMLSMGFSDEGGWLTRLLQTKNYDIGAALDGTIQ,"RLIESLSQMLSMGFSDEGGWLTRLLQTKNYDIGAALDGTIQ
RLIESLSQMLSMGFSDEGGWLTRLLQTKNYDIGAALD-TIQ",199,'G' inserted at '38',None,1,0
83,-0.993358543,0,RLIESLSQMLSMGFSDEGGWLTRLLQTKNYDIGAALDTAIQ,"RLIESLSQMLSMGFSDEGGWLTRLLQTKNYDIGAALDTAIQ
RLIESLSQMLSMGFSDEGGWLTRLLQTKNYDIGAALDT-IQ",199,'A' inserted at '39',None,1,0
84,-1.302394488,0,RLIESLSQMLSMGFSDEGGWLTRLLQTKNYDIGAALDTGIQ,"RLIESLSQMLSMGFSDEGGWLTRLLQTKNYDIGAALDTGIQ
RLIESLSQMLSMGFSDEGGWLTRLLQTKNYDIGAALDT-IQ",199,'G' inserted at '39',None,1,0
86,0.304826737,1,RLIESLSQMLSMGFSDEGGWLTRLLQTKNYDIGAALDTIAQ,"RLIESLSQMLSMGFSDEGGWLTRLLQTKNYDIGAALDTIAQ
RLIESLSQMLSMGFSDEGGWLTRLLQTKNYDIGAALDTI-Q",199,'A' inserted at '40',None,1,0
87,-0.093350627,1,RLIESLSQMLSMGFSDEGGWLTRLLQTKNYDIGAALDTIGQ,"RLIESLSQMLSMGFSDEGGWLTRLLQTKNYDIGAALDTIGQ
RLIESLSQMLSMGFSDEGGWLTRLLQTKNYDIGAALDTI-Q",199,'G' inserted at '40',None,1,0
89,-1.424600043,0,RLIESLSQMLSMGFSDEGGWLTRLLQTKNYDIGAALGDTIQ,"RLIESLSQMLSMGFSDEGGWLTRLLQTKNYDIGAALGDTIQ
RLIESLSQMLSMGFSDEGGWLTRLLQTKNYDIGAAL-DTIQ",199,'G' inserted at '37',None,1,0
91,-1.576896189,0,RLIESLSQMLSMGFSDEGGWLTRLLQTKNYDIGAGALDTIQ,"RLIESLSQMLSMGFSDEGGWLTRLLQTKNYDIGAGALDTIQ
RLIESLSQMLSMGFSDEGGWLTRLLQTKNYDIGA-ALDTIQ",199,'G' inserted at '35',None,1,0
93,-1.68785329,0,RLIESLSQMLSMGFSDEGGWLTRLLQTKNYDIGGAALDTIQ,"RLIESLSQMLSMGFSDEGGWLTRLLQTKNYDIGGAALDTIQ
RLIESLSQMLSMGFSDEGGWLTRLLQTKNYDIG-AALDTIQ",199,'G' inserted at '34',None,1,0
94,-1.323139539,0,RLIESLSQMLSMGFSDEGGWLTRLLQTKNYGDIGAALDTIQ,"RLIESLSQMLSMGFSDEGGWLTRLLQTKNYGDIGAALDTIQ
RLIESLSQMLSMGFSDEGGWLTRLLQTKNY-DIGAALDTIQ",199,'G' inserted at '31',None,1,0
102,-1.51985804,0,RLIESLSQMLSMGFSDGEGGWLTRLLQTKNYDIGAALDTIQ,"RLIESLSQMLSMGFSDGEGGWLTRLLQTKNYDIGAALDTIQ
RLIESLSQMLSMGFSD-EGGWLTRLLQTKNYDIGAALDTIQ",199,'G' inserted at '17',None,1,0
105,-1.391882659,0,RLIESLSQMLSMGFSGDEGGWLTRLLQTKNYDIGAALDTIQ,"RLIESLSQMLSMGFSGDEGGWLTRLLQTKNYDIGAALDTIQ
RLIESLSQMLSMGFS-DEGGWLTRLLQTKNYDIGAALDTIQ",199,'G' inserted at '16',None,1,0
106,-1.354665991,0,RLIESLSQMLSMGGFSDEGGWLTRLLQTKNYDIGAALDTIQ,"RLIESLSQMLSMGGFSDEGGWLTRLLQTKNYDIGAALDTIQ
RLIESLSQMLSMG-FSDEGGWLTRLLQTKNYDIGAALDTIQ",199,'G' inserted at '14',None,1,0
110,-1.138358445,0,RLIGESLSQMLSMGFSDEGGWLTRLLQTKNYDIGAALDTIQ,"RLIGESLSQMLSMGFSDEGGWLTRLLQTKNYDIGAALDTIQ
RLI-ESLSQMLSMGFSDEGGWLTRLLQTKNYDIGAALDTIQ",199,'G' inserted at '4',None,1,0
1,0.185707138,1,ARLIESLSQMLSMGFSDEGGWLTRLLQTKNYDIGAALDTIQ,"RLIESLSQMLSMGFSDEGGWLTRLLQTKNYDIGAALDTIQ
RLIESLSQMLSMGFSDEGGWLTRLLQTKNYDIGAALDTIQ",199,None,None,0,0
2,0.069521408,1,GRLIESLSQMLSMGFSDEGGWLTRLLQTKNYDIGAALDTIQ,"RLIESLSQMLSMGFSDEGGWLTRLLQTKNYDIGAALDTIQ
RLIESLSQMLSMGFSDEGGWLTRLLQTKNYDIGAALDTIQ",199,None,None,0,0
3,-0.165645599,1,LIESLSQMLSMGFSDEGGWLTRLLQTKNYDIGAALDTIQ,"LIESLSQMLSMGFSDEGGWLTRLLQTKNYDIGAALDTIQ
LIESLSQMLSMGFSDEGGWLTRLLQTKNYDIGAALDTIQ",194,None,None,0,0
6,-1.283264799,0,RIESLSQMLSMGFSDEGGWLTRLLQTKNYDIGAALDTIQ,"R-IESLSQMLSMGFSDEGGWLTRLLQTKNYDIGAALDTIQ
RLIESLSQMLSMGFSDEGGWLTRLLQTKNYDIGAALDTIQ",195,None,'L' deleted in '2',0,1
8,-1.218094429,0,RLESLSQMLSMGFSDEGGWLTRLLQTKNYDIGAALDTIQ,"RL-ESLSQMLSMGFSDEGGWLTRLLQTKNYDIGAALDTIQ
RLIESLSQMLSMGFSDEGGWLTRLLQTKNYDIGAALDTIQ",195,None,'I' deleted in '3',0,1
13,-1.568230674,0,RLIELSQMLSMGFSDEGGWLTRLLQTKNYDIGAALDTIQ,"RLIE-LSQMLSMGFSDEGGWLTRLLQTKNYDIGAALDTIQ
RLIESLSQMLSMGFSDEGGWLTRLLQTKNYDIGAALDTIQ",195,None,'S' deleted in '5',0,1
18,-1.831712992,0,RLIESLQMLSMGFSDEGGWLTRLLQTKNYDIGAALDTIQ,"RLIESL-QMLSMGFSDEGGWLTRLLQTKNYDIGAALDTIQ
RLIESLSQMLSMGFSDEGGWLTRLLQTKNYDIGAALDTIQ",195,None,'S' deleted in '7',0,1
21,-1.664838993,0,RLIESLSMLSMGFSDEGGWLTRLLQTKNYDIGAALDTIQ,"RLIESLS-MLSMGFSDEGGWLTRLLQTKNYDIGAALDTIQ
RLIESLSQMLSMGFSDEGGWLTRLLQTKNYDIGAALDTIQ",194,None,'Q' deleted in '8',0,1
24,-1.92276927,0,RLIESLSQLSMGFSDEGGWLTRLLQTKNYDIGAALDTIQ,"RLIESLSQ-LSMGFSDEGGWLTRLLQTKNYDIGAALDTIQ
RLIESLSQMLSMGFSDEGGWLTRLLQTKNYDIGAALDTIQ",194,None,'M' deleted in '9',0,1
29,-1.387536997,0,RLIESLSQMLMGFSDEGGWLTRLLQTKNYDIGAALDTIQ,"RLIESLSQML-MGFSDEGGWLTRLLQTKNYDIGAALDTIQ
RLIESLSQMLSMGFSDEGGWLTRLLQTKNYDIGAALDTIQ",195,None,'S' deleted in '11',0,1
31,-1.573985566,0,RLIESLSQMLSGFSDEGGWLTRLLQTKNYDIGAALDTIQ,"RLIESLSQMLS-GFSDEGGWLTRLLQTKNYDIGAALDTIQ
RLIESLSQMLSMGFSDEGGWLTRLLQTKNYDIGAALDTIQ",194,None,'M' deleted in '12',0,1
34,-1.395209543,0,RLIESLSQMLSMFSDEGGWLTRLLQTKNYDIGAALDTIQ,"RLIESLSQMLSM-FSDEGGWLTRLLQTKNYDIGAALDTIQ
RLIESLSQMLSMGFSDEGGWLTRLLQTKNYDIGAALDTIQ",193,None,'G' deleted in '13',0,1
37,-1.442002823,0,RLIESLSQMLSMGFDEGGWLTRLLQTKNYDIGAALDTIQ,"RLIESLSQMLSMGF-DEGGWLTRLLQTKNYDIGAALDTIQ
RLIESLSQMLSMGFSDEGGWLTRLLQTKNYDIGAALDTIQ",195,None,'S' deleted in '15',0,1
45,-2.309070048,0,RLIESLSQMLSMGFSDEGGLTRLLQTKNYDIGAALDTIQ,"RLIESLSQMLSMGFSDEGG-LTRLLQTKNYDIGAALDTIQ
RLIESLSQMLSMGFSDEGGWLTRLLQTKNYDIGAALDTIQ",188,None,'W' deleted in '20',0,1
50,-1.711024336,0,RLIESLSQMLSMGFSDEGGWLRLLQTKNYDIGAALDTIQ,"RLIESLSQMLSMGFSDEGGWL-RLLQTKNYDIGAALDTIQ
RLIESLSQMLSMGFSDEGGWLTRLLQTKNYDIGAALDTIQ",194,None,'T' deleted in '22',0,1
53,-1.791416807,0,RLIESLSQMLSMGFSDEGGWLTLLQTKNYDIGAALDTIQ,"RLIESLSQMLSMGFSDEGGWLT-LLQTKNYDIGAALDTIQ
RLIESLSQMLSMGFSDEGGWLTRLLQTKNYDIGAALDTIQ",194,None,'R' deleted in '23',0,1
62,-1.411106743,0,RLIESLSQMLSMGFSDEGGWLTRLLQKNYDIGAALDTIQ,"RLIESLSQMLSMGFSDEGGWLTRLLQ-KNYDIGAALDTIQ
RLIESLSQMLSMGFSDEGGWLTRLLQTKNYDIGAALDTIQ",194,None,'T' deleted in '27',0,1
68,-1.518410273,0,RLIESLSQMLSMGFSDEGGWLTRLLQTKNDIGAALDTIQ,"RLIESLSQMLSMGFSDEGGWLTRLLQTKN-DIGAALDTIQ
RLIESLSQMLSMGFSDEGGWLTRLLQTKNYDIGAALDTIQ",192,None,'Y' deleted in '30',0,1
72,-1.668107081,0,RLIESLSQMLSMGFSDEGGWLTRLLQTKNYDGAALDTIQ,"RLIESLSQMLSMGFSDEGGWLTRLLQTKNYD-GAALDTIQ
RLIESLSQMLSMGFSDEGGWLTRLLQTKNYDIGAALDTIQ",195,None,'I' deleted in '32',0,1
74,-1.512664737,0,RLIESLSQMLSMGFSDEGGWLTRLLQTKNYDIAALDTIQ,"RLIESLSQMLSMGFSDEGGWLTRLLQTKNYDI-AALDTIQ
RLIESLSQMLSMGFSDEGGWLTRLLQTKNYDIGAALDTIQ",193,None,'G' deleted in '33',0,1
77,-1.579571324,0,RLIESLSQMLSMGFSDEGGWLTRLLQTKNYDIGAADTIQ,"RLIESLSQMLSMGFSDEGGWLTRLLQTKNYDIGAA-DTIQ
RLIESLSQMLSMGFSDEGGWLTRLLQTKNYDIGAALDTIQ",195,None,'L' deleted in '36',0,1
82,-1.434917256,0,RLIESLSQMLSMGFSDEGGWLTRLLQTKNYDIGAALDIQ,"RLIESLSQMLSMGFSDEGGWLTRLLQTKNYDIGAALD-IQ
RLIESLSQMLSMGFSDEGGWLTRLLQTKNYDIGAALDTIQ",194,None,'T' deleted in '38',0,1
85,-0.162552703,1,RLIESLSQMLSMGFSDEGGWLTRLLQTKNYDIGAALDTI,"RLIESLSQMLSMGFSDEGGWLTRLLQTKNYDIGAALDTI
RLIESLSQMLSMGFSDEGGWLTRLLQTKNYDIGAALDTI",194,None,None,0,0
88,-1.544075164,0,RLIESLSQMLSMGFSDEGGWLTRLLQTKNYDIGAALDTQ,"RLIESLSQMLSMGFSDEGGWLTRLLQTKNYDIGAALDT-Q
RLIESLSQMLSMGFSDEGGWLTRLLQTKNYDIGAALDTIQ",195,None,'I' deleted in '39',0,1
90,-1.457993068,0,RLIESLSQMLSMGFSDEGGWLTRLLQTKNYDIGAALTIQ,"RLIESLSQMLSMGFSDEGGWLTRLLQTKNYDIGAAL-TIQ
RLIESLSQMLSMGFSDEGGWLTRLLQTKNYDIGAALDTIQ",193,None,'D' deleted in '37',0,1
92,-1.635415066,0,RLIESLSQMLSMGFSDEGGWLTRLLQTKNYDIGALDTIQ,"RLIESLSQMLSMGFSDEGGWLTRLLQTKNYDIGA-LDTIQ
RLIESLSQMLSMGFSDEGGWLTRLLQTKNYDIGAALDTIQ",195,None,'A' deleted in '35',0,1
95,-1.08689017,0,RLIESLSQMLSMGFSDEGGWLTRLLQTKNYIGAALDTIQ,"RLIESLSQMLSMGFSDEGGWLTRLLQTKNY-IGAALDTIQ
RLIESLSQMLSMGFSDEGGWLTRLLQTKNYDIGAALDTIQ",193,None,'D' deleted in '31',0,1
96,-1.435957565,0,RLIESLSQMLSMGFSDEGGWLTRLLQTKYDIGAALDTIQ,"RLIESLSQMLSMGFSDEGGWLTRLLQTK-YDIGAALDTIQ
RLIESLSQMLSMGFSDEGGWLTRLLQTKNYDIGAALDTIQ",193,None,'N' deleted in '29',0,1
97,-1.482853609,0,RLIESLSQMLSMGFSDEGGWLTRLLQTNYDIGAALDTIQ,"RLIESLSQMLSMGFSDEGGWLTRLLQT-NYDIGAALDTIQ
RLIESLSQMLSMGFSDEGGWLTRLLQTKNYDIGAALDTIQ",194,None,'K' deleted in '28',0,1
98,-1.390563354,0,RLIESLSQMLSMGFSDEGGWLTRLLTKNYDIGAALDTIQ,"RLIESLSQMLSMGFSDEGGWLTRLL-TKNYDIGAALDTIQ
RLIESLSQMLSMGFSDEGGWLTRLLQTKNYDIGAALDTIQ",194,None,'Q' deleted in '26',0,1
99,-2.132567147,0,RLIESLSQMLSMGFSDEGGWLTRLQTKNYDIGAALDTIQ,"RLIESLSQMLSMGFSDEGGWLTRL-QTKNYDIGAALDTIQ
RLIESLSQMLSMGFSDEGGWLTRLLQTKNYDIGAALDTIQ",195,None,'L' deleted in '25',0,1
100,-2.170723206,0,RLIESLSQMLSMGFSDEGGWTRLLQTKNYDIGAALDTIQ,"RLIESLSQMLSMGFSDEGGW-TRLLQTKNYDIGAALDTIQ
RLIESLSQMLSMGFSDEGGWLTRLLQTKNYDIGAALDTIQ",195,None,'L' deleted in '21',0,1
101,-1.392299573,0,RLIESLSQMLSMGFSDEGWLTRLLQTKNYDIGAALDTIQ,"RLIESLSQMLSMGFSDEG-WLTRLLQTKNYDIGAALDTIQ
RLIESLSQMLSMGFSDEGGWLTRLLQTKNYDIGAALDTIQ",193,None,'G' deleted in '19',0,1
103,-1.424233366,0,RLIESLSQMLSMGFSDGGWLTRLLQTKNYDIGAALDTIQ,"RLIESLSQMLSMGFSD-GGWLTRLLQTKNYDIGAALDTIQ
RLIESLSQMLSMGFSDEGGWLTRLLQTKNYDIGAALDTIQ",194,None,'E' deleted in '17',0,1
104,-1.502230361,0,RLIESLSQMLSMGFSEGGWLTRLLQTKNYDIGAALDTIQ,"RLIESLSQMLSMGFS-EGGWLTRLLQTKNYDIGAALDTIQ
RLIESLSQMLSMGFSDEGGWLTRLLQTKNYDIGAALDTIQ",193,None,'D' deleted in '16',0,1
107,-1.873531124,0,RLIESLSQMLSMGSDEGGWLTRLLQTKNYDIGAALDTIQ,"RLIESLSQMLSMG-SDEGGWLTRLLQTKNYDIGAALDTIQ
RLIESLSQMLSMGFSDEGGWLTRLLQTKNYDIGAALDTIQ",193,None,'F' deleted in '14',0,1
108,-2.407452419,0,RLIESLSQMSMGFSDEGGWLTRLLQTKNYDIGAALDTIQ,"RLIESLSQM-SMGFSDEGGWLTRLLQTKNYDIGAALDTIQ
RLIESLSQMLSMGFSDEGGWLTRLLQTKNYDIGAALDTIQ",195,None,'L' deleted in '10',0,1
109,-2.485280881,0,RLIESSQMLSMGFSDEGGWLTRLLQTKNYDIGAALDTIQ,"RLIES-SQMLSMGFSDEGGWLTRLLQTKNYDIGAALDTIQ
RLIESLSQMLSMGFSDEGGWLTRLLQTKNYDIGAALDTIQ",195,None,'L' deleted in '6',0,1
111,-1.170168113,0,RLISLSQMLSMGFSDEGGWLTRLLQTKNYDIGAALDTIQ,"RLI-SLSQMLSMGFSDEGGWLTRLLQTKNYDIGAALDTIQ
RLIESLSQMLSMGFSDEGGWLTRLLQTKNYDIGAALDTIQ",194,None,'E' deleted in '4',0,1
