ID,DMS_Score,DMS_Score_Bin,mutated_sequence,Alignment,Align_score,Insertions,Deletions,NumberOfInsertionSites,NumberOfDeletionSites
2,-0.118608398,1,AAVAESVIGKRVGDDGKTIEYLVKWTDMSDATWEPQDNVDSTLVLLYQQ,"AAVAESVIGKRVGDDGKTIEYLVKWTDMSDATWEPQDNVDSTLVLLYQQ
A-VAESVIGKRVGDDGKTIEYLVKWTDMSDATWEPQDNVDSTLVLLYQQ",248,'A' inserted at '2',None,1,0
3,-0.173885377,1,AGVAESVIGKRVGDDGKTIEYLVKWTDMSDATWEPQDNVDSTLVLLYQQ,"AGVAESVIGKRVGDDGKTIEYLVKWTDMSDATWEPQDNVDSTLVLLYQQ
A-VAESVIGKRVGDDGKTIEYLVKWTDMSDATWEPQDNVDSTLVLLYQQ",248,'G' inserted at '2',None,1,0
4,-0.591537497,1,AVAAESVIGKRVGDDGKTIEYLVKWTDMSDATWEPQDNVDSTLVLLYQQ,"AVAAESVIGKRVGDDGKTIEYLVKWTDMSDATWEPQDNVDSTLVLLYQQ
AVA-ESVIGKRVGDDGKTIEYLVKWTDMSDATWEPQDNVDSTLVLLYQQ",248,'A' inserted at '4',None,1,0
5,-0.637822887,1,AVAEASVIGKRVGDDGKTIEYLVKWTDMSDATWEPQDNVDSTLVLLYQQ,"AVAEASVIGKRVGDDGKTIEYLVKWTDMSDATWEPQDNVDSTLVLLYQQ
AVAE-SVIGKRVGDDGKTIEYLVKWTDMSDATWEPQDNVDSTLVLLYQQ",248,'A' inserted at '5',None,1,0
6,-1.165085698,1,AVAEGSVIGKRVGDDGKTIEYLVKWTDMSDATWEPQDNVDSTLVLLYQQ,"AVAEGSVIGKRVGDDGKTIEYLVKWTDMSDATWEPQDNVDSTLVLLYQQ
AVAE-SVIGKRVGDDGKTIEYLVKWTDMSDATWEPQDNVDSTLVLLYQQ",248,'G' inserted at '5',None,1,0
7,-1.329334512,1,AVAESAVIGKRVGDDGKTIEYLVKWTDMSDATWEPQDNVDSTLVLLYQQ,"AVAESAVIGKRVGDDGKTIEYLVKWTDMSDATWEPQDNVDSTLVLLYQQ
AVAES-VIGKRVGDDGKTIEYLVKWTDMSDATWEPQDNVDSTLVLLYQQ",248,'A' inserted at '6',None,1,0
8,-2.077582965,0,AVAESGVIGKRVGDDGKTIEYLVKWTDMSDATWEPQDNVDSTLVLLYQQ,"AVAESGVIGKRVGDDGKTIEYLVKWTDMSDATWEPQDNVDSTLVLLYQQ
AVAES-VIGKRVGDDGKTIEYLVKWTDMSDATWEPQDNVDSTLVLLYQQ",248,'G' inserted at '6',None,1,0
10,-2.786839873,0,AVAESVAIGKRVGDDGKTIEYLVKWTDMSDATWEPQDNVDSTLVLLYQQ,"AVAESVAIGKRVGDDGKTIEYLVKWTDMSDATWEPQDNVDSTLVLLYQQ
AVAESV-IGKRVGDDGKTIEYLVKWTDMSDATWEPQDNVDSTLVLLYQQ",248,'A' inserted at '7',None,1,0
11,-3.30099395,0,AVAESVGIGKRVGDDGKTIEYLVKWTDMSDATWEPQDNVDSTLVLLYQQ,"AVAESVGIGKRVGDDGKTIEYLVKWTDMSDATWEPQDNVDSTLVLLYQQ
AVAESV-IGKRVGDDGKTIEYLVKWTDMSDATWEPQDNVDSTLVLLYQQ",248,'G' inserted at '7',None,1,0
13,-2.196652232,0,AVAESVIAGKRVGDDGKTIEYLVKWTDMSDATWEPQDNVDSTLVLLYQQ,"AVAESVIAGKRVGDDGKTIEYLVKWTDMSDATWEPQDNVDSTLVLLYQQ
AVAESVI-GKRVGDDGKTIEYLVKWTDMSDATWEPQDNVDSTLVLLYQQ",248,'A' inserted at '8',None,1,0
14,-2.386458656,0,AVAESVIGAKRVGDDGKTIEYLVKWTDMSDATWEPQDNVDSTLVLLYQQ,"AVAESVIGAKRVGDDGKTIEYLVKWTDMSDATWEPQDNVDSTLVLLYQQ
AVAESVIG-KRVGDDGKTIEYLVKWTDMSDATWEPQDNVDSTLVLLYQQ",248,'A' inserted at '9',None,1,0
15,-2.583867871,0,AVAESVIGGKRVGDDGKTIEYLVKWTDMSDATWEPQDNVDSTLVLLYQQ,"AVAESVIGGKRVGDDGKTIEYLVKWTDMSDATWEPQDNVDSTLVLLYQQ
AVAESVIG-KRVGDDGKTIEYLVKWTDMSDATWEPQDNVDSTLVLLYQQ",248,'G' inserted at '9',None,1,0
16,-3.386081328,0,AVAESVIGKARVGDDGKTIEYLVKWTDMSDATWEPQDNVDSTLVLLYQQ,"AVAESVIGKARVGDDGKTIEYLVKWTDMSDATWEPQDNVDSTLVLLYQQ
AVAESVIGK-RVGDDGKTIEYLVKWTDMSDATWEPQDNVDSTLVLLYQQ",248,'A' inserted at '10',None,1,0
17,-3.429330485,0,AVAESVIGKGRVGDDGKTIEYLVKWTDMSDATWEPQDNVDSTLVLLYQQ,"AVAESVIGKGRVGDDGKTIEYLVKWTDMSDATWEPQDNVDSTLVLLYQQ
AVAESVIGK-RVGDDGKTIEYLVKWTDMSDATWEPQDNVDSTLVLLYQQ",248,'G' inserted at '10',None,1,0
18,-1.448807633,1,AVAESVIGKRAVGDDGKTIEYLVKWTDMSDATWEPQDNVDSTLVLLYQQ,"AVAESVIGKRAVGDDGKTIEYLVKWTDMSDATWEPQDNVDSTLVLLYQQ
AVAESVIGKR-VGDDGKTIEYLVKWTDMSDATWEPQDNVDSTLVLLYQQ",248,'A' inserted at '11',None,1,0
20,-1.794207556,0,AVAESVIGKRGVGDDGKTIEYLVKWTDMSDATWEPQDNVDSTLVLLYQQ,"AVAESVIGKRGVGDDGKTIEYLVKWTDMSDATWEPQDNVDSTLVLLYQQ
AVAESVIGKR-VGDDGKTIEYLVKWTDMSDATWEPQDNVDSTLVLLYQQ",248,'G' inserted at '11',None,1,0
21,-1.264177954,1,AVAESVIGKRVAGDDGKTIEYLVKWTDMSDATWEPQDNVDSTLVLLYQQ,"AVAESVIGKRVAGDDGKTIEYLVKWTDMSDATWEPQDNVDSTLVLLYQQ
AVAESVIGKRV-GDDGKTIEYLVKWTDMSDATWEPQDNVDSTLVLLYQQ",248,'A' inserted at '12',None,1,0
23,-1.89218638,0,AVAESVIGKRVGADDGKTIEYLVKWTDMSDATWEPQDNVDSTLVLLYQQ,"AVAESVIGKRVGADDGKTIEYLVKWTDMSDATWEPQDNVDSTLVLLYQQ
AVAESVIGKRVG-DDGKTIEYLVKWTDMSDATWEPQDNVDSTLVLLYQQ",248,'A' inserted at '13',None,1,0
24,-1.972581693,0,AVAESVIGKRVGDADGKTIEYLVKWTDMSDATWEPQDNVDSTLVLLYQQ,"AVAESVIGKRVGDADGKTIEYLVKWTDMSDATWEPQDNVDSTLVLLYQQ
AVAESVIGKRVGD-DGKTIEYLVKWTDMSDATWEPQDNVDSTLVLLYQQ",248,'A' inserted at '14',None,1,0
25,-2.001701504,0,AVAESVIGKRVGDDAGKTIEYLVKWTDMSDATWEPQDNVDSTLVLLYQQ,"AVAESVIGKRVGDDAGKTIEYLVKWTDMSDATWEPQDNVDSTLVLLYQQ
AVAESVIGKRVGDD-GKTIEYLVKWTDMSDATWEPQDNVDSTLVLLYQQ",248,'A' inserted at '15',None,1,0
26,-2.248238032,0,AVAESVIGKRVGDDGAKTIEYLVKWTDMSDATWEPQDNVDSTLVLLYQQ,"AVAESVIGKRVGDDGAKTIEYLVKWTDMSDATWEPQDNVDSTLVLLYQQ
AVAESVIGKRVGDDG-KTIEYLVKWTDMSDATWEPQDNVDSTLVLLYQQ",248,'A' inserted at '16',None,1,0
27,-2.221387396,0,AVAESVIGKRVGDDGGKTIEYLVKWTDMSDATWEPQDNVDSTLVLLYQQ,"AVAESVIGKRVGDDGGKTIEYLVKWTDMSDATWEPQDNVDSTLVLLYQQ
AVAESVIGKRVGDDG-KTIEYLVKWTDMSDATWEPQDNVDSTLVLLYQQ",248,'G' inserted at '16',None,1,0
28,-2.295403192,0,AVAESVIGKRVGDDGKATIEYLVKWTDMSDATWEPQDNVDSTLVLLYQQ,"AVAESVIGKRVGDDGKATIEYLVKWTDMSDATWEPQDNVDSTLVLLYQQ
AVAESVIGKRVGDDGK-TIEYLVKWTDMSDATWEPQDNVDSTLVLLYQQ",248,'A' inserted at '17',None,1,0
29,-1.463642638,1,AVAESVIGKRVGDDGKGTIEYLVKWTDMSDATWEPQDNVDSTLVLLYQQ,"AVAESVIGKRVGDDGKGTIEYLVKWTDMSDATWEPQDNVDSTLVLLYQQ
AVAESVIGKRVGDDGK-TIEYLVKWTDMSDATWEPQDNVDSTLVLLYQQ",248,'G' inserted at '17',None,1,0
31,-2.620410178,0,AVAESVIGKRVGDDGKTAIEYLVKWTDMSDATWEPQDNVDSTLVLLYQQ,"AVAESVIGKRVGDDGKTAIEYLVKWTDMSDATWEPQDNVDSTLVLLYQQ
AVAESVIGKRVGDDGKT-IEYLVKWTDMSDATWEPQDNVDSTLVLLYQQ",248,'A' inserted at '18',None,1,0
33,-2.427686876,0,AVAESVIGKRVGDDGKTGIEYLVKWTDMSDATWEPQDNVDSTLVLLYQQ,"AVAESVIGKRVGDDGKTGIEYLVKWTDMSDATWEPQDNVDSTLVLLYQQ
AVAESVIGKRVGDDGKT-IEYLVKWTDMSDATWEPQDNVDSTLVLLYQQ",248,'G' inserted at '18',None,1,0
34,-2.952265004,0,AVAESVIGKRVGDDGKTIAEYLVKWTDMSDATWEPQDNVDSTLVLLYQQ,"AVAESVIGKRVGDDGKTIAEYLVKWTDMSDATWEPQDNVDSTLVLLYQQ
AVAESVIGKRVGDDGKTI-EYLVKWTDMSDATWEPQDNVDSTLVLLYQQ",248,'A' inserted at '19',None,1,0
35,-2.670151197,0,AVAESVIGKRVGDDGKTIEAYLVKWTDMSDATWEPQDNVDSTLVLLYQQ,"AVAESVIGKRVGDDGKTIEAYLVKWTDMSDATWEPQDNVDSTLVLLYQQ
AVAESVIGKRVGDDGKTIE-YLVKWTDMSDATWEPQDNVDSTLVLLYQQ",248,'A' inserted at '20',None,1,0
36,-3.514001254,0,AVAESVIGKRVGDDGKTIEGYLVKWTDMSDATWEPQDNVDSTLVLLYQQ,"AVAESVIGKRVGDDGKTIEGYLVKWTDMSDATWEPQDNVDSTLVLLYQQ
AVAESVIGKRVGDDGKTIE-YLVKWTDMSDATWEPQDNVDSTLVLLYQQ",248,'G' inserted at '20',None,1,0
38,-3.180845709,0,AVAESVIGKRVGDDGKTIEYALVKWTDMSDATWEPQDNVDSTLVLLYQQ,"AVAESVIGKRVGDDGKTIEYALVKWTDMSDATWEPQDNVDSTLVLLYQQ
AVAESVIGKRVGDDGKTIEY-LVKWTDMSDATWEPQDNVDSTLVLLYQQ",248,'A' inserted at '21',None,1,0
39,-3.549827753,0,AVAESVIGKRVGDDGKTIEYGLVKWTDMSDATWEPQDNVDSTLVLLYQQ,"AVAESVIGKRVGDDGKTIEYGLVKWTDMSDATWEPQDNVDSTLVLLYQQ
AVAESVIGKRVGDDGKTIEY-LVKWTDMSDATWEPQDNVDSTLVLLYQQ",248,'G' inserted at '21',None,1,0
40,-3.169838327,0,AVAESVIGKRVGDDGKTIEYLAVKWTDMSDATWEPQDNVDSTLVLLYQQ,"AVAESVIGKRVGDDGKTIEYLAVKWTDMSDATWEPQDNVDSTLVLLYQQ
AVAESVIGKRVGDDGKTIEYL-VKWTDMSDATWEPQDNVDSTLVLLYQQ",248,'A' inserted at '22',None,1,0
41,-3.58616931,0,AVAESVIGKRVGDDGKTIEYLGVKWTDMSDATWEPQDNVDSTLVLLYQQ,"AVAESVIGKRVGDDGKTIEYLGVKWTDMSDATWEPQDNVDSTLVLLYQQ
AVAESVIGKRVGDDGKTIEYL-VKWTDMSDATWEPQDNVDSTLVLLYQQ",248,'G' inserted at '22',None,1,0
43,-2.397481642,0,AVAESVIGKRVGDDGKTIEYLVAKWTDMSDATWEPQDNVDSTLVLLYQQ,"AVAESVIGKRVGDDGKTIEYLVAKWTDMSDATWEPQDNVDSTLVLLYQQ
AVAESVIGKRVGDDGKTIEYLV-KWTDMSDATWEPQDNVDSTLVLLYQQ",248,'A' inserted at '23',None,1,0
44,-2.659630125,0,AVAESVIGKRVGDDGKTIEYLVGKWTDMSDATWEPQDNVDSTLVLLYQQ,"AVAESVIGKRVGDDGKTIEYLVGKWTDMSDATWEPQDNVDSTLVLLYQQ
AVAESVIGKRVGDDGKTIEYLV-KWTDMSDATWEPQDNVDSTLVLLYQQ",248,'G' inserted at '23',None,1,0
45,-2.900112267,0,AVAESVIGKRVGDDGKTIEYLVKAWTDMSDATWEPQDNVDSTLVLLYQQ,"AVAESVIGKRVGDDGKTIEYLVKAWTDMSDATWEPQDNVDSTLVLLYQQ
AVAESVIGKRVGDDGKTIEYLVK-WTDMSDATWEPQDNVDSTLVLLYQQ",248,'A' inserted at '24',None,1,0
46,-2.863218953,0,AVAESVIGKRVGDDGKTIEYLVKGWTDMSDATWEPQDNVDSTLVLLYQQ,"AVAESVIGKRVGDDGKTIEYLVKGWTDMSDATWEPQDNVDSTLVLLYQQ
AVAESVIGKRVGDDGKTIEYLVK-WTDMSDATWEPQDNVDSTLVLLYQQ",248,'G' inserted at '24',None,1,0
48,-1.12434257,1,AVAESVIGKRVGDDGKTIEYLVKWATDMSDATWEPQDNVDSTLVLLYQQ,"AVAESVIGKRVGDDGKTIEYLVKWATDMSDATWEPQDNVDSTLVLLYQQ
AVAESVIGKRVGDDGKTIEYLVKW-TDMSDATWEPQDNVDSTLVLLYQQ",248,'A' inserted at '25',None,1,0
50,-0.875586421,1,AVAESVIGKRVGDDGKTIEYLVKWGTDMSDATWEPQDNVDSTLVLLYQQ,"AVAESVIGKRVGDDGKTIEYLVKWGTDMSDATWEPQDNVDSTLVLLYQQ
AVAESVIGKRVGDDGKTIEYLVKW-TDMSDATWEPQDNVDSTLVLLYQQ",248,'G' inserted at '25',None,1,0
51,-1.100869333,1,AVAESVIGKRVGDDGKTIEYLVKWTADMSDATWEPQDNVDSTLVLLYQQ,"AVAESVIGKRVGDDGKTIEYLVKWTADMSDATWEPQDNVDSTLVLLYQQ
AVAESVIGKRVGDDGKTIEYLVKWT-DMSDATWEPQDNVDSTLVLLYQQ",248,'A' inserted at '26',None,1,0
52,-0.775417373,1,AVAESVIGKRVGDDGKTIEYLVKWTDAMSDATWEPQDNVDSTLVLLYQQ,"AVAESVIGKRVGDDGKTIEYLVKWTDAMSDATWEPQDNVDSTLVLLYQQ
AVAESVIGKRVGDDGKTIEYLVKWTD-MSDATWEPQDNVDSTLVLLYQQ",248,'A' inserted at '27',None,1,0
53,-0.839375588,1,AVAESVIGKRVGDDGKTIEYLVKWTDGMSDATWEPQDNVDSTLVLLYQQ,"AVAESVIGKRVGDDGKTIEYLVKWTDGMSDATWEPQDNVDSTLVLLYQQ
AVAESVIGKRVGDDGKTIEYLVKWTD-MSDATWEPQDNVDSTLVLLYQQ",248,'G' inserted at '27',None,1,0
54,-1.047475639,1,AVAESVIGKRVGDDGKTIEYLVKWTDMASDATWEPQDNVDSTLVLLYQQ,"AVAESVIGKRVGDDGKTIEYLVKWTDMASDATWEPQDNVDSTLVLLYQQ
AVAESVIGKRVGDDGKTIEYLVKWTDM-SDATWEPQDNVDSTLVLLYQQ",248,'A' inserted at '28',None,1,0
56,-0.920601084,1,AVAESVIGKRVGDDGKTIEYLVKWTDMGSDATWEPQDNVDSTLVLLYQQ,"AVAESVIGKRVGDDGKTIEYLVKWTDMGSDATWEPQDNVDSTLVLLYQQ
AVAESVIGKRVGDDGKTIEYLVKWTDM-SDATWEPQDNVDSTLVLLYQQ",248,'G' inserted at '28',None,1,0
57,-0.849482898,1,AVAESVIGKRVGDDGKTIEYLVKWTDMSADATWEPQDNVDSTLVLLYQQ,"AVAESVIGKRVGDDGKTIEYLVKWTDMSADATWEPQDNVDSTLVLLYQQ
AVAESVIGKRVGDDGKTIEYLVKWTDMS-DATWEPQDNVDSTLVLLYQQ",248,'A' inserted at '29',None,1,0
59,-1.341883251,1,AVAESVIGKRVGDDGKTIEYLVKWTDMSDAATWEPQDNVDSTLVLLYQQ,"AVAESVIGKRVGDDGKTIEYLVKWTDMSDAATWEPQDNVDSTLVLLYQQ
AVAESVIGKRVGDDGKTIEYLVKWTDMSDA-TWEPQDNVDSTLVLLYQQ",248,'A' inserted at '31',None,1,0
60,-2.193648033,0,AVAESVIGKRVGDDGKTIEYLVKWTDMSDAGTWEPQDNVDSTLVLLYQQ,"AVAESVIGKRVGDDGKTIEYLVKWTDMSDAGTWEPQDNVDSTLVLLYQQ
AVAESVIGKRVGDDGKTIEYLVKWTDMSDA-TWEPQDNVDSTLVLLYQQ",248,'G' inserted at '31',None,1,0
61,-2.850716779,0,AVAESVIGKRVGDDGKTIEYLVKWTDMSDATAWEPQDNVDSTLVLLYQQ,"AVAESVIGKRVGDDGKTIEYLVKWTDMSDATAWEPQDNVDSTLVLLYQQ
AVAESVIGKRVGDDGKTIEYLVKWTDMSDAT-WEPQDNVDSTLVLLYQQ",248,'A' inserted at '32',None,1,0
63,-2.945178923,0,AVAESVIGKRVGDDGKTIEYLVKWTDMSDATGWEPQDNVDSTLVLLYQQ,"AVAESVIGKRVGDDGKTIEYLVKWTDMSDATGWEPQDNVDSTLVLLYQQ
AVAESVIGKRVGDDGKTIEYLVKWTDMSDAT-WEPQDNVDSTLVLLYQQ",248,'G' inserted at '32',None,1,0
64,-3.005276032,0,AVAESVIGKRVGDDGKTIEYLVKWTDMSDATWAEPQDNVDSTLVLLYQQ,"AVAESVIGKRVGDDGKTIEYLVKWTDMSDATWAEPQDNVDSTLVLLYQQ
AVAESVIGKRVGDDGKTIEYLVKWTDMSDATW-EPQDNVDSTLVLLYQQ",248,'A' inserted at '33',None,1,0
65,-2.906241664,0,AVAESVIGKRVGDDGKTIEYLVKWTDMSDATWEAPQDNVDSTLVLLYQQ,"AVAESVIGKRVGDDGKTIEYLVKWTDMSDATWEAPQDNVDSTLVLLYQQ
AVAESVIGKRVGDDGKTIEYLVKWTDMSDATWE-PQDNVDSTLVLLYQQ",248,'A' inserted at '34',None,1,0
66,-3.058927483,0,AVAESVIGKRVGDDGKTIEYLVKWTDMSDATWEGPQDNVDSTLVLLYQQ,"AVAESVIGKRVGDDGKTIEYLVKWTDMSDATWEGPQDNVDSTLVLLYQQ
AVAESVIGKRVGDDGKTIEYLVKWTDMSDATWE-PQDNVDSTLVLLYQQ",248,'G' inserted at '34',None,1,0
67,-2.632436565,0,AVAESVIGKRVGDDGKTIEYLVKWTDMSDATWEPAQDNVDSTLVLLYQQ,"AVAESVIGKRVGDDGKTIEYLVKWTDMSDATWEPAQDNVDSTLVLLYQQ
AVAESVIGKRVGDDGKTIEYLVKWTDMSDATWEP-QDNVDSTLVLLYQQ",248,'A' inserted at '35',None,1,0
69,-2.857233998,0,AVAESVIGKRVGDDGKTIEYLVKWTDMSDATWEPGQDNVDSTLVLLYQQ,"AVAESVIGKRVGDDGKTIEYLVKWTDMSDATWEPGQDNVDSTLVLLYQQ
AVAESVIGKRVGDDGKTIEYLVKWTDMSDATWEP-QDNVDSTLVLLYQQ",248,'G' inserted at '35',None,1,0
70,-2.714206882,0,AVAESVIGKRVGDDGKTIEYLVKWTDMSDATWEPQADNVDSTLVLLYQQ,"AVAESVIGKRVGDDGKTIEYLVKWTDMSDATWEPQADNVDSTLVLLYQQ
AVAESVIGKRVGDDGKTIEYLVKWTDMSDATWEPQ-DNVDSTLVLLYQQ",248,'A' inserted at '36',None,1,0
71,-2.541348518,0,AVAESVIGKRVGDDGKTIEYLVKWTDMSDATWEPQDANVDSTLVLLYQQ,"AVAESVIGKRVGDDGKTIEYLVKWTDMSDATWEPQDANVDSTLVLLYQQ
AVAESVIGKRVGDDGKTIEYLVKWTDMSDATWEPQD-NVDSTLVLLYQQ",248,'A' inserted at '37',None,1,0
72,-2.370704269,0,AVAESVIGKRVGDDGKTIEYLVKWTDMSDATWEPQDGNVDSTLVLLYQQ,"AVAESVIGKRVGDDGKTIEYLVKWTDMSDATWEPQDGNVDSTLVLLYQQ
AVAESVIGKRVGDDGKTIEYLVKWTDMSDATWEPQD-NVDSTLVLLYQQ",248,'G' inserted at '37',None,1,0
73,-2.866180549,0,AVAESVIGKRVGDDGKTIEYLVKWTDMSDATWEPQDNAVDSTLVLLYQQ,"AVAESVIGKRVGDDGKTIEYLVKWTDMSDATWEPQDNAVDSTLVLLYQQ
AVAESVIGKRVGDDGKTIEYLVKWTDMSDATWEPQDN-VDSTLVLLYQQ",248,'A' inserted at '38',None,1,0
75,-2.451213992,0,AVAESVIGKRVGDDGKTIEYLVKWTDMSDATWEPQDNGVDSTLVLLYQQ,"AVAESVIGKRVGDDGKTIEYLVKWTDMSDATWEPQDNGVDSTLVLLYQQ
AVAESVIGKRVGDDGKTIEYLVKWTDMSDATWEPQDN-VDSTLVLLYQQ",248,'G' inserted at '38',None,1,0
76,-2.153903498,0,AVAESVIGKRVGDDGKTIEYLVKWTDMSDATWEPQDNVADSTLVLLYQQ,"AVAESVIGKRVGDDGKTIEYLVKWTDMSDATWEPQDNVADSTLVLLYQQ
AVAESVIGKRVGDDGKTIEYLVKWTDMSDATWEPQDNV-DSTLVLLYQQ",248,'A' inserted at '39',None,1,0
77,-2.310428959,0,AVAESVIGKRVGDDGKTIEYLVKWTDMSDATWEPQDNVDASTLVLLYQQ,"AVAESVIGKRVGDDGKTIEYLVKWTDMSDATWEPQDNVDASTLVLLYQQ
AVAESVIGKRVGDDGKTIEYLVKWTDMSDATWEPQDNVD-STLVLLYQQ",248,'A' inserted at '40',None,1,0
78,-2.464252299,0,AVAESVIGKRVGDDGKTIEYLVKWTDMSDATWEPQDNVDGSTLVLLYQQ,"AVAESVIGKRVGDDGKTIEYLVKWTDMSDATWEPQDNVDGSTLVLLYQQ
AVAESVIGKRVGDDGKTIEYLVKWTDMSDATWEPQDNVD-STLVLLYQQ",248,'G' inserted at '40',None,1,0
79,-2.029715716,0,AVAESVIGKRVGDDGKTIEYLVKWTDMSDATWEPQDNVDSATLVLLYQQ,"AVAESVIGKRVGDDGKTIEYLVKWTDMSDATWEPQDNVDSATLVLLYQQ
AVAESVIGKRVGDDGKTIEYLVKWTDMSDATWEPQDNVDS-TLVLLYQQ",248,'A' inserted at '41',None,1,0
80,-2.470986901,0,AVAESVIGKRVGDDGKTIEYLVKWTDMSDATWEPQDNVDSGTLVLLYQQ,"AVAESVIGKRVGDDGKTIEYLVKWTDMSDATWEPQDNVDSGTLVLLYQQ
AVAESVIGKRVGDDGKTIEYLVKWTDMSDATWEPQDNVDS-TLVLLYQQ",248,'G' inserted at '41',None,1,0
82,-2.524703205,0,AVAESVIGKRVGDDGKTIEYLVKWTDMSDATWEPQDNVDSTALVLLYQQ,"AVAESVIGKRVGDDGKTIEYLVKWTDMSDATWEPQDNVDSTALVLLYQQ
AVAESVIGKRVGDDGKTIEYLVKWTDMSDATWEPQDNVDST-LVLLYQQ",248,'A' inserted at '42',None,1,0
83,-2.556601951,0,AVAESVIGKRVGDDGKTIEYLVKWTDMSDATWEPQDNVDSTGLVLLYQQ,"AVAESVIGKRVGDDGKTIEYLVKWTDMSDATWEPQDNVDSTGLVLLYQQ
AVAESVIGKRVGDDGKTIEYLVKWTDMSDATWEPQDNVDST-LVLLYQQ",248,'G' inserted at '42',None,1,0
84,-2.487407318,0,AVAESVIGKRVGDDGKTIEYLVKWTDMSDATWEPQDNVDSTLAVLLYQQ,"AVAESVIGKRVGDDGKTIEYLVKWTDMSDATWEPQDNVDSTLAVLLYQQ
AVAESVIGKRVGDDGKTIEYLVKWTDMSDATWEPQDNVDSTL-VLLYQQ",248,'A' inserted at '43',None,1,0
85,-3.021597588,0,AVAESVIGKRVGDDGKTIEYLVKWTDMSDATWEPQDNVDSTLGVLLYQQ,"AVAESVIGKRVGDDGKTIEYLVKWTDMSDATWEPQDNVDSTLGVLLYQQ
AVAESVIGKRVGDDGKTIEYLVKWTDMSDATWEPQDNVDSTL-VLLYQQ",248,'G' inserted at '43',None,1,0
87,-1.955269559,0,AVAESVIGKRVGDDGKTIEYLVKWTDMSDATWEPQDNVDSTLVALLYQQ,"AVAESVIGKRVGDDGKTIEYLVKWTDMSDATWEPQDNVDSTLVALLYQQ
AVAESVIGKRVGDDGKTIEYLVKWTDMSDATWEPQDNVDSTLV-LLYQQ",248,'A' inserted at '44',None,1,0
88,-2.418953464,0,AVAESVIGKRVGDDGKTIEYLVKWTDMSDATWEPQDNVDSTLVGLLYQQ,"AVAESVIGKRVGDDGKTIEYLVKWTDMSDATWEPQDNVDSTLVGLLYQQ
AVAESVIGKRVGDDGKTIEYLVKWTDMSDATWEPQDNVDSTLV-LLYQQ",248,'G' inserted at '44',None,1,0
89,-1.970412077,0,AVAESVIGKRVGDDGKTIEYLVKWTDMSDATWEPQDNVDSTLVLALYQQ,"AVAESVIGKRVGDDGKTIEYLVKWTDMSDATWEPQDNVDSTLVLALYQQ
AVAESVIGKRVGDDGKTIEYLVKWTDMSDATWEPQDNVDSTLVL-LYQQ",248,'A' inserted at '45',None,1,0
90,-2.490268959,0,AVAESVIGKRVGDDGKTIEYLVKWTDMSDATWEPQDNVDSTLVLGLYQQ,"AVAESVIGKRVGDDGKTIEYLVKWTDMSDATWEPQDNVDSTLVLGLYQQ
AVAESVIGKRVGDDGKTIEYLVKWTDMSDATWEPQDNVDSTLVL-LYQQ",248,'G' inserted at '45',None,1,0
91,-1.989356052,0,AVAESVIGKRVGDDGKTIEYLVKWTDMSDATWEPQDNVDSTLVLLAYQQ,"AVAESVIGKRVGDDGKTIEYLVKWTDMSDATWEPQDNVDSTLVLLAYQQ
AVAESVIGKRVGDDGKTIEYLVKWTDMSDATWEPQDNVDSTLVLL-YQQ",248,'A' inserted at '46',None,1,0
92,-2.465784299,0,AVAESVIGKRVGDDGKTIEYLVKWTDMSDATWEPQDNVDSTLVLLGYQQ,"AVAESVIGKRVGDDGKTIEYLVKWTDMSDATWEPQDNVDSTLVLLGYQQ
AVAESVIGKRVGDDGKTIEYLVKWTDMSDATWEPQDNVDSTLVLL-YQQ",248,'G' inserted at '46',None,1,0
94,-0.348725434,1,AVAESVIGKRVGDDGKTIEYLVKWTDMSDATWEPQDNVDSTLVLLYAQQ,"AVAESVIGKRVGDDGKTIEYLVKWTDMSDATWEPQDNVDSTLVLLYAQQ
AVAESVIGKRVGDDGKTIEYLVKWTDMSDATWEPQDNVDSTLVLLY-QQ",248,'A' inserted at '47',None,1,0
95,-0.623577773,1,AVAESVIGKRVGDDGKTIEYLVKWTDMSDATWEPQDNVDSTLVLLYGQQ,"AVAESVIGKRVGDDGKTIEYLVKWTDMSDATWEPQDNVDSTLVLLYGQQ
AVAESVIGKRVGDDGKTIEYLVKWTDMSDATWEPQDNVDSTLVLLY-QQ",248,'G' inserted at '47',None,1,0
97,-0.225158077,1,AVAESVIGKRVGDDGKTIEYLVKWTDMSDATWEPQDNVDSTLVLLYQAQ,"AVAESVIGKRVGDDGKTIEYLVKWTDMSDATWEPQDNVDSTLVLLYQAQ
AVAESVIGKRVGDDGKTIEYLVKWTDMSDATWEPQDNVDSTLVLLYQ-Q",248,'A' inserted at '48',None,1,0
98,-0.515372299,1,AVAESVIGKRVGDDGKTIEYLVKWTDMSDATWEPQDNVDSTLVLLYQGQ,"AVAESVIGKRVGDDGKTIEYLVKWTDMSDATWEPQDNVDSTLVLLYQGQ
AVAESVIGKRVGDDGKTIEYLVKWTDMSDATWEPQDNVDSTLVLLYQ-Q",248,'G' inserted at '48',None,1,0
102,-2.271164981,0,AVAESVIGKRVGDDGKTIEYLVKWTDMSDATWEPQDNVGDSTLVLLYQQ,"AVAESVIGKRVGDDGKTIEYLVKWTDMSDATWEPQDNVGDSTLVLLYQQ
AVAESVIGKRVGDDGKTIEYLVKWTDMSDATWEPQDNV-DSTLVLLYQQ",248,'G' inserted at '39',None,1,0
105,-2.152283743,0,AVAESVIGKRVGDDGKTIEYLVKWTDMSDATWEPQGDNVDSTLVLLYQQ,"AVAESVIGKRVGDDGKTIEYLVKWTDMSDATWEPQGDNVDSTLVLLYQQ
AVAESVIGKRVGDDGKTIEYLVKWTDMSDATWEPQ-DNVDSTLVLLYQQ",248,'G' inserted at '36',None,1,0
108,-2.876141126,0,AVAESVIGKRVGDDGKTIEYLVKWTDMSDATWGEPQDNVDSTLVLLYQQ,"AVAESVIGKRVGDDGKTIEYLVKWTDMSDATWGEPQDNVDSTLVLLYQQ
AVAESVIGKRVGDDGKTIEYLVKWTDMSDATW-EPQDNVDSTLVLLYQQ",248,'G' inserted at '33',None,1,0
111,-1.052032669,1,AVAESVIGKRVGDDGKTIEYLVKWTDMSDGATWEPQDNVDSTLVLLYQQ,"AVAESVIGKRVGDDGKTIEYLVKWTDMSDGATWEPQDNVDSTLVLLYQQ
AVAESVIGKRVGDDGKTIEYLVKWTDMSD-ATWEPQDNVDSTLVLLYQQ",248,'G' inserted at '30',None,1,0
113,-1.210894386,1,AVAESVIGKRVGDDGKTIEYLVKWTDMSGDATWEPQDNVDSTLVLLYQQ,"AVAESVIGKRVGDDGKTIEYLVKWTDMSGDATWEPQDNVDSTLVLLYQQ
AVAESVIGKRVGDDGKTIEYLVKWTDMS-DATWEPQDNVDSTLVLLYQQ",248,'G' inserted at '29',None,1,0
115,-0.317354641,1,AVAESVIGKRVGDDGKTIEYLVKWTGDMSDATWEPQDNVDSTLVLLYQQ,"AVAESVIGKRVGDDGKTIEYLVKWTGDMSDATWEPQDNVDSTLVLLYQQ
AVAESVIGKRVGDDGKTIEYLVKWT-DMSDATWEPQDNVDSTLVLLYQQ",248,'G' inserted at '26',None,1,0
119,-3.584377621,0,AVAESVIGKRVGDDGKTIGEYLVKWTDMSDATWEPQDNVDSTLVLLYQQ,"AVAESVIGKRVGDDGKTIGEYLVKWTDMSDATWEPQDNVDSTLVLLYQQ
AVAESVIGKRVGDDGKTI-EYLVKWTDMSDATWEPQDNVDSTLVLLYQQ",248,'G' inserted at '19',None,1,0
123,-2.018320295,0,AVAESVIGKRVGDGDGKTIEYLVKWTDMSDATWEPQDNVDSTLVLLYQQ,"AVAESVIGKRVGDGDGKTIEYLVKWTDMSDATWEPQDNVDSTLVLLYQQ
AVAESVIGKRVGD-DGKTIEYLVKWTDMSDATWEPQDNVDSTLVLLYQQ",248,'G' inserted at '14',None,1,0
125,-1.019564602,1,AVAESVIGKRVGGDDGKTIEYLVKWTDMSDATWEPQDNVDSTLVLLYQQ,"AVAESVIGKRVGGDDGKTIEYLVKWTDMSDATWEPQDNVDSTLVLLYQQ
AVAESVIGKRVG-DDGKTIEYLVKWTDMSDATWEPQDNVDSTLVLLYQQ",248,'G' inserted at '13',None,1,0
130,-1.476622232,1,AVAGESVIGKRVGDDGKTIEYLVKWTDMSDATWEPQDNVDSTLVLLYQQ,"AVAGESVIGKRVGDDGKTIEYLVKWTDMSDATWEPQDNVDSTLVLLYQQ
AVA-ESVIGKRVGDDGKTIEYLVKWTDMSDATWEPQDNVDSTLVLLYQQ",248,'G' inserted at '4',None,1,0
133,-0.915923933,1,AVGAESVIGKRVGDDGKTIEYLVKWTDMSDATWEPQDNVDSTLVLLYQQ,"AVGAESVIGKRVGDDGKTIEYLVKWTDMSDATWEPQDNVDSTLVLLYQQ
AV-AESVIGKRVGDDGKTIEYLVKWTDMSDATWEPQDNVDSTLVLLYQQ",248,'G' inserted at '3',None,1,0
1,-0.581922822,1,AAESVIGKRVGDDGKTIEYLVKWTDMSDATWEPQDNVDSTLVLLYQQ,"A-AESVIGKRVGDDGKTIEYLVKWTDMSDATWEPQDNVDSTLVLLYQQ
AVAESVIGKRVGDDGKTIEYLVKWTDMSDATWEPQDNVDSTLVLLYQQ",244,None,'V' deleted in '2',0,1
9,-3.077117723,0,AVAESIGKRVGDDGKTIEYLVKWTDMSDATWEPQDNVDSTLVLLYQQ,"AVAES-IGKRVGDDGKTIEYLVKWTDMSDATWEPQDNVDSTLVLLYQQ
AVAESVIGKRVGDDGKTIEYLVKWTDMSDATWEPQDNVDSTLVLLYQQ",244,None,'V' deleted in '6',0,1
12,-3.255445486,0,AVAESVGKRVGDDGKTIEYLVKWTDMSDATWEPQDNVDSTLVLLYQQ,"AVAESV-GKRVGDDGKTIEYLVKWTDMSDATWEPQDNVDSTLVLLYQQ
AVAESVIGKRVGDDGKTIEYLVKWTDMSDATWEPQDNVDSTLVLLYQQ",244,None,'I' deleted in '7',0,1
19,-1.964240261,0,AVAESVIGKRGDDGKTIEYLVKWTDMSDATWEPQDNVDSTLVLLYQQ,"AVAESVIGKR-GDDGKTIEYLVKWTDMSDATWEPQDNVDSTLVLLYQQ
AVAESVIGKRVGDDGKTIEYLVKWTDMSDATWEPQDNVDSTLVLLYQQ",244,None,'V' deleted in '11',0,1
22,-2.195142632,0,AVAESVIGKRVDDGKTIEYLVKWTDMSDATWEPQDNVDSTLVLLYQQ,"AVAESVIGKRV-DDGKTIEYLVKWTDMSDATWEPQDNVDSTLVLLYQQ
AVAESVIGKRVGDDGKTIEYLVKWTDMSDATWEPQDNVDSTLVLLYQQ",242,None,'G' deleted in '12',0,1
30,0.651392239,1,AVAESVIGKRVGDDGKIEYLVKWTDMSDATWEPQDNVDSTLVLLYQQ,"AVAESVIGKRVGDDGK-IEYLVKWTDMSDATWEPQDNVDSTLVLLYQQ
AVAESVIGKRVGDDGKTIEYLVKWTDMSDATWEPQDNVDSTLVLLYQQ",243,None,'T' deleted in '17',0,1
32,0.018999208,1,AVAESVIGKRVGDDGKTEYLVKWTDMSDATWEPQDNVDSTLVLLYQQ,"AVAESVIGKRVGDDGKT-EYLVKWTDMSDATWEPQDNVDSTLVLLYQQ
AVAESVIGKRVGDDGKTIEYLVKWTDMSDATWEPQDNVDSTLVLLYQQ",244,None,'I' deleted in '18',0,1
37,-3.514419012,0,AVAESVIGKRVGDDGKTIELVKWTDMSDATWEPQDNVDSTLVLLYQQ,"AVAESVIGKRVGDDGKTIE-LVKWTDMSDATWEPQDNVDSTLVLLYQQ
AVAESVIGKRVGDDGKTIEYLVKWTDMSDATWEPQDNVDSTLVLLYQQ",241,None,'Y' deleted in '20',0,1
42,-3.815344132,0,AVAESVIGKRVGDDGKTIEYLKWTDMSDATWEPQDNVDSTLVLLYQQ,"AVAESVIGKRVGDDGKTIEYL-KWTDMSDATWEPQDNVDSTLVLLYQQ
AVAESVIGKRVGDDGKTIEYLVKWTDMSDATWEPQDNVDSTLVLLYQQ",244,None,'V' deleted in '22',0,1
47,-2.683745385,0,AVAESVIGKRVGDDGKTIEYLVKTDMSDATWEPQDNVDSTLVLLYQQ,"AVAESVIGKRVGDDGKTIEYLVK-TDMSDATWEPQDNVDSTLVLLYQQ
AVAESVIGKRVGDDGKTIEYLVKWTDMSDATWEPQDNVDSTLVLLYQQ",237,None,'W' deleted in '24',0,1
49,-0.89141066,1,AVAESVIGKRVGDDGKTIEYLVKWDMSDATWEPQDNVDSTLVLLYQQ,"AVAESVIGKRVGDDGKTIEYLVKW-DMSDATWEPQDNVDSTLVLLYQQ
AVAESVIGKRVGDDGKTIEYLVKWTDMSDATWEPQDNVDSTLVLLYQQ",243,None,'T' deleted in '25',0,1
55,0.033589813,1,AVAESVIGKRVGDDGKTIEYLVKWTDMDATWEPQDNVDSTLVLLYQQ,"AVAESVIGKRVGDDGKTIEYLVKWTDM-DATWEPQDNVDSTLVLLYQQ
AVAESVIGKRVGDDGKTIEYLVKWTDMSDATWEPQDNVDSTLVLLYQQ",244,None,'S' deleted in '28',0,1
58,0.966820789,1,AVAESVIGKRVGDDGKTIEYLVKWTDMSATWEPQDNVDSTLVLLYQQ,"AVAESVIGKRVGDDGKTIEYLVKWTDMS-ATWEPQDNVDSTLVLLYQQ
AVAESVIGKRVGDDGKTIEYLVKWTDMSDATWEPQDNVDSTLVLLYQQ",242,None,'D' deleted in '29',0,1
62,-3.255359791,0,AVAESVIGKRVGDDGKTIEYLVKWTDMSDATEPQDNVDSTLVLLYQQ,"AVAESVIGKRVGDDGKTIEYLVKWTDMSDAT-EPQDNVDSTLVLLYQQ
AVAESVIGKRVGDDGKTIEYLVKWTDMSDATWEPQDNVDSTLVLLYQQ",237,None,'W' deleted in '32',0,1
68,-2.04328922,0,AVAESVIGKRVGDDGKTIEYLVKWTDMSDATWEPDNVDSTLVLLYQQ,"AVAESVIGKRVGDDGKTIEYLVKWTDMSDATWEP-DNVDSTLVLLYQQ
AVAESVIGKRVGDDGKTIEYLVKWTDMSDATWEPQDNVDSTLVLLYQQ",243,None,'Q' deleted in '35',0,1
74,-2.564934549,0,AVAESVIGKRVGDDGKTIEYLVKWTDMSDATWEPQDNDSTLVLLYQQ,"AVAESVIGKRVGDDGKTIEYLVKWTDMSDATWEPQDN-DSTLVLLYQQ
AVAESVIGKRVGDDGKTIEYLVKWTDMSDATWEPQDNVDSTLVLLYQQ",244,None,'V' deleted in '38',0,1
81,-2.622914303,0,AVAESVIGKRVGDDGKTIEYLVKWTDMSDATWEPQDNVDSLVLLYQQ,"AVAESVIGKRVGDDGKTIEYLVKWTDMSDATWEPQDNVDS-LVLLYQQ
AVAESVIGKRVGDDGKTIEYLVKWTDMSDATWEPQDNVDSTLVLLYQQ",243,None,'T' deleted in '41',0,1
86,-2.491799348,0,AVAESVIGKRVGDDGKTIEYLVKWTDMSDATWEPQDNVDSTLLLYQQ,"AVAESVIGKRVGDDGKTIEYLVKWTDMSDATWEPQDNVDSTL-LLYQQ
AVAESVIGKRVGDDGKTIEYLVKWTDMSDATWEPQDNVDSTLVLLYQQ",244,None,'V' deleted in '43',0,1
93,-2.645422058,0,AVAESVIGKRVGDDGKTIEYLVKWTDMSDATWEPQDNVDSTLVLLQQ,"AVAESVIGKRVGDDGKTIEYLVKWTDMSDATWEPQDNVDSTLVLL-QQ
AVAESVIGKRVGDDGKTIEYLVKWTDMSDATWEPQDNVDSTLVLLYQQ",241,None,'Y' deleted in '46',0,1
96,-0.545311163,1,AVAESVIGKRVGDDGKTIEYLVKWTDMSDATWEPQDNVDSTLVLLYQ,"AVAESVIGKRVGDDGKTIEYLVKWTDMSDATWEPQDNVDSTLVLLYQ
AVAESVIGKRVGDDGKTIEYLVKWTDMSDATWEPQDNVDSTLVLLYQ",243,None,None,0,0
99,-2.897451841,0,AVAESVIGKRVGDDGKTIEYLVKWTDMSDATWEPQDNVDSTLVLYQQ,"AVAESVIGKRVGDDGKTIEYLVKWTDMSDATWEPQDNVDSTLVL-YQQ
AVAESVIGKRVGDDGKTIEYLVKWTDMSDATWEPQDNVDSTLVLLYQQ",244,None,'L' deleted in '45',0,1
100,-2.801954322,0,AVAESVIGKRVGDDGKTIEYLVKWTDMSDATWEPQDNVDSTVLLYQQ,"AVAESVIGKRVGDDGKTIEYLVKWTDMSDATWEPQDNVDST-VLLYQQ
AVAESVIGKRVGDDGKTIEYLVKWTDMSDATWEPQDNVDSTLVLLYQQ",244,None,'L' deleted in '42',0,1
101,-2.517739701,0,AVAESVIGKRVGDDGKTIEYLVKWTDMSDATWEPQDNVDTLVLLYQQ,"AVAESVIGKRVGDDGKTIEYLVKWTDMSDATWEPQDNVD-TLVLLYQQ
AVAESVIGKRVGDDGKTIEYLVKWTDMSDATWEPQDNVDSTLVLLYQQ",244,None,'S' deleted in '40',0,1
103,-2.130301536,0,AVAESVIGKRVGDDGKTIEYLVKWTDMSDATWEPQDNVSTLVLLYQQ,"AVAESVIGKRVGDDGKTIEYLVKWTDMSDATWEPQDNV-STLVLLYQQ
AVAESVIGKRVGDDGKTIEYLVKWTDMSDATWEPQDNVDSTLVLLYQQ",242,None,'D' deleted in '39',0,1
104,-2.286715395,0,AVAESVIGKRVGDDGKTIEYLVKWTDMSDATWEPQDVDSTLVLLYQQ,"AVAESVIGKRVGDDGKTIEYLVKWTDMSDATWEPQD-VDSTLVLLYQQ
AVAESVIGKRVGDDGKTIEYLVKWTDMSDATWEPQDNVDSTLVLLYQQ",242,None,'N' deleted in '37',0,1
106,-2.473249947,0,AVAESVIGKRVGDDGKTIEYLVKWTDMSDATWEPQNVDSTLVLLYQQ,"AVAESVIGKRVGDDGKTIEYLVKWTDMSDATWEPQ-NVDSTLVLLYQQ
AVAESVIGKRVGDDGKTIEYLVKWTDMSDATWEPQDNVDSTLVLLYQQ",242,None,'D' deleted in '36',0,1
107,-1.666150024,0,AVAESVIGKRVGDDGKTIEYLVKWTDMSDATWEQDNVDSTLVLLYQQ,"AVAESVIGKRVGDDGKTIEYLVKWTDMSDATWE-QDNVDSTLVLLYQQ
AVAESVIGKRVGDDGKTIEYLVKWTDMSDATWEPQDNVDSTLVLLYQQ",241,None,'P' deleted in '34',0,1
109,-3.390553134,0,AVAESVIGKRVGDDGKTIEYLVKWTDMSDATWPQDNVDSTLVLLYQQ,"AVAESVIGKRVGDDGKTIEYLVKWTDMSDATW-PQDNVDSTLVLLYQQ
AVAESVIGKRVGDDGKTIEYLVKWTDMSDATWEPQDNVDSTLVLLYQQ",243,None,'E' deleted in '33',0,1
110,-2.149953718,0,AVAESVIGKRVGDDGKTIEYLVKWTDMSDAWEPQDNVDSTLVLLYQQ,"AVAESVIGKRVGDDGKTIEYLVKWTDMSDA-WEPQDNVDSTLVLLYQQ
AVAESVIGKRVGDDGKTIEYLVKWTDMSDATWEPQDNVDSTLVLLYQQ",243,None,'T' deleted in '31',0,1
112,-0.528851628,1,AVAESVIGKRVGDDGKTIEYLVKWTDMSDTWEPQDNVDSTLVLLYQQ,"AVAESVIGKRVGDDGKTIEYLVKWTDMSD-TWEPQDNVDSTLVLLYQQ
AVAESVIGKRVGDDGKTIEYLVKWTDMSDATWEPQDNVDSTLVLLYQQ",244,None,'A' deleted in '30',0,1
114,0.117352622,1,AVAESVIGKRVGDDGKTIEYLVKWTDSDATWEPQDNVDSTLVLLYQQ,"AVAESVIGKRVGDDGKTIEYLVKWTD-SDATWEPQDNVDSTLVLLYQQ
AVAESVIGKRVGDDGKTIEYLVKWTDMSDATWEPQDNVDSTLVLLYQQ",243,None,'M' deleted in '27',0,1
116,-0.313419023,1,AVAESVIGKRVGDDGKTIEYLVKWTMSDATWEPQDNVDSTLVLLYQQ,"AVAESVIGKRVGDDGKTIEYLVKWT-MSDATWEPQDNVDSTLVLLYQQ
AVAESVIGKRVGDDGKTIEYLVKWTDMSDATWEPQDNVDSTLVLLYQQ",242,None,'D' deleted in '26',0,1
117,-2.640689001,0,AVAESVIGKRVGDDGKTIEYLVWTDMSDATWEPQDNVDSTLVLLYQQ,"AVAESVIGKRVGDDGKTIEYLV-WTDMSDATWEPQDNVDSTLVLLYQQ
AVAESVIGKRVGDDGKTIEYLVKWTDMSDATWEPQDNVDSTLVLLYQQ",243,None,'K' deleted in '23',0,1
118,-3.463225233,0,AVAESVIGKRVGDDGKTIEYVKWTDMSDATWEPQDNVDSTLVLLYQQ,"AVAESVIGKRVGDDGKTIEY-VKWTDMSDATWEPQDNVDSTLVLLYQQ
AVAESVIGKRVGDDGKTIEYLVKWTDMSDATWEPQDNVDSTLVLLYQQ",244,None,'L' deleted in '21',0,1
120,-1.263884083,1,AVAESVIGKRVGDDGKTIYLVKWTDMSDATWEPQDNVDSTLVLLYQQ,"AVAESVIGKRVGDDGKTI-YLVKWTDMSDATWEPQDNVDSTLVLLYQQ
AVAESVIGKRVGDDGKTIEYLVKWTDMSDATWEPQDNVDSTLVLLYQQ",243,None,'E' deleted in '19',0,1
121,0.564827082,1,AVAESVIGKRVGDDGTIEYLVKWTDMSDATWEPQDNVDSTLVLLYQQ,"AVAESVIGKRVGDDG-TIEYLVKWTDMSDATWEPQDNVDSTLVLLYQQ
AVAESVIGKRVGDDGKTIEYLVKWTDMSDATWEPQDNVDSTLVLLYQQ",243,None,'K' deleted in '16',0,1
122,-1.272800044,1,AVAESVIGKRVGDDKTIEYLVKWTDMSDATWEPQDNVDSTLVLLYQQ,"AVAESVIGKRVGDD-KTIEYLVKWTDMSDATWEPQDNVDSTLVLLYQQ
AVAESVIGKRVGDDGKTIEYLVKWTDMSDATWEPQDNVDSTLVLLYQQ",242,None,'G' deleted in '15',0,1
124,-1.379554693,1,AVAESVIGKRVGDGKTIEYLVKWTDMSDATWEPQDNVDSTLVLLYQQ,"AVAESVIGKRVGD-GKTIEYLVKWTDMSDATWEPQDNVDSTLVLLYQQ
AVAESVIGKRVGDDGKTIEYLVKWTDMSDATWEPQDNVDSTLVLLYQQ",242,None,'D' deleted in '14',0,1
126,-2.888233904,0,AVAESVIGKVGDDGKTIEYLVKWTDMSDATWEPQDNVDSTLVLLYQQ,"AVAESVIGK-VGDDGKTIEYLVKWTDMSDATWEPQDNVDSTLVLLYQQ
AVAESVIGKRVGDDGKTIEYLVKWTDMSDATWEPQDNVDSTLVLLYQQ",243,None,'R' deleted in '10',0,1
127,-2.88157117,0,AVAESVIGRVGDDGKTIEYLVKWTDMSDATWEPQDNVDSTLVLLYQQ,"AVAESVIG-RVGDDGKTIEYLVKWTDMSDATWEPQDNVDSTLVLLYQQ
AVAESVIGKRVGDDGKTIEYLVKWTDMSDATWEPQDNVDSTLVLLYQQ",243,None,'K' deleted in '9',0,1
128,-2.67784947,0,AVAESVIKRVGDDGKTIEYLVKWTDMSDATWEPQDNVDSTLVLLYQQ,"AVAESVI-KRVGDDGKTIEYLVKWTDMSDATWEPQDNVDSTLVLLYQQ
AVAESVIGKRVGDDGKTIEYLVKWTDMSDATWEPQDNVDSTLVLLYQQ",242,None,'G' deleted in '8',0,1
129,-0.255353055,1,AVAEVIGKRVGDDGKTIEYLVKWTDMSDATWEPQDNVDSTLVLLYQQ,"AVAE-VIGKRVGDDGKTIEYLVKWTDMSDATWEPQDNVDSTLVLLYQQ
AVAESVIGKRVGDDGKTIEYLVKWTDMSDATWEPQDNVDSTLVLLYQQ",244,None,'S' deleted in '5',0,1
131,-0.239838905,1,AVASVIGKRVGDDGKTIEYLVKWTDMSDATWEPQDNVDSTLVLLYQQ,"AVA-SVIGKRVGDDGKTIEYLVKWTDMSDATWEPQDNVDSTLVLLYQQ
AVAESVIGKRVGDDGKTIEYLVKWTDMSDATWEPQDNVDSTLVLLYQQ",243,None,'E' deleted in '4',0,1
132,-0.885142857,1,AVESVIGKRVGDDGKTIEYLVKWTDMSDATWEPQDNVDSTLVLLYQQ,"AV-ESVIGKRVGDDGKTIEYLVKWTDMSDATWEPQDNVDSTLVLLYQQ
AVAESVIGKRVGDDGKTIEYLVKWTDMSDATWEPQDNVDSTLVLLYQQ",244,None,'A' deleted in '3',0,1
134,-0.029113789,1,GAVAESVIGKRVGDDGKTIEYLVKWTDMSDATWEPQDNVDSTLVLLYQQ,"AVAESVIGKRVGDDGKTIEYLVKWTDMSDATWEPQDNVDSTLVLLYQQ
AVAESVIGKRVGDDGKTIEYLVKWTDMSDATWEPQDNVDSTLVLLYQQ",248,None,None,0,0
135,-0.224579692,1,VAESVIGKRVGDDGKTIEYLVKWTDMSDATWEPQDNVDSTLVLLYQQ,"VAESVIGKRVGDDGKTIEYLVKWTDMSDATWEPQDNVDSTLVLLYQQ
VAESVIGKRVGDDGKTIEYLVKWTDMSDATWEPQDNVDSTLVLLYQQ",244,None,None,0,0
