ID,DMS_Score,DMS_Score_Bin,mutated_sequence,Alignment,Align_score,Insertions,Deletions,NumberOfInsertionSites,NumberOfDeletionSites
3,0.045998785,1,GAATAVSEWTEYKTADGKTYYYNNRTLESTWEKPQELK,"GAATAVSEWTEYKTADGKTYYYNNRTLESTWEKPQELK
GA-TAVSEWTEYKTADGKTYYYNNRTLESTWEKPQELK",202,'A' inserted at '3',None,1,0
5,-0.071138291,1,GAGTAVSEWTEYKTADGKTYYYNNRTLESTWEKPQELK,"GAGTAVSEWTEYKTADGKTYYYNNRTLESTWEKPQELK
GA-TAVSEWTEYKTADGKTYYYNNRTLESTWEKPQELK",202,'G' inserted at '3',None,1,0
6,0.026106718,1,GATAAVSEWTEYKTADGKTYYYNNRTLESTWEKPQELK,"GATAAVSEWTEYKTADGKTYYYNNRTLESTWEKPQELK
GATA-VSEWTEYKTADGKTYYYNNRTLESTWEKPQELK",202,'A' inserted at '5',None,1,0
7,0.124343431,1,GATAGVSEWTEYKTADGKTYYYNNRTLESTWEKPQELK,"GATAGVSEWTEYKTADGKTYYYNNRTLESTWEKPQELK
GATA-VSEWTEYKTADGKTYYYNNRTLESTWEKPQELK",202,'G' inserted at '5',None,1,0
9,-0.075733019,1,GATAVASEWTEYKTADGKTYYYNNRTLESTWEKPQELK,"GATAVASEWTEYKTADGKTYYYNNRTLESTWEKPQELK
GATAV-SEWTEYKTADGKTYYYNNRTLESTWEKPQELK",202,'A' inserted at '6',None,1,0
11,-0.098565732,1,GATAVGSEWTEYKTADGKTYYYNNRTLESTWEKPQELK,"GATAVGSEWTEYKTADGKTYYYNNRTLESTWEKPQELK
GATAV-SEWTEYKTADGKTYYYNNRTLESTWEKPQELK",202,'G' inserted at '6',None,1,0
12,-0.076738892,1,GATAVSAEWTEYKTADGKTYYYNNRTLESTWEKPQELK,"GATAVSAEWTEYKTADGKTYYYNNRTLESTWEKPQELK
GATAVS-EWTEYKTADGKTYYYNNRTLESTWEKPQELK",202,'A' inserted at '7',None,1,0
13,-0.675001994,1,GATAVSEAWTEYKTADGKTYYYNNRTLESTWEKPQELK,"GATAVSEAWTEYKTADGKTYYYNNRTLESTWEKPQELK
GATAVSE-WTEYKTADGKTYYYNNRTLESTWEKPQELK",202,'A' inserted at '8',None,1,0
14,-0.818014567,1,GATAVSEGWTEYKTADGKTYYYNNRTLESTWEKPQELK,"GATAVSEGWTEYKTADGKTYYYNNRTLESTWEKPQELK
GATAVSE-WTEYKTADGKTYYYNNRTLESTWEKPQELK",202,'G' inserted at '8',None,1,0
15,-2.234126129,0,GATAVSEWATEYKTADGKTYYYNNRTLESTWEKPQELK,"GATAVSEWATEYKTADGKTYYYNNRTLESTWEKPQELK
GATAVSEW-TEYKTADGKTYYYNNRTLESTWEKPQELK",202,'A' inserted at '9',None,1,0
17,-2.223860362,0,GATAVSEWGTEYKTADGKTYYYNNRTLESTWEKPQELK,"GATAVSEWGTEYKTADGKTYYYNNRTLESTWEKPQELK
GATAVSEW-TEYKTADGKTYYYNNRTLESTWEKPQELK",202,'G' inserted at '9',None,1,0
18,-2.272177622,0,GATAVSEWTAEYKTADGKTYYYNNRTLESTWEKPQELK,"GATAVSEWTAEYKTADGKTYYYNNRTLESTWEKPQELK
GATAVSEWT-EYKTADGKTYYYNNRTLESTWEKPQELK",202,'A' inserted at '10',None,1,0
19,-2.105194987,0,GATAVSEWTEAYKTADGKTYYYNNRTLESTWEKPQELK,"GATAVSEWTEAYKTADGKTYYYNNRTLESTWEKPQELK
GATAVSEWTE-YKTADGKTYYYNNRTLESTWEKPQELK",202,'A' inserted at '11',None,1,0
20,-2.348045316,0,GATAVSEWTEGYKTADGKTYYYNNRTLESTWEKPQELK,"GATAVSEWTEGYKTADGKTYYYNNRTLESTWEKPQELK
GATAVSEWTE-YKTADGKTYYYNNRTLESTWEKPQELK",202,'G' inserted at '11',None,1,0
22,-2.127430571,0,GATAVSEWTEYAKTADGKTYYYNNRTLESTWEKPQELK,"GATAVSEWTEYAKTADGKTYYYNNRTLESTWEKPQELK
GATAVSEWTEY-KTADGKTYYYNNRTLESTWEKPQELK",202,'A' inserted at '12',None,1,0
23,-2.505701771,0,GATAVSEWTEYGKTADGKTYYYNNRTLESTWEKPQELK,"GATAVSEWTEYGKTADGKTYYYNNRTLESTWEKPQELK
GATAVSEWTEY-KTADGKTYYYNNRTLESTWEKPQELK",202,'G' inserted at '12',None,1,0
25,-1.931852506,0,GATAVSEWTEYKATADGKTYYYNNRTLESTWEKPQELK,"GATAVSEWTEYKATADGKTYYYNNRTLESTWEKPQELK
GATAVSEWTEYK-TADGKTYYYNNRTLESTWEKPQELK",202,'A' inserted at '13',None,1,0
26,-1.458828634,0,GATAVSEWTEYKTAADGKTYYYNNRTLESTWEKPQELK,"GATAVSEWTEYKTAADGKTYYYNNRTLESTWEKPQELK
GATAVSEWTEYKTA-DGKTYYYNNRTLESTWEKPQELK",202,'A' inserted at '15',None,1,0
27,-2.272848122,0,GATAVSEWTEYKTADAGKTYYYNNRTLESTWEKPQELK,"GATAVSEWTEYKTADAGKTYYYNNRTLESTWEKPQELK
GATAVSEWTEYKTAD-GKTYYYNNRTLESTWEKPQELK",202,'A' inserted at '16',None,1,0
28,-1.605136245,0,GATAVSEWTEYKTADGAKTYYYNNRTLESTWEKPQELK,"GATAVSEWTEYKTADGAKTYYYNNRTLESTWEKPQELK
GATAVSEWTEYKTADG-KTYYYNNRTLESTWEKPQELK",202,'A' inserted at '17',None,1,0
29,-1.423234292,0,GATAVSEWTEYKTADGGKTYYYNNRTLESTWEKPQELK,"GATAVSEWTEYKTADGGKTYYYNNRTLESTWEKPQELK
GATAVSEWTEYKTADG-KTYYYNNRTLESTWEKPQELK",202,'G' inserted at '17',None,1,0
30,-1.390875882,0,GATAVSEWTEYKTADGKATYYYNNRTLESTWEKPQELK,"GATAVSEWTEYKTADGKATYYYNNRTLESTWEKPQELK
GATAVSEWTEYKTADGK-TYYYNNRTLESTWEKPQELK",202,'A' inserted at '18',None,1,0
31,-1.279428049,0,GATAVSEWTEYKTADGKGTYYYNNRTLESTWEKPQELK,"GATAVSEWTEYKTADGKGTYYYNNRTLESTWEKPQELK
GATAVSEWTEYKTADGK-TYYYNNRTLESTWEKPQELK",202,'G' inserted at '18',None,1,0
32,-1.812404589,0,GATAVSEWTEYKTADGKTAYYYNNRTLESTWEKPQELK,"GATAVSEWTEYKTADGKTAYYYNNRTLESTWEKPQELK
GATAVSEWTEYKTADGKT-YYYNNRTLESTWEKPQELK",202,'A' inserted at '19',None,1,0
33,-2.124207345,0,GATAVSEWTEYKTADGKTGYYYNNRTLESTWEKPQELK,"GATAVSEWTEYKTADGKTGYYYNNRTLESTWEKPQELK
GATAVSEWTEYKTADGKT-YYYNNRTLESTWEKPQELK",202,'G' inserted at '19',None,1,0
34,-2.50315832,0,GATAVSEWTEYKTADGKTYAYYNNRTLESTWEKPQELK,"GATAVSEWTEYKTADGKTYAYYNNRTLESTWEKPQELK
GATAVSEWTEYKTADGKTY-YYNNRTLESTWEKPQELK",202,'A' inserted at '20',None,1,0
35,-2.318099922,0,GATAVSEWTEYKTADGKTYGYYNNRTLESTWEKPQELK,"GATAVSEWTEYKTADGKTYGYYNNRTLESTWEKPQELK
GATAVSEWTEYKTADGKTY-YYNNRTLESTWEKPQELK",202,'G' inserted at '20',None,1,0
36,-2.29543997,0,GATAVSEWTEYKTADGKTYYAYNNRTLESTWEKPQELK,"GATAVSEWTEYKTADGKTYYAYNNRTLESTWEKPQELK
GATAVSEWTEYKTADGKTYY-YNNRTLESTWEKPQELK",202,'A' inserted at '21',None,1,0
37,-2.401198677,0,GATAVSEWTEYKTADGKTYYGYNNRTLESTWEKPQELK,"GATAVSEWTEYKTADGKTYYGYNNRTLESTWEKPQELK
GATAVSEWTEYKTADGKTYY-YNNRTLESTWEKPQELK",202,'G' inserted at '21',None,1,0
39,-1.74484832,0,GATAVSEWTEYKTADGKTYYYANNRTLESTWEKPQELK,"GATAVSEWTEYKTADGKTYYYANNRTLESTWEKPQELK
GATAVSEWTEYKTADGKTYYY-NNRTLESTWEKPQELK",202,'A' inserted at '22',None,1,0
40,-2.523977922,0,GATAVSEWTEYKTADGKTYYYGNNRTLESTWEKPQELK,"GATAVSEWTEYKTADGKTYYYGNNRTLESTWEKPQELK
GATAVSEWTEYKTADGKTYYY-NNRTLESTWEKPQELK",202,'G' inserted at '22',None,1,0
41,-2.079552915,0,GATAVSEWTEYKTADGKTYYYNANRTLESTWEKPQELK,"GATAVSEWTEYKTADGKTYYYNANRTLESTWEKPQELK
GATAVSEWTEYKTADGKTYYYN-NRTLESTWEKPQELK",202,'A' inserted at '23',None,1,0
42,-2.259158374,0,GATAVSEWTEYKTADGKTYYYNGNRTLESTWEKPQELK,"GATAVSEWTEYKTADGKTYYYNGNRTLESTWEKPQELK
GATAVSEWTEYKTADGKTYYYN-NRTLESTWEKPQELK",202,'G' inserted at '23',None,1,0
43,-2.176422738,0,GATAVSEWTEYKTADGKTYYYNNARTLESTWEKPQELK,"GATAVSEWTEYKTADGKTYYYNNARTLESTWEKPQELK
GATAVSEWTEYKTADGKTYYYNN-RTLESTWEKPQELK",202,'A' inserted at '24',None,1,0
44,-2.10759349,0,GATAVSEWTEYKTADGKTYYYNNGRTLESTWEKPQELK,"GATAVSEWTEYKTADGKTYYYNNGRTLESTWEKPQELK
GATAVSEWTEYKTADGKTYYYNN-RTLESTWEKPQELK",202,'G' inserted at '24',None,1,0
45,-1.740005333,0,GATAVSEWTEYKTADGKTYYYNNRATLESTWEKPQELK,"GATAVSEWTEYKTADGKTYYYNNRATLESTWEKPQELK
GATAVSEWTEYKTADGKTYYYNNR-TLESTWEKPQELK",202,'A' inserted at '25',None,1,0
46,-2.12811105,0,GATAVSEWTEYKTADGKTYYYNNRGTLESTWEKPQELK,"GATAVSEWTEYKTADGKTYYYNNRGTLESTWEKPQELK
GATAVSEWTEYKTADGKTYYYNNR-TLESTWEKPQELK",202,'G' inserted at '25',None,1,0
48,-2.128597771,0,GATAVSEWTEYKTADGKTYYYNNRTALESTWEKPQELK,"GATAVSEWTEYKTADGKTYYYNNRTALESTWEKPQELK
GATAVSEWTEYKTADGKTYYYNNRT-LESTWEKPQELK",202,'A' inserted at '26',None,1,0
50,-1.70683865,0,GATAVSEWTEYKTADGKTYYYNNRTGLESTWEKPQELK,"GATAVSEWTEYKTADGKTYYYNNRTGLESTWEKPQELK
GATAVSEWTEYKTADGKTYYYNNRT-LESTWEKPQELK",202,'G' inserted at '26',None,1,0
51,-1.830154391,0,GATAVSEWTEYKTADGKTYYYNNRTLAESTWEKPQELK,"GATAVSEWTEYKTADGKTYYYNNRTLAESTWEKPQELK
GATAVSEWTEYKTADGKTYYYNNRTL-ESTWEKPQELK",202,'A' inserted at '27',None,1,0
52,-2.497425319,0,GATAVSEWTEYKTADGKTYYYNNRTLEASTWEKPQELK,"GATAVSEWTEYKTADGKTYYYNNRTLEASTWEKPQELK
GATAVSEWTEYKTADGKTYYYNNRTLE-STWEKPQELK",202,'A' inserted at '28',None,1,0
53,-2.268258735,0,GATAVSEWTEYKTADGKTYYYNNRTLEGSTWEKPQELK,"GATAVSEWTEYKTADGKTYYYNNRTLEGSTWEKPQELK
GATAVSEWTEYKTADGKTYYYNNRTLE-STWEKPQELK",202,'G' inserted at '28',None,1,0
54,-2.066022253,0,GATAVSEWTEYKTADGKTYYYNNRTLESATWEKPQELK,"GATAVSEWTEYKTADGKTYYYNNRTLESATWEKPQELK
GATAVSEWTEYKTADGKTYYYNNRTLES-TWEKPQELK",202,'A' inserted at '29',None,1,0
55,-2.266174407,0,GATAVSEWTEYKTADGKTYYYNNRTLESGTWEKPQELK,"GATAVSEWTEYKTADGKTYYYNNRTLESGTWEKPQELK
GATAVSEWTEYKTADGKTYYYNNRTLES-TWEKPQELK",202,'G' inserted at '29',None,1,0
56,-1.980904878,0,GATAVSEWTEYKTADGKTYYYNNRTLESTAWEKPQELK,"GATAVSEWTEYKTADGKTYYYNNRTLESTAWEKPQELK
GATAVSEWTEYKTADGKTYYYNNRTLEST-WEKPQELK",202,'A' inserted at '30',None,1,0
58,-1.785752129,0,GATAVSEWTEYKTADGKTYYYNNRTLESTGWEKPQELK,"GATAVSEWTEYKTADGKTYYYNNRTLESTGWEKPQELK
GATAVSEWTEYKTADGKTYYYNNRTLEST-WEKPQELK",202,'G' inserted at '30',None,1,0
59,-1.776823532,0,GATAVSEWTEYKTADGKTYYYNNRTLESTWAEKPQELK,"GATAVSEWTEYKTADGKTYYYNNRTLESTWAEKPQELK
GATAVSEWTEYKTADGKTYYYNNRTLESTW-EKPQELK",202,'A' inserted at '31',None,1,0
60,-1.837638361,0,GATAVSEWTEYKTADGKTYYYNNRTLESTWEAKPQELK,"GATAVSEWTEYKTADGKTYYYNNRTLESTWEAKPQELK
GATAVSEWTEYKTADGKTYYYNNRTLESTWE-KPQELK",202,'A' inserted at '32',None,1,0
61,-1.718136802,0,GATAVSEWTEYKTADGKTYYYNNRTLESTWEGKPQELK,"GATAVSEWTEYKTADGKTYYYNNRTLESTWEGKPQELK
GATAVSEWTEYKTADGKTYYYNNRTLESTWE-KPQELK",202,'G' inserted at '32',None,1,0
62,-1.462438406,0,GATAVSEWTEYKTADGKTYYYNNRTLESTWEKAPQELK,"GATAVSEWTEYKTADGKTYYYNNRTLESTWEKAPQELK
GATAVSEWTEYKTADGKTYYYNNRTLESTWEK-PQELK",202,'A' inserted at '33',None,1,0
63,-1.5948783,0,GATAVSEWTEYKTADGKTYYYNNRTLESTWEKGPQELK,"GATAVSEWTEYKTADGKTYYYNNRTLESTWEKGPQELK
GATAVSEWTEYKTADGKTYYYNNRTLESTWEK-PQELK",202,'G' inserted at '33',None,1,0
64,-0.631239107,1,GATAVSEWTEYKTADGKTYYYNNRTLESTWEKPAQELK,"GATAVSEWTEYKTADGKTYYYNNRTLESTWEKPAQELK
GATAVSEWTEYKTADGKTYYYNNRTLESTWEKP-QELK",202,'A' inserted at '34',None,1,0
65,-0.526947399,1,GATAVSEWTEYKTADGKTYYYNNRTLESTWEKPGQELK,"GATAVSEWTEYKTADGKTYYYNNRTLESTWEKPGQELK
GATAVSEWTEYKTADGKTYYYNNRTLESTWEKP-QELK",202,'G' inserted at '34',None,1,0
66,-0.572541253,1,GATAVSEWTEYKTADGKTYYYNNRTLESTWEKPQAELK,"GATAVSEWTEYKTADGKTYYYNNRTLESTWEKPQAELK
GATAVSEWTEYKTADGKTYYYNNRTLESTWEKPQ-ELK",202,'A' inserted at '35',None,1,0
67,-0.376588611,1,GATAVSEWTEYKTADGKTYYYNNRTLESTWEKPQEALK,"GATAVSEWTEYKTADGKTYYYNNRTLESTWEKPQEALK
GATAVSEWTEYKTADGKTYYYNNRTLESTWEKPQE-LK",202,'A' inserted at '36',None,1,0
68,-0.309728242,1,GATAVSEWTEYKTADGKTYYYNNRTLESTWEKPQEGLK,"GATAVSEWTEYKTADGKTYYYNNRTLESTWEKPQEGLK
GATAVSEWTEYKTADGKTYYYNNRTLESTWEKPQE-LK",202,'G' inserted at '36',None,1,0
70,-0.077894448,1,GATAVSEWTEYKTADGKTYYYNNRTLESTWEKPQELAK,"GATAVSEWTEYKTADGKTYYYNNRTLESTWEKPQELAK
GATAVSEWTEYKTADGKTYYYNNRTLESTWEKPQEL-K",202,'A' inserted at '37',None,1,0
71,-0.117680566,1,GATAVSEWTEYKTADGKTYYYNNRTLESTWEKPQELGK,"GATAVSEWTEYKTADGKTYYYNNRTLESTWEKPQELGK
GATAVSEWTEYKTADGKTYYYNNRTLESTWEKPQEL-K",202,'G' inserted at '37',None,1,0
72,-0.400249284,1,GATAVSEWTEYKTADGKTYYYNNRTLESTWEKPQGELK,"GATAVSEWTEYKTADGKTYYYNNRTLESTWEKPQGELK
GATAVSEWTEYKTADGKTYYYNNRTLESTWEKPQ-ELK",202,'G' inserted at '35',None,1,0
76,-1.358280198,0,GATAVSEWTEYKTADGKTYYYNNRTLESTWGEKPQELK,"GATAVSEWTEYKTADGKTYYYNNRTLESTWGEKPQELK
GATAVSEWTEYKTADGKTYYYNNRTLESTW-EKPQELK",202,'G' inserted at '31',None,1,0
80,-2.018821016,0,GATAVSEWTEYKTADGKTYYYNNRTLGESTWEKPQELK,"GATAVSEWTEYKTADGKTYYYNNRTLGESTWEKPQELK
GATAVSEWTEYKTADGKTYYYNNRTL-ESTWEKPQELK",202,'G' inserted at '27',None,1,0
87,-1.521665758,0,GATAVSEWTEYKTAGDGKTYYYNNRTLESTWEKPQELK,"GATAVSEWTEYKTAGDGKTYYYNNRTLESTWEKPQELK
GATAVSEWTEYKTA-DGKTYYYNNRTLESTWEKPQELK",202,'G' inserted at '15',None,1,0
90,-1.629767593,0,GATAVSEWTEYKTGADGKTYYYNNRTLESTWEKPQELK,"GATAVSEWTEYKTGADGKTYYYNNRTLESTWEKPQELK
GATAVSEWTEYKT-ADGKTYYYNNRTLESTWEKPQELK",202,'G' inserted at '14',None,1,0
92,-2.056323607,0,GATAVSEWTGEYKTADGKTYYYNNRTLESTWEKPQELK,"GATAVSEWTGEYKTADGKTYYYNNRTLESTWEKPQELK
GATAVSEWT-EYKTADGKTYYYNNRTLESTWEKPQELK",202,'G' inserted at '10',None,1,0
94,-0.107125531,1,GATAVSGEWTEYKTADGKTYYYNNRTLESTWEKPQELK,"GATAVSGEWTEYKTADGKTYYYNNRTLESTWEKPQELK
GATAVS-EWTEYKTADGKTYYYNNRTLESTWEKPQELK",202,'G' inserted at '7',None,1,0
96,0.034427399,1,GATGAVSEWTEYKTADGKTYYYNNRTLESTWEKPQELK,"GATGAVSEWTEYKTADGKTYYYNNRTLESTWEKPQELK
GAT-AVSEWTEYKTADGKTYYYNNRTLESTWEKPQELK",202,'G' inserted at '4',None,1,0
98,0.205881489,1,GGATAVSEWTEYKTADGKTYYYNNRTLESTWEKPQELK,"GGATAVSEWTEYKTADGKTYYYNNRTLESTWEKPQELK
G-ATAVSEWTEYKTADGKTYYYNNRTLESTWEKPQELK",202,'G' inserted at '2',None,1,0
1,0.275788024,1,AGATAVSEWTEYKTADGKTYYYNNRTLESTWEKPQELK,"GATAVSEWTEYKTADGKTYYYNNRTLESTWEKPQELK
GATAVSEWTEYKTADGKTYYYNNRTLESTWEKPQELK",202,None,None,0,0
2,-0.067440736,1,ATAVSEWTEYKTADGKTYYYNNRTLESTWEKPQELK,"ATAVSEWTEYKTADGKTYYYNNRTLESTWEKPQELK
ATAVSEWTEYKTADGKTYYYNNRTLESTWEKPQELK",196,None,None,0,0
4,0.141595016,1,GAAVSEWTEYKTADGKTYYYNNRTLESTWEKPQELK,"GA-AVSEWTEYKTADGKTYYYNNRTLESTWEKPQELK
GATAVSEWTEYKTADGKTYYYNNRTLESTWEKPQELK",197,None,'T' deleted in '3',0,1
8,0.079261835,1,GATASEWTEYKTADGKTYYYNNRTLESTWEKPQELK,"GATA-SEWTEYKTADGKTYYYNNRTLESTWEKPQELK
GATAVSEWTEYKTADGKTYYYNNRTLESTWEKPQELK",198,None,'V' deleted in '5',0,1
10,-0.207642105,1,GATAVEWTEYKTADGKTYYYNNRTLESTWEKPQELK,"GATAV-EWTEYKTADGKTYYYNNRTLESTWEKPQELK
GATAVSEWTEYKTADGKTYYYNNRTLESTWEKPQELK",198,None,'S' deleted in '6',0,1
16,-1.593851905,0,GATAVSEWEYKTADGKTYYYNNRTLESTWEKPQELK,"GATAVSEW-EYKTADGKTYYYNNRTLESTWEKPQELK
GATAVSEWTEYKTADGKTYYYNNRTLESTWEKPQELK",197,None,'T' deleted in '9',0,1
21,-1.267585717,0,GATAVSEWTEKTADGKTYYYNNRTLESTWEKPQELK,"GATAVSEWTE-KTADGKTYYYNNRTLESTWEKPQELK
GATAVSEWTEYKTADGKTYYYNNRTLESTWEKPQELK",195,None,'Y' deleted in '11',0,1
24,-1.204332919,0,GATAVSEWTEYKADGKTYYYNNRTLESTWEKPQELK,"GATAVSEWTEYK-ADGKTYYYNNRTLESTWEKPQELK
GATAVSEWTEYKTADGKTYYYNNRTLESTWEKPQELK",197,None,'T' deleted in '13',0,1
38,-2.008015323,0,GATAVSEWTEYKTADGKTYYNNRTLESTWEKPQELK,"GATAVSEWTEYKTADGKTYY-NNRTLESTWEKPQELK
GATAVSEWTEYKTADGKTYYYNNRTLESTWEKPQELK",195,None,'Y' deleted in '21',0,1
47,-1.593213265,0,GATAVSEWTEYKTADGKTYYYNNRLESTWEKPQELK,"GATAVSEWTEYKTADGKTYYYNNR-LESTWEKPQELK
GATAVSEWTEYKTADGKTYYYNNRTLESTWEKPQELK",197,None,'T' deleted in '25',0,1
49,-1.750788915,0,GATAVSEWTEYKTADGKTYYYNNRTESTWEKPQELK,"GATAVSEWTEYKTADGKTYYYNNRT-ESTWEKPQELK
GATAVSEWTEYKTADGKTYYYNNRTLESTWEKPQELK",198,None,'L' deleted in '26',0,1
57,-1.575989826,0,GATAVSEWTEYKTADGKTYYYNNRTLESTEKPQELK,"GATAVSEWTEYKTADGKTYYYNNRTLEST-EKPQELK
GATAVSEWTEYKTADGKTYYYNNRTLESTWEKPQELK",191,None,'W' deleted in '30',0,1
69,0.127335864,1,GATAVSEWTEYKTADGKTYYYNNRTLESTWEKPQEL,"GATAVSEWTEYKTADGKTYYYNNRTLESTWEKPQEL
GATAVSEWTEYKTADGKTYYYNNRTLESTWEKPQEL",197,None,None,0,0
73,-0.682492805,1,GATAVSEWTEYKTADGKTYYYNNRTLESTWEKPQLK,"GATAVSEWTEYKTADGKTYYYNNRTLESTWEKPQ-LK
GATAVSEWTEYKTADGKTYYYNNRTLESTWEKPQELK",197,None,'E' deleted in '35',0,1
74,-1.296187578,0,GATAVSEWTEYKTADGKTYYYNNRTLESTWEKQELK,"GATAVSEWTEYKTADGKTYYYNNRTLESTWEK-QELK
GATAVSEWTEYKTADGKTYYYNNRTLESTWEKPQELK",195,None,'P' deleted in '33',0,1
75,-1.388942891,0,GATAVSEWTEYKTADGKTYYYNNRTLESTWEPQELK,"GATAVSEWTEYKTADGKTYYYNNRTLESTWE-PQELK
GATAVSEWTEYKTADGKTYYYNNRTLESTWEKPQELK",197,None,'K' deleted in '32',0,1
77,-1.532175677,0,GATAVSEWTEYKTADGKTYYYNNRTLESTWKPQELK,"GATAVSEWTEYKTADGKTYYYNNRTLESTW-KPQELK
GATAVSEWTEYKTADGKTYYYNNRTLESTWEKPQELK",197,None,'E' deleted in '31',0,1
78,-1.391285281,0,GATAVSEWTEYKTADGKTYYYNNRTLESWEKPQELK,"GATAVSEWTEYKTADGKTYYYNNRTLES-WEKPQELK
GATAVSEWTEYKTADGKTYYYNNRTLESTWEKPQELK",197,None,'T' deleted in '29',0,1
79,-1.257251641,0,GATAVSEWTEYKTADGKTYYYNNRTLETWEKPQELK,"GATAVSEWTEYKTADGKTYYYNNRTLE-TWEKPQELK
GATAVSEWTEYKTADGKTYYYNNRTLESTWEKPQELK",198,None,'S' deleted in '28',0,1
81,-1.960418465,0,GATAVSEWTEYKTADGKTYYYNNRTLSTWEKPQELK,"GATAVSEWTEYKTADGKTYYYNNRTL-STWEKPQELK
GATAVSEWTEYKTADGKTYYYNNRTLESTWEKPQELK",197,None,'E' deleted in '27',0,1
82,-1.855061594,0,GATAVSEWTEYKTADGKTYYYNNTLESTWEKPQELK,"GATAVSEWTEYKTADGKTYYYNN-TLESTWEKPQELK
GATAVSEWTEYKTADGKTYYYNNRTLESTWEKPQELK",197,None,'R' deleted in '24',0,1
83,-1.995620319,0,GATAVSEWTEYKTADGKTYYYNRTLESTWEKPQELK,"GATAVSEWTEYKTADGKTYYYN-RTLESTWEKPQELK
GATAVSEWTEYKTADGKTYYYNNRTLESTWEKPQELK",196,None,'N' deleted in '23',0,1
84,-1.808789656,0,GATAVSEWTEYKTADGKYYYNNRTLESTWEKPQELK,"GATAVSEWTEYKTADGK-YYYNNRTLESTWEKPQELK
GATAVSEWTEYKTADGKTYYYNNRTLESTWEKPQELK",197,None,'T' deleted in '18',0,1
85,-1.196733719,1,GATAVSEWTEYKTADGTYYYNNRTLESTWEKPQELK,"GATAVSEWTEYKTADG-TYYYNNRTLESTWEKPQELK
GATAVSEWTEYKTADGKTYYYNNRTLESTWEKPQELK",197,None,'K' deleted in '17',0,1
86,-1.591559993,0,GATAVSEWTEYKTADKTYYYNNRTLESTWEKPQELK,"GATAVSEWTEYKTAD-KTYYYNNRTLESTWEKPQELK
GATAVSEWTEYKTADGKTYYYNNRTLESTWEKPQELK",196,None,'G' deleted in '16',0,1
88,-1.722064237,0,GATAVSEWTEYKTAGKTYYYNNRTLESTWEKPQELK,"GATAVSEWTEYKTA-GKTYYYNNRTLESTWEKPQELK
GATAVSEWTEYKTADGKTYYYNNRTLESTWEKPQELK",196,None,'D' deleted in '15',0,1
89,-1.353087345,0,GATAVSEWTEYKTDGKTYYYNNRTLESTWEKPQELK,"GATAVSEWTEYKT-DGKTYYYNNRTLESTWEKPQELK
GATAVSEWTEYKTADGKTYYYNNRTLESTWEKPQELK",198,None,'A' deleted in '14',0,1
91,-1.073274043,1,GATAVSEWTEYTADGKTYYYNNRTLESTWEKPQELK,"GATAVSEWTEY-TADGKTYYYNNRTLESTWEKPQELK
GATAVSEWTEYKTADGKTYYYNNRTLESTWEKPQELK",197,None,'K' deleted in '12',0,1
93,-1.91326618,0,GATAVSEWTYKTADGKTYYYNNRTLESTWEKPQELK,"GATAVSEWT-YKTADGKTYYYNNRTLESTWEKPQELK
GATAVSEWTEYKTADGKTYYYNNRTLESTWEKPQELK",197,None,'E' deleted in '10',0,1
95,-0.889466741,1,GATAVSWTEYKTADGKTYYYNNRTLESTWEKPQELK,"GATAVS-WTEYKTADGKTYYYNNRTLESTWEKPQELK
GATAVSEWTEYKTADGKTYYYNNRTLESTWEKPQELK",197,None,'E' deleted in '7',0,1
97,-0.00232955,1,GATVSEWTEYKTADGKTYYYNNRTLESTWEKPQELK,"GAT-VSEWTEYKTADGKTYYYNNRTLESTWEKPQELK
GATAVSEWTEYKTADGKTYYYNNRTLESTWEKPQELK",198,None,'A' deleted in '4',0,1
99,0.124467363,1,GTAVSEWTEYKTADGKTYYYNNRTLESTWEKPQELK,"G-TAVSEWTEYKTADGKTYYYNNRTLESTWEKPQELK
GATAVSEWTEYKTADGKTYYYNNRTLESTWEKPQELK",198,None,'A' deleted in '2',0,1
