ID,DMS_Score,DMS_Score_Bin,mutated_sequence,Alignment,Align_score,Insertions,Deletions,NumberOfInsertionSites,NumberOfDeletionSites
3,-0.239290564,1,HARQALGERLYPRVQAMQPAFASKITGMLLELSPAQLLLLLASEDSLRARVDEAMELII,"HARQALGERLYPRVQAMQPAFASKITGMLLELSPAQLLLLLASEDSLRARVDEAMELII
H-RQALGERLYPRVQAMQPAFASKITGMLLELSPAQLLLLLASEDSLRARVDEAMELII",275,'A' inserted at '2',None,1,0
4,-0.180461663,1,HGRQALGERLYPRVQAMQPAFASKITGMLLELSPAQLLLLLASEDSLRARVDEAMELII,"HGRQALGERLYPRVQAMQPAFASKITGMLLELSPAQLLLLLASEDSLRARVDEAMELII
H-RQALGERLYPRVQAMQPAFASKITGMLLELSPAQLLLLLASEDSLRARVDEAMELII",275,'G' inserted at '2',None,1,0
7,-0.711561609,0,HRAQALGERLYPRVQAMQPAFASKITGMLLELSPAQLLLLLASEDSLRARVDEAMELII,"HRAQALGERLYPRVQAMQPAFASKITGMLLELSPAQLLLLLASEDSLRARVDEAMELII
HR-QALGERLYPRVQAMQPAFASKITGMLLELSPAQLLLLLASEDSLRARVDEAMELII",275,'A' inserted at '3',None,1,0
8,-0.332676999,1,HRGQALGERLYPRVQAMQPAFASKITGMLLELSPAQLLLLLASEDSLRARVDEAMELII,"HRGQALGERLYPRVQAMQPAFASKITGMLLELSPAQLLLLLASEDSLRARVDEAMELII
HR-QALGERLYPRVQAMQPAFASKITGMLLELSPAQLLLLLASEDSLRARVDEAMELII",275,'G' inserted at '3',None,1,0
9,-0.494891367,0,HRQAALGERLYPRVQAMQPAFASKITGMLLELSPAQLLLLLASEDSLRARVDEAMELII,"HRQAALGERLYPRVQAMQPAFASKITGMLLELSPAQLLLLLASEDSLRARVDEAMELII
HRQA-LGERLYPRVQAMQPAFASKITGMLLELSPAQLLLLLASEDSLRARVDEAMELII",275,'A' inserted at '5',None,1,0
11,-0.658613969,0,HRQAGLGERLYPRVQAMQPAFASKITGMLLELSPAQLLLLLASEDSLRARVDEAMELII,"HRQAGLGERLYPRVQAMQPAFASKITGMLLELSPAQLLLLLASEDSLRARVDEAMELII
HRQA-LGERLYPRVQAMQPAFASKITGMLLELSPAQLLLLLASEDSLRARVDEAMELII",275,'G' inserted at '5',None,1,0
12,-0.972682274,0,HRQALAGERLYPRVQAMQPAFASKITGMLLELSPAQLLLLLASEDSLRARVDEAMELII,"HRQALAGERLYPRVQAMQPAFASKITGMLLELSPAQLLLLLASEDSLRARVDEAMELII
HRQAL-GERLYPRVQAMQPAFASKITGMLLELSPAQLLLLLASEDSLRARVDEAMELII",275,'A' inserted at '6',None,1,0
14,-1.038640687,0,HRQALGAERLYPRVQAMQPAFASKITGMLLELSPAQLLLLLASEDSLRARVDEAMELII,"HRQALGAERLYPRVQAMQPAFASKITGMLLELSPAQLLLLLASEDSLRARVDEAMELII
HRQALG-ERLYPRVQAMQPAFASKITGMLLELSPAQLLLLLASEDSLRARVDEAMELII",275,'A' inserted at '7',None,1,0
15,-0.974561677,0,HRQALGEARLYPRVQAMQPAFASKITGMLLELSPAQLLLLLASEDSLRARVDEAMELII,"HRQALGEARLYPRVQAMQPAFASKITGMLLELSPAQLLLLLASEDSLRARVDEAMELII
HRQALGE-RLYPRVQAMQPAFASKITGMLLELSPAQLLLLLASEDSLRARVDEAMELII",275,'A' inserted at '8',None,1,0
16,-1.164867241,0,HRQALGEGRLYPRVQAMQPAFASKITGMLLELSPAQLLLLLASEDSLRARVDEAMELII,"HRQALGEGRLYPRVQAMQPAFASKITGMLLELSPAQLLLLLASEDSLRARVDEAMELII
HRQALGE-RLYPRVQAMQPAFASKITGMLLELSPAQLLLLLASEDSLRARVDEAMELII",275,'G' inserted at '8',None,1,0
18,-0.916440397,0,HRQALGERALYPRVQAMQPAFASKITGMLLELSPAQLLLLLASEDSLRARVDEAMELII,"HRQALGERALYPRVQAMQPAFASKITGMLLELSPAQLLLLLASEDSLRARVDEAMELII
HRQALGER-LYPRVQAMQPAFASKITGMLLELSPAQLLLLLASEDSLRARVDEAMELII",275,'A' inserted at '9',None,1,0
19,-1.165247051,0,HRQALGERGLYPRVQAMQPAFASKITGMLLELSPAQLLLLLASEDSLRARVDEAMELII,"HRQALGERGLYPRVQAMQPAFASKITGMLLELSPAQLLLLLASEDSLRARVDEAMELII
HRQALGER-LYPRVQAMQPAFASKITGMLLELSPAQLLLLLASEDSLRARVDEAMELII",275,'G' inserted at '9',None,1,0
20,-1.594877338,0,HRQALGERLAYPRVQAMQPAFASKITGMLLELSPAQLLLLLASEDSLRARVDEAMELII,"HRQALGERLAYPRVQAMQPAFASKITGMLLELSPAQLLLLLASEDSLRARVDEAMELII
HRQALGERL-YPRVQAMQPAFASKITGMLLELSPAQLLLLLASEDSLRARVDEAMELII",275,'A' inserted at '10',None,1,0
21,-2.188135176,0,HRQALGERLGYPRVQAMQPAFASKITGMLLELSPAQLLLLLASEDSLRARVDEAMELII,"HRQALGERLGYPRVQAMQPAFASKITGMLLELSPAQLLLLLASEDSLRARVDEAMELII
HRQALGERL-YPRVQAMQPAFASKITGMLLELSPAQLLLLLASEDSLRARVDEAMELII",275,'G' inserted at '10',None,1,0
22,-1.991390493,0,HRQALGERLYAPRVQAMQPAFASKITGMLLELSPAQLLLLLASEDSLRARVDEAMELII,"HRQALGERLYAPRVQAMQPAFASKITGMLLELSPAQLLLLLASEDSLRARVDEAMELII
HRQALGERLY-PRVQAMQPAFASKITGMLLELSPAQLLLLLASEDSLRARVDEAMELII",275,'A' inserted at '11',None,1,0
23,-1.556376392,0,HRQALGERLYGPRVQAMQPAFASKITGMLLELSPAQLLLLLASEDSLRARVDEAMELII,"HRQALGERLYGPRVQAMQPAFASKITGMLLELSPAQLLLLLASEDSLRARVDEAMELII
HRQALGERLY-PRVQAMQPAFASKITGMLLELSPAQLLLLLASEDSLRARVDEAMELII",275,'G' inserted at '11',None,1,0
24,-2.080314134,0,HRQALGERLYPARVQAMQPAFASKITGMLLELSPAQLLLLLASEDSLRARVDEAMELII,"HRQALGERLYPARVQAMQPAFASKITGMLLELSPAQLLLLLASEDSLRARVDEAMELII
HRQALGERLYP-RVQAMQPAFASKITGMLLELSPAQLLLLLASEDSLRARVDEAMELII",275,'A' inserted at '12',None,1,0
25,-2.021741334,0,HRQALGERLYPGRVQAMQPAFASKITGMLLELSPAQLLLLLASEDSLRARVDEAMELII,"HRQALGERLYPGRVQAMQPAFASKITGMLLELSPAQLLLLLASEDSLRARVDEAMELII
HRQALGERLYP-RVQAMQPAFASKITGMLLELSPAQLLLLLASEDSLRARVDEAMELII",275,'G' inserted at '12',None,1,0
26,-2.01008549,0,HRQALGERLYPRAVQAMQPAFASKITGMLLELSPAQLLLLLASEDSLRARVDEAMELII,"HRQALGERLYPRAVQAMQPAFASKITGMLLELSPAQLLLLLASEDSLRARVDEAMELII
HRQALGERLYPR-VQAMQPAFASKITGMLLELSPAQLLLLLASEDSLRARVDEAMELII",275,'A' inserted at '13',None,1,0
27,-2.035604927,0,HRQALGERLYPRGVQAMQPAFASKITGMLLELSPAQLLLLLASEDSLRARVDEAMELII,"HRQALGERLYPRGVQAMQPAFASKITGMLLELSPAQLLLLLASEDSLRARVDEAMELII
HRQALGERLYPR-VQAMQPAFASKITGMLLELSPAQLLLLLASEDSLRARVDEAMELII",275,'G' inserted at '13',None,1,0
30,-1.718648886,0,HRQALGERLYPRVAQAMQPAFASKITGMLLELSPAQLLLLLASEDSLRARVDEAMELII,"HRQALGERLYPRVAQAMQPAFASKITGMLLELSPAQLLLLLASEDSLRARVDEAMELII
HRQALGERLYPRV-QAMQPAFASKITGMLLELSPAQLLLLLASEDSLRARVDEAMELII",275,'A' inserted at '14',None,1,0
31,-2.113980001,0,HRQALGERLYPRVGQAMQPAFASKITGMLLELSPAQLLLLLASEDSLRARVDEAMELII,"HRQALGERLYPRVGQAMQPAFASKITGMLLELSPAQLLLLLASEDSLRARVDEAMELII
HRQALGERLYPRV-QAMQPAFASKITGMLLELSPAQLLLLLASEDSLRARVDEAMELII",275,'G' inserted at '14',None,1,0
32,-1.911827581,0,HRQALGERLYPRVQAAMQPAFASKITGMLLELSPAQLLLLLASEDSLRARVDEAMELII,"HRQALGERLYPRVQAAMQPAFASKITGMLLELSPAQLLLLLASEDSLRARVDEAMELII
HRQALGERLYPRVQA-MQPAFASKITGMLLELSPAQLLLLLASEDSLRARVDEAMELII",275,'A' inserted at '16',None,1,0
33,-1.956119779,0,HRQALGERLYPRVQAGMQPAFASKITGMLLELSPAQLLLLLASEDSLRARVDEAMELII,"HRQALGERLYPRVQAGMQPAFASKITGMLLELSPAQLLLLLASEDSLRARVDEAMELII
HRQALGERLYPRVQA-MQPAFASKITGMLLELSPAQLLLLLASEDSLRARVDEAMELII",275,'G' inserted at '16',None,1,0
34,-0.244091169,1,HRQALGERLYPRVQAMAQPAFASKITGMLLELSPAQLLLLLASEDSLRARVDEAMELII,"HRQALGERLYPRVQAMAQPAFASKITGMLLELSPAQLLLLLASEDSLRARVDEAMELII
HRQALGERLYPRVQAM-QPAFASKITGMLLELSPAQLLLLLASEDSLRARVDEAMELII",275,'A' inserted at '17',None,1,0
35,-1.089135728,0,HRQALGERLYPRVQAMGQPAFASKITGMLLELSPAQLLLLLASEDSLRARVDEAMELII,"HRQALGERLYPRVQAMGQPAFASKITGMLLELSPAQLLLLLASEDSLRARVDEAMELII
HRQALGERLYPRVQAM-QPAFASKITGMLLELSPAQLLLLLASEDSLRARVDEAMELII",275,'G' inserted at '17',None,1,0
38,-1.31678043,0,HRQALGERLYPRVQAMQAPAFASKITGMLLELSPAQLLLLLASEDSLRARVDEAMELII,"HRQALGERLYPRVQAMQAPAFASKITGMLLELSPAQLLLLLASEDSLRARVDEAMELII
HRQALGERLYPRVQAMQ-PAFASKITGMLLELSPAQLLLLLASEDSLRARVDEAMELII",275,'A' inserted at '18',None,1,0
39,-0.517806781,0,HRQALGERLYPRVQAMQGPAFASKITGMLLELSPAQLLLLLASEDSLRARVDEAMELII,"HRQALGERLYPRVQAMQGPAFASKITGMLLELSPAQLLLLLASEDSLRARVDEAMELII
HRQALGERLYPRVQAMQ-PAFASKITGMLLELSPAQLLLLLASEDSLRARVDEAMELII",275,'G' inserted at '18',None,1,0
40,-0.922218526,0,HRQALGERLYPRVQAMQPAAFASKITGMLLELSPAQLLLLLASEDSLRARVDEAMELII,"HRQALGERLYPRVQAMQPAAFASKITGMLLELSPAQLLLLLASEDSLRARVDEAMELII
HRQALGERLYPRVQAMQPA-FASKITGMLLELSPAQLLLLLASEDSLRARVDEAMELII",275,'A' inserted at '20',None,1,0
42,-1.464053682,0,HRQALGERLYPRVQAMQPAFAASKITGMLLELSPAQLLLLLASEDSLRARVDEAMELII,"HRQALGERLYPRVQAMQPAFAASKITGMLLELSPAQLLLLLASEDSLRARVDEAMELII
HRQALGERLYPRVQAMQPAFA-SKITGMLLELSPAQLLLLLASEDSLRARVDEAMELII",275,'A' inserted at '22',None,1,0
43,-2.422993705,0,HRQALGERLYPRVQAMQPAFAGSKITGMLLELSPAQLLLLLASEDSLRARVDEAMELII,"HRQALGERLYPRVQAMQPAFAGSKITGMLLELSPAQLLLLLASEDSLRARVDEAMELII
HRQALGERLYPRVQAMQPAFA-SKITGMLLELSPAQLLLLLASEDSLRARVDEAMELII",275,'G' inserted at '22',None,1,0
45,-1.957764898,0,HRQALGERLYPRVQAMQPAFASAKITGMLLELSPAQLLLLLASEDSLRARVDEAMELII,"HRQALGERLYPRVQAMQPAFASAKITGMLLELSPAQLLLLLASEDSLRARVDEAMELII
HRQALGERLYPRVQAMQPAFAS-KITGMLLELSPAQLLLLLASEDSLRARVDEAMELII",275,'A' inserted at '23',None,1,0
46,-2.165882699,0,HRQALGERLYPRVQAMQPAFASGKITGMLLELSPAQLLLLLASEDSLRARVDEAMELII,"HRQALGERLYPRVQAMQPAFASGKITGMLLELSPAQLLLLLASEDSLRARVDEAMELII
HRQALGERLYPRVQAMQPAFAS-KITGMLLELSPAQLLLLLASEDSLRARVDEAMELII",275,'G' inserted at '23',None,1,0
48,-2.117908646,0,HRQALGERLYPRVQAMQPAFASKAITGMLLELSPAQLLLLLASEDSLRARVDEAMELII,"HRQALGERLYPRVQAMQPAFASKAITGMLLELSPAQLLLLLASEDSLRARVDEAMELII
HRQALGERLYPRVQAMQPAFASK-ITGMLLELSPAQLLLLLASEDSLRARVDEAMELII",275,'A' inserted at '24',None,1,0
49,-2.396890535,0,HRQALGERLYPRVQAMQPAFASKGITGMLLELSPAQLLLLLASEDSLRARVDEAMELII,"HRQALGERLYPRVQAMQPAFASKGITGMLLELSPAQLLLLLASEDSLRARVDEAMELII
HRQALGERLYPRVQAMQPAFASK-ITGMLLELSPAQLLLLLASEDSLRARVDEAMELII",275,'G' inserted at '24',None,1,0
50,-1.721687759,0,HRQALGERLYPRVQAMQPAFASKIATGMLLELSPAQLLLLLASEDSLRARVDEAMELII,"HRQALGERLYPRVQAMQPAFASKIATGMLLELSPAQLLLLLASEDSLRARVDEAMELII
HRQALGERLYPRVQAMQPAFASKI-TGMLLELSPAQLLLLLASEDSLRARVDEAMELII",275,'A' inserted at '25',None,1,0
52,-2.446120079,0,HRQALGERLYPRVQAMQPAFASKIGTGMLLELSPAQLLLLLASEDSLRARVDEAMELII,"HRQALGERLYPRVQAMQPAFASKIGTGMLLELSPAQLLLLLASEDSLRARVDEAMELII
HRQALGERLYPRVQAMQPAFASKI-TGMLLELSPAQLLLLLASEDSLRARVDEAMELII",275,'G' inserted at '25',None,1,0
53,-0.922717749,0,HRQALGERLYPRVQAMQPAFASKITAGMLLELSPAQLLLLLASEDSLRARVDEAMELII,"HRQALGERLYPRVQAMQPAFASKITAGMLLELSPAQLLLLLASEDSLRARVDEAMELII
HRQALGERLYPRVQAMQPAFASKIT-GMLLELSPAQLLLLLASEDSLRARVDEAMELII",275,'A' inserted at '26',None,1,0
54,-0.886292056,0,HRQALGERLYPRVQAMQPAFASKITGAMLLELSPAQLLLLLASEDSLRARVDEAMELII,"HRQALGERLYPRVQAMQPAFASKITGAMLLELSPAQLLLLLASEDSLRARVDEAMELII
HRQALGERLYPRVQAMQPAFASKITG-MLLELSPAQLLLLLASEDSLRARVDEAMELII",275,'A' inserted at '27',None,1,0
55,-1.634900218,0,HRQALGERLYPRVQAMQPAFASKITGGMLLELSPAQLLLLLASEDSLRARVDEAMELII,"HRQALGERLYPRVQAMQPAFASKITGGMLLELSPAQLLLLLASEDSLRARVDEAMELII
HRQALGERLYPRVQAMQPAFASKITG-MLLELSPAQLLLLLASEDSLRARVDEAMELII",275,'G' inserted at '27',None,1,0
57,-2.027220797,0,HRQALGERLYPRVQAMQPAFASKITGMALLELSPAQLLLLLASEDSLRARVDEAMELII,"HRQALGERLYPRVQAMQPAFASKITGMALLELSPAQLLLLLASEDSLRARVDEAMELII
HRQALGERLYPRVQAMQPAFASKITGM-LLELSPAQLLLLLASEDSLRARVDEAMELII",275,'A' inserted at '28',None,1,0
58,-2.576004439,0,HRQALGERLYPRVQAMQPAFASKITGMGLLELSPAQLLLLLASEDSLRARVDEAMELII,"HRQALGERLYPRVQAMQPAFASKITGMGLLELSPAQLLLLLASEDSLRARVDEAMELII
HRQALGERLYPRVQAMQPAFASKITGM-LLELSPAQLLLLLASEDSLRARVDEAMELII",275,'G' inserted at '28',None,1,0
59,-0.794697346,0,HRQALGERLYPRVQAMQPAFASKITGMLALELSPAQLLLLLASEDSLRARVDEAMELII,"HRQALGERLYPRVQAMQPAFASKITGMLALELSPAQLLLLLASEDSLRARVDEAMELII
HRQALGERLYPRVQAMQPAFASKITGML-LELSPAQLLLLLASEDSLRARVDEAMELII",275,'A' inserted at '29',None,1,0
61,-1.605152479,0,HRQALGERLYPRVQAMQPAFASKITGMLGLELSPAQLLLLLASEDSLRARVDEAMELII,"HRQALGERLYPRVQAMQPAFASKITGMLGLELSPAQLLLLLASEDSLRARVDEAMELII
HRQALGERLYPRVQAMQPAFASKITGML-LELSPAQLLLLLASEDSLRARVDEAMELII",275,'G' inserted at '29',None,1,0
62,-0.025462559,1,HRQALGERLYPRVQAMQPAFASKITGMLLAELSPAQLLLLLASEDSLRARVDEAMELII,"HRQALGERLYPRVQAMQPAFASKITGMLLAELSPAQLLLLLASEDSLRARVDEAMELII
HRQALGERLYPRVQAMQPAFASKITGMLL-ELSPAQLLLLLASEDSLRARVDEAMELII",275,'A' inserted at '30',None,1,0
63,-0.159145172,1,HRQALGERLYPRVQAMQPAFASKITGMLLEALSPAQLLLLLASEDSLRARVDEAMELII,"HRQALGERLYPRVQAMQPAFASKITGMLLEALSPAQLLLLLASEDSLRARVDEAMELII
HRQALGERLYPRVQAMQPAFASKITGMLLE-LSPAQLLLLLASEDSLRARVDEAMELII",275,'A' inserted at '31',None,1,0
64,-0.235656658,1,HRQALGERLYPRVQAMQPAFASKITGMLLEGLSPAQLLLLLASEDSLRARVDEAMELII,"HRQALGERLYPRVQAMQPAFASKITGMLLEGLSPAQLLLLLASEDSLRARVDEAMELII
HRQALGERLYPRVQAMQPAFASKITGMLLE-LSPAQLLLLLASEDSLRARVDEAMELII",275,'G' inserted at '31',None,1,0
65,-0.174715262,1,HRQALGERLYPRVQAMQPAFASKITGMLLELASPAQLLLLLASEDSLRARVDEAMELII,"HRQALGERLYPRVQAMQPAFASKITGMLLELASPAQLLLLLASEDSLRARVDEAMELII
HRQALGERLYPRVQAMQPAFASKITGMLLEL-SPAQLLLLLASEDSLRARVDEAMELII",275,'A' inserted at '32',None,1,0
66,-0.494335166,0,HRQALGERLYPRVQAMQPAFASKITGMLLELGSPAQLLLLLASEDSLRARVDEAMELII,"HRQALGERLYPRVQAMQPAFASKITGMLLELGSPAQLLLLLASEDSLRARVDEAMELII
HRQALGERLYPRVQAMQPAFASKITGMLLEL-SPAQLLLLLASEDSLRARVDEAMELII",275,'G' inserted at '32',None,1,0
68,-0.410389229,1,HRQALGERLYPRVQAMQPAFASKITGMLLELSAPAQLLLLLASEDSLRARVDEAMELII,"HRQALGERLYPRVQAMQPAFASKITGMLLELSAPAQLLLLLASEDSLRARVDEAMELII
HRQALGERLYPRVQAMQPAFASKITGMLLELS-PAQLLLLLASEDSLRARVDEAMELII",275,'A' inserted at '33',None,1,0
70,-0.687850532,0,HRQALGERLYPRVQAMQPAFASKITGMLLELSGPAQLLLLLASEDSLRARVDEAMELII,"HRQALGERLYPRVQAMQPAFASKITGMLLELSGPAQLLLLLASEDSLRARVDEAMELII
HRQALGERLYPRVQAMQPAFASKITGMLLELS-PAQLLLLLASEDSLRARVDEAMELII",275,'G' inserted at '33',None,1,0
71,-0.776408451,0,HRQALGERLYPRVQAMQPAFASKITGMLLELSPAAQLLLLLASEDSLRARVDEAMELII,"HRQALGERLYPRVQAMQPAFASKITGMLLELSPAAQLLLLLASEDSLRARVDEAMELII
HRQALGERLYPRVQAMQPAFASKITGMLLELSPA-QLLLLLASEDSLRARVDEAMELII",275,'A' inserted at '35',None,1,0
72,-0.95968473,0,HRQALGERLYPRVQAMQPAFASKITGMLLELSPAGQLLLLLASEDSLRARVDEAMELII,"HRQALGERLYPRVQAMQPAFASKITGMLLELSPAGQLLLLLASEDSLRARVDEAMELII
HRQALGERLYPRVQAMQPAFASKITGMLLELSPA-QLLLLLASEDSLRARVDEAMELII",275,'G' inserted at '35',None,1,0
74,-0.884466827,0,HRQALGERLYPRVQAMQPAFASKITGMLLELSPAQALLLLLASEDSLRARVDEAMELII,"HRQALGERLYPRVQAMQPAFASKITGMLLELSPAQALLLLLASEDSLRARVDEAMELII
HRQALGERLYPRVQAMQPAFASKITGMLLELSPAQ-LLLLLASEDSLRARVDEAMELII",275,'A' inserted at '36',None,1,0
75,-1.270285507,0,HRQALGERLYPRVQAMQPAFASKITGMLLELSPAQGLLLLLASEDSLRARVDEAMELII,"HRQALGERLYPRVQAMQPAFASKITGMLLELSPAQGLLLLLASEDSLRARVDEAMELII
HRQALGERLYPRVQAMQPAFASKITGMLLELSPAQ-LLLLLASEDSLRARVDEAMELII",275,'G' inserted at '36',None,1,0
76,-0.8189563,0,HRQALGERLYPRVQAMQPAFASKITGMLLELSPAQLALLLLASEDSLRARVDEAMELII,"HRQALGERLYPRVQAMQPAFASKITGMLLELSPAQLALLLLASEDSLRARVDEAMELII
HRQALGERLYPRVQAMQPAFASKITGMLLELSPAQL-LLLLASEDSLRARVDEAMELII",275,'A' inserted at '37',None,1,0
77,-1.077534257,0,HRQALGERLYPRVQAMQPAFASKITGMLLELSPAQLGLLLLASEDSLRARVDEAMELII,"HRQALGERLYPRVQAMQPAFASKITGMLLELSPAQLGLLLLASEDSLRARVDEAMELII
HRQALGERLYPRVQAMQPAFASKITGMLLELSPAQL-LLLLASEDSLRARVDEAMELII",275,'G' inserted at '37',None,1,0
78,-0.608735457,0,HRQALGERLYPRVQAMQPAFASKITGMLLELSPAQLLALLLASEDSLRARVDEAMELII,"HRQALGERLYPRVQAMQPAFASKITGMLLELSPAQLLALLLASEDSLRARVDEAMELII
HRQALGERLYPRVQAMQPAFASKITGMLLELSPAQLL-LLLASEDSLRARVDEAMELII",275,'A' inserted at '38',None,1,0
79,-0.850865823,0,HRQALGERLYPRVQAMQPAFASKITGMLLELSPAQLLGLLLASEDSLRARVDEAMELII,"HRQALGERLYPRVQAMQPAFASKITGMLLELSPAQLLGLLLASEDSLRARVDEAMELII
HRQALGERLYPRVQAMQPAFASKITGMLLELSPAQLL-LLLASEDSLRARVDEAMELII",275,'G' inserted at '38',None,1,0
80,-0.960972094,0,HRQALGERLYPRVQAMQPAFASKITGMLLELSPAQLLLALLASEDSLRARVDEAMELII,"HRQALGERLYPRVQAMQPAFASKITGMLLELSPAQLLLALLASEDSLRARVDEAMELII
HRQALGERLYPRVQAMQPAFASKITGMLLELSPAQLLL-LLASEDSLRARVDEAMELII",275,'A' inserted at '39',None,1,0
81,-1.140444311,0,HRQALGERLYPRVQAMQPAFASKITGMLLELSPAQLLLGLLASEDSLRARVDEAMELII,"HRQALGERLYPRVQAMQPAFASKITGMLLELSPAQLLLGLLASEDSLRARVDEAMELII
HRQALGERLYPRVQAMQPAFASKITGMLLELSPAQLLL-LLASEDSLRARVDEAMELII",275,'G' inserted at '39',None,1,0
82,-1.210851029,0,HRQALGERLYPRVQAMQPAFASKITGMLLELSPAQLLLLALASEDSLRARVDEAMELII,"HRQALGERLYPRVQAMQPAFASKITGMLLELSPAQLLLLALASEDSLRARVDEAMELII
HRQALGERLYPRVQAMQPAFASKITGMLLELSPAQLLLL-LASEDSLRARVDEAMELII",275,'A' inserted at '40',None,1,0
84,-1.95877445,0,HRQALGERLYPRVQAMQPAFASKITGMLLELSPAQLLLLGLASEDSLRARVDEAMELII,"HRQALGERLYPRVQAMQPAFASKITGMLLELSPAQLLLLGLASEDSLRARVDEAMELII
HRQALGERLYPRVQAMQPAFASKITGMLLELSPAQLLLL-LASEDSLRARVDEAMELII",275,'G' inserted at '40',None,1,0
85,-0.488272202,0,HRQALGERLYPRVQAMQPAFASKITGMLLELSPAQLLLLLAASEDSLRARVDEAMELII,"HRQALGERLYPRVQAMQPAFASKITGMLLELSPAQLLLLLAASEDSLRARVDEAMELII
HRQALGERLYPRVQAMQPAFASKITGMLLELSPAQLLLLLA-SEDSLRARVDEAMELII",275,'A' inserted at '42',None,1,0
87,-0.233523551,1,HRQALGERLYPRVQAMQPAFASKITGMLLELSPAQLLLLLAGSEDSLRARVDEAMELII,"HRQALGERLYPRVQAMQPAFASKITGMLLELSPAQLLLLLAGSEDSLRARVDEAMELII
HRQALGERLYPRVQAMQPAFASKITGMLLELSPAQLLLLLA-SEDSLRARVDEAMELII",275,'G' inserted at '42',None,1,0
88,-0.820044326,0,HRQALGERLYPRVQAMQPAFASKITGMLLELSPAQLLLLLASAEDSLRARVDEAMELII,"HRQALGERLYPRVQAMQPAFASKITGMLLELSPAQLLLLLASAEDSLRARVDEAMELII
HRQALGERLYPRVQAMQPAFASKITGMLLELSPAQLLLLLAS-EDSLRARVDEAMELII",275,'A' inserted at '43',None,1,0
90,-0.925027168,0,HRQALGERLYPRVQAMQPAFASKITGMLLELSPAQLLLLLASEADSLRARVDEAMELII,"HRQALGERLYPRVQAMQPAFASKITGMLLELSPAQLLLLLASEADSLRARVDEAMELII
HRQALGERLYPRVQAMQPAFASKITGMLLELSPAQLLLLLASE-DSLRARVDEAMELII",275,'A' inserted at '44',None,1,0
91,-0.571666031,0,HRQALGERLYPRVQAMQPAFASKITGMLLELSPAQLLLLLASEDASLRARVDEAMELII,"HRQALGERLYPRVQAMQPAFASKITGMLLELSPAQLLLLLASEDASLRARVDEAMELII
HRQALGERLYPRVQAMQPAFASKITGMLLELSPAQLLLLLASED-SLRARVDEAMELII",275,'A' inserted at '45',None,1,0
92,-0.301445746,1,HRQALGERLYPRVQAMQPAFASKITGMLLELSPAQLLLLLASEDGSLRARVDEAMELII,"HRQALGERLYPRVQAMQPAFASKITGMLLELSPAQLLLLLASEDGSLRARVDEAMELII
HRQALGERLYPRVQAMQPAFASKITGMLLELSPAQLLLLLASED-SLRARVDEAMELII",275,'G' inserted at '45',None,1,0
94,-0.170768366,1,HRQALGERLYPRVQAMQPAFASKITGMLLELSPAQLLLLLASEDSALRARVDEAMELII,"HRQALGERLYPRVQAMQPAFASKITGMLLELSPAQLLLLLASEDSALRARVDEAMELII
HRQALGERLYPRVQAMQPAFASKITGMLLELSPAQLLLLLASEDS-LRARVDEAMELII",275,'A' inserted at '46',None,1,0
95,-0.752276447,0,HRQALGERLYPRVQAMQPAFASKITGMLLELSPAQLLLLLASEDSGLRARVDEAMELII,"HRQALGERLYPRVQAMQPAFASKITGMLLELSPAQLLLLLASEDSGLRARVDEAMELII
HRQALGERLYPRVQAMQPAFASKITGMLLELSPAQLLLLLASEDS-LRARVDEAMELII",275,'G' inserted at '46',None,1,0
96,-2.326692783,0,HRQALGERLYPRVQAMQPAFASKITGMLLELSPAQLLLLLASEDSLARARVDEAMELII,"HRQALGERLYPRVQAMQPAFASKITGMLLELSPAQLLLLLASEDSLARARVDEAMELII
HRQALGERLYPRVQAMQPAFASKITGMLLELSPAQLLLLLASEDSL-RARVDEAMELII",275,'A' inserted at '47',None,1,0
98,-2.326824262,0,HRQALGERLYPRVQAMQPAFASKITGMLLELSPAQLLLLLASEDSLGRARVDEAMELII,"HRQALGERLYPRVQAMQPAFASKITGMLLELSPAQLLLLLASEDSLGRARVDEAMELII
HRQALGERLYPRVQAMQPAFASKITGMLLELSPAQLLLLLASEDSL-RARVDEAMELII",275,'G' inserted at '47',None,1,0
99,-2.262262607,0,HRQALGERLYPRVQAMQPAFASKITGMLLELSPAQLLLLLASEDSLRAARVDEAMELII,"HRQALGERLYPRVQAMQPAFASKITGMLLELSPAQLLLLLASEDSLRAARVDEAMELII
HRQALGERLYPRVQAMQPAFASKITGMLLELSPAQLLLLLASEDSLRA-RVDEAMELII",275,'A' inserted at '49',None,1,0
100,-2.328874368,0,HRQALGERLYPRVQAMQPAFASKITGMLLELSPAQLLLLLASEDSLRAGRVDEAMELII,"HRQALGERLYPRVQAMQPAFASKITGMLLELSPAQLLLLLASEDSLRAGRVDEAMELII
HRQALGERLYPRVQAMQPAFASKITGMLLELSPAQLLLLLASEDSLRA-RVDEAMELII",275,'G' inserted at '49',None,1,0
101,-2.442054486,0,HRQALGERLYPRVQAMQPAFASKITGMLLELSPAQLLLLLASEDSLRARAVDEAMELII,"HRQALGERLYPRVQAMQPAFASKITGMLLELSPAQLLLLLASEDSLRARAVDEAMELII
HRQALGERLYPRVQAMQPAFASKITGMLLELSPAQLLLLLASEDSLRAR-VDEAMELII",275,'A' inserted at '50',None,1,0
103,-2.329884402,0,HRQALGERLYPRVQAMQPAFASKITGMLLELSPAQLLLLLASEDSLRARGVDEAMELII,"HRQALGERLYPRVQAMQPAFASKITGMLLELSPAQLLLLLASEDSLRARGVDEAMELII
HRQALGERLYPRVQAMQPAFASKITGMLLELSPAQLLLLLASEDSLRAR-VDEAMELII",275,'G' inserted at '50',None,1,0
104,-2.066973301,0,HRQALGERLYPRVQAMQPAFASKITGMLLELSPAQLLLLLASEDSLRARVADEAMELII,"HRQALGERLYPRVQAMQPAFASKITGMLLELSPAQLLLLLASEDSLRARVADEAMELII
HRQALGERLYPRVQAMQPAFASKITGMLLELSPAQLLLLLASEDSLRARV-DEAMELII",275,'A' inserted at '51',None,1,0
105,-1.063338396,0,HRQALGERLYPRVQAMQPAFASKITGMLLELSPAQLLLLLASEDSLRARVDAEAMELII,"HRQALGERLYPRVQAMQPAFASKITGMLLELSPAQLLLLLASEDSLRARVDAEAMELII
HRQALGERLYPRVQAMQPAFASKITGMLLELSPAQLLLLLASEDSLRARVD-EAMELII",275,'A' inserted at '52',None,1,0
107,-0.519407144,0,HRQALGERLYPRVQAMQPAFASKITGMLLELSPAQLLLLLASEDSLRARVDEAAMELII,"HRQALGERLYPRVQAMQPAFASKITGMLLELSPAQLLLLLASEDSLRARVDEAAMELII
HRQALGERLYPRVQAMQPAFASKITGMLLELSPAQLLLLLASEDSLRARVDEA-MELII",275,'A' inserted at '54',None,1,0
109,-1.903275344,0,HRQALGERLYPRVQAMQPAFASKITGMLLELSPAQLLLLLASEDSLRARVDEAGMELII,"HRQALGERLYPRVQAMQPAFASKITGMLLELSPAQLLLLLASEDSLRARVDEAGMELII
HRQALGERLYPRVQAMQPAFASKITGMLLELSPAQLLLLLASEDSLRARVDEA-MELII",275,'G' inserted at '54',None,1,0
110,-0.256225448,1,HRQALGERLYPRVQAMQPAFASKITGMLLELSPAQLLLLLASEDSLRARVDEAMAELII,"HRQALGERLYPRVQAMQPAFASKITGMLLELSPAQLLLLLASEDSLRARVDEAMAELII
HRQALGERLYPRVQAMQPAFASKITGMLLELSPAQLLLLLASEDSLRARVDEAM-ELII",275,'A' inserted at '55',None,1,0
111,-0.305166455,1,HRQALGERLYPRVQAMQPAFASKITGMLLELSPAQLLLLLASEDSLRARVDEAMEALII,"HRQALGERLYPRVQAMQPAFASKITGMLLELSPAQLLLLLASEDSLRARVDEAMEALII
HRQALGERLYPRVQAMQPAFASKITGMLLELSPAQLLLLLASEDSLRARVDEAME-LII",275,'A' inserted at '56',None,1,0
112,-0.632327082,0,HRQALGERLYPRVQAMQPAFASKITGMLLELSPAQLLLLLASEDSLRARVDEAMEGLII,"HRQALGERLYPRVQAMQPAFASKITGMLLELSPAQLLLLLASEDSLRARVDEAMEGLII
HRQALGERLYPRVQAMQPAFASKITGMLLELSPAQLLLLLASEDSLRARVDEAME-LII",275,'G' inserted at '56',None,1,0
114,-1.079537078,0,HRQALGERLYPRVQAMQPAFASKITGMLLELSPAQLLLLLASEDSLRARVDEAMELAII,"HRQALGERLYPRVQAMQPAFASKITGMLLELSPAQLLLLLASEDSLRARVDEAMELAII
HRQALGERLYPRVQAMQPAFASKITGMLLELSPAQLLLLLASEDSLRARVDEAMEL-II",275,'A' inserted at '57',None,1,0
115,-1.476768084,0,HRQALGERLYPRVQAMQPAFASKITGMLLELSPAQLLLLLASEDSLRARVDEAMELGII,"HRQALGERLYPRVQAMQPAFASKITGMLLELSPAQLLLLLASEDSLRARVDEAMELGII
HRQALGERLYPRVQAMQPAFASKITGMLLELSPAQLLLLLASEDSLRARVDEAMEL-II",275,'G' inserted at '57',None,1,0
117,-0.157346379,1,HRQALGERLYPRVQAMQPAFASKITGMLLELSPAQLLLLLASEDSLRARVDEAMELIAI,"HRQALGERLYPRVQAMQPAFASKITGMLLELSPAQLLLLLASEDSLRARVDEAMELIAI
HRQALGERLYPRVQAMQPAFASKITGMLLELSPAQLLLLLASEDSLRARVDEAMELI-I",275,'A' inserted at '58',None,1,0
118,-0.207447109,1,HRQALGERLYPRVQAMQPAFASKITGMLLELSPAQLLLLLASEDSLRARVDEAMELIGI,"HRQALGERLYPRVQAMQPAFASKITGMLLELSPAQLLLLLASEDSLRARVDEAMELIGI
HRQALGERLYPRVQAMQPAFASKITGMLLELSPAQLLLLLASEDSLRARVDEAMELI-I",275,'G' inserted at '58',None,1,0
119,-0.510677833,0,HRQALGERLYPRVQAMQPAFASKITGMLLELSPAQLLLLLASEDSLRARVDEAMGELII,"HRQALGERLYPRVQAMQPAFASKITGMLLELSPAQLLLLLASEDSLRARVDEAMGELII
HRQALGERLYPRVQAMQPAFASKITGMLLELSPAQLLLLLASEDSLRARVDEAM-ELII",275,'G' inserted at '55',None,1,0
121,-2.06498934,0,HRQALGERLYPRVQAMQPAFASKITGMLLELSPAQLLLLLASEDSLRARVDEGAMELII,"HRQALGERLYPRVQAMQPAFASKITGMLLELSPAQLLLLLASEDSLRARVDEGAMELII
HRQALGERLYPRVQAMQPAFASKITGMLLELSPAQLLLLLASEDSLRARVDE-AMELII",275,'G' inserted at '53',None,1,0
123,-2.02889868,0,HRQALGERLYPRVQAMQPAFASKITGMLLELSPAQLLLLLASEDSLRARVDGEAMELII,"HRQALGERLYPRVQAMQPAFASKITGMLLELSPAQLLLLLASEDSLRARVDGEAMELII
HRQALGERLYPRVQAMQPAFASKITGMLLELSPAQLLLLLASEDSLRARVD-EAMELII",275,'G' inserted at '52',None,1,0
125,-2.288988829,0,HRQALGERLYPRVQAMQPAFASKITGMLLELSPAQLLLLLASEDSLRARVGDEAMELII,"HRQALGERLYPRVQAMQPAFASKITGMLLELSPAQLLLLLASEDSLRARVGDEAMELII
HRQALGERLYPRVQAMQPAFASKITGMLLELSPAQLLLLLASEDSLRARV-DEAMELII",275,'G' inserted at '51',None,1,0
127,-2.137361323,0,HRQALGERLYPRVQAMQPAFASKITGMLLELSPAQLLLLLASEDSLRGARVDEAMELII,"HRQALGERLYPRVQAMQPAFASKITGMLLELSPAQLLLLLASEDSLRGARVDEAMELII
HRQALGERLYPRVQAMQPAFASKITGMLLELSPAQLLLLLASEDSLR-ARVDEAMELII",275,'G' inserted at '48',None,1,0
129,-0.812608694,0,HRQALGERLYPRVQAMQPAFASKITGMLLELSPAQLLLLLASEGDSLRARVDEAMELII,"HRQALGERLYPRVQAMQPAFASKITGMLLELSPAQLLLLLASEGDSLRARVDEAMELII
HRQALGERLYPRVQAMQPAFASKITGMLLELSPAQLLLLLASE-DSLRARVDEAMELII",275,'G' inserted at '44',None,1,0
131,-0.380377797,1,HRQALGERLYPRVQAMQPAFASKITGMLLELSPAQLLLLLASGEDSLRARVDEAMELII,"HRQALGERLYPRVQAMQPAFASKITGMLLELSPAQLLLLLASGEDSLRARVDEAMELII
HRQALGERLYPRVQAMQPAFASKITGMLLELSPAQLLLLLAS-EDSLRARVDEAMELII",275,'G' inserted at '43',None,1,0
132,-0.602376223,0,HRQALGERLYPRVQAMQPAFASKITGMLLELSPAQLLLLLGASEDSLRARVDEAMELII,"HRQALGERLYPRVQAMQPAFASKITGMLLELSPAQLLLLLGASEDSLRARVDEAMELII
HRQALGERLYPRVQAMQPAFASKITGMLLELSPAQLLLLL-ASEDSLRARVDEAMELII",275,'G' inserted at '41',None,1,0
134,-1.226988859,0,HRQALGERLYPRVQAMQPAFASKITGMLLELSPGAQLLLLLASEDSLRARVDEAMELII,"HRQALGERLYPRVQAMQPAFASKITGMLLELSPGAQLLLLLASEDSLRARVDEAMELII
HRQALGERLYPRVQAMQPAFASKITGMLLELSP-AQLLLLLASEDSLRARVDEAMELII",275,'G' inserted at '34',None,1,0
137,-0.135727848,1,HRQALGERLYPRVQAMQPAFASKITGMLLGELSPAQLLLLLASEDSLRARVDEAMELII,"HRQALGERLYPRVQAMQPAFASKITGMLLGELSPAQLLLLLASEDSLRARVDEAMELII
HRQALGERLYPRVQAMQPAFASKITGMLL-ELSPAQLLLLLASEDSLRARVDEAMELII",275,'G' inserted at '30',None,1,0
141,-1.709047627,0,HRQALGERLYPRVQAMQPAFGASKITGMLLELSPAQLLLLLASEDSLRARVDEAMELII,"HRQALGERLYPRVQAMQPAFGASKITGMLLELSPAQLLLLLASEDSLRARVDEAMELII
HRQALGERLYPRVQAMQPAF-ASKITGMLLELSPAQLLLLLASEDSLRARVDEAMELII",275,'G' inserted at '21',None,1,0
143,-0.819351343,0,HRQALGERLYPRVQAMQPAGFASKITGMLLELSPAQLLLLLASEDSLRARVDEAMELII,"HRQALGERLYPRVQAMQPAGFASKITGMLLELSPAQLLLLLASEDSLRARVDEAMELII
HRQALGERLYPRVQAMQPA-FASKITGMLLELSPAQLLLLLASEDSLRARVDEAMELII",275,'G' inserted at '20',None,1,0
145,-0.406218305,1,HRQALGERLYPRVQAMQPGAFASKITGMLLELSPAQLLLLLASEDSLRARVDEAMELII,"HRQALGERLYPRVQAMQPGAFASKITGMLLELSPAQLLLLLASEDSLRARVDEAMELII
HRQALGERLYPRVQAMQP-AFASKITGMLLELSPAQLLLLLASEDSLRARVDEAMELII",275,'G' inserted at '19',None,1,0
147,-1.911553678,0,HRQALGERLYPRVQGAMQPAFASKITGMLLELSPAQLLLLLASEDSLRARVDEAMELII,"HRQALGERLYPRVQGAMQPAFASKITGMLLELSPAQLLLLLASEDSLRARVDEAMELII
HRQALGERLYPRVQ-AMQPAFASKITGMLLELSPAQLLLLLASEDSLRARVDEAMELII",275,'G' inserted at '15',None,1,0
152,-1.300614484,0,HRQALGGERLYPRVQAMQPAFASKITGMLLELSPAQLLLLLASEDSLRARVDEAMELII,"HRQALGGERLYPRVQAMQPAFASKITGMLLELSPAQLLLLLASEDSLRARVDEAMELII
HRQALG-ERLYPRVQAMQPAFASKITGMLLELSPAQLLLLLASEDSLRARVDEAMELII",275,'G' inserted at '7',None,1,0
154,-0.421068531,1,HRQGALGERLYPRVQAMQPAFASKITGMLLELSPAQLLLLLASEDSLRARVDEAMELII,"HRQGALGERLYPRVQAMQPAFASKITGMLLELSPAQLLLLLASEDSLRARVDEAMELII
HRQ-ALGERLYPRVQAMQPAFASKITGMLLELSPAQLLLLLASEDSLRARVDEAMELII",275,'G' inserted at '4',None,1,0
1,0.050288582,1,AHRQALGERLYPRVQAMQPAFASKITGMLLELSPAQLLLLLASEDSLRARVDEAMELII,"HRQALGERLYPRVQAMQPAFASKITGMLLELSPAQLLLLLASEDSLRARVDEAMELII
HRQALGERLYPRVQAMQPAFASKITGMLLELSPAQLLLLLASEDSLRARVDEAMELII",275,None,None,0,0
2,0.100636158,1,GHRQALGERLYPRVQAMQPAFASKITGMLLELSPAQLLLLLASEDSLRARVDEAMELII,"HRQALGERLYPRVQAMQPAFASKITGMLLELSPAQLLLLLASEDSLRARVDEAMELII
HRQALGERLYPRVQAMQPAFASKITGMLLELSPAQLLLLLASEDSLRARVDEAMELII",275,None,None,0,0
5,0.444483169,1,HQALGERLYPRVQAMQPAFASKITGMLLELSPAQLLLLLASEDSLRARVDEAMELII,"H-QALGERLYPRVQAMQPAFASKITGMLLELSPAQLLLLLASEDSLRARVDEAMELII
HRQALGERLYPRVQAMQPAFASKITGMLLELSPAQLLLLLASEDSLRARVDEAMELII",270,None,'R' deleted in '2',0,1
6,-0.099310742,1,HRALGERLYPRVQAMQPAFASKITGMLLELSPAQLLLLLASEDSLRARVDEAMELII,"HR-ALGERLYPRVQAMQPAFASKITGMLLELSPAQLLLLLASEDSLRARVDEAMELII
HRQALGERLYPRVQAMQPAFASKITGMLLELSPAQLLLLLASEDSLRARVDEAMELII",270,None,'Q' deleted in '3',0,1
10,-0.840386339,0,HRQAGERLYPRVQAMQPAFASKITGMLLELSPAQLLLLLASEDSLRARVDEAMELII,"HRQA-GERLYPRVQAMQPAFASKITGMLLELSPAQLLLLLASEDSLRARVDEAMELII
HRQALGERLYPRVQAMQPAFASKITGMLLELSPAQLLLLLASEDSLRARVDEAMELII",271,None,'L' deleted in '5',0,1
13,-0.26241951,1,HRQALERLYPRVQAMQPAFASKITGMLLELSPAQLLLLLASEDSLRARVDEAMELII,"HRQAL-ERLYPRVQAMQPAFASKITGMLLELSPAQLLLLLASEDSLRARVDEAMELII
HRQALGERLYPRVQAMQPAFASKITGMLLELSPAQLLLLLASEDSLRARVDEAMELII",269,None,'G' deleted in '6',0,1
17,-0.339162928,1,HRQALGELYPRVQAMQPAFASKITGMLLELSPAQLLLLLASEDSLRARVDEAMELII,"HRQALGE-LYPRVQAMQPAFASKITGMLLELSPAQLLLLLASEDSLRARVDEAMELII
HRQALGERLYPRVQAMQPAFASKITGMLLELSPAQLLLLLASEDSLRARVDEAMELII",270,None,'R' deleted in '8',0,1
28,-2.114525892,0,HRQALGERLYPRQAMQPAFASKITGMLLELSPAQLLLLLASEDSLRARVDEAMELII,"HRQALGERLYPR-QAMQPAFASKITGMLLELSPAQLLLLLASEDSLRARVDEAMELII
HRQALGERLYPRVQAMQPAFASKITGMLLELSPAQLLLLLASEDSLRARVDEAMELII",271,None,'V' deleted in '13',0,1
29,-1.989812135,0,HRQALGERLYPRVAMQPAFASKITGMLLELSPAQLLLLLASEDSLRARVDEAMELII,"HRQALGERLYPRV-AMQPAFASKITGMLLELSPAQLLLLLASEDSLRARVDEAMELII
HRQALGERLYPRVQAMQPAFASKITGMLLELSPAQLLLLLASEDSLRARVDEAMELII",270,None,'Q' deleted in '14',0,1
36,-1.793400369,0,HRQALGERLYPRVQAMPAFASKITGMLLELSPAQLLLLLASEDSLRARVDEAMELII,"HRQALGERLYPRVQAM-PAFASKITGMLLELSPAQLLLLLASEDSLRARVDEAMELII
HRQALGERLYPRVQAMQPAFASKITGMLLELSPAQLLLLLASEDSLRARVDEAMELII",270,None,'Q' deleted in '17',0,1
37,-1.35370401,0,HRQALGERLYPRVQAMQAFASKITGMLLELSPAQLLLLLASEDSLRARVDEAMELII,"HRQALGERLYPRVQAMQ-AFASKITGMLLELSPAQLLLLLASEDSLRARVDEAMELII
HRQALGERLYPRVQAMQPAFASKITGMLLELSPAQLLLLLASEDSLRARVDEAMELII",268,None,'P' deleted in '18',0,1
41,-2.47368238,0,HRQALGERLYPRVQAMQPAASKITGMLLELSPAQLLLLLASEDSLRARVDEAMELII,"HRQALGERLYPRVQAMQPA-ASKITGMLLELSPAQLLLLLASEDSLRARVDEAMELII
HRQALGERLYPRVQAMQPAFASKITGMLLELSPAQLLLLLASEDSLRARVDEAMELII",269,None,'F' deleted in '20',0,1
44,-2.038312804,0,HRQALGERLYPRVQAMQPAFAKITGMLLELSPAQLLLLLASEDSLRARVDEAMELII,"HRQALGERLYPRVQAMQPAFA-KITGMLLELSPAQLLLLLASEDSLRARVDEAMELII
HRQALGERLYPRVQAMQPAFASKITGMLLELSPAQLLLLLASEDSLRARVDEAMELII",271,None,'S' deleted in '22',0,1
47,-2.243159453,0,HRQALGERLYPRVQAMQPAFASITGMLLELSPAQLLLLLASEDSLRARVDEAMELII,"HRQALGERLYPRVQAMQPAFAS-ITGMLLELSPAQLLLLLASEDSLRARVDEAMELII
HRQALGERLYPRVQAMQPAFASKITGMLLELSPAQLLLLLASEDSLRARVDEAMELII",270,None,'K' deleted in '23',0,1
51,-2.302268918,0,HRQALGERLYPRVQAMQPAFASKIGMLLELSPAQLLLLLASEDSLRARVDEAMELII,"HRQALGERLYPRVQAMQPAFASKI-GMLLELSPAQLLLLLASEDSLRARVDEAMELII
HRQALGERLYPRVQAMQPAFASKITGMLLELSPAQLLLLLASEDSLRARVDEAMELII",270,None,'T' deleted in '25',0,1
56,-2.596712718,0,HRQALGERLYPRVQAMQPAFASKITGLLELSPAQLLLLLASEDSLRARVDEAMELII,"HRQALGERLYPRVQAMQPAFASKITG-LLELSPAQLLLLLASEDSLRARVDEAMELII
HRQALGERLYPRVQAMQPAFASKITGMLLELSPAQLLLLLASEDSLRARVDEAMELII",270,None,'M' deleted in '27',0,1
60,-2.598865804,0,HRQALGERLYPRVQAMQPAFASKITGMLELSPAQLLLLLASEDSLRARVDEAMELII,"HRQALGERLYPRVQAMQPAFASKITGML-ELSPAQLLLLLASEDSLRARVDEAMELII
HRQALGERLYPRVQAMQPAFASKITGMLLELSPAQLLLLLASEDSLRARVDEAMELII",271,None,'L' deleted in '29',0,1
67,-1.400574227,0,HRQALGERLYPRVQAMQPAFASKITGMLLELPAQLLLLLASEDSLRARVDEAMELII,"HRQALGERLYPRVQAMQPAFASKITGMLLEL-PAQLLLLLASEDSLRARVDEAMELII
HRQALGERLYPRVQAMQPAFASKITGMLLELSPAQLLLLLASEDSLRARVDEAMELII",271,None,'S' deleted in '32',0,1
69,-1.70306227,0,HRQALGERLYPRVQAMQPAFASKITGMLLELSAQLLLLLASEDSLRARVDEAMELII,"HRQALGERLYPRVQAMQPAFASKITGMLLELS-AQLLLLLASEDSLRARVDEAMELII
HRQALGERLYPRVQAMQPAFASKITGMLLELSPAQLLLLLASEDSLRARVDEAMELII",268,None,'P' deleted in '33',0,1
73,-1.757661179,0,HRQALGERLYPRVQAMQPAFASKITGMLLELSPALLLLLASEDSLRARVDEAMELII,"HRQALGERLYPRVQAMQPAFASKITGMLLELSPA-LLLLLASEDSLRARVDEAMELII
HRQALGERLYPRVQAMQPAFASKITGMLLELSPAQLLLLLASEDSLRARVDEAMELII",270,None,'Q' deleted in '35',0,1
83,-1.489637581,0,HRQALGERLYPRVQAMQPAFASKITGMLLELSPAQLLLLASEDSLRARVDEAMELII,"HRQALGERLYPRVQAMQPAFASKITGMLLELSPAQLLLL-ASEDSLRARVDEAMELII
HRQALGERLYPRVQAMQPAFASKITGMLLELSPAQLLLLLASEDSLRARVDEAMELII",271,None,'L' deleted in '40',0,1
86,-1.638960742,0,HRQALGERLYPRVQAMQPAFASKITGMLLELSPAQLLLLLAEDSLRARVDEAMELII,"HRQALGERLYPRVQAMQPAFASKITGMLLELSPAQLLLLLA-EDSLRARVDEAMELII
HRQALGERLYPRVQAMQPAFASKITGMLLELSPAQLLLLLASEDSLRARVDEAMELII",271,None,'S' deleted in '42',0,1
89,-1.550686736,0,HRQALGERLYPRVQAMQPAFASKITGMLLELSPAQLLLLLASDSLRARVDEAMELII,"HRQALGERLYPRVQAMQPAFASKITGMLLELSPAQLLLLLAS-DSLRARVDEAMELII
HRQALGERLYPRVQAMQPAFASKITGMLLELSPAQLLLLLASEDSLRARVDEAMELII",270,None,'E' deleted in '43',0,1
93,-1.494082196,0,HRQALGERLYPRVQAMQPAFASKITGMLLELSPAQLLLLLASEDLRARVDEAMELII,"HRQALGERLYPRVQAMQPAFASKITGMLLELSPAQLLLLLASED-LRARVDEAMELII
HRQALGERLYPRVQAMQPAFASKITGMLLELSPAQLLLLLASEDSLRARVDEAMELII",271,None,'S' deleted in '45',0,1
97,-2.281360358,0,HRQALGERLYPRVQAMQPAFASKITGMLLELSPAQLLLLLASEDSLARVDEAMELII,"HRQALGERLYPRVQAMQPAFASKITGMLLELSPAQLLLLLASEDSL-ARVDEAMELII
HRQALGERLYPRVQAMQPAFASKITGMLLELSPAQLLLLLASEDSLRARVDEAMELII",270,None,'R' deleted in '47',0,1
102,-2.489933015,0,HRQALGERLYPRVQAMQPAFASKITGMLLELSPAQLLLLLASEDSLRARDEAMELII,"HRQALGERLYPRVQAMQPAFASKITGMLLELSPAQLLLLLASEDSLRAR-DEAMELII
HRQALGERLYPRVQAMQPAFASKITGMLLELSPAQLLLLLASEDSLRARVDEAMELII",271,None,'V' deleted in '50',0,1
106,-1.048017704,0,HRQALGERLYPRVQAMQPAFASKITGMLLELSPAQLLLLLASEDSLRARVDAMELII,"HRQALGERLYPRVQAMQPAFASKITGMLLELSPAQLLLLLASEDSLRARVD-AMELII
HRQALGERLYPRVQAMQPAFASKITGMLLELSPAQLLLLLASEDSLRARVDEAMELII",270,None,'E' deleted in '52',0,1
108,-1.462653404,0,HRQALGERLYPRVQAMQPAFASKITGMLLELSPAQLLLLLASEDSLRARVDEAELII,"HRQALGERLYPRVQAMQPAFASKITGMLLELSPAQLLLLLASEDSLRARVDEA-ELII
HRQALGERLYPRVQAMQPAFASKITGMLLELSPAQLLLLLASEDSLRARVDEAMELII",270,None,'M' deleted in '54',0,1
113,-0.139302363,1,HRQALGERLYPRVQAMQPAFASKITGMLLELSPAQLLLLLASEDSLRARVDEAMEII,"HRQALGERLYPRVQAMQPAFASKITGMLLELSPAQLLLLLASEDSLRARVDEAME-II
HRQALGERLYPRVQAMQPAFASKITGMLLELSPAQLLLLLASEDSLRARVDEAMELII",271,None,'L' deleted in '56',0,1
116,-0.09635223,1,HRQALGERLYPRVQAMQPAFASKITGMLLELSPAQLLLLLASEDSLRARVDEAMELI,"HRQALGERLYPRVQAMQPAFASKITGMLLELSPAQLLLLLASEDSLRARVDEAMELI
HRQALGERLYPRVQAMQPAFASKITGMLLELSPAQLLLLLASEDSLRARVDEAMELI",271,None,None,0,0
120,0.016670856,1,HRQALGERLYPRVQAMQPAFASKITGMLLELSPAQLLLLLASEDSLRARVDEAMLII,"HRQALGERLYPRVQAMQPAFASKITGMLLELSPAQLLLLLASEDSLRARVDEAM-LII
HRQALGERLYPRVQAMQPAFASKITGMLLELSPAQLLLLLASEDSLRARVDEAMELII",270,None,'E' deleted in '55',0,1
122,-0.965794841,0,HRQALGERLYPRVQAMQPAFASKITGMLLELSPAQLLLLLASEDSLRARVDEMELII,"HRQALGERLYPRVQAMQPAFASKITGMLLELSPAQLLLLLASEDSLRARVDE-MELII
HRQALGERLYPRVQAMQPAFASKITGMLLELSPAQLLLLLASEDSLRARVDEAMELII",271,None,'A' deleted in '53',0,1
124,-0.884933266,0,HRQALGERLYPRVQAMQPAFASKITGMLLELSPAQLLLLLASEDSLRARVEAMELII,"HRQALGERLYPRVQAMQPAFASKITGMLLELSPAQLLLLLASEDSLRARV-EAMELII
HRQALGERLYPRVQAMQPAFASKITGMLLELSPAQLLLLLASEDSLRARVDEAMELII",269,None,'D' deleted in '51',0,1
126,-2.308609254,0,HRQALGERLYPRVQAMQPAFASKITGMLLELSPAQLLLLLASEDSLRAVDEAMELII,"HRQALGERLYPRVQAMQPAFASKITGMLLELSPAQLLLLLASEDSLRA-VDEAMELII
HRQALGERLYPRVQAMQPAFASKITGMLLELSPAQLLLLLASEDSLRARVDEAMELII",270,None,'R' deleted in '49',0,1
128,-2.322234645,0,HRQALGERLYPRVQAMQPAFASKITGMLLELSPAQLLLLLASEDSLRRVDEAMELII,"HRQALGERLYPRVQAMQPAFASKITGMLLELSPAQLLLLLASEDSLR-RVDEAMELII
HRQALGERLYPRVQAMQPAFASKITGMLLELSPAQLLLLLASEDSLRARVDEAMELII",271,None,'A' deleted in '48',0,1
130,-1.653636732,0,HRQALGERLYPRVQAMQPAFASKITGMLLELSPAQLLLLLASESLRARVDEAMELII,"HRQALGERLYPRVQAMQPAFASKITGMLLELSPAQLLLLLASE-SLRARVDEAMELII
HRQALGERLYPRVQAMQPAFASKITGMLLELSPAQLLLLLASEDSLRARVDEAMELII",269,None,'D' deleted in '44',0,1
133,-1.029364479,0,HRQALGERLYPRVQAMQPAFASKITGMLLELSPAQLLLLLSEDSLRARVDEAMELII,"HRQALGERLYPRVQAMQPAFASKITGMLLELSPAQLLLLL-SEDSLRARVDEAMELII
HRQALGERLYPRVQAMQPAFASKITGMLLELSPAQLLLLLASEDSLRARVDEAMELII",271,None,'A' deleted in '41',0,1
135,-1.811075652,0,HRQALGERLYPRVQAMQPAFASKITGMLLELSPQLLLLLASEDSLRARVDEAMELII,"HRQALGERLYPRVQAMQPAFASKITGMLLELSP-QLLLLLASEDSLRARVDEAMELII
HRQALGERLYPRVQAMQPAFASKITGMLLELSPAQLLLLLASEDSLRARVDEAMELII",271,None,'A' deleted in '34',0,1
136,-1.710653524,0,HRQALGERLYPRVQAMQPAFASKITGMLLESPAQLLLLLASEDSLRARVDEAMELII,"HRQALGERLYPRVQAMQPAFASKITGMLLE-SPAQLLLLLASEDSLRARVDEAMELII
HRQALGERLYPRVQAMQPAFASKITGMLLELSPAQLLLLLASEDSLRARVDEAMELII",271,None,'L' deleted in '31',0,1
138,-1.918331841,0,HRQALGERLYPRVQAMQPAFASKITGMLLLSPAQLLLLLASEDSLRARVDEAMELII,"HRQALGERLYPRVQAMQPAFASKITGMLL-LSPAQLLLLLASEDSLRARVDEAMELII
HRQALGERLYPRVQAMQPAFASKITGMLLELSPAQLLLLLASEDSLRARVDEAMELII",270,None,'E' deleted in '30',0,1
139,-1.688033567,0,HRQALGERLYPRVQAMQPAFASKITMLLELSPAQLLLLLASEDSLRARVDEAMELII,"HRQALGERLYPRVQAMQPAFASKIT-MLLELSPAQLLLLLASEDSLRARVDEAMELII
HRQALGERLYPRVQAMQPAFASKITGMLLELSPAQLLLLLASEDSLRARVDEAMELII",269,None,'G' deleted in '26',0,1
140,-2.727862317,0,HRQALGERLYPRVQAMQPAFASKTGMLLELSPAQLLLLLASEDSLRARVDEAMELII,"HRQALGERLYPRVQAMQPAFASK-TGMLLELSPAQLLLLLASEDSLRARVDEAMELII
HRQALGERLYPRVQAMQPAFASKITGMLLELSPAQLLLLLASEDSLRARVDEAMELII",271,None,'I' deleted in '24',0,1
142,-1.527592502,0,HRQALGERLYPRVQAMQPAFSKITGMLLELSPAQLLLLLASEDSLRARVDEAMELII,"HRQALGERLYPRVQAMQPAF-SKITGMLLELSPAQLLLLLASEDSLRARVDEAMELII
HRQALGERLYPRVQAMQPAFASKITGMLLELSPAQLLLLLASEDSLRARVDEAMELII",271,None,'A' deleted in '21',0,1
144,-1.887440755,0,HRQALGERLYPRVQAMQPFASKITGMLLELSPAQLLLLLASEDSLRARVDEAMELII,"HRQALGERLYPRVQAMQP-FASKITGMLLELSPAQLLLLLASEDSLRARVDEAMELII
HRQALGERLYPRVQAMQPAFASKITGMLLELSPAQLLLLLASEDSLRARVDEAMELII",271,None,'A' deleted in '19',0,1
146,-2.125057985,0,HRQALGERLYPRVQAQPAFASKITGMLLELSPAQLLLLLASEDSLRARVDEAMELII,"HRQALGERLYPRVQA-QPAFASKITGMLLELSPAQLLLLLASEDSLRARVDEAMELII
HRQALGERLYPRVQAMQPAFASKITGMLLELSPAQLLLLLASEDSLRARVDEAMELII",270,None,'M' deleted in '16',0,1
148,-2.010904642,0,HRQALGERLYPRVQMQPAFASKITGMLLELSPAQLLLLLASEDSLRARVDEAMELII,"HRQALGERLYPRVQ-MQPAFASKITGMLLELSPAQLLLLLASEDSLRARVDEAMELII
HRQALGERLYPRVQAMQPAFASKITGMLLELSPAQLLLLLASEDSLRARVDEAMELII",271,None,'A' deleted in '15',0,1
149,-1.97755639,0,HRQALGERLYPVQAMQPAFASKITGMLLELSPAQLLLLLASEDSLRARVDEAMELII,"HRQALGERLYP-VQAMQPAFASKITGMLLELSPAQLLLLLASEDSLRARVDEAMELII
HRQALGERLYPRVQAMQPAFASKITGMLLELSPAQLLLLLASEDSLRARVDEAMELII",270,None,'R' deleted in '12',0,1
150,-2.152749769,0,HRQALGERLYRVQAMQPAFASKITGMLLELSPAQLLLLLASEDSLRARVDEAMELII,"HRQALGERLY-RVQAMQPAFASKITGMLLELSPAQLLLLLASEDSLRARVDEAMELII
HRQALGERLYPRVQAMQPAFASKITGMLLELSPAQLLLLLASEDSLRARVDEAMELII",268,None,'P' deleted in '11',0,1
151,-2.071650432,0,HRQALGERYPRVQAMQPAFASKITGMLLELSPAQLLLLLASEDSLRARVDEAMELII,"HRQALGER-YPRVQAMQPAFASKITGMLLELSPAQLLLLLASEDSLRARVDEAMELII
HRQALGERLYPRVQAMQPAFASKITGMLLELSPAQLLLLLASEDSLRARVDEAMELII",271,None,'L' deleted in '9',0,1
153,-0.619356837,0,HRQALGRLYPRVQAMQPAFASKITGMLLELSPAQLLLLLASEDSLRARVDEAMELII,"HRQALG-RLYPRVQAMQPAFASKITGMLLELSPAQLLLLLASEDSLRARVDEAMELII
HRQALGERLYPRVQAMQPAFASKITGMLLELSPAQLLLLLASEDSLRARVDEAMELII",270,None,'E' deleted in '7',0,1
155,0.003640899,1,HRQLGERLYPRVQAMQPAFASKITGMLLELSPAQLLLLLASEDSLRARVDEAMELII,"HRQ-LGERLYPRVQAMQPAFASKITGMLLELSPAQLLLLLASEDSLRARVDEAMELII
HRQALGERLYPRVQAMQPAFASKITGMLLELSPAQLLLLLASEDSLRARVDEAMELII",271,None,'A' deleted in '4',0,1
156,0.102863657,1,RQALGERLYPRVQAMQPAFASKITGMLLELSPAQLLLLLASEDSLRARVDEAMELII,"RQALGERLYPRVQAMQPAFASKITGMLLELSPAQLLLLLASEDSLRARVDEAMELII
RQALGERLYPRVQAMQPAFASKITGMLLELSPAQLLLLLASEDSLRARVDEAMELII",267,None,None,0,0
