ID,DMS_Score,DMS_Score_Bin,mutated_sequence,Alignment,Align_score,Insertions,Deletions,NumberOfInsertionSites,NumberOfDeletionSites
3,0.093750558,1,IATGDVSAANKDAIRKQMDAAASKGDVETYRKLKAKLKGIR,"IATGDVSAANKDAIRKQMDAAASKGDVETYRKLKAKLKGIR
I-TGDVSAANKDAIRKQMDAAASKGDVETYRKLKAKLKGIR",192,'A' inserted at '2',None,1,0
5,-0.04692599,1,IGTGDVSAANKDAIRKQMDAAASKGDVETYRKLKAKLKGIR,"IGTGDVSAANKDAIRKQMDAAASKGDVETYRKLKAKLKGIR
I-TGDVSAANKDAIRKQMDAAASKGDVETYRKLKAKLKGIR",192,'G' inserted at '2',None,1,0
6,-0.084746047,1,ITAGDVSAANKDAIRKQMDAAASKGDVETYRKLKAKLKGIR,"ITAGDVSAANKDAIRKQMDAAASKGDVETYRKLKAKLKGIR
IT-GDVSAANKDAIRKQMDAAASKGDVETYRKLKAKLKGIR",192,'A' inserted at '3',None,1,0
8,-0.050332794,1,ITGADVSAANKDAIRKQMDAAASKGDVETYRKLKAKLKGIR,"ITGADVSAANKDAIRKQMDAAASKGDVETYRKLKAKLKGIR
ITG-DVSAANKDAIRKQMDAAASKGDVETYRKLKAKLKGIR",192,'A' inserted at '4',None,1,0
9,0.021169614,1,ITGDAVSAANKDAIRKQMDAAASKGDVETYRKLKAKLKGIR,"ITGDAVSAANKDAIRKQMDAAASKGDVETYRKLKAKLKGIR
ITGD-VSAANKDAIRKQMDAAASKGDVETYRKLKAKLKGIR",192,'A' inserted at '5',None,1,0
10,-0.080339069,1,ITGDGVSAANKDAIRKQMDAAASKGDVETYRKLKAKLKGIR,"ITGDGVSAANKDAIRKQMDAAASKGDVETYRKLKAKLKGIR
ITGD-VSAANKDAIRKQMDAAASKGDVETYRKLKAKLKGIR",192,'G' inserted at '5',None,1,0
13,-0.060520545,1,ITGDVASAANKDAIRKQMDAAASKGDVETYRKLKAKLKGIR,"ITGDVASAANKDAIRKQMDAAASKGDVETYRKLKAKLKGIR
ITGDV-SAANKDAIRKQMDAAASKGDVETYRKLKAKLKGIR",192,'A' inserted at '6',None,1,0
14,-0.18699685,1,ITGDVGSAANKDAIRKQMDAAASKGDVETYRKLKAKLKGIR,"ITGDVGSAANKDAIRKQMDAAASKGDVETYRKLKAKLKGIR
ITGDV-SAANKDAIRKQMDAAASKGDVETYRKLKAKLKGIR",192,'G' inserted at '6',None,1,0
15,-0.067858386,1,ITGDVSAAANKDAIRKQMDAAASKGDVETYRKLKAKLKGIR,"ITGDVSAAANKDAIRKQMDAAASKGDVETYRKLKAKLKGIR
ITGDVSAA-NKDAIRKQMDAAASKGDVETYRKLKAKLKGIR",192,'A' inserted at '9',None,1,0
16,-0.160749853,1,ITGDVSAAGNKDAIRKQMDAAASKGDVETYRKLKAKLKGIR,"ITGDVSAAGNKDAIRKQMDAAASKGDVETYRKLKAKLKGIR
ITGDVSAA-NKDAIRKQMDAAASKGDVETYRKLKAKLKGIR",192,'G' inserted at '9',None,1,0
18,0.133956545,1,ITGDVSAANAKDAIRKQMDAAASKGDVETYRKLKAKLKGIR,"ITGDVSAANAKDAIRKQMDAAASKGDVETYRKLKAKLKGIR
ITGDVSAAN-KDAIRKQMDAAASKGDVETYRKLKAKLKGIR",192,'A' inserted at '10',None,1,0
20,-0.217377679,0,ITGDVSAANGKDAIRKQMDAAASKGDVETYRKLKAKLKGIR,"ITGDVSAANGKDAIRKQMDAAASKGDVETYRKLKAKLKGIR
ITGDVSAAN-KDAIRKQMDAAASKGDVETYRKLKAKLKGIR",192,'G' inserted at '10',None,1,0
21,0.345146753,1,ITGDVSAANKADAIRKQMDAAASKGDVETYRKLKAKLKGIR,"ITGDVSAANKADAIRKQMDAAASKGDVETYRKLKAKLKGIR
ITGDVSAANK-DAIRKQMDAAASKGDVETYRKLKAKLKGIR",192,'A' inserted at '11',None,1,0
23,-0.007417091,1,ITGDVSAANKDAAIRKQMDAAASKGDVETYRKLKAKLKGIR,"ITGDVSAANKDAAIRKQMDAAASKGDVETYRKLKAKLKGIR
ITGDVSAANKDA-IRKQMDAAASKGDVETYRKLKAKLKGIR",192,'A' inserted at '13',None,1,0
24,-0.417872228,0,ITGDVSAANKDAGIRKQMDAAASKGDVETYRKLKAKLKGIR,"ITGDVSAANKDAGIRKQMDAAASKGDVETYRKLKAKLKGIR
ITGDVSAANKDA-IRKQMDAAASKGDVETYRKLKAKLKGIR",192,'G' inserted at '13',None,1,0
25,-0.833459344,0,ITGDVSAANKDAIARKQMDAAASKGDVETYRKLKAKLKGIR,"ITGDVSAANKDAIARKQMDAAASKGDVETYRKLKAKLKGIR
ITGDVSAANKDAI-RKQMDAAASKGDVETYRKLKAKLKGIR",192,'A' inserted at '14',None,1,0
26,-0.956055814,0,ITGDVSAANKDAIGRKQMDAAASKGDVETYRKLKAKLKGIR,"ITGDVSAANKDAIGRKQMDAAASKGDVETYRKLKAKLKGIR
ITGDVSAANKDAI-RKQMDAAASKGDVETYRKLKAKLKGIR",192,'G' inserted at '14',None,1,0
28,-0.974607407,0,ITGDVSAANKDAIRAKQMDAAASKGDVETYRKLKAKLKGIR,"ITGDVSAANKDAIRAKQMDAAASKGDVETYRKLKAKLKGIR
ITGDVSAANKDAIR-KQMDAAASKGDVETYRKLKAKLKGIR",192,'A' inserted at '15',None,1,0
29,-1.185357743,0,ITGDVSAANKDAIRGKQMDAAASKGDVETYRKLKAKLKGIR,"ITGDVSAANKDAIRGKQMDAAASKGDVETYRKLKAKLKGIR
ITGDVSAANKDAIR-KQMDAAASKGDVETYRKLKAKLKGIR",192,'G' inserted at '15',None,1,0
30,-0.754975239,0,ITGDVSAANKDAIRKAQMDAAASKGDVETYRKLKAKLKGIR,"ITGDVSAANKDAIRKAQMDAAASKGDVETYRKLKAKLKGIR
ITGDVSAANKDAIRK-QMDAAASKGDVETYRKLKAKLKGIR",192,'A' inserted at '16',None,1,0
31,-1.157475753,0,ITGDVSAANKDAIRKGQMDAAASKGDVETYRKLKAKLKGIR,"ITGDVSAANKDAIRKGQMDAAASKGDVETYRKLKAKLKGIR
ITGDVSAANKDAIRK-QMDAAASKGDVETYRKLKAKLKGIR",192,'G' inserted at '16',None,1,0
32,-1.131348505,0,ITGDVSAANKDAIRKQAMDAAASKGDVETYRKLKAKLKGIR,"ITGDVSAANKDAIRKQAMDAAASKGDVETYRKLKAKLKGIR
ITGDVSAANKDAIRKQ-MDAAASKGDVETYRKLKAKLKGIR",192,'A' inserted at '17',None,1,0
34,-0.931794117,0,ITGDVSAANKDAIRKQGMDAAASKGDVETYRKLKAKLKGIR,"ITGDVSAANKDAIRKQGMDAAASKGDVETYRKLKAKLKGIR
ITGDVSAANKDAIRKQ-MDAAASKGDVETYRKLKAKLKGIR",192,'G' inserted at '17',None,1,0
36,-1.021841403,0,ITGDVSAANKDAIRKQMADAAASKGDVETYRKLKAKLKGIR,"ITGDVSAANKDAIRKQMADAAASKGDVETYRKLKAKLKGIR
ITGDVSAANKDAIRKQM-DAAASKGDVETYRKLKAKLKGIR",192,'A' inserted at '18',None,1,0
37,-0.979349709,0,ITGDVSAANKDAIRKQMDAAAASKGDVETYRKLKAKLKGIR,"ITGDVSAANKDAIRKQMDAAAASKGDVETYRKLKAKLKGIR
ITGDVSAANKDAIRKQMDAAA-SKGDVETYRKLKAKLKGIR",192,'A' inserted at '22',None,1,0
38,-1.032321446,0,ITGDVSAANKDAIRKQMDAAAGSKGDVETYRKLKAKLKGIR,"ITGDVSAANKDAIRKQMDAAAGSKGDVETYRKLKAKLKGIR
ITGDVSAANKDAIRKQMDAAA-SKGDVETYRKLKAKLKGIR",192,'G' inserted at '22',None,1,0
40,-0.908806726,0,ITGDVSAANKDAIRKQMDAAASAKGDVETYRKLKAKLKGIR,"ITGDVSAANKDAIRKQMDAAASAKGDVETYRKLKAKLKGIR
ITGDVSAANKDAIRKQMDAAAS-KGDVETYRKLKAKLKGIR",192,'A' inserted at '23',None,1,0
42,-0.893708798,0,ITGDVSAANKDAIRKQMDAAASGKGDVETYRKLKAKLKGIR,"ITGDVSAANKDAIRKQMDAAASGKGDVETYRKLKAKLKGIR
ITGDVSAANKDAIRKQMDAAAS-KGDVETYRKLKAKLKGIR",192,'G' inserted at '23',None,1,0
43,-1.251780908,0,ITGDVSAANKDAIRKQMDAAASKAGDVETYRKLKAKLKGIR,"ITGDVSAANKDAIRKQMDAAASKAGDVETYRKLKAKLKGIR
ITGDVSAANKDAIRKQMDAAASK-GDVETYRKLKAKLKGIR",192,'A' inserted at '24',None,1,0
45,-0.979968883,0,ITGDVSAANKDAIRKQMDAAASKGADVETYRKLKAKLKGIR,"ITGDVSAANKDAIRKQMDAAASKGADVETYRKLKAKLKGIR
ITGDVSAANKDAIRKQMDAAASKG-DVETYRKLKAKLKGIR",192,'A' inserted at '25',None,1,0
46,-1.381359092,0,ITGDVSAANKDAIRKQMDAAASKGDAVETYRKLKAKLKGIR,"ITGDVSAANKDAIRKQMDAAASKGDAVETYRKLKAKLKGIR
ITGDVSAANKDAIRKQMDAAASKGD-VETYRKLKAKLKGIR",192,'A' inserted at '26',None,1,0
48,-2.022041098,0,ITGDVSAANKDAIRKQMDAAASKGDGVETYRKLKAKLKGIR,"ITGDVSAANKDAIRKQMDAAASKGDGVETYRKLKAKLKGIR
ITGDVSAANKDAIRKQMDAAASKGD-VETYRKLKAKLKGIR",192,'G' inserted at '26',None,1,0
49,-1.093324035,0,ITGDVSAANKDAIRKQMDAAASKGDVAETYRKLKAKLKGIR,"ITGDVSAANKDAIRKQMDAAASKGDVAETYRKLKAKLKGIR
ITGDVSAANKDAIRKQMDAAASKGDV-ETYRKLKAKLKGIR",192,'A' inserted at '27',None,1,0
50,-0.781159914,0,ITGDVSAANKDAIRKQMDAAASKGDVEATYRKLKAKLKGIR,"ITGDVSAANKDAIRKQMDAAASKGDVEATYRKLKAKLKGIR
ITGDVSAANKDAIRKQMDAAASKGDVE-TYRKLKAKLKGIR",192,'A' inserted at '28',None,1,0
51,-1.284752812,0,ITGDVSAANKDAIRKQMDAAASKGDVEGTYRKLKAKLKGIR,"ITGDVSAANKDAIRKQMDAAASKGDVEGTYRKLKAKLKGIR
ITGDVSAANKDAIRKQMDAAASKGDVE-TYRKLKAKLKGIR",192,'G' inserted at '28',None,1,0
52,-1.046529322,0,ITGDVSAANKDAIRKQMDAAASKGDVETAYRKLKAKLKGIR,"ITGDVSAANKDAIRKQMDAAASKGDVETAYRKLKAKLKGIR
ITGDVSAANKDAIRKQMDAAASKGDVET-YRKLKAKLKGIR",192,'A' inserted at '29',None,1,0
53,-1.089757104,0,ITGDVSAANKDAIRKQMDAAASKGDVETGYRKLKAKLKGIR,"ITGDVSAANKDAIRKQMDAAASKGDVETGYRKLKAKLKGIR
ITGDVSAANKDAIRKQMDAAASKGDVET-YRKLKAKLKGIR",192,'G' inserted at '29',None,1,0
55,-1.433543994,0,ITGDVSAANKDAIRKQMDAAASKGDVETYRAKLKAKLKGIR,"ITGDVSAANKDAIRKQMDAAASKGDVETYRAKLKAKLKGIR
ITGDVSAANKDAIRKQMDAAASKGDVETYR-KLKAKLKGIR",192,'A' inserted at '31',None,1,0
56,-1.319630287,0,ITGDVSAANKDAIRKQMDAAASKGDVETYRKALKAKLKGIR,"ITGDVSAANKDAIRKQMDAAASKGDVETYRKALKAKLKGIR
ITGDVSAANKDAIRKQMDAAASKGDVETYRK-LKAKLKGIR",192,'A' inserted at '32',None,1,0
57,-1.27766644,0,ITGDVSAANKDAIRKQMDAAASKGDVETYRKGLKAKLKGIR,"ITGDVSAANKDAIRKQMDAAASKGDVETYRKGLKAKLKGIR
ITGDVSAANKDAIRKQMDAAASKGDVETYRK-LKAKLKGIR",192,'G' inserted at '32',None,1,0
59,-1.369091562,0,ITGDVSAANKDAIRKQMDAAASKGDVETYRKLAKAKLKGIR,"ITGDVSAANKDAIRKQMDAAASKGDVETYRKLAKAKLKGIR
ITGDVSAANKDAIRKQMDAAASKGDVETYRKL-KAKLKGIR",192,'A' inserted at '33',None,1,0
61,-1.304551441,0,ITGDVSAANKDAIRKQMDAAASKGDVETYRKLGKAKLKGIR,"ITGDVSAANKDAIRKQMDAAASKGDVETYRKLGKAKLKGIR
ITGDVSAANKDAIRKQMDAAASKGDVETYRKL-KAKLKGIR",192,'G' inserted at '33',None,1,0
62,-1.058355591,0,ITGDVSAANKDAIRKQMDAAASKGDVETYRKLKAAKLKGIR,"ITGDVSAANKDAIRKQMDAAASKGDVETYRKLKAAKLKGIR
ITGDVSAANKDAIRKQMDAAASKGDVETYRKLKA-KLKGIR",192,'A' inserted at '35',None,1,0
63,-1.729746029,0,ITGDVSAANKDAIRKQMDAAASKGDVETYRKLKAGKLKGIR,"ITGDVSAANKDAIRKQMDAAASKGDVETYRKLKAGKLKGIR
ITGDVSAANKDAIRKQMDAAASKGDVETYRKLKA-KLKGIR",192,'G' inserted at '35',None,1,0
64,-1.34561166,0,ITGDVSAANKDAIRKQMDAAASKGDVETYRKLKAKALKGIR,"ITGDVSAANKDAIRKQMDAAASKGDVETYRKLKAKALKGIR
ITGDVSAANKDAIRKQMDAAASKGDVETYRKLKAK-LKGIR",192,'A' inserted at '36',None,1,0
65,-1.516787457,0,ITGDVSAANKDAIRKQMDAAASKGDVETYRKLKAKGLKGIR,"ITGDVSAANKDAIRKQMDAAASKGDVETYRKLKAKGLKGIR
ITGDVSAANKDAIRKQMDAAASKGDVETYRKLKAK-LKGIR",192,'G' inserted at '36',None,1,0
67,-0.450586549,0,ITGDVSAANKDAIRKQMDAAASKGDVETYRKLKAKLAKGIR,"ITGDVSAANKDAIRKQMDAAASKGDVETYRKLKAKLAKGIR
ITGDVSAANKDAIRKQMDAAASKGDVETYRKLKAKL-KGIR",192,'A' inserted at '37',None,1,0
69,-0.576606715,0,ITGDVSAANKDAIRKQMDAAASKGDVETYRKLKAKLGKGIR,"ITGDVSAANKDAIRKQMDAAASKGDVETYRKLKAKLGKGIR
ITGDVSAANKDAIRKQMDAAASKGDVETYRKLKAKL-KGIR",192,'G' inserted at '37',None,1,0
70,-0.48687594,0,ITGDVSAANKDAIRKQMDAAASKGDVETYRKLKAKLKAGIR,"ITGDVSAANKDAIRKQMDAAASKGDVETYRKLKAKLKAGIR
ITGDVSAANKDAIRKQMDAAASKGDVETYRKLKAKLK-GIR",192,'A' inserted at '38',None,1,0
71,-0.344152816,0,ITGDVSAANKDAIRKQMDAAASKGDVETYRKLKAKLKGAIR,"ITGDVSAANKDAIRKQMDAAASKGDVETYRKLKAKLKGAIR
ITGDVSAANKDAIRKQMDAAASKGDVETYRKLKAKLKG-IR",192,'A' inserted at '39',None,1,0
72,-0.611905375,0,ITGDVSAANKDAIRKQMDAAASKGDVETYRKLKAKLKGGIR,"ITGDVSAANKDAIRKQMDAAASKGDVETYRKLKAKLKGGIR
ITGDVSAANKDAIRKQMDAAASKGDVETYRKLKAKLKG-IR",192,'G' inserted at '39',None,1,0
74,-0.039400091,1,ITGDVSAANKDAIRKQMDAAASKGDVETYRKLKAKLKGIAR,"ITGDVSAANKDAIRKQMDAAASKGDVETYRKLKAKLKGIAR
ITGDVSAANKDAIRKQMDAAASKGDVETYRKLKAKLKGI-R",192,'A' inserted at '40',None,1,0
75,-0.076983007,1,ITGDVSAANKDAIRKQMDAAASKGDVETYRKLKAKLKGIGR,"ITGDVSAANKDAIRKQMDAAASKGDVETYRKLKAKLKGIGR
ITGDVSAANKDAIRKQMDAAASKGDVETYRKLKAKLKGI-R",192,'G' inserted at '40',None,1,0
79,-1.656924143,0,ITGDVSAANKDAIRKQMDAAASKGDVETYRKLKGAKLKGIR,"ITGDVSAANKDAIRKQMDAAASKGDVETYRKLKGAKLKGIR
ITGDVSAANKDAIRKQMDAAASKGDVETYRKLK-AKLKGIR",192,'G' inserted at '34',None,1,0
82,-1.260044919,0,ITGDVSAANKDAIRKQMDAAASKGDVGETYRKLKAKLKGIR,"ITGDVSAANKDAIRKQMDAAASKGDVGETYRKLKAKLKGIR
ITGDVSAANKDAIRKQMDAAASKGDV-ETYRKLKAKLKGIR",192,'G' inserted at '27',None,1,0
84,-0.883896744,0,ITGDVSAANKDAIRKQMDAAASKGGDVETYRKLKAKLKGIR,"ITGDVSAANKDAIRKQMDAAASKGGDVETYRKLKAKLKGIR
ITGDVSAANKDAIRKQMDAAASKG-DVETYRKLKAKLKGIR",192,'G' inserted at '25',None,1,0
86,-1.029359638,0,ITGDVSAANKDAIRKQMDAAGASKGDVETYRKLKAKLKGIR,"ITGDVSAANKDAIRKQMDAAGASKGDVETYRKLKAKLKGIR
ITGDVSAANKDAIRKQMDAA-ASKGDVETYRKLKAKLKGIR",192,'G' inserted at '21',None,1,0
88,-0.778212239,0,ITGDVSAANKDAIRKQMDAGAASKGDVETYRKLKAKLKGIR,"ITGDVSAANKDAIRKQMDAGAASKGDVETYRKLKAKLKGIR
ITGDVSAANKDAIRKQMDA-AASKGDVETYRKLKAKLKGIR",192,'G' inserted at '20',None,1,0
89,-1.140145509,0,ITGDVSAANKDAIRKQMDGAAASKGDVETYRKLKAKLKGIR,"ITGDVSAANKDAIRKQMDGAAASKGDVETYRKLKAKLKGIR
ITGDVSAANKDAIRKQMD-AAASKGDVETYRKLKAKLKGIR",192,'G' inserted at '19',None,1,0
90,-1.268270687,0,ITGDVSAANKDAIRKQMGDAAASKGDVETYRKLKAKLKGIR,"ITGDVSAANKDAIRKQMGDAAASKGDVETYRKLKAKLKGIR
ITGDVSAANKDAIRKQM-DAAASKGDVETYRKLKAKLKGIR",192,'G' inserted at '18',None,1,0
93,-0.560484998,0,ITGDVSAANKDGAIRKQMDAAASKGDVETYRKLKAKLKGIR,"ITGDVSAANKDGAIRKQMDAAASKGDVETYRKLKAKLKGIR
ITGDVSAANKD-AIRKQMDAAASKGDVETYRKLKAKLKGIR",192,'G' inserted at '12',None,1,0
95,0.023105084,1,ITGDVSAANKGDAIRKQMDAAASKGDVETYRKLKAKLKGIR,"ITGDVSAANKGDAIRKQMDAAASKGDVETYRKLKAKLKGIR
ITGDVSAANK-DAIRKQMDAAASKGDVETYRKLKAKLKGIR",192,'G' inserted at '11',None,1,0
96,-0.159086843,1,ITGDVSAGANKDAIRKQMDAAASKGDVETYRKLKAKLKGIR,"ITGDVSAGANKDAIRKQMDAAASKGDVETYRKLKAKLKGIR
ITGDVSA-ANKDAIRKQMDAAASKGDVETYRKLKAKLKGIR",192,'G' inserted at '8',None,1,0
98,-0.178582325,1,ITGDVSGAANKDAIRKQMDAAASKGDVETYRKLKAKLKGIR,"ITGDVSGAANKDAIRKQMDAAASKGDVETYRKLKAKLKGIR
ITGDVS-AANKDAIRKQMDAAASKGDVETYRKLKAKLKGIR",192,'G' inserted at '7',None,1,0
99,-0.094460382,1,ITGGDVSAANKDAIRKQMDAAASKGDVETYRKLKAKLKGIR,"ITGGDVSAANKDAIRKQMDAAASKGDVETYRKLKAKLKGIR
ITG-DVSAANKDAIRKQMDAAASKGDVETYRKLKAKLKGIR",192,'G' inserted at '4',None,1,0
1,-0.067468162,1,AITGDVSAANKDAIRKQMDAAASKGDVETYRKLKAKLKGIR,"ITGDVSAANKDAIRKQMDAAASKGDVETYRKLKAKLKGIR
ITGDVSAANKDAIRKQMDAAASKGDVETYRKLKAKLKGIR",192,None,None,0,0
2,-0.082725255,1,GITGDVSAANKDAIRKQMDAAASKGDVETYRKLKAKLKGIR,"ITGDVSAANKDAIRKQMDAAASKGDVETYRKLKAKLKGIR
ITGDVSAANKDAIRKQMDAAASKGDVETYRKLKAKLKGIR",192,None,None,0,0
4,-0.174002943,1,IGDVSAANKDAIRKQMDAAASKGDVETYRKLKAKLKGIR,"I-GDVSAANKDAIRKQMDAAASKGDVETYRKLKAKLKGIR
ITGDVSAANKDAIRKQMDAAASKGDVETYRKLKAKLKGIR",187,None,'T' deleted in '2',0,1
7,0.106984446,1,ITDVSAANKDAIRKQMDAAASKGDVETYRKLKAKLKGIR,"IT-DVSAANKDAIRKQMDAAASKGDVETYRKLKAKLKGIR
ITGDVSAANKDAIRKQMDAAASKGDVETYRKLKAKLKGIR",186,None,'G' deleted in '3',0,1
11,-0.142271276,1,ITGDSAANKDAIRKQMDAAASKGDVETYRKLKAKLKGIR,"ITGD-SAANKDAIRKQMDAAASKGDVETYRKLKAKLKGIR
ITGDVSAANKDAIRKQMDAAASKGDVETYRKLKAKLKGIR",188,None,'V' deleted in '5',0,1
12,0.035068987,1,ITGDVAANKDAIRKQMDAAASKGDVETYRKLKAKLKGIR,"ITGDV-AANKDAIRKQMDAAASKGDVETYRKLKAKLKGIR
ITGDVSAANKDAIRKQMDAAASKGDVETYRKLKAKLKGIR",188,None,'S' deleted in '6',0,1
17,0.1397471,1,ITGDVSAAKDAIRKQMDAAASKGDVETYRKLKAKLKGIR,"ITGDVSAA-KDAIRKQMDAAASKGDVETYRKLKAKLKGIR
ITGDVSAANKDAIRKQMDAAASKGDVETYRKLKAKLKGIR",186,None,'N' deleted in '9',0,1
19,-0.081566428,1,ITGDVSAANDAIRKQMDAAASKGDVETYRKLKAKLKGIR,"ITGDVSAAN-DAIRKQMDAAASKGDVETYRKLKAKLKGIR
ITGDVSAANKDAIRKQMDAAASKGDVETYRKLKAKLKGIR",187,None,'K' deleted in '10',0,1
22,0.018194625,1,ITGDVSAANKAIRKQMDAAASKGDVETYRKLKAKLKGIR,"ITGDVSAANK-AIRKQMDAAASKGDVETYRKLKAKLKGIR
ITGDVSAANKDAIRKQMDAAASKGDVETYRKLKAKLKGIR",186,None,'D' deleted in '11',0,1
27,-0.82505645,0,ITGDVSAANKDAIKQMDAAASKGDVETYRKLKAKLKGIR,"ITGDVSAANKDAI-KQMDAAASKGDVETYRKLKAKLKGIR
ITGDVSAANKDAIRKQMDAAASKGDVETYRKLKAKLKGIR",187,None,'R' deleted in '14',0,1
33,-0.988544618,0,ITGDVSAANKDAIRKQDAAASKGDVETYRKLKAKLKGIR,"ITGDVSAANKDAIRKQ-DAAASKGDVETYRKLKAKLKGIR
ITGDVSAANKDAIRKQMDAAASKGDVETYRKLKAKLKGIR",187,None,'M' deleted in '17',0,1
35,-0.60622854,0,ITGDVSAANKDAIRKQMAAASKGDVETYRKLKAKLKGIR,"ITGDVSAANKDAIRKQM-AAASKGDVETYRKLKAKLKGIR
ITGDVSAANKDAIRKQMDAAASKGDVETYRKLKAKLKGIR",186,None,'D' deleted in '18',0,1
39,-0.737480745,0,ITGDVSAANKDAIRKQMDAAAKGDVETYRKLKAKLKGIR,"ITGDVSAANKDAIRKQMDAAA-KGDVETYRKLKAKLKGIR
ITGDVSAANKDAIRKQMDAAASKGDVETYRKLKAKLKGIR",188,None,'S' deleted in '22',0,1
41,-1.082048897,0,ITGDVSAANKDAIRKQMDAAASGDVETYRKLKAKLKGIR,"ITGDVSAANKDAIRKQMDAAAS-GDVETYRKLKAKLKGIR
ITGDVSAANKDAIRKQMDAAASKGDVETYRKLKAKLKGIR",187,None,'K' deleted in '23',0,1
44,-0.777369501,0,ITGDVSAANKDAIRKQMDAAASKDVETYRKLKAKLKGIR,"ITGDVSAANKDAIRKQMDAAASK-DVETYRKLKAKLKGIR
ITGDVSAANKDAIRKQMDAAASKGDVETYRKLKAKLKGIR",186,None,'G' deleted in '24',0,1
47,-0.890572875,0,ITGDVSAANKDAIRKQMDAAASKGDETYRKLKAKLKGIR,"ITGDVSAANKDAIRKQMDAAASKGD-ETYRKLKAKLKGIR
ITGDVSAANKDAIRKQMDAAASKGDVETYRKLKAKLKGIR",188,None,'V' deleted in '26',0,1
54,-1.429801607,0,ITGDVSAANKDAIRKQMDAAASKGDVETRKLKAKLKGIR,"ITGDVSAANKDAIRKQMDAAASKGDVET-RKLKAKLKGIR
ITGDVSAANKDAIRKQMDAAASKGDVETYRKLKAKLKGIR",185,None,'Y' deleted in '29',0,1
58,-1.636938895,0,ITGDVSAANKDAIRKQMDAAASKGDVETYRKKAKLKGIR,"ITGDVSAANKDAIRKQMDAAASKGDVETYRK-KAKLKGIR
ITGDVSAANKDAIRKQMDAAASKGDVETYRKLKAKLKGIR",188,None,'L' deleted in '32',0,1
60,-0.98556269,0,ITGDVSAANKDAIRKQMDAAASKGDVETYRKLAKLKGIR,"ITGDVSAANKDAIRKQMDAAASKGDVETYRKL-AKLKGIR
ITGDVSAANKDAIRKQMDAAASKGDVETYRKLKAKLKGIR",187,None,'K' deleted in '33',0,1
66,-0.917016596,0,ITGDVSAANKDAIRKQMDAAASKGDVETYRKLKAKKGIR,"ITGDVSAANKDAIRKQMDAAASKGDVETYRKLKAK-KGIR
ITGDVSAANKDAIRKQMDAAASKGDVETYRKLKAKLKGIR",188,None,'L' deleted in '36',0,1
68,-0.513037753,0,ITGDVSAANKDAIRKQMDAAASKGDVETYRKLKAKLGIR,"ITGDVSAANKDAIRKQMDAAASKGDVETYRKLKAKL-GIR
ITGDVSAANKDAIRKQMDAAASKGDVETYRKLKAKLKGIR",187,None,'K' deleted in '37',0,1
73,0.101480698,1,ITGDVSAANKDAIRKQMDAAASKGDVETYRKLKAKLKGI,"ITGDVSAANKDAIRKQMDAAASKGDVETYRKLKAKLKGI
ITGDVSAANKDAIRKQMDAAASKGDVETYRKLKAKLKGI",187,None,None,0,0
76,-0.425758002,0,ITGDVSAANKDAIRKQMDAAASKGDVETYRKLKAKLKGR,"ITGDVSAANKDAIRKQMDAAASKGDVETYRKLKAKLKG-R
ITGDVSAANKDAIRKQMDAAASKGDVETYRKLKAKLKGIR",188,None,'I' deleted in '39',0,1
77,-0.347375189,0,ITGDVSAANKDAIRKQMDAAASKGDVETYRKLKAKLKIR,"ITGDVSAANKDAIRKQMDAAASKGDVETYRKLKAKLK-IR
ITGDVSAANKDAIRKQMDAAASKGDVETYRKLKAKLKGIR",186,None,'G' deleted in '38',0,1
78,-1.305336922,0,ITGDVSAANKDAIRKQMDAAASKGDVETYRKLKALKGIR,"ITGDVSAANKDAIRKQMDAAASKGDVETYRKLKA-LKGIR
ITGDVSAANKDAIRKQMDAAASKGDVETYRKLKAKLKGIR",187,None,'K' deleted in '35',0,1
80,-0.960052355,0,ITGDVSAANKDAIRKQMDAAASKGDVETYRKLKKLKGIR,"ITGDVSAANKDAIRKQMDAAASKGDVETYRKLK-KLKGIR
ITGDVSAANKDAIRKQMDAAASKGDVETYRKLKAKLKGIR",188,None,'A' deleted in '34',0,1
81,-0.735035802,0,ITGDVSAANKDAIRKQMDAAASKGDVEYRKLKAKLKGIR,"ITGDVSAANKDAIRKQMDAAASKGDVE-YRKLKAKLKGIR
ITGDVSAANKDAIRKQMDAAASKGDVETYRKLKAKLKGIR",187,None,'T' deleted in '28',0,1
83,-0.89952704,0,ITGDVSAANKDAIRKQMDAAASKGDVTYRKLKAKLKGIR,"ITGDVSAANKDAIRKQMDAAASKGDV-TYRKLKAKLKGIR
ITGDVSAANKDAIRKQMDAAASKGDVETYRKLKAKLKGIR",187,None,'E' deleted in '27',0,1
85,-1.395982331,0,ITGDVSAANKDAIRKQMDAAASKGVETYRKLKAKLKGIR,"ITGDVSAANKDAIRKQMDAAASKG-VETYRKLKAKLKGIR
ITGDVSAANKDAIRKQMDAAASKGDVETYRKLKAKLKGIR",186,None,'D' deleted in '25',0,1
87,-1.073730381,0,ITGDVSAANKDAIRKQMDAASKGDVETYRKLKAKLKGIR,"ITGDVSAANKDAIRKQMDAA-SKGDVETYRKLKAKLKGIR
ITGDVSAANKDAIRKQMDAAASKGDVETYRKLKAKLKGIR",188,None,'A' deleted in '21',0,1
91,-0.722455018,0,ITGDVSAANKDAIRQMDAAASKGDVETYRKLKAKLKGIR,"ITGDVSAANKDAIR-QMDAAASKGDVETYRKLKAKLKGIR
ITGDVSAANKDAIRKQMDAAASKGDVETYRKLKAKLKGIR",187,None,'K' deleted in '15',0,1
92,-0.901243182,0,ITGDVSAANKDARKQMDAAASKGDVETYRKLKAKLKGIR,"ITGDVSAANKDA-RKQMDAAASKGDVETYRKLKAKLKGIR
ITGDVSAANKDAIRKQMDAAASKGDVETYRKLKAKLKGIR",188,None,'I' deleted in '13',0,1
94,-0.253436624,0,ITGDVSAANKDIRKQMDAAASKGDVETYRKLKAKLKGIR,"ITGDVSAANKD-IRKQMDAAASKGDVETYRKLKAKLKGIR
ITGDVSAANKDAIRKQMDAAASKGDVETYRKLKAKLKGIR",188,None,'A' deleted in '12',0,1
97,-0.053216067,1,ITGDVSANKDAIRKQMDAAASKGDVETYRKLKAKLKGIR,"ITGDVSA-NKDAIRKQMDAAASKGDVETYRKLKAKLKGIR
ITGDVSAANKDAIRKQMDAAASKGDVETYRKLKAKLKGIR",188,None,'A' deleted in '8',0,1
100,0.117851729,1,ITGVSAANKDAIRKQMDAAASKGDVETYRKLKAKLKGIR,"ITG-VSAANKDAIRKQMDAAASKGDVETYRKLKAKLKGIR
ITGDVSAANKDAIRKQMDAAASKGDVETYRKLKAKLKGIR",186,None,'D' deleted in '4',0,1
101,0.094055382,1,TGDVSAANKDAIRKQMDAAASKGDVETYRKLKAKLKGIR,"TGDVSAANKDAIRKQMDAAASKGDVETYRKLKAKLKGIR
TGDVSAANKDAIRKQMDAAASKGDVETYRKLKAKLKGIR",188,None,None,0,0
