ID,DMS_Score,DMS_Score_Bin,mutated_sequence,Alignment,Align_score,Insertions,Deletions,NumberOfInsertionSites,NumberOfDeletionSites
4,0.029268831,1,SALSVDNKKFWATVESSEHSFEVPIYAETLDEALELAEWQYVPAGFEVTRVRPCVAP,"SALSVDNKKFWATVESSEHSFEVPIYAETLDEALELAEWQYVPAGFEVTRVRPCVAP
S-LSVDNKKFWATVESSEHSFEVPIYAETLDEALELAEWQYVPAGFEVTRVRPCVAP",293,'A' inserted at '2',None,1,0
5,-0.094157649,1,SGLSVDNKKFWATVESSEHSFEVPIYAETLDEALELAEWQYVPAGFEVTRVRPCVAP,"SGLSVDNKKFWATVESSEHSFEVPIYAETLDEALELAEWQYVPAGFEVTRVRPCVAP
S-LSVDNKKFWATVESSEHSFEVPIYAETLDEALELAEWQYVPAGFEVTRVRPCVAP",293,'G' inserted at '2',None,1,0
6,-0.128972238,1,SLASVDNKKFWATVESSEHSFEVPIYAETLDEALELAEWQYVPAGFEVTRVRPCVAP,"SLASVDNKKFWATVESSEHSFEVPIYAETLDEALELAEWQYVPAGFEVTRVRPCVAP
SL-SVDNKKFWATVESSEHSFEVPIYAETLDEALELAEWQYVPAGFEVTRVRPCVAP",293,'A' inserted at '3',None,1,0
7,-0.224629862,1,SLGSVDNKKFWATVESSEHSFEVPIYAETLDEALELAEWQYVPAGFEVTRVRPCVAP,"SLGSVDNKKFWATVESSEHSFEVPIYAETLDEALELAEWQYVPAGFEVTRVRPCVAP
SL-SVDNKKFWATVESSEHSFEVPIYAETLDEALELAEWQYVPAGFEVTRVRPCVAP",293,'G' inserted at '3',None,1,0
8,-0.307482737,1,SLSAVDNKKFWATVESSEHSFEVPIYAETLDEALELAEWQYVPAGFEVTRVRPCVAP,"SLSAVDNKKFWATVESSEHSFEVPIYAETLDEALELAEWQYVPAGFEVTRVRPCVAP
SLS-VDNKKFWATVESSEHSFEVPIYAETLDEALELAEWQYVPAGFEVTRVRPCVAP",293,'A' inserted at '4',None,1,0
10,-0.185238674,1,SLSGVDNKKFWATVESSEHSFEVPIYAETLDEALELAEWQYVPAGFEVTRVRPCVAP,"SLSGVDNKKFWATVESSEHSFEVPIYAETLDEALELAEWQYVPAGFEVTRVRPCVAP
SLS-VDNKKFWATVESSEHSFEVPIYAETLDEALELAEWQYVPAGFEVTRVRPCVAP",293,'G' inserted at '4',None,1,0
11,0.160331616,1,SLSVADNKKFWATVESSEHSFEVPIYAETLDEALELAEWQYVPAGFEVTRVRPCVAP,"SLSVADNKKFWATVESSEHSFEVPIYAETLDEALELAEWQYVPAGFEVTRVRPCVAP
SLSV-DNKKFWATVESSEHSFEVPIYAETLDEALELAEWQYVPAGFEVTRVRPCVAP",293,'A' inserted at '5',None,1,0
12,0.159567261,1,SLSVDANKKFWATVESSEHSFEVPIYAETLDEALELAEWQYVPAGFEVTRVRPCVAP,"SLSVDANKKFWATVESSEHSFEVPIYAETLDEALELAEWQYVPAGFEVTRVRPCVAP
SLSVD-NKKFWATVESSEHSFEVPIYAETLDEALELAEWQYVPAGFEVTRVRPCVAP",293,'A' inserted at '6',None,1,0
13,0.17166715,1,SLSVDGNKKFWATVESSEHSFEVPIYAETLDEALELAEWQYVPAGFEVTRVRPCVAP,"SLSVDGNKKFWATVESSEHSFEVPIYAETLDEALELAEWQYVPAGFEVTRVRPCVAP
SLSVD-NKKFWATVESSEHSFEVPIYAETLDEALELAEWQYVPAGFEVTRVRPCVAP",293,'G' inserted at '6',None,1,0
15,0.055589356,1,SLSVDNAKKFWATVESSEHSFEVPIYAETLDEALELAEWQYVPAGFEVTRVRPCVAP,"SLSVDNAKKFWATVESSEHSFEVPIYAETLDEALELAEWQYVPAGFEVTRVRPCVAP
SLSVDN-KKFWATVESSEHSFEVPIYAETLDEALELAEWQYVPAGFEVTRVRPCVAP",293,'A' inserted at '7',None,1,0
16,-0.135570306,1,SLSVDNGKKFWATVESSEHSFEVPIYAETLDEALELAEWQYVPAGFEVTRVRPCVAP,"SLSVDNGKKFWATVESSEHSFEVPIYAETLDEALELAEWQYVPAGFEVTRVRPCVAP
SLSVDN-KKFWATVESSEHSFEVPIYAETLDEALELAEWQYVPAGFEVTRVRPCVAP",293,'G' inserted at '7',None,1,0
17,0.311243146,1,SLSVDNKAKFWATVESSEHSFEVPIYAETLDEALELAEWQYVPAGFEVTRVRPCVAP,"SLSVDNKAKFWATVESSEHSFEVPIYAETLDEALELAEWQYVPAGFEVTRVRPCVAP
SLSVDNK-KFWATVESSEHSFEVPIYAETLDEALELAEWQYVPAGFEVTRVRPCVAP",293,'A' inserted at '8',None,1,0
19,-0.15409283,1,SLSVDNKGKFWATVESSEHSFEVPIYAETLDEALELAEWQYVPAGFEVTRVRPCVAP,"SLSVDNKGKFWATVESSEHSFEVPIYAETLDEALELAEWQYVPAGFEVTRVRPCVAP
SLSVDNK-KFWATVESSEHSFEVPIYAETLDEALELAEWQYVPAGFEVTRVRPCVAP",293,'G' inserted at '8',None,1,0
20,0.250149697,1,SLSVDNKKAFWATVESSEHSFEVPIYAETLDEALELAEWQYVPAGFEVTRVRPCVAP,"SLSVDNKKAFWATVESSEHSFEVPIYAETLDEALELAEWQYVPAGFEVTRVRPCVAP
SLSVDNKK-FWATVESSEHSFEVPIYAETLDEALELAEWQYVPAGFEVTRVRPCVAP",293,'A' inserted at '9',None,1,0
22,-1.9460829,0,SLSVDNKKFAWATVESSEHSFEVPIYAETLDEALELAEWQYVPAGFEVTRVRPCVAP,"SLSVDNKKFAWATVESSEHSFEVPIYAETLDEALELAEWQYVPAGFEVTRVRPCVAP
SLSVDNKKF-WATVESSEHSFEVPIYAETLDEALELAEWQYVPAGFEVTRVRPCVAP",293,'A' inserted at '10',None,1,0
23,-2.476717945,0,SLSVDNKKFGWATVESSEHSFEVPIYAETLDEALELAEWQYVPAGFEVTRVRPCVAP,"SLSVDNKKFGWATVESSEHSFEVPIYAETLDEALELAEWQYVPAGFEVTRVRPCVAP
SLSVDNKKF-WATVESSEHSFEVPIYAETLDEALELAEWQYVPAGFEVTRVRPCVAP",293,'G' inserted at '10',None,1,0
24,0.18405159,1,SLSVDNKKFWAATVESSEHSFEVPIYAETLDEALELAEWQYVPAGFEVTRVRPCVAP,"SLSVDNKKFWAATVESSEHSFEVPIYAETLDEALELAEWQYVPAGFEVTRVRPCVAP
SLSVDNKKFWA-TVESSEHSFEVPIYAETLDEALELAEWQYVPAGFEVTRVRPCVAP",293,'A' inserted at '12',None,1,0
25,-1.632700006,0,SLSVDNKKFWAGTVESSEHSFEVPIYAETLDEALELAEWQYVPAGFEVTRVRPCVAP,"SLSVDNKKFWAGTVESSEHSFEVPIYAETLDEALELAEWQYVPAGFEVTRVRPCVAP
SLSVDNKKFWA-TVESSEHSFEVPIYAETLDEALELAEWQYVPAGFEVTRVRPCVAP",293,'G' inserted at '12',None,1,0
26,-1.292942299,0,SLSVDNKKFWATAVESSEHSFEVPIYAETLDEALELAEWQYVPAGFEVTRVRPCVAP,"SLSVDNKKFWATAVESSEHSFEVPIYAETLDEALELAEWQYVPAGFEVTRVRPCVAP
SLSVDNKKFWAT-VESSEHSFEVPIYAETLDEALELAEWQYVPAGFEVTRVRPCVAP",293,'A' inserted at '13',None,1,0
28,-1.835235635,0,SLSVDNKKFWATGVESSEHSFEVPIYAETLDEALELAEWQYVPAGFEVTRVRPCVAP,"SLSVDNKKFWATGVESSEHSFEVPIYAETLDEALELAEWQYVPAGFEVTRVRPCVAP
SLSVDNKKFWAT-VESSEHSFEVPIYAETLDEALELAEWQYVPAGFEVTRVRPCVAP",293,'G' inserted at '13',None,1,0
29,-0.995652496,1,SLSVDNKKFWATVAESSEHSFEVPIYAETLDEALELAEWQYVPAGFEVTRVRPCVAP,"SLSVDNKKFWATVAESSEHSFEVPIYAETLDEALELAEWQYVPAGFEVTRVRPCVAP
SLSVDNKKFWATV-ESSEHSFEVPIYAETLDEALELAEWQYVPAGFEVTRVRPCVAP",293,'A' inserted at '14',None,1,0
30,-1.097054561,1,SLSVDNKKFWATVEASSEHSFEVPIYAETLDEALELAEWQYVPAGFEVTRVRPCVAP,"SLSVDNKKFWATVEASSEHSFEVPIYAETLDEALELAEWQYVPAGFEVTRVRPCVAP
SLSVDNKKFWATVE-SSEHSFEVPIYAETLDEALELAEWQYVPAGFEVTRVRPCVAP",293,'A' inserted at '15',None,1,0
31,-1.298050311,0,SLSVDNKKFWATVEGSSEHSFEVPIYAETLDEALELAEWQYVPAGFEVTRVRPCVAP,"SLSVDNKKFWATVEGSSEHSFEVPIYAETLDEALELAEWQYVPAGFEVTRVRPCVAP
SLSVDNKKFWATVE-SSEHSFEVPIYAETLDEALELAEWQYVPAGFEVTRVRPCVAP",293,'G' inserted at '15',None,1,0
32,-1.142381105,0,SLSVDNKKFWATVESASEHSFEVPIYAETLDEALELAEWQYVPAGFEVTRVRPCVAP,"SLSVDNKKFWATVESASEHSFEVPIYAETLDEALELAEWQYVPAGFEVTRVRPCVAP
SLSVDNKKFWATVES-SEHSFEVPIYAETLDEALELAEWQYVPAGFEVTRVRPCVAP",293,'A' inserted at '16',None,1,0
34,-0.77564554,1,SLSVDNKKFWATVESGSEHSFEVPIYAETLDEALELAEWQYVPAGFEVTRVRPCVAP,"SLSVDNKKFWATVESGSEHSFEVPIYAETLDEALELAEWQYVPAGFEVTRVRPCVAP
SLSVDNKKFWATVES-SEHSFEVPIYAETLDEALELAEWQYVPAGFEVTRVRPCVAP",293,'G' inserted at '16',None,1,0
35,-1.070037209,1,SLSVDNKKFWATVESSAEHSFEVPIYAETLDEALELAEWQYVPAGFEVTRVRPCVAP,"SLSVDNKKFWATVESSAEHSFEVPIYAETLDEALELAEWQYVPAGFEVTRVRPCVAP
SLSVDNKKFWATVESS-EHSFEVPIYAETLDEALELAEWQYVPAGFEVTRVRPCVAP",293,'A' inserted at '17',None,1,0
36,-0.911970211,1,SLSVDNKKFWATVESSEAHSFEVPIYAETLDEALELAEWQYVPAGFEVTRVRPCVAP,"SLSVDNKKFWATVESSEAHSFEVPIYAETLDEALELAEWQYVPAGFEVTRVRPCVAP
SLSVDNKKFWATVESSE-HSFEVPIYAETLDEALELAEWQYVPAGFEVTRVRPCVAP",293,'A' inserted at '18',None,1,0
37,0.64884931,1,SLSVDNKKFWATVESSEGHSFEVPIYAETLDEALELAEWQYVPAGFEVTRVRPCVAP,"SLSVDNKKFWATVESSEGHSFEVPIYAETLDEALELAEWQYVPAGFEVTRVRPCVAP
SLSVDNKKFWATVESSE-HSFEVPIYAETLDEALELAEWQYVPAGFEVTRVRPCVAP",293,'G' inserted at '18',None,1,0
38,-0.436863708,1,SLSVDNKKFWATVESSEHASFEVPIYAETLDEALELAEWQYVPAGFEVTRVRPCVAP,"SLSVDNKKFWATVESSEHASFEVPIYAETLDEALELAEWQYVPAGFEVTRVRPCVAP
SLSVDNKKFWATVESSEH-SFEVPIYAETLDEALELAEWQYVPAGFEVTRVRPCVAP",293,'A' inserted at '19',None,1,0
40,0.418758284,1,SLSVDNKKFWATVESSEHGSFEVPIYAETLDEALELAEWQYVPAGFEVTRVRPCVAP,"SLSVDNKKFWATVESSEHGSFEVPIYAETLDEALELAEWQYVPAGFEVTRVRPCVAP
SLSVDNKKFWATVESSEH-SFEVPIYAETLDEALELAEWQYVPAGFEVTRVRPCVAP",293,'G' inserted at '19',None,1,0
41,-0.655883509,1,SLSVDNKKFWATVESSEHSAFEVPIYAETLDEALELAEWQYVPAGFEVTRVRPCVAP,"SLSVDNKKFWATVESSEHSAFEVPIYAETLDEALELAEWQYVPAGFEVTRVRPCVAP
SLSVDNKKFWATVESSEHS-FEVPIYAETLDEALELAEWQYVPAGFEVTRVRPCVAP",293,'A' inserted at '20',None,1,0
42,-1.548038159,0,SLSVDNKKFWATVESSEHSFAEVPIYAETLDEALELAEWQYVPAGFEVTRVRPCVAP,"SLSVDNKKFWATVESSEHSFAEVPIYAETLDEALELAEWQYVPAGFEVTRVRPCVAP
SLSVDNKKFWATVESSEHSF-EVPIYAETLDEALELAEWQYVPAGFEVTRVRPCVAP",293,'A' inserted at '21',None,1,0
43,-2.188003332,0,SLSVDNKKFWATVESSEHSFEAVPIYAETLDEALELAEWQYVPAGFEVTRVRPCVAP,"SLSVDNKKFWATVESSEHSFEAVPIYAETLDEALELAEWQYVPAGFEVTRVRPCVAP
SLSVDNKKFWATVESSEHSFE-VPIYAETLDEALELAEWQYVPAGFEVTRVRPCVAP",293,'A' inserted at '22',None,1,0
44,-2.384988256,0,SLSVDNKKFWATVESSEHSFEGVPIYAETLDEALELAEWQYVPAGFEVTRVRPCVAP,"SLSVDNKKFWATVESSEHSFEGVPIYAETLDEALELAEWQYVPAGFEVTRVRPCVAP
SLSVDNKKFWATVESSEHSFE-VPIYAETLDEALELAEWQYVPAGFEVTRVRPCVAP",293,'G' inserted at '22',None,1,0
46,-2.102620976,0,SLSVDNKKFWATVESSEHSFEVAPIYAETLDEALELAEWQYVPAGFEVTRVRPCVAP,"SLSVDNKKFWATVESSEHSFEVAPIYAETLDEALELAEWQYVPAGFEVTRVRPCVAP
SLSVDNKKFWATVESSEHSFEV-PIYAETLDEALELAEWQYVPAGFEVTRVRPCVAP",293,'A' inserted at '23',None,1,0
47,-0.578740684,1,SLSVDNKKFWATVESSEHSFEVGPIYAETLDEALELAEWQYVPAGFEVTRVRPCVAP,"SLSVDNKKFWATVESSEHSFEVGPIYAETLDEALELAEWQYVPAGFEVTRVRPCVAP
SLSVDNKKFWATVESSEHSFEV-PIYAETLDEALELAEWQYVPAGFEVTRVRPCVAP",293,'G' inserted at '23',None,1,0
49,-2.23497674,0,SLSVDNKKFWATVESSEHSFEVPAIYAETLDEALELAEWQYVPAGFEVTRVRPCVAP,"SLSVDNKKFWATVESSEHSFEVPAIYAETLDEALELAEWQYVPAGFEVTRVRPCVAP
SLSVDNKKFWATVESSEHSFEVP-IYAETLDEALELAEWQYVPAGFEVTRVRPCVAP",293,'A' inserted at '24',None,1,0
50,-1.803398083,0,SLSVDNKKFWATVESSEHSFEVPGIYAETLDEALELAEWQYVPAGFEVTRVRPCVAP,"SLSVDNKKFWATVESSEHSFEVPGIYAETLDEALELAEWQYVPAGFEVTRVRPCVAP
SLSVDNKKFWATVESSEHSFEVP-IYAETLDEALELAEWQYVPAGFEVTRVRPCVAP",293,'G' inserted at '24',None,1,0
52,-1.813923114,0,SLSVDNKKFWATVESSEHSFEVPIAYAETLDEALELAEWQYVPAGFEVTRVRPCVAP,"SLSVDNKKFWATVESSEHSFEVPIAYAETLDEALELAEWQYVPAGFEVTRVRPCVAP
SLSVDNKKFWATVESSEHSFEVPI-YAETLDEALELAEWQYVPAGFEVTRVRPCVAP",293,'A' inserted at '25',None,1,0
53,-2.186888156,0,SLSVDNKKFWATVESSEHSFEVPIGYAETLDEALELAEWQYVPAGFEVTRVRPCVAP,"SLSVDNKKFWATVESSEHSFEVPIGYAETLDEALELAEWQYVPAGFEVTRVRPCVAP
SLSVDNKKFWATVESSEHSFEVPI-YAETLDEALELAEWQYVPAGFEVTRVRPCVAP",293,'G' inserted at '25',None,1,0
54,-1.776899274,0,SLSVDNKKFWATVESSEHSFEVPIYAAETLDEALELAEWQYVPAGFEVTRVRPCVAP,"SLSVDNKKFWATVESSEHSFEVPIYAAETLDEALELAEWQYVPAGFEVTRVRPCVAP
SLSVDNKKFWATVESSEHSFEVPIYA-ETLDEALELAEWQYVPAGFEVTRVRPCVAP",293,'A' inserted at '27',None,1,0
55,-2.289881486,0,SLSVDNKKFWATVESSEHSFEVPIYAEATLDEALELAEWQYVPAGFEVTRVRPCVAP,"SLSVDNKKFWATVESSEHSFEVPIYAEATLDEALELAEWQYVPAGFEVTRVRPCVAP
SLSVDNKKFWATVESSEHSFEVPIYAE-TLDEALELAEWQYVPAGFEVTRVRPCVAP",293,'A' inserted at '28',None,1,0
56,-2.089205671,0,SLSVDNKKFWATVESSEHSFEVPIYAEGTLDEALELAEWQYVPAGFEVTRVRPCVAP,"SLSVDNKKFWATVESSEHSFEVPIYAEGTLDEALELAEWQYVPAGFEVTRVRPCVAP
SLSVDNKKFWATVESSEHSFEVPIYAE-TLDEALELAEWQYVPAGFEVTRVRPCVAP",293,'G' inserted at '28',None,1,0
58,-2.024099391,0,SLSVDNKKFWATVESSEHSFEVPIYAETALDEALELAEWQYVPAGFEVTRVRPCVAP,"SLSVDNKKFWATVESSEHSFEVPIYAETALDEALELAEWQYVPAGFEVTRVRPCVAP
SLSVDNKKFWATVESSEHSFEVPIYAET-LDEALELAEWQYVPAGFEVTRVRPCVAP",293,'A' inserted at '29',None,1,0
60,-2.176079679,0,SLSVDNKKFWATVESSEHSFEVPIYAETGLDEALELAEWQYVPAGFEVTRVRPCVAP,"SLSVDNKKFWATVESSEHSFEVPIYAETGLDEALELAEWQYVPAGFEVTRVRPCVAP
SLSVDNKKFWATVESSEHSFEVPIYAET-LDEALELAEWQYVPAGFEVTRVRPCVAP",293,'G' inserted at '29',None,1,0
61,-2.031568652,0,SLSVDNKKFWATVESSEHSFEVPIYAETLADEALELAEWQYVPAGFEVTRVRPCVAP,"SLSVDNKKFWATVESSEHSFEVPIYAETLADEALELAEWQYVPAGFEVTRVRPCVAP
SLSVDNKKFWATVESSEHSFEVPIYAETL-DEALELAEWQYVPAGFEVTRVRPCVAP",293,'A' inserted at '30',None,1,0
62,-1.642967063,0,SLSVDNKKFWATVESSEHSFEVPIYAETLDAEALELAEWQYVPAGFEVTRVRPCVAP,"SLSVDNKKFWATVESSEHSFEVPIYAETLDAEALELAEWQYVPAGFEVTRVRPCVAP
SLSVDNKKFWATVESSEHSFEVPIYAETLD-EALELAEWQYVPAGFEVTRVRPCVAP",293,'A' inserted at '31',None,1,0
64,-1.975888517,0,SLSVDNKKFWATVESSEHSFEVPIYAETLDEAALELAEWQYVPAGFEVTRVRPCVAP,"SLSVDNKKFWATVESSEHSFEVPIYAETLDEAALELAEWQYVPAGFEVTRVRPCVAP
SLSVDNKKFWATVESSEHSFEVPIYAETLDEA-LELAEWQYVPAGFEVTRVRPCVAP",293,'A' inserted at '33',None,1,0
66,-2.231360363,0,SLSVDNKKFWATVESSEHSFEVPIYAETLDEAGLELAEWQYVPAGFEVTRVRPCVAP,"SLSVDNKKFWATVESSEHSFEVPIYAETLDEAGLELAEWQYVPAGFEVTRVRPCVAP
SLSVDNKKFWATVESSEHSFEVPIYAETLDEA-LELAEWQYVPAGFEVTRVRPCVAP",293,'G' inserted at '33',None,1,0
67,-1.051664139,1,SLSVDNKKFWATVESSEHSFEVPIYAETLDEALAELAEWQYVPAGFEVTRVRPCVAP,"SLSVDNKKFWATVESSEHSFEVPIYAETLDEALAELAEWQYVPAGFEVTRVRPCVAP
SLSVDNKKFWATVESSEHSFEVPIYAETLDEAL-ELAEWQYVPAGFEVTRVRPCVAP",293,'A' inserted at '34',None,1,0
69,-0.847181388,1,SLSVDNKKFWATVESSEHSFEVPIYAETLDEALEALAEWQYVPAGFEVTRVRPCVAP,"SLSVDNKKFWATVESSEHSFEVPIYAETLDEALEALAEWQYVPAGFEVTRVRPCVAP
SLSVDNKKFWATVESSEHSFEVPIYAETLDEALE-LAEWQYVPAGFEVTRVRPCVAP",293,'A' inserted at '35',None,1,0
70,-1.584935117,0,SLSVDNKKFWATVESSEHSFEVPIYAETLDEALEGLAEWQYVPAGFEVTRVRPCVAP,"SLSVDNKKFWATVESSEHSFEVPIYAETLDEALEGLAEWQYVPAGFEVTRVRPCVAP
SLSVDNKKFWATVESSEHSFEVPIYAETLDEALE-LAEWQYVPAGFEVTRVRPCVAP",293,'G' inserted at '35',None,1,0
71,-0.74037364,1,SLSVDNKKFWATVESSEHSFEVPIYAETLDEALELAAEWQYVPAGFEVTRVRPCVAP,"SLSVDNKKFWATVESSEHSFEVPIYAETLDEALELAAEWQYVPAGFEVTRVRPCVAP
SLSVDNKKFWATVESSEHSFEVPIYAETLDEALELA-EWQYVPAGFEVTRVRPCVAP",293,'A' inserted at '37',None,1,0
72,-1.002387887,1,SLSVDNKKFWATVESSEHSFEVPIYAETLDEALELAEAWQYVPAGFEVTRVRPCVAP,"SLSVDNKKFWATVESSEHSFEVPIYAETLDEALELAEAWQYVPAGFEVTRVRPCVAP
SLSVDNKKFWATVESSEHSFEVPIYAETLDEALELAE-WQYVPAGFEVTRVRPCVAP",293,'A' inserted at '38',None,1,0
73,-1.180922185,0,SLSVDNKKFWATVESSEHSFEVPIYAETLDEALELAEGWQYVPAGFEVTRVRPCVAP,"SLSVDNKKFWATVESSEHSFEVPIYAETLDEALELAEGWQYVPAGFEVTRVRPCVAP
SLSVDNKKFWATVESSEHSFEVPIYAETLDEALELAE-WQYVPAGFEVTRVRPCVAP",293,'G' inserted at '38',None,1,0
75,-1.467455297,0,SLSVDNKKFWATVESSEHSFEVPIYAETLDEALELAEWAQYVPAGFEVTRVRPCVAP,"SLSVDNKKFWATVESSEHSFEVPIYAETLDEALELAEWAQYVPAGFEVTRVRPCVAP
SLSVDNKKFWATVESSEHSFEVPIYAETLDEALELAEW-QYVPAGFEVTRVRPCVAP",293,'A' inserted at '39',None,1,0
76,-1.518637422,0,SLSVDNKKFWATVESSEHSFEVPIYAETLDEALELAEWGQYVPAGFEVTRVRPCVAP,"SLSVDNKKFWATVESSEHSFEVPIYAETLDEALELAEWGQYVPAGFEVTRVRPCVAP
SLSVDNKKFWATVESSEHSFEVPIYAETLDEALELAEW-QYVPAGFEVTRVRPCVAP",293,'G' inserted at '39',None,1,0
77,-1.971743385,0,SLSVDNKKFWATVESSEHSFEVPIYAETLDEALELAEWQAYVPAGFEVTRVRPCVAP,"SLSVDNKKFWATVESSEHSFEVPIYAETLDEALELAEWQAYVPAGFEVTRVRPCVAP
SLSVDNKKFWATVESSEHSFEVPIYAETLDEALELAEWQ-YVPAGFEVTRVRPCVAP",293,'A' inserted at '40',None,1,0
78,-1.247103531,0,SLSVDNKKFWATVESSEHSFEVPIYAETLDEALELAEWQGYVPAGFEVTRVRPCVAP,"SLSVDNKKFWATVESSEHSFEVPIYAETLDEALELAEWQGYVPAGFEVTRVRPCVAP
SLSVDNKKFWATVESSEHSFEVPIYAETLDEALELAEWQ-YVPAGFEVTRVRPCVAP",293,'G' inserted at '40',None,1,0
80,-0.839700868,1,SLSVDNKKFWATVESSEHSFEVPIYAETLDEALELAEWQYAVPAGFEVTRVRPCVAP,"SLSVDNKKFWATVESSEHSFEVPIYAETLDEALELAEWQYAVPAGFEVTRVRPCVAP
SLSVDNKKFWATVESSEHSFEVPIYAETLDEALELAEWQY-VPAGFEVTRVRPCVAP",293,'A' inserted at '41',None,1,0
81,-0.760131211,1,SLSVDNKKFWATVESSEHSFEVPIYAETLDEALELAEWQYGVPAGFEVTRVRPCVAP,"SLSVDNKKFWATVESSEHSFEVPIYAETLDEALELAEWQYGVPAGFEVTRVRPCVAP
SLSVDNKKFWATVESSEHSFEVPIYAETLDEALELAEWQY-VPAGFEVTRVRPCVAP",293,'G' inserted at '41',None,1,0
84,-0.888072889,1,SLSVDNKKFWATVESSEHSFEVPIYAETLDEALELAEWQYVAPAGFEVTRVRPCVAP,"SLSVDNKKFWATVESSEHSFEVPIYAETLDEALELAEWQYVAPAGFEVTRVRPCVAP
SLSVDNKKFWATVESSEHSFEVPIYAETLDEALELAEWQYV-PAGFEVTRVRPCVAP",293,'A' inserted at '42',None,1,0
85,-1.077377033,1,SLSVDNKKFWATVESSEHSFEVPIYAETLDEALELAEWQYVGPAGFEVTRVRPCVAP,"SLSVDNKKFWATVESSEHSFEVPIYAETLDEALELAEWQYVGPAGFEVTRVRPCVAP
SLSVDNKKFWATVESSEHSFEVPIYAETLDEALELAEWQYV-PAGFEVTRVRPCVAP",293,'G' inserted at '42',None,1,0
86,-1.102600858,0,SLSVDNKKFWATVESSEHSFEVPIYAETLDEALELAEWQYVPAAGFEVTRVRPCVAP,"SLSVDNKKFWATVESSEHSFEVPIYAETLDEALELAEWQYVPAAGFEVTRVRPCVAP
SLSVDNKKFWATVESSEHSFEVPIYAETLDEALELAEWQYVPA-GFEVTRVRPCVAP",293,'A' inserted at '44',None,1,0
88,-1.559999868,0,SLSVDNKKFWATVESSEHSFEVPIYAETLDEALELAEWQYVPAGAFEVTRVRPCVAP,"SLSVDNKKFWATVESSEHSFEVPIYAETLDEALELAEWQYVPAGAFEVTRVRPCVAP
SLSVDNKKFWATVESSEHSFEVPIYAETLDEALELAEWQYVPAG-FEVTRVRPCVAP",293,'A' inserted at '45',None,1,0
90,-1.845850322,0,SLSVDNKKFWATVESSEHSFEVPIYAETLDEALELAEWQYVPAGFAEVTRVRPCVAP,"SLSVDNKKFWATVESSEHSFEVPIYAETLDEALELAEWQYVPAGFAEVTRVRPCVAP
SLSVDNKKFWATVESSEHSFEVPIYAETLDEALELAEWQYVPAGF-EVTRVRPCVAP",293,'A' inserted at '46',None,1,0
91,-2.27611387,0,SLSVDNKKFWATVESSEHSFEVPIYAETLDEALELAEWQYVPAGFEAVTRVRPCVAP,"SLSVDNKKFWATVESSEHSFEVPIYAETLDEALELAEWQYVPAGFEAVTRVRPCVAP
SLSVDNKKFWATVESSEHSFEVPIYAETLDEALELAEWQYVPAGFE-VTRVRPCVAP",293,'A' inserted at '47',None,1,0
92,-1.605364494,0,SLSVDNKKFWATVESSEHSFEVPIYAETLDEALELAEWQYVPAGFEGVTRVRPCVAP,"SLSVDNKKFWATVESSEHSFEVPIYAETLDEALELAEWQYVPAGFEGVTRVRPCVAP
SLSVDNKKFWATVESSEHSFEVPIYAETLDEALELAEWQYVPAGFE-VTRVRPCVAP",293,'G' inserted at '47',None,1,0
94,-2.642733656,0,SLSVDNKKFWATVESSEHSFEVPIYAETLDEALELAEWQYVPAGFEVATRVRPCVAP,"SLSVDNKKFWATVESSEHSFEVPIYAETLDEALELAEWQYVPAGFEVATRVRPCVAP
SLSVDNKKFWATVESSEHSFEVPIYAETLDEALELAEWQYVPAGFEV-TRVRPCVAP",293,'A' inserted at '48',None,1,0
96,-1.600982968,0,SLSVDNKKFWATVESSEHSFEVPIYAETLDEALELAEWQYVPAGFEVTARVRPCVAP,"SLSVDNKKFWATVESSEHSFEVPIYAETLDEALELAEWQYVPAGFEVTARVRPCVAP
SLSVDNKKFWATVESSEHSFEVPIYAETLDEALELAEWQYVPAGFEVT-RVRPCVAP",293,'A' inserted at '49',None,1,0
97,-2.412394464,0,SLSVDNKKFWATVESSEHSFEVPIYAETLDEALELAEWQYVPAGFEVTRAVRPCVAP,"SLSVDNKKFWATVESSEHSFEVPIYAETLDEALELAEWQYVPAGFEVTRAVRPCVAP
SLSVDNKKFWATVESSEHSFEVPIYAETLDEALELAEWQYVPAGFEVTR-VRPCVAP",293,'A' inserted at '50',None,1,0
99,-1.705122904,0,SLSVDNKKFWATVESSEHSFEVPIYAETLDEALELAEWQYVPAGFEVTRVARPCVAP,"SLSVDNKKFWATVESSEHSFEVPIYAETLDEALELAEWQYVPAGFEVTRVARPCVAP
SLSVDNKKFWATVESSEHSFEVPIYAETLDEALELAEWQYVPAGFEVTRV-RPCVAP",293,'A' inserted at '51',None,1,0
100,-1.639061199,0,SLSVDNKKFWATVESSEHSFEVPIYAETLDEALELAEWQYVPAGFEVTRVGRPCVAP,"SLSVDNKKFWATVESSEHSFEVPIYAETLDEALELAEWQYVPAGFEVTRVGRPCVAP
SLSVDNKKFWATVESSEHSFEVPIYAETLDEALELAEWQYVPAGFEVTRV-RPCVAP",293,'G' inserted at '51',None,1,0
102,-0.673080282,1,SLSVDNKKFWATVESSEHSFEVPIYAETLDEALELAEWQYVPAGFEVTRVRAPCVAP,"SLSVDNKKFWATVESSEHSFEVPIYAETLDEALELAEWQYVPAGFEVTRVRAPCVAP
SLSVDNKKFWATVESSEHSFEVPIYAETLDEALELAEWQYVPAGFEVTRVR-PCVAP",293,'A' inserted at '52',None,1,0
104,0.316781762,1,SLSVDNKKFWATVESSEHSFEVPIYAETLDEALELAEWQYVPAGFEVTRVRGPCVAP,"SLSVDNKKFWATVESSEHSFEVPIYAETLDEALELAEWQYVPAGFEVTRVRGPCVAP
SLSVDNKKFWATVESSEHSFEVPIYAETLDEALELAEWQYVPAGFEVTRVR-PCVAP",293,'G' inserted at '52',None,1,0
105,0.384846604,1,SLSVDNKKFWATVESSEHSFEVPIYAETLDEALELAEWQYVPAGFEVTRVRPACVAP,"SLSVDNKKFWATVESSEHSFEVPIYAETLDEALELAEWQYVPAGFEVTRVRPACVAP
SLSVDNKKFWATVESSEHSFEVPIYAETLDEALELAEWQYVPAGFEVTRVRP-CVAP",293,'A' inserted at '53',None,1,0
107,-0.054996017,1,SLSVDNKKFWATVESSEHSFEVPIYAETLDEALELAEWQYVPAGFEVTRVRPCAVAP,"SLSVDNKKFWATVESSEHSFEVPIYAETLDEALELAEWQYVPAGFEVTRVRPCAVAP
SLSVDNKKFWATVESSEHSFEVPIYAETLDEALELAEWQYVPAGFEVTRVRPC-VAP",293,'A' inserted at '54',None,1,0
108,-0.353778013,1,SLSVDNKKFWATVESSEHSFEVPIYAETLDEALELAEWQYVPAGFEVTRVRPCGVAP,"SLSVDNKKFWATVESSEHSFEVPIYAETLDEALELAEWQYVPAGFEVTRVRPCGVAP
SLSVDNKKFWATVESSEHSFEVPIYAETLDEALELAEWQYVPAGFEVTRVRPC-VAP",293,'G' inserted at '54',None,1,0
110,0.03101728,1,SLSVDNKKFWATVESSEHSFEVPIYAETLDEALELAEWQYVPAGFEVTRVRPCVAAP,"SLSVDNKKFWATVESSEHSFEVPIYAETLDEALELAEWQYVPAGFEVTRVRPCVAAP
SLSVDNKKFWATVESSEHSFEVPIYAETLDEALELAEWQYVPAGFEVTRVRPCVA-P",293,'A' inserted at '56',None,1,0
111,-0.094539928,1,SLSVDNKKFWATVESSEHSFEVPIYAETLDEALELAEWQYVPAGFEVTRVRPCVAGP,"SLSVDNKKFWATVESSEHSFEVPIYAETLDEALELAEWQYVPAGFEVTRVRPCVAGP
SLSVDNKKFWATVESSEHSFEVPIYAETLDEALELAEWQYVPAGFEVTRVRPCVA-P",293,'G' inserted at '56',None,1,0
112,-0.260735732,1,SLSVDNKKFWATVESSEHSFEVPIYAETLDEALELAEWQYVPAGFEVTRVRPCVGAP,"SLSVDNKKFWATVESSEHSFEVPIYAETLDEALELAEWQYVPAGFEVTRVRPCVGAP
SLSVDNKKFWATVESSEHSFEVPIYAETLDEALELAEWQYVPAGFEVTRVRPCV-AP",293,'G' inserted at '55',None,1,0
114,-0.38102671,1,SLSVDNKKFWATVESSEHSFEVPIYAETLDEALELAEWQYVPAGFEVTRVRPGCVAP,"SLSVDNKKFWATVESSEHSFEVPIYAETLDEALELAEWQYVPAGFEVTRVRPGCVAP
SLSVDNKKFWATVESSEHSFEVPIYAETLDEALELAEWQYVPAGFEVTRVRP-CVAP",293,'G' inserted at '53',None,1,0
117,-1.926926262,0,SLSVDNKKFWATVESSEHSFEVPIYAETLDEALELAEWQYVPAGFGEVTRVRPCVAP,"SLSVDNKKFWATVESSEHSFEVPIYAETLDEALELAEWQYVPAGFGEVTRVRPCVAP
SLSVDNKKFWATVESSEHSFEVPIYAETLDEALELAEWQYVPAGF-EVTRVRPCVAP",293,'G' inserted at '46',None,1,0
119,-1.306248706,0,SLSVDNKKFWATVESSEHSFEVPIYAETLDEALELAEWQYVPAGGFEVTRVRPCVAP,"SLSVDNKKFWATVESSEHSFEVPIYAETLDEALELAEWQYVPAGGFEVTRVRPCVAP
SLSVDNKKFWATVESSEHSFEVPIYAETLDEALELAEWQYVPAG-FEVTRVRPCVAP",293,'G' inserted at '45',None,1,0
120,-1.127522443,0,SLSVDNKKFWATVESSEHSFEVPIYAETLDEALELAEWQYVPGAGFEVTRVRPCVAP,"SLSVDNKKFWATVESSEHSFEVPIYAETLDEALELAEWQYVPGAGFEVTRVRPCVAP
SLSVDNKKFWATVESSEHSFEVPIYAETLDEALELAEWQYVP-AGFEVTRVRPCVAP",293,'G' inserted at '43',None,1,0
123,-1.105606577,0,SLSVDNKKFWATVESSEHSFEVPIYAETLDEALELAGEWQYVPAGFEVTRVRPCVAP,"SLSVDNKKFWATVESSEHSFEVPIYAETLDEALELAGEWQYVPAGFEVTRVRPCVAP
SLSVDNKKFWATVESSEHSFEVPIYAETLDEALELA-EWQYVPAGFEVTRVRPCVAP",293,'G' inserted at '37',None,1,0
126,-1.19640253,0,SLSVDNKKFWATVESSEHSFEVPIYAETLDEALELGAEWQYVPAGFEVTRVRPCVAP,"SLSVDNKKFWATVESSEHSFEVPIYAETLDEALELGAEWQYVPAGFEVTRVRPCVAP
SLSVDNKKFWATVESSEHSFEVPIYAETLDEALEL-AEWQYVPAGFEVTRVRPCVAP",293,'G' inserted at '36',None,1,0
127,-1.554551986,0,SLSVDNKKFWATVESSEHSFEVPIYAETLDEALGELAEWQYVPAGFEVTRVRPCVAP,"SLSVDNKKFWATVESSEHSFEVPIYAETLDEALGELAEWQYVPAGFEVTRVRPCVAP
SLSVDNKKFWATVESSEHSFEVPIYAETLDEAL-ELAEWQYVPAGFEVTRVRPCVAP",293,'G' inserted at '34',None,1,0
129,-2.300390799,0,SLSVDNKKFWATVESSEHSFEVPIYAETLDEGALELAEWQYVPAGFEVTRVRPCVAP,"SLSVDNKKFWATVESSEHSFEVPIYAETLDEGALELAEWQYVPAGFEVTRVRPCVAP
SLSVDNKKFWATVESSEHSFEVPIYAETLDE-ALELAEWQYVPAGFEVTRVRPCVAP",293,'G' inserted at '32',None,1,0
131,-1.857814576,0,SLSVDNKKFWATVESSEHSFEVPIYAETLDGEALELAEWQYVPAGFEVTRVRPCVAP,"SLSVDNKKFWATVESSEHSFEVPIYAETLDGEALELAEWQYVPAGFEVTRVRPCVAP
SLSVDNKKFWATVESSEHSFEVPIYAETLD-EALELAEWQYVPAGFEVTRVRPCVAP",293,'G' inserted at '31',None,1,0
133,-1.798822502,0,SLSVDNKKFWATVESSEHSFEVPIYAETLGDEALELAEWQYVPAGFEVTRVRPCVAP,"SLSVDNKKFWATVESSEHSFEVPIYAETLGDEALELAEWQYVPAGFEVTRVRPCVAP
SLSVDNKKFWATVESSEHSFEVPIYAETL-DEALELAEWQYVPAGFEVTRVRPCVAP",293,'G' inserted at '30',None,1,0
134,-2.046368332,0,SLSVDNKKFWATVESSEHSFEVPIYAGETLDEALELAEWQYVPAGFEVTRVRPCVAP,"SLSVDNKKFWATVESSEHSFEVPIYAGETLDEALELAEWQYVPAGFEVTRVRPCVAP
SLSVDNKKFWATVESSEHSFEVPIYA-ETLDEALELAEWQYVPAGFEVTRVRPCVAP",293,'G' inserted at '27',None,1,0
137,-0.828404099,1,SLSVDNKKFWATVESSEHSFEVPIYGAETLDEALELAEWQYVPAGFEVTRVRPCVAP,"SLSVDNKKFWATVESSEHSFEVPIYGAETLDEALELAEWQYVPAGFEVTRVRPCVAP
SLSVDNKKFWATVESSEHSFEVPIY-AETLDEALELAEWQYVPAGFEVTRVRPCVAP",293,'G' inserted at '26',None,1,0
139,-1.629172603,0,SLSVDNKKFWATVESSEHSFGEVPIYAETLDEALELAEWQYVPAGFEVTRVRPCVAP,"SLSVDNKKFWATVESSEHSFGEVPIYAETLDEALELAEWQYVPAGFEVTRVRPCVAP
SLSVDNKKFWATVESSEHSF-EVPIYAETLDEALELAEWQYVPAGFEVTRVRPCVAP",293,'G' inserted at '21',None,1,0
141,-1.237690502,0,SLSVDNKKFWATVESSEHSGFEVPIYAETLDEALELAEWQYVPAGFEVTRVRPCVAP,"SLSVDNKKFWATVESSEHSGFEVPIYAETLDEALELAEWQYVPAGFEVTRVRPCVAP
SLSVDNKKFWATVESSEHS-FEVPIYAETLDEALELAEWQYVPAGFEVTRVRPCVAP",293,'G' inserted at '20',None,1,0
143,-0.792755273,1,SLSVDNKKFWATVESSGEHSFEVPIYAETLDEALELAEWQYVPAGFEVTRVRPCVAP,"SLSVDNKKFWATVESSGEHSFEVPIYAETLDEALELAEWQYVPAGFEVTRVRPCVAP
SLSVDNKKFWATVESS-EHSFEVPIYAETLDEALELAEWQYVPAGFEVTRVRPCVAP",293,'G' inserted at '17',None,1,0
145,-1.361529227,0,SLSVDNKKFWATVGESSEHSFEVPIYAETLDEALELAEWQYVPAGFEVTRVRPCVAP,"SLSVDNKKFWATVGESSEHSFEVPIYAETLDEALELAEWQYVPAGFEVTRVRPCVAP
SLSVDNKKFWATV-ESSEHSFEVPIYAETLDEALELAEWQYVPAGFEVTRVRPCVAP",293,'G' inserted at '14',None,1,0
148,-0.755439812,1,SLSVDNKKFWGATVESSEHSFEVPIYAETLDEALELAEWQYVPAGFEVTRVRPCVAP,"SLSVDNKKFWGATVESSEHSFEVPIYAETLDEALELAEWQYVPAGFEVTRVRPCVAP
SLSVDNKKFW-ATVESSEHSFEVPIYAETLDEALELAEWQYVPAGFEVTRVRPCVAP",293,'G' inserted at '11',None,1,0
150,0.282180655,1,SLSVDNKKGFWATVESSEHSFEVPIYAETLDEALELAEWQYVPAGFEVTRVRPCVAP,"SLSVDNKKGFWATVESSEHSFEVPIYAETLDEALELAEWQYVPAGFEVTRVRPCVAP
SLSVDNKK-FWATVESSEHSFEVPIYAETLDEALELAEWQYVPAGFEVTRVRPCVAP",293,'G' inserted at '9',None,1,0
151,-0.087195535,1,SLSVGDNKKFWATVESSEHSFEVPIYAETLDEALELAEWQYVPAGFEVTRVRPCVAP,"SLSVGDNKKFWATVESSEHSFEVPIYAETLDEALELAEWQYVPAGFEVTRVRPCVAP
SLSV-DNKKFWATVESSEHSFEVPIYAETLDEALELAEWQYVPAGFEVTRVRPCVAP",293,'G' inserted at '5',None,1,0
1,-0.162693651,1,ASLSVDNKKFWATVESSEHSFEVPIYAETLDEALELAEWQYVPAGFEVTRVRPCVAP,"SLSVDNKKFWATVESSEHSFEVPIYAETLDEALELAEWQYVPAGFEVTRVRPCVAP
SLSVDNKKFWATVESSEHSFEVPIYAETLDEALELAEWQYVPAGFEVTRVRPCVAP",293,None,None,0,0
2,-0.057868601,1,GSLSVDNKKFWATVESSEHSFEVPIYAETLDEALELAEWQYVPAGFEVTRVRPCVAP,"SLSVDNKKFWATVESSEHSFEVPIYAETLDEALELAEWQYVPAGFEVTRVRPCVAP
SLSVDNKKFWATVESSEHSFEVPIYAETLDEALELAEWQYVPAGFEVTRVRPCVAP",293,None,None,0,0
3,-0.206648195,1,LSVDNKKFWATVESSEHSFEVPIYAETLDEALELAEWQYVPAGFEVTRVRPCVAP,"LSVDNKKFWATVESSEHSFEVPIYAETLDEALELAEWQYVPAGFEVTRVRPCVAP
LSVDNKKFWATVESSEHSFEVPIYAETLDEALELAEWQYVPAGFEVTRVRPCVAP",289,None,None,0,0
9,0.008628721,1,SLSDNKKFWATVESSEHSFEVPIYAETLDEALELAEWQYVPAGFEVTRVRPCVAP,"SLS-DNKKFWATVESSEHSFEVPIYAETLDEALELAEWQYVPAGFEVTRVRPCVAP
SLSVDNKKFWATVESSEHSFEVPIYAETLDEALELAEWQYVPAGFEVTRVRPCVAP",289,None,'V' deleted in '4',0,1
14,-0.211424786,1,SLSVDKKFWATVESSEHSFEVPIYAETLDEALELAEWQYVPAGFEVTRVRPCVAP,"SLSVD-KKFWATVESSEHSFEVPIYAETLDEALELAEWQYVPAGFEVTRVRPCVAP
SLSVDNKKFWATVESSEHSFEVPIYAETLDEALELAEWQYVPAGFEVTRVRPCVAP",287,None,'N' deleted in '6',0,1
18,-0.636875819,1,SLSVDNKFWATVESSEHSFEVPIYAETLDEALELAEWQYVPAGFEVTRVRPCVAP,"SLSVDNK-FWATVESSEHSFEVPIYAETLDEALELAEWQYVPAGFEVTRVRPCVAP
SLSVDNKKFWATVESSEHSFEVPIYAETLDEALELAEWQYVPAGFEVTRVRPCVAP",288,None,'K' deleted in '8',0,1
21,-2.050936253,0,SLSVDNKKFATVESSEHSFEVPIYAETLDEALELAEWQYVPAGFEVTRVRPCVAP,"SLSVDNKKF-ATVESSEHSFEVPIYAETLDEALELAEWQYVPAGFEVTRVRPCVAP
SLSVDNKKFWATVESSEHSFEVPIYAETLDEALELAEWQYVPAGFEVTRVRPCVAP",282,None,'W' deleted in '10',0,1
27,-2.836279672,0,SLSVDNKKFWATESSEHSFEVPIYAETLDEALELAEWQYVPAGFEVTRVRPCVAP,"SLSVDNKKFWAT-ESSEHSFEVPIYAETLDEALELAEWQYVPAGFEVTRVRPCVAP
SLSVDNKKFWATVESSEHSFEVPIYAETLDEALELAEWQYVPAGFEVTRVRPCVAP",289,None,'V' deleted in '13',0,1
33,-1.869065061,0,SLSVDNKKFWATVESEHSFEVPIYAETLDEALELAEWQYVPAGFEVTRVRPCVAP,"SLSVDNKKFWATVES-EHSFEVPIYAETLDEALELAEWQYVPAGFEVTRVRPCVAP
SLSVDNKKFWATVESSEHSFEVPIYAETLDEALELAEWQYVPAGFEVTRVRPCVAP",289,None,'S' deleted in '16',0,1
39,-2.073344687,0,SLSVDNKKFWATVESSEHFEVPIYAETLDEALELAEWQYVPAGFEVTRVRPCVAP,"SLSVDNKKFWATVESSEH-FEVPIYAETLDEALELAEWQYVPAGFEVTRVRPCVAP
SLSVDNKKFWATVESSEHSFEVPIYAETLDEALELAEWQYVPAGFEVTRVRPCVAP",289,None,'S' deleted in '19',0,1
45,-2.41449277,0,SLSVDNKKFWATVESSEHSFEPIYAETLDEALELAEWQYVPAGFEVTRVRPCVAP,"SLSVDNKKFWATVESSEHSFE-PIYAETLDEALELAEWQYVPAGFEVTRVRPCVAP
SLSVDNKKFWATVESSEHSFEVPIYAETLDEALELAEWQYVPAGFEVTRVRPCVAP",289,None,'V' deleted in '22',0,1
48,-1.91731603,0,SLSVDNKKFWATVESSEHSFEVIYAETLDEALELAEWQYVPAGFEVTRVRPCVAP,"SLSVDNKKFWATVESSEHSFEV-IYAETLDEALELAEWQYVPAGFEVTRVRPCVAP
SLSVDNKKFWATVESSEHSFEVPIYAETLDEALELAEWQYVPAGFEVTRVRPCVAP",286,None,'P' deleted in '23',0,1
51,-1.899600018,0,SLSVDNKKFWATVESSEHSFEVPIAETLDEALELAEWQYVPAGFEVTRVRPCVAP,"SLSVDNKKFWATVESSEHSFEVPI-AETLDEALELAEWQYVPAGFEVTRVRPCVAP
SLSVDNKKFWATVESSEHSFEVPIYAETLDEALELAEWQYVPAGFEVTRVRPCVAP",286,None,'Y' deleted in '25',0,1
57,-1.888982369,0,SLSVDNKKFWATVESSEHSFEVPIYAELDEALELAEWQYVPAGFEVTRVRPCVAP,"SLSVDNKKFWATVESSEHSFEVPIYAE-LDEALELAEWQYVPAGFEVTRVRPCVAP
SLSVDNKKFWATVESSEHSFEVPIYAETLDEALELAEWQYVPAGFEVTRVRPCVAP",288,None,'T' deleted in '28',0,1
59,-2.373234927,0,SLSVDNKKFWATVESSEHSFEVPIYAETDEALELAEWQYVPAGFEVTRVRPCVAP,"SLSVDNKKFWATVESSEHSFEVPIYAET-DEALELAEWQYVPAGFEVTRVRPCVAP
SLSVDNKKFWATVESSEHSFEVPIYAETLDEALELAEWQYVPAGFEVTRVRPCVAP",289,None,'L' deleted in '29',0,1
63,-2.070782235,0,SLSVDNKKFWATVESSEHSFEVPIYAETLDALELAEWQYVPAGFEVTRVRPCVAP,"SLSVDNKKFWATVESSEHSFEVPIYAETLD-ALELAEWQYVPAGFEVTRVRPCVAP
SLSVDNKKFWATVESSEHSFEVPIYAETLDEALELAEWQYVPAGFEVTRVRPCVAP",288,None,'E' deleted in '31',0,1
65,-2.115392518,0,SLSVDNKKFWATVESSEHSFEVPIYAETLDEAELAEWQYVPAGFEVTRVRPCVAP,"SLSVDNKKFWATVESSEHSFEVPIYAETLDEA-ELAEWQYVPAGFEVTRVRPCVAP
SLSVDNKKFWATVESSEHSFEVPIYAETLDEALELAEWQYVPAGFEVTRVRPCVAP",289,None,'L' deleted in '33',0,1
68,-1.879363781,0,SLSVDNKKFWATVESSEHSFEVPIYAETLDEALEAEWQYVPAGFEVTRVRPCVAP,"SLSVDNKKFWATVESSEHSFEVPIYAETLDEALE-AEWQYVPAGFEVTRVRPCVAP
SLSVDNKKFWATVESSEHSFEVPIYAETLDEALELAEWQYVPAGFEVTRVRPCVAP",289,None,'L' deleted in '35',0,1
74,0.223014195,1,SLSVDNKKFWATVESSEHSFEVPIYAETLDEALELAEQYVPAGFEVTRVRPCVAP,"SLSVDNKKFWATVESSEHSFEVPIYAETLDEALELAE-QYVPAGFEVTRVRPCVAP
SLSVDNKKFWATVESSEHSFEVPIYAETLDEALELAEWQYVPAGFEVTRVRPCVAP",282,None,'W' deleted in '38',0,1
79,-0.081202893,1,SLSVDNKKFWATVESSEHSFEVPIYAETLDEALELAEWQVPAGFEVTRVRPCVAP,"SLSVDNKKFWATVESSEHSFEVPIYAETLDEALELAEWQ-VPAGFEVTRVRPCVAP
SLSVDNKKFWATVESSEHSFEVPIYAETLDEALELAEWQYVPAGFEVTRVRPCVAP",286,None,'Y' deleted in '40',0,1
82,-1.062683523,1,SLSVDNKKFWATVESSEHSFEVPIYAETLDEALELAEWQYPAGFEVTRVRPCVAP,"SLSVDNKKFWATVESSEHSFEVPIYAETLDEALELAEWQY-PAGFEVTRVRPCVAP
SLSVDNKKFWATVESSEHSFEVPIYAETLDEALELAEWQYVPAGFEVTRVRPCVAP",289,None,'V' deleted in '41',0,1
83,-1.116870275,0,SLSVDNKKFWATVESSEHSFEVPIYAETLDEALELAEWQYVAGFEVTRVRPCVAP,"SLSVDNKKFWATVESSEHSFEVPIYAETLDEALELAEWQYV-AGFEVTRVRPCVAP
SLSVDNKKFWATVESSEHSFEVPIYAETLDEALELAEWQYVPAGFEVTRVRPCVAP",286,None,'P' deleted in '42',0,1
87,-1.153726369,0,SLSVDNKKFWATVESSEHSFEVPIYAETLDEALELAEWQYVPAFEVTRVRPCVAP,"SLSVDNKKFWATVESSEHSFEVPIYAETLDEALELAEWQYVPA-FEVTRVRPCVAP
SLSVDNKKFWATVESSEHSFEVPIYAETLDEALELAEWQYVPAGFEVTRVRPCVAP",287,None,'G' deleted in '44',0,1
89,-1.944824782,0,SLSVDNKKFWATVESSEHSFEVPIYAETLDEALELAEWQYVPAGEVTRVRPCVAP,"SLSVDNKKFWATVESSEHSFEVPIYAETLDEALELAEWQYVPAG-EVTRVRPCVAP
SLSVDNKKFWATVESSEHSFEVPIYAETLDEALELAEWQYVPAGFEVTRVRPCVAP",287,None,'F' deleted in '45',0,1
93,-2.021234622,0,SLSVDNKKFWATVESSEHSFEVPIYAETLDEALELAEWQYVPAGFETRVRPCVAP,"SLSVDNKKFWATVESSEHSFEVPIYAETLDEALELAEWQYVPAGFE-TRVRPCVAP
SLSVDNKKFWATVESSEHSFEVPIYAETLDEALELAEWQYVPAGFEVTRVRPCVAP",289,None,'V' deleted in '47',0,1
95,-0.901321713,1,SLSVDNKKFWATVESSEHSFEVPIYAETLDEALELAEWQYVPAGFEVRVRPCVAP,"SLSVDNKKFWATVESSEHSFEVPIYAETLDEALELAEWQYVPAGFEV-RVRPCVAP
SLSVDNKKFWATVESSEHSFEVPIYAETLDEALELAEWQYVPAGFEVTRVRPCVAP",288,None,'T' deleted in '48',0,1
98,-1.876976923,0,SLSVDNKKFWATVESSEHSFEVPIYAETLDEALELAEWQYVPAGFEVTRRPCVAP,"SLSVDNKKFWATVESSEHSFEVPIYAETLDEALELAEWQYVPAGFEVTR-RPCVAP
SLSVDNKKFWATVESSEHSFEVPIYAETLDEALELAEWQYVPAGFEVTRVRPCVAP",289,None,'V' deleted in '50',0,1
101,-1.758186702,0,SLSVDNKKFWATVESSEHSFEVPIYAETLDEALELAEWQYVPAGFEVTRVPCVAP,"SLSVDNKKFWATVESSEHSFEVPIYAETLDEALELAEWQYVPAGFEVTRV-PCVAP
SLSVDNKKFWATVESSEHSFEVPIYAETLDEALELAEWQYVPAGFEVTRVRPCVAP",288,None,'R' deleted in '51',0,1
103,-0.851762307,1,SLSVDNKKFWATVESSEHSFEVPIYAETLDEALELAEWQYVPAGFEVTRVRCVAP,"SLSVDNKKFWATVESSEHSFEVPIYAETLDEALELAEWQYVPAGFEVTRVR-CVAP
SLSVDNKKFWATVESSEHSFEVPIYAETLDEALELAEWQYVPAGFEVTRVRPCVAP",286,None,'P' deleted in '52',0,1
106,-0.424165827,1,SLSVDNKKFWATVESSEHSFEVPIYAETLDEALELAEWQYVPAGFEVTRVRPCAP,"SLSVDNKKFWATVESSEHSFEVPIYAETLDEALELAEWQYVPAGFEVTRVRPC-AP
SLSVDNKKFWATVESSEHSFEVPIYAETLDEALELAEWQYVPAGFEVTRVRPCVAP",289,None,'V' deleted in '54',0,1
109,-0.111265084,1,SLSVDNKKFWATVESSEHSFEVPIYAETLDEALELAEWQYVPAGFEVTRVRPCVA,"SLSVDNKKFWATVESSEHSFEVPIYAETLDEALELAEWQYVPAGFEVTRVRPCVA
SLSVDNKKFWATVESSEHSFEVPIYAETLDEALELAEWQYVPAGFEVTRVRPCVA",286,None,None,0,0
113,-0.340266752,1,SLSVDNKKFWATVESSEHSFEVPIYAETLDEALELAEWQYVPAGFEVTRVRPCVP,"SLSVDNKKFWATVESSEHSFEVPIYAETLDEALELAEWQYVPAGFEVTRVRPCV-P
SLSVDNKKFWATVESSEHSFEVPIYAETLDEALELAEWQYVPAGFEVTRVRPCVAP",289,None,'A' deleted in '55',0,1
115,-0.644479901,1,SLSVDNKKFWATVESSEHSFEVPIYAETLDEALELAEWQYVPAGFEVTRVRPVAP,"SLSVDNKKFWATVESSEHSFEVPIYAETLDEALELAEWQYVPAGFEVTRVRP-VAP
SLSVDNKKFWATVESSEHSFEVPIYAETLDEALELAEWQYVPAGFEVTRVRPCVAP",284,None,'C' deleted in '53',0,1
116,-0.887785441,1,SLSVDNKKFWATVESSEHSFEVPIYAETLDEALELAEWQYVPAGFEVTVRPCVAP,"SLSVDNKKFWATVESSEHSFEVPIYAETLDEALELAEWQYVPAGFEVT-VRPCVAP
SLSVDNKKFWATVESSEHSFEVPIYAETLDEALELAEWQYVPAGFEVTRVRPCVAP",288,None,'R' deleted in '49',0,1
118,-1.735591344,0,SLSVDNKKFWATVESSEHSFEVPIYAETLDEALELAEWQYVPAGFVTRVRPCVAP,"SLSVDNKKFWATVESSEHSFEVPIYAETLDEALELAEWQYVPAGF-VTRVRPCVAP
SLSVDNKKFWATVESSEHSFEVPIYAETLDEALELAEWQYVPAGFEVTRVRPCVAP",288,None,'E' deleted in '46',0,1
121,-1.412575878,0,SLSVDNKKFWATVESSEHSFEVPIYAETLDEALELAEWQYVPGFEVTRVRPCVAP,"SLSVDNKKFWATVESSEHSFEVPIYAETLDEALELAEWQYVP-GFEVTRVRPCVAP
SLSVDNKKFWATVESSEHSFEVPIYAETLDEALELAEWQYVPAGFEVTRVRPCVAP",289,None,'A' deleted in '43',0,1
122,0.2633658,1,SLSVDNKKFWATVESSEHSFEVPIYAETLDEALELAEWYVPAGFEVTRVRPCVAP,"SLSVDNKKFWATVESSEHSFEVPIYAETLDEALELAEW-YVPAGFEVTRVRPCVAP
SLSVDNKKFWATVESSEHSFEVPIYAETLDEALELAEWQYVPAGFEVTRVRPCVAP",288,None,'Q' deleted in '39',0,1
124,0.636907492,1,SLSVDNKKFWATVESSEHSFEVPIYAETLDEALELAWQYVPAGFEVTRVRPCVAP,"SLSVDNKKFWATVESSEHSFEVPIYAETLDEALELA-WQYVPAGFEVTRVRPCVAP
SLSVDNKKFWATVESSEHSFEVPIYAETLDEALELAEWQYVPAGFEVTRVRPCVAP",288,None,'E' deleted in '37',0,1
125,-2.007707589,0,SLSVDNKKFWATVESSEHSFEVPIYAETLDEALELEWQYVPAGFEVTRVRPCVAP,"SLSVDNKKFWATVESSEHSFEVPIYAETLDEALEL-EWQYVPAGFEVTRVRPCVAP
SLSVDNKKFWATVESSEHSFEVPIYAETLDEALELAEWQYVPAGFEVTRVRPCVAP",289,None,'A' deleted in '36',0,1
128,-1.750185578,0,SLSVDNKKFWATVESSEHSFEVPIYAETLDEALLAEWQYVPAGFEVTRVRPCVAP,"SLSVDNKKFWATVESSEHSFEVPIYAETLDEAL-LAEWQYVPAGFEVTRVRPCVAP
SLSVDNKKFWATVESSEHSFEVPIYAETLDEALELAEWQYVPAGFEVTRVRPCVAP",288,None,'E' deleted in '34',0,1
130,-2.223120988,0,SLSVDNKKFWATVESSEHSFEVPIYAETLDELELAEWQYVPAGFEVTRVRPCVAP,"SLSVDNKKFWATVESSEHSFEVPIYAETLDE-LELAEWQYVPAGFEVTRVRPCVAP
SLSVDNKKFWATVESSEHSFEVPIYAETLDEALELAEWQYVPAGFEVTRVRPCVAP",289,None,'A' deleted in '32',0,1
132,-2.262278778,0,SLSVDNKKFWATVESSEHSFEVPIYAETLEALELAEWQYVPAGFEVTRVRPCVAP,"SLSVDNKKFWATVESSEHSFEVPIYAETL-EALELAEWQYVPAGFEVTRVRPCVAP
SLSVDNKKFWATVESSEHSFEVPIYAETLDEALELAEWQYVPAGFEVTRVRPCVAP",287,None,'D' deleted in '30',0,1
135,-1.636258194,0,SLSVDNKKFWATVESSEHSFEVPIYATLDEALELAEWQYVPAGFEVTRVRPCVAP,"SLSVDNKKFWATVESSEHSFEVPIYA-TLDEALELAEWQYVPAGFEVTRVRPCVAP
SLSVDNKKFWATVESSEHSFEVPIYAETLDEALELAEWQYVPAGFEVTRVRPCVAP",288,None,'E' deleted in '27',0,1
136,-1.917631986,0,SLSVDNKKFWATVESSEHSFEVPIYETLDEALELAEWQYVPAGFEVTRVRPCVAP,"SLSVDNKKFWATVESSEHSFEVPIY-ETLDEALELAEWQYVPAGFEVTRVRPCVAP
SLSVDNKKFWATVESSEHSFEVPIYAETLDEALELAEWQYVPAGFEVTRVRPCVAP",289,None,'A' deleted in '26',0,1
138,-2.074366474,0,SLSVDNKKFWATVESSEHSFEVPYAETLDEALELAEWQYVPAGFEVTRVRPCVAP,"SLSVDNKKFWATVESSEHSFEVP-YAETLDEALELAEWQYVPAGFEVTRVRPCVAP
SLSVDNKKFWATVESSEHSFEVPIYAETLDEALELAEWQYVPAGFEVTRVRPCVAP",289,None,'I' deleted in '24',0,1
140,-1.857475508,0,SLSVDNKKFWATVESSEHSFVPIYAETLDEALELAEWQYVPAGFEVTRVRPCVAP,"SLSVDNKKFWATVESSEHSF-VPIYAETLDEALELAEWQYVPAGFEVTRVRPCVAP
SLSVDNKKFWATVESSEHSFEVPIYAETLDEALELAEWQYVPAGFEVTRVRPCVAP",288,None,'E' deleted in '21',0,1
142,-1.729843807,0,SLSVDNKKFWATVESSESFEVPIYAETLDEALELAEWQYVPAGFEVTRVRPCVAP,"SLSVDNKKFWATVESSE-SFEVPIYAETLDEALELAEWQYVPAGFEVTRVRPCVAP
SLSVDNKKFWATVESSEHSFEVPIYAETLDEALELAEWQYVPAGFEVTRVRPCVAP",285,None,'H' deleted in '18',0,1
144,-1.622316456,0,SLSVDNKKFWATVESSHSFEVPIYAETLDEALELAEWQYVPAGFEVTRVRPCVAP,"SLSVDNKKFWATVESS-HSFEVPIYAETLDEALELAEWQYVPAGFEVTRVRPCVAP
SLSVDNKKFWATVESSEHSFEVPIYAETLDEALELAEWQYVPAGFEVTRVRPCVAP",288,None,'E' deleted in '17',0,1
146,-1.225680739,0,SLSVDNKKFWATVSSEHSFEVPIYAETLDEALELAEWQYVPAGFEVTRVRPCVAP,"SLSVDNKKFWATV-SSEHSFEVPIYAETLDEALELAEWQYVPAGFEVTRVRPCVAP
SLSVDNKKFWATVESSEHSFEVPIYAETLDEALELAEWQYVPAGFEVTRVRPCVAP",288,None,'E' deleted in '14',0,1
147,-3.306067827,0,SLSVDNKKFWAVESSEHSFEVPIYAETLDEALELAEWQYVPAGFEVTRVRPCVAP,"SLSVDNKKFWA-VESSEHSFEVPIYAETLDEALELAEWQYVPAGFEVTRVRPCVAP
SLSVDNKKFWATVESSEHSFEVPIYAETLDEALELAEWQYVPAGFEVTRVRPCVAP",288,None,'T' deleted in '12',0,1
149,-2.171901993,0,SLSVDNKKFWTVESSEHSFEVPIYAETLDEALELAEWQYVPAGFEVTRVRPCVAP,"SLSVDNKKFW-TVESSEHSFEVPIYAETLDEALELAEWQYVPAGFEVTRVRPCVAP
SLSVDNKKFWATVESSEHSFEVPIYAETLDEALELAEWQYVPAGFEVTRVRPCVAP",289,None,'A' deleted in '11',0,1
152,0.669824053,1,SLSVNKKFWATVESSEHSFEVPIYAETLDEALELAEWQYVPAGFEVTRVRPCVAP,"SLSV-NKKFWATVESSEHSFEVPIYAETLDEALELAEWQYVPAGFEVTRVRPCVAP
SLSVDNKKFWATVESSEHSFEVPIYAETLDEALELAEWQYVPAGFEVTRVRPCVAP",287,None,'D' deleted in '5',0,1
153,-0.181831103,1,SLVDNKKFWATVESSEHSFEVPIYAETLDEALELAEWQYVPAGFEVTRVRPCVAP,"SL-VDNKKFWATVESSEHSFEVPIYAETLDEALELAEWQYVPAGFEVTRVRPCVAP
SLSVDNKKFWATVESSEHSFEVPIYAETLDEALELAEWQYVPAGFEVTRVRPCVAP",289,None,'S' deleted in '3',0,1
154,0.340315604,1,SSVDNKKFWATVESSEHSFEVPIYAETLDEALELAEWQYVPAGFEVTRVRPCVAP,"S-SVDNKKFWATVESSEHSFEVPIYAETLDEALELAEWQYVPAGFEVTRVRPCVAP
SLSVDNKKFWATVESSEHSFEVPIYAETLDEALELAEWQYVPAGFEVTRVRPCVAP",289,None,'L' deleted in '2',0,1
