ID,DMS_Score,DMS_Score_Bin,mutated_sequence,Alignment,Align_score,Insertions,Deletions,NumberOfInsertionSites,NumberOfDeletionSites
4,-0.142965211,1,MAISNAKIARINELAAKAKAGVITEEEKAEQQKLRQEYLK,"MAISNAKIARINELAAKAKAGVITEEEKAEQQKLRQEYLK
M-ISNAKIARINELAAKAKAGVITEEEKAEQQKLRQEYLK",182,'A' inserted at '2',None,1,0
5,0.027128774,1,MGISNAKIARINELAAKAKAGVITEEEKAEQQKLRQEYLK,"MGISNAKIARINELAAKAKAGVITEEEKAEQQKLRQEYLK
M-ISNAKIARINELAAKAKAGVITEEEKAEQQKLRQEYLK",182,'G' inserted at '2',None,1,0
6,-0.467245234,1,MIASNAKIARINELAAKAKAGVITEEEKAEQQKLRQEYLK,"MIASNAKIARINELAAKAKAGVITEEEKAEQQKLRQEYLK
MI-SNAKIARINELAAKAKAGVITEEEKAEQQKLRQEYLK",182,'A' inserted at '3',None,1,0
7,-0.385195416,1,MIGSNAKIARINELAAKAKAGVITEEEKAEQQKLRQEYLK,"MIGSNAKIARINELAAKAKAGVITEEEKAEQQKLRQEYLK
MI-SNAKIARINELAAKAKAGVITEEEKAEQQKLRQEYLK",182,'G' inserted at '3',None,1,0
10,-0.297838134,1,MISANAKIARINELAAKAKAGVITEEEKAEQQKLRQEYLK,"MISANAKIARINELAAKAKAGVITEEEKAEQQKLRQEYLK
MIS-NAKIARINELAAKAKAGVITEEEKAEQQKLRQEYLK",182,'A' inserted at '4',None,1,0
11,-0.460351328,1,MISGNAKIARINELAAKAKAGVITEEEKAEQQKLRQEYLK,"MISGNAKIARINELAAKAKAGVITEEEKAEQQKLRQEYLK
MIS-NAKIARINELAAKAKAGVITEEEKAEQQKLRQEYLK",182,'G' inserted at '4',None,1,0
12,0.008339107,1,MISNAAKIARINELAAKAKAGVITEEEKAEQQKLRQEYLK,"MISNAAKIARINELAAKAKAGVITEEEKAEQQKLRQEYLK
MISNA-KIARINELAAKAKAGVITEEEKAEQQKLRQEYLK",182,'A' inserted at '6',None,1,0
13,-0.399890657,1,MISNAGKIARINELAAKAKAGVITEEEKAEQQKLRQEYLK,"MISNAGKIARINELAAKAKAGVITEEEKAEQQKLRQEYLK
MISNA-KIARINELAAKAKAGVITEEEKAEQQKLRQEYLK",182,'G' inserted at '6',None,1,0
15,-0.10343378,1,MISNAKAIARINELAAKAKAGVITEEEKAEQQKLRQEYLK,"MISNAKAIARINELAAKAKAGVITEEEKAEQQKLRQEYLK
MISNAK-IARINELAAKAKAGVITEEEKAEQQKLRQEYLK",182,'A' inserted at '7',None,1,0
17,-0.626959737,1,MISNAKGIARINELAAKAKAGVITEEEKAEQQKLRQEYLK,"MISNAKGIARINELAAKAKAGVITEEEKAEQQKLRQEYLK
MISNAK-IARINELAAKAKAGVITEEEKAEQQKLRQEYLK",182,'G' inserted at '7',None,1,0
18,0.143792842,1,MISNAKIAARINELAAKAKAGVITEEEKAEQQKLRQEYLK,"MISNAKIAARINELAAKAKAGVITEEEKAEQQKLRQEYLK
MISNAKIA-RINELAAKAKAGVITEEEKAEQQKLRQEYLK",182,'A' inserted at '9',None,1,0
19,-0.527377436,1,MISNAKIAGRINELAAKAKAGVITEEEKAEQQKLRQEYLK,"MISNAKIAGRINELAAKAKAGVITEEEKAEQQKLRQEYLK
MISNAKIA-RINELAAKAKAGVITEEEKAEQQKLRQEYLK",182,'G' inserted at '9',None,1,0
21,-1.633440453,0,MISNAKIARAINELAAKAKAGVITEEEKAEQQKLRQEYLK,"MISNAKIARAINELAAKAKAGVITEEEKAEQQKLRQEYLK
MISNAKIAR-INELAAKAKAGVITEEEKAEQQKLRQEYLK",182,'A' inserted at '10',None,1,0
22,-2.255785959,0,MISNAKIARGINELAAKAKAGVITEEEKAEQQKLRQEYLK,"MISNAKIARGINELAAKAKAGVITEEEKAEQQKLRQEYLK
MISNAKIAR-INELAAKAKAGVITEEEKAEQQKLRQEYLK",182,'G' inserted at '10',None,1,0
23,-2.104275307,0,MISNAKIARIANELAAKAKAGVITEEEKAEQQKLRQEYLK,"MISNAKIARIANELAAKAKAGVITEEEKAEQQKLRQEYLK
MISNAKIARI-NELAAKAKAGVITEEEKAEQQKLRQEYLK",182,'A' inserted at '11',None,1,0
25,-2.328638341,0,MISNAKIARIGNELAAKAKAGVITEEEKAEQQKLRQEYLK,"MISNAKIARIGNELAAKAKAGVITEEEKAEQQKLRQEYLK
MISNAKIARI-NELAAKAKAGVITEEEKAEQQKLRQEYLK",182,'G' inserted at '11',None,1,0
26,-2.422672288,0,MISNAKIARINAELAAKAKAGVITEEEKAEQQKLRQEYLK,"MISNAKIARINAELAAKAKAGVITEEEKAEQQKLRQEYLK
MISNAKIARIN-ELAAKAKAGVITEEEKAEQQKLRQEYLK",182,'A' inserted at '12',None,1,0
28,-2.350310922,0,MISNAKIARINEALAAKAKAGVITEEEKAEQQKLRQEYLK,"MISNAKIARINEALAAKAKAGVITEEEKAEQQKLRQEYLK
MISNAKIARINE-LAAKAKAGVITEEEKAEQQKLRQEYLK",182,'A' inserted at '13',None,1,0
29,-2.295068537,0,MISNAKIARINEGLAAKAKAGVITEEEKAEQQKLRQEYLK,"MISNAKIARINEGLAAKAKAGVITEEEKAEQQKLRQEYLK
MISNAKIARINE-LAAKAKAGVITEEEKAEQQKLRQEYLK",182,'G' inserted at '13',None,1,0
31,-2.08824868,0,MISNAKIARINELAAAKAKAGVITEEEKAEQQKLRQEYLK,"MISNAKIARINELAAAKAKAGVITEEEKAEQQKLRQEYLK
MISNAKIARINELAA-KAKAGVITEEEKAEQQKLRQEYLK",182,'A' inserted at '16',None,1,0
32,-2.164726588,0,MISNAKIARINELAAGKAKAGVITEEEKAEQQKLRQEYLK,"MISNAKIARINELAAGKAKAGVITEEEKAEQQKLRQEYLK
MISNAKIARINELAA-KAKAGVITEEEKAEQQKLRQEYLK",182,'G' inserted at '16',None,1,0
34,-1.850409853,0,MISNAKIARINELAAKAAKAGVITEEEKAEQQKLRQEYLK,"MISNAKIARINELAAKAAKAGVITEEEKAEQQKLRQEYLK
MISNAKIARINELAAKA-KAGVITEEEKAEQQKLRQEYLK",182,'A' inserted at '18',None,1,0
35,-2.658121599,0,MISNAKIARINELAAKAGKAGVITEEEKAEQQKLRQEYLK,"MISNAKIARINELAAKAGKAGVITEEEKAEQQKLRQEYLK
MISNAKIARINELAAKA-KAGVITEEEKAEQQKLRQEYLK",182,'G' inserted at '18',None,1,0
36,-1.940067403,0,MISNAKIARINELAAKAKAAGVITEEEKAEQQKLRQEYLK,"MISNAKIARINELAAKAKAAGVITEEEKAEQQKLRQEYLK
MISNAKIARINELAAKAKA-GVITEEEKAEQQKLRQEYLK",182,'A' inserted at '20',None,1,0
37,-1.600653153,0,MISNAKIARINELAAKAKAGAVITEEEKAEQQKLRQEYLK,"MISNAKIARINELAAKAKAGAVITEEEKAEQQKLRQEYLK
MISNAKIARINELAAKAKAG-VITEEEKAEQQKLRQEYLK",182,'A' inserted at '21',None,1,0
38,-1.373110433,0,MISNAKIARINELAAKAKAGGVITEEEKAEQQKLRQEYLK,"MISNAKIARINELAAKAKAGGVITEEEKAEQQKLRQEYLK
MISNAKIARINELAAKAKAG-VITEEEKAEQQKLRQEYLK",182,'G' inserted at '21',None,1,0
40,-1.531020256,0,MISNAKIARINELAAKAKAGVAITEEEKAEQQKLRQEYLK,"MISNAKIARINELAAKAKAGVAITEEEKAEQQKLRQEYLK
MISNAKIARINELAAKAKAGV-ITEEEKAEQQKLRQEYLK",182,'A' inserted at '22',None,1,0
41,-1.53435877,0,MISNAKIARINELAAKAKAGVGITEEEKAEQQKLRQEYLK,"MISNAKIARINELAAKAKAGVGITEEEKAEQQKLRQEYLK
MISNAKIARINELAAKAKAGV-ITEEEKAEQQKLRQEYLK",182,'G' inserted at '22',None,1,0
42,-1.856919147,0,MISNAKIARINELAAKAKAGVIATEEEKAEQQKLRQEYLK,"MISNAKIARINELAAKAKAGVIATEEEKAEQQKLRQEYLK
MISNAKIARINELAAKAKAGVI-TEEEKAEQQKLRQEYLK",182,'A' inserted at '23',None,1,0
44,-2.036604341,0,MISNAKIARINELAAKAKAGVIGTEEEKAEQQKLRQEYLK,"MISNAKIARINELAAKAKAGVIGTEEEKAEQQKLRQEYLK
MISNAKIARINELAAKAKAGVI-TEEEKAEQQKLRQEYLK",182,'G' inserted at '23',None,1,0
45,-2.127356331,0,MISNAKIARINELAAKAKAGVITAEEEKAEQQKLRQEYLK,"MISNAKIARINELAAKAKAGVITAEEEKAEQQKLRQEYLK
MISNAKIARINELAAKAKAGVIT-EEEKAEQQKLRQEYLK",182,'A' inserted at '24',None,1,0
46,-2.316804698,0,MISNAKIARINELAAKAKAGVITEAEEKAEQQKLRQEYLK,"MISNAKIARINELAAKAKAGVITEAEEKAEQQKLRQEYLK
MISNAKIARINELAAKAKAGVITE-EEKAEQQKLRQEYLK",182,'A' inserted at '25',None,1,0
47,-2.228235956,0,MISNAKIARINELAAKAKAGVITEEAEKAEQQKLRQEYLK,"MISNAKIARINELAAKAKAGVITEEAEKAEQQKLRQEYLK
MISNAKIARINELAAKAKAGVITEE-EKAEQQKLRQEYLK",182,'A' inserted at '26',None,1,0
49,-1.845800568,0,MISNAKIARINELAAKAKAGVITEEEAKAEQQKLRQEYLK,"MISNAKIARINELAAKAKAGVITEEEAKAEQQKLRQEYLK
MISNAKIARINELAAKAKAGVITEEE-KAEQQKLRQEYLK",182,'A' inserted at '27',None,1,0
50,-2.727089946,0,MISNAKIARINELAAKAKAGVITEEEGKAEQQKLRQEYLK,"MISNAKIARINELAAKAKAGVITEEEGKAEQQKLRQEYLK
MISNAKIARINELAAKAKAGVITEEE-KAEQQKLRQEYLK",182,'G' inserted at '27',None,1,0
51,-2.142531302,0,MISNAKIARINELAAKAKAGVITEEEKAAEQQKLRQEYLK,"MISNAKIARINELAAKAKAGVITEEEKAAEQQKLRQEYLK
MISNAKIARINELAAKAKAGVITEEEKA-EQQKLRQEYLK",182,'A' inserted at '29',None,1,0
52,-2.433670616,0,MISNAKIARINELAAKAKAGVITEEEKAEAQQKLRQEYLK,"MISNAKIARINELAAKAKAGVITEEEKAEAQQKLRQEYLK
MISNAKIARINELAAKAKAGVITEEEKAE-QQKLRQEYLK",182,'A' inserted at '30',None,1,0
53,-2.702771763,0,MISNAKIARINELAAKAKAGVITEEEKAEGQQKLRQEYLK,"MISNAKIARINELAAKAKAGVITEEEKAEGQQKLRQEYLK
MISNAKIARINELAAKAKAGVITEEEKAE-QQKLRQEYLK",182,'G' inserted at '30',None,1,0
54,-1.883045508,0,MISNAKIARINELAAKAKAGVITEEEKAEQAQKLRQEYLK,"MISNAKIARINELAAKAKAGVITEEEKAEQAQKLRQEYLK
MISNAKIARINELAAKAKAGVITEEEKAEQ-QKLRQEYLK",182,'A' inserted at '31',None,1,0
55,-2.601800736,0,MISNAKIARINELAAKAKAGVITEEEKAEQGQKLRQEYLK,"MISNAKIARINELAAKAKAGVITEEEKAEQGQKLRQEYLK
MISNAKIARINELAAKAKAGVITEEEKAEQ-QKLRQEYLK",182,'G' inserted at '31',None,1,0
57,-2.263965667,0,MISNAKIARINELAAKAKAGVITEEEKAEQQAKLRQEYLK,"MISNAKIARINELAAKAKAGVITEEEKAEQQAKLRQEYLK
MISNAKIARINELAAKAKAGVITEEEKAEQQ-KLRQEYLK",182,'A' inserted at '32',None,1,0
58,-2.921325602,0,MISNAKIARINELAAKAKAGVITEEEKAEQQGKLRQEYLK,"MISNAKIARINELAAKAKAGVITEEEKAEQQGKLRQEYLK
MISNAKIARINELAAKAKAGVITEEEKAEQQ-KLRQEYLK",182,'G' inserted at '32',None,1,0
59,-2.166256411,0,MISNAKIARINELAAKAKAGVITEEEKAEQQKALRQEYLK,"MISNAKIARINELAAKAKAGVITEEEKAEQQKALRQEYLK
MISNAKIARINELAAKAKAGVITEEEKAEQQK-LRQEYLK",182,'A' inserted at '33',None,1,0
60,-3.119119228,0,MISNAKIARINELAAKAKAGVITEEEKAEQQKGLRQEYLK,"MISNAKIARINELAAKAKAGVITEEEKAEQQKGLRQEYLK
MISNAKIARINELAAKAKAGVITEEEKAEQQK-LRQEYLK",182,'G' inserted at '33',None,1,0
61,-1.116774589,0,MISNAKIARINELAAKAKAGVITEEEKAEQQKLARQEYLK,"MISNAKIARINELAAKAKAGVITEEEKAEQQKLARQEYLK
MISNAKIARINELAAKAKAGVITEEEKAEQQKL-RQEYLK",182,'A' inserted at '34',None,1,0
62,-1.576967078,0,MISNAKIARINELAAKAKAGVITEEEKAEQQKLGRQEYLK,"MISNAKIARINELAAKAKAGVITEEEKAEQQKLGRQEYLK
MISNAKIARINELAAKAKAGVITEEEKAEQQKL-RQEYLK",182,'G' inserted at '34',None,1,0
64,-0.988973969,1,MISNAKIARINELAAKAKAGVITEEEKAEQQKLRAQEYLK,"MISNAKIARINELAAKAKAGVITEEEKAEQQKLRAQEYLK
MISNAKIARINELAAKAKAGVITEEEKAEQQKLR-QEYLK",182,'A' inserted at '35',None,1,0
66,-1.187748941,0,MISNAKIARINELAAKAKAGVITEEEKAEQQKLRGQEYLK,"MISNAKIARINELAAKAKAGVITEEEKAEQQKLRGQEYLK
MISNAKIARINELAAKAKAGVITEEEKAEQQKLR-QEYLK",182,'G' inserted at '35',None,1,0
67,-1.098376131,0,MISNAKIARINELAAKAKAGVITEEEKAEQQKLRQAEYLK,"MISNAKIARINELAAKAKAGVITEEEKAEQQKLRQAEYLK
MISNAKIARINELAAKAKAGVITEEEKAEQQKLRQ-EYLK",182,'A' inserted at '36',None,1,0
68,-0.809880711,1,MISNAKIARINELAAKAKAGVITEEEKAEQQKLRQEAYLK,"MISNAKIARINELAAKAKAGVITEEEKAEQQKLRQEAYLK
MISNAKIARINELAAKAKAGVITEEEKAEQQKLRQE-YLK",182,'A' inserted at '37',None,1,0
69,-0.930958958,1,MISNAKIARINELAAKAKAGVITEEEKAEQQKLRQEGYLK,"MISNAKIARINELAAKAKAGVITEEEKAEQQKLRQEGYLK
MISNAKIARINELAAKAKAGVITEEEKAEQQKLRQE-YLK",182,'G' inserted at '37',None,1,0
71,-0.662498916,1,MISNAKIARINELAAKAKAGVITEEEKAEQQKLRQEYALK,"MISNAKIARINELAAKAKAGVITEEEKAEQQKLRQEYALK
MISNAKIARINELAAKAKAGVITEEEKAEQQKLRQEY-LK",182,'A' inserted at '38',None,1,0
72,-0.958818698,1,MISNAKIARINELAAKAKAGVITEEEKAEQQKLRQEYGLK,"MISNAKIARINELAAKAKAGVITEEEKAEQQKLRQEYGLK
MISNAKIARINELAAKAKAGVITEEEKAEQQKLRQEY-LK",182,'G' inserted at '38',None,1,0
75,-0.109976522,1,MISNAKIARINELAAKAKAGVITEEEKAEQQKLRQEYLAK,"MISNAKIARINELAAKAKAGVITEEEKAEQQKLRQEYLAK
MISNAKIARINELAAKAKAGVITEEEKAEQQKLRQEYL-K",182,'A' inserted at '39',None,1,0
76,-0.101010225,1,MISNAKIARINELAAKAKAGVITEEEKAEQQKLRQEYLGK,"MISNAKIARINELAAKAKAGVITEEEKAEQQKLRQEYLGK
MISNAKIARINELAAKAKAGVITEEEKAEQQKLRQEYL-K",182,'G' inserted at '39',None,1,0
77,-1.124815857,0,MISNAKIARINELAAKAKAGVITEEEKAEQQKLRQGEYLK,"MISNAKIARINELAAKAKAGVITEEEKAEQQKLRQGEYLK
MISNAKIARINELAAKAKAGVITEEEKAEQQKLRQ-EYLK",182,'G' inserted at '36',None,1,0
81,-2.852433905,0,MISNAKIARINELAAKAKAGVITEEEKAGEQQKLRQEYLK,"MISNAKIARINELAAKAKAGVITEEEKAGEQQKLRQEYLK
MISNAKIARINELAAKAKAGVITEEEKA-EQQKLRQEYLK",182,'G' inserted at '29',None,1,0
84,-2.488687408,0,MISNAKIARINELAAKAKAGVITEEEKGAEQQKLRQEYLK,"MISNAKIARINELAAKAKAGVITEEEKGAEQQKLRQEYLK
MISNAKIARINELAAKAKAGVITEEEK-AEQQKLRQEYLK",182,'G' inserted at '28',None,1,0
85,-2.830229395,0,MISNAKIARINELAAKAKAGVITEEGEKAEQQKLRQEYLK,"MISNAKIARINELAAKAKAGVITEEGEKAEQQKLRQEYLK
MISNAKIARINELAAKAKAGVITEE-EKAEQQKLRQEYLK",182,'G' inserted at '26',None,1,0
87,-2.465068339,0,MISNAKIARINELAAKAKAGVITEGEEKAEQQKLRQEYLK,"MISNAKIARINELAAKAKAGVITEGEEKAEQQKLRQEYLK
MISNAKIARINELAAKAKAGVITE-EEKAEQQKLRQEYLK",182,'G' inserted at '25',None,1,0
90,-1.976718113,0,MISNAKIARINELAAKAKGAGVITEEEKAEQQKLRQEYLK,"MISNAKIARINELAAKAKGAGVITEEEKAEQQKLRQEYLK
MISNAKIARINELAAKAK-AGVITEEEKAEQQKLRQEYLK",182,'G' inserted at '19',None,1,0
92,-2.41754659,0,MISNAKIARINELAAKGAKAGVITEEEKAEQQKLRQEYLK,"MISNAKIARINELAAKGAKAGVITEEEKAEQQKLRQEYLK
MISNAKIARINELAAK-AKAGVITEEEKAEQQKLRQEYLK",182,'G' inserted at '17',None,1,0
94,-2.514276889,0,MISNAKIARINELAGAKAKAGVITEEEKAEQQKLRQEYLK,"MISNAKIARINELAGAKAKAGVITEEEKAEQQKLRQEYLK
MISNAKIARINELA-AKAKAGVITEEEKAEQQKLRQEYLK",182,'G' inserted at '15',None,1,0
96,-2.257352029,0,MISNAKIARINELGAAKAKAGVITEEEKAEQQKLRQEYLK,"MISNAKIARINELGAAKAKAGVITEEEKAEQQKLRQEYLK
MISNAKIARINEL-AAKAKAGVITEEEKAEQQKLRQEYLK",182,'G' inserted at '14',None,1,0
97,-2.126415092,0,MISNAKIARINGELAAKAKAGVITEEEKAEQQKLRQEYLK,"MISNAKIARINGELAAKAKAGVITEEEKAEQQKLRQEYLK
MISNAKIARIN-ELAAKAKAGVITEEEKAEQQKLRQEYLK",182,'G' inserted at '12',None,1,0
100,-0.460787427,1,MISNAKIGARINELAAKAKAGVITEEEKAEQQKLRQEYLK,"MISNAKIGARINELAAKAKAGVITEEEKAEQQKLRQEYLK
MISNAKI-ARINELAAKAKAGVITEEEKAEQQKLRQEYLK",182,'G' inserted at '8',None,1,0
102,-0.236083746,1,MISNGAKIARINELAAKAKAGVITEEEKAEQQKLRQEYLK,"MISNGAKIARINELAAKAKAGVITEEEKAEQQKLRQEYLK
MISN-AKIARINELAAKAKAGVITEEEKAEQQKLRQEYLK",182,'G' inserted at '5',None,1,0
1,-0.036793635,1,AMISNAKIARINELAAKAKAGVITEEEKAEQQKLRQEYLK,"MISNAKIARINELAAKAKAGVITEEEKAEQQKLRQEYLK
MISNAKIARINELAAKAKAGVITEEEKAEQQKLRQEYLK",182,None,None,0,0
2,-0.040536873,1,GMISNAKIARINELAAKAKAGVITEEEKAEQQKLRQEYLK,"MISNAKIARINELAAKAKAGVITEEEKAEQQKLRQEYLK
MISNAKIARINELAAKAKAGVITEEEKAEQQKLRQEYLK",182,None,None,0,0
3,-0.057202921,1,ISNAKIARINELAAKAKAGVITEEEKAEQQKLRQEYLK,"ISNAKIARINELAAKAKAGVITEEEKAEQQKLRQEYLK
ISNAKIARINELAAKAKAGVITEEEKAEQQKLRQEYLK",177,None,None,0,0
8,-0.11376673,1,MINAKIARINELAAKAKAGVITEEEKAEQQKLRQEYLK,"MI-NAKIARINELAAKAKAGVITEEEKAEQQKLRQEYLK
MISNAKIARINELAAKAKAGVITEEEKAEQQKLRQEYLK",178,None,'S' deleted in '3',0,1
9,0.03270445,1,MISAKIARINELAAKAKAGVITEEEKAEQQKLRQEYLK,"MIS-AKIARINELAAKAKAGVITEEEKAEQQKLRQEYLK
MISNAKIARINELAAKAKAGVITEEEKAEQQKLRQEYLK",176,None,'N' deleted in '4',0,1
14,-0.084378618,1,MISNAIARINELAAKAKAGVITEEEKAEQQKLRQEYLK,"MISNA-IARINELAAKAKAGVITEEEKAEQQKLRQEYLK
MISNAKIARINELAAKAKAGVITEEEKAEQQKLRQEYLK",177,None,'K' deleted in '6',0,1
16,-0.531972677,1,MISNAKARINELAAKAKAGVITEEEKAEQQKLRQEYLK,"MISNAK-ARINELAAKAKAGVITEEEKAEQQKLRQEYLK
MISNAKIARINELAAKAKAGVITEEEKAEQQKLRQEYLK",178,None,'I' deleted in '7',0,1
20,-2.485947215,0,MISNAKIAINELAAKAKAGVITEEEKAEQQKLRQEYLK,"MISNAKIA-INELAAKAKAGVITEEEKAEQQKLRQEYLK
MISNAKIARINELAAKAKAGVITEEEKAEQQKLRQEYLK",177,None,'R' deleted in '9',0,1
24,-2.336748198,0,MISNAKIARIELAAKAKAGVITEEEKAEQQKLRQEYLK,"MISNAKIARI-ELAAKAKAGVITEEEKAEQQKLRQEYLK
MISNAKIARINELAAKAKAGVITEEEKAEQQKLRQEYLK",176,None,'N' deleted in '11',0,1
27,-2.761384239,0,MISNAKIARINEAAKAKAGVITEEEKAEQQKLRQEYLK,"MISNAKIARINE-AAKAKAGVITEEEKAEQQKLRQEYLK
MISNAKIARINELAAKAKAGVITEEEKAEQQKLRQEYLK",178,None,'L' deleted in '13',0,1
30,-2.193654603,0,MISNAKIARINELAAAKAGVITEEEKAEQQKLRQEYLK,"MISNAKIARINELAA-AKAGVITEEEKAEQQKLRQEYLK
MISNAKIARINELAAKAKAGVITEEEKAEQQKLRQEYLK",177,None,'K' deleted in '16',0,1
33,-1.879025333,0,MISNAKIARINELAAKAAGVITEEEKAEQQKLRQEYLK,"MISNAKIARINELAAKA-AGVITEEEKAEQQKLRQEYLK
MISNAKIARINELAAKAKAGVITEEEKAEQQKLRQEYLK",177,None,'K' deleted in '18',0,1
39,-1.787799655,0,MISNAKIARINELAAKAKAGITEEEKAEQQKLRQEYLK,"MISNAKIARINELAAKAKAG-ITEEEKAEQQKLRQEYLK
MISNAKIARINELAAKAKAGVITEEEKAEQQKLRQEYLK",178,None,'V' deleted in '21',0,1
43,-2.615092077,0,MISNAKIARINELAAKAKAGVIEEEKAEQQKLRQEYLK,"MISNAKIARINELAAKAKAGVI-EEEKAEQQKLRQEYLK
MISNAKIARINELAAKAKAGVITEEEKAEQQKLRQEYLK",177,None,'T' deleted in '23',0,1
48,-1.918411306,0,MISNAKIARINELAAKAKAGVITEEEAEQQKLRQEYLK,"MISNAKIARINELAAKAKAGVITEEE-AEQQKLRQEYLK
MISNAKIARINELAAKAKAGVITEEEKAEQQKLRQEYLK",177,None,'K' deleted in '27',0,1
56,-2.039510851,0,MISNAKIARINELAAKAKAGVITEEEKAEQKLRQEYLK,"MISNAKIARINELAAKAKAGVITEEEKAEQ-KLRQEYLK
MISNAKIARINELAAKAKAGVITEEEKAEQQKLRQEYLK",177,None,'Q' deleted in '31',0,1
63,0.062952398,1,MISNAKIARINELAAKAKAGVITEEEKAEQQKLQEYLK,"MISNAKIARINELAAKAKAGVITEEEKAEQQKL-QEYLK
MISNAKIARINELAAKAKAGVITEEEKAEQQKLRQEYLK",177,None,'R' deleted in '34',0,1
65,0.082414814,1,MISNAKIARINELAAKAKAGVITEEEKAEQQKLREYLK,"MISNAKIARINELAAKAKAGVITEEEKAEQQKLR-EYLK
MISNAKIARINELAAKAKAGVITEEEKAEQQKLRQEYLK",177,None,'Q' deleted in '35',0,1
70,0.280232942,1,MISNAKIARINELAAKAKAGVITEEEKAEQQKLRQELK,"MISNAKIARINELAAKAKAGVITEEEKAEQQKLRQE-LK
MISNAKIARINELAAKAKAGVITEEEKAEQQKLRQEYLK",175,None,'Y' deleted in '37',0,1
73,-0.182649603,1,MISNAKIARINELAAKAKAGVITEEEKAEQQKLRQEYK,"MISNAKIARINELAAKAKAGVITEEEKAEQQKLRQEY-K
MISNAKIARINELAAKAKAGVITEEEKAEQQKLRQEYLK",178,None,'L' deleted in '38',0,1
74,0.200150113,1,MISNAKIARINELAAKAKAGVITEEEKAEQQKLRQEYL,"MISNAKIARINELAAKAKAGVITEEEKAEQQKLRQEYL
MISNAKIARINELAAKAKAGVITEEEKAEQQKLRQEYL",177,None,None,0,0
78,-0.17265352,1,MISNAKIARINELAAKAKAGVITEEEKAEQQKLRQYLK,"MISNAKIARINELAAKAKAGVITEEEKAEQQKLRQ-YLK
MISNAKIARINELAAKAKAGVITEEEKAEQQKLRQEYLK",177,None,'E' deleted in '36',0,1
79,-2.192326709,0,MISNAKIARINELAAKAKAGVITEEEKAEQQKRQEYLK,"MISNAKIARINELAAKAKAGVITEEEKAEQQK-RQEYLK
MISNAKIARINELAAKAKAGVITEEEKAEQQKLRQEYLK",178,None,'L' deleted in '33',0,1
80,-2.38649692,0,MISNAKIARINELAAKAKAGVITEEEKAEQQLRQEYLK,"MISNAKIARINELAAKAKAGVITEEEKAEQQ-LRQEYLK
MISNAKIARINELAAKAKAGVITEEEKAEQQKLRQEYLK",177,None,'K' deleted in '32',0,1
82,-2.049615267,0,MISNAKIARINELAAKAKAGVITEEEKAQQKLRQEYLK,"MISNAKIARINELAAKAKAGVITEEEKA-QQKLRQEYLK
MISNAKIARINELAAKAKAGVITEEEKAEQQKLRQEYLK",177,None,'E' deleted in '29',0,1
83,-2.233970268,0,MISNAKIARINELAAKAKAGVITEEEKEQQKLRQEYLK,"MISNAKIARINELAAKAKAGVITEEEK-EQQKLRQEYLK
MISNAKIARINELAAKAKAGVITEEEKAEQQKLRQEYLK",178,None,'A' deleted in '28',0,1
86,-2.851779544,0,MISNAKIARINELAAKAKAGVITEEKAEQQKLRQEYLK,"MISNAKIARINELAAKAKAGVITEE-KAEQQKLRQEYLK
MISNAKIARINELAAKAKAGVITEEEKAEQQKLRQEYLK",177,None,'E' deleted in '26',0,1
88,-2.120055937,0,MISNAKIARINELAAKAKAGVTEEEKAEQQKLRQEYLK,"MISNAKIARINELAAKAKAGV-TEEEKAEQQKLRQEYLK
MISNAKIARINELAAKAKAGVITEEEKAEQQKLRQEYLK",178,None,'I' deleted in '22',0,1
89,-2.205411803,0,MISNAKIARINELAAKAKAVITEEEKAEQQKLRQEYLK,"MISNAKIARINELAAKAKA-VITEEEKAEQQKLRQEYLK
MISNAKIARINELAAKAKAGVITEEEKAEQQKLRQEYLK",176,None,'G' deleted in '20',0,1
91,-2.02505812,0,MISNAKIARINELAAKAKGVITEEEKAEQQKLRQEYLK,"MISNAKIARINELAAKAK-GVITEEEKAEQQKLRQEYLK
MISNAKIARINELAAKAKAGVITEEEKAEQQKLRQEYLK",178,None,'A' deleted in '19',0,1
93,-2.036734028,0,MISNAKIARINELAAKKAGVITEEEKAEQQKLRQEYLK,"MISNAKIARINELAAK-KAGVITEEEKAEQQKLRQEYLK
MISNAKIARINELAAKAKAGVITEEEKAEQQKLRQEYLK",178,None,'A' deleted in '17',0,1
95,-2.198163055,0,MISNAKIARINELAKAKAGVITEEEKAEQQKLRQEYLK,"MISNAKIARINELA-KAKAGVITEEEKAEQQKLRQEYLK
MISNAKIARINELAAKAKAGVITEEEKAEQQKLRQEYLK",178,None,'A' deleted in '15',0,1
98,-2.374171822,0,MISNAKIARINLAAKAKAGVITEEEKAEQQKLRQEYLK,"MISNAKIARIN-LAAKAKAGVITEEEKAEQQKLRQEYLK
MISNAKIARINELAAKAKAGVITEEEKAEQQKLRQEYLK",177,None,'E' deleted in '12',0,1
99,-2.205507765,0,MISNAKIARNELAAKAKAGVITEEEKAEQQKLRQEYLK,"MISNAKIAR-NELAAKAKAGVITEEEKAEQQKLRQEYLK
MISNAKIARINELAAKAKAGVITEEEKAEQQKLRQEYLK",178,None,'I' deleted in '10',0,1
101,-0.765086534,1,MISNAKIRINELAAKAKAGVITEEEKAEQQKLRQEYLK,"MISNAKI-RINELAAKAKAGVITEEEKAEQQKLRQEYLK
MISNAKIARINELAAKAKAGVITEEEKAEQQKLRQEYLK",178,None,'A' deleted in '8',0,1
103,-0.174881623,1,MISNKIARINELAAKAKAGVITEEEKAEQQKLRQEYLK,"MISN-KIARINELAAKAKAGVITEEEKAEQQKLRQEYLK
MISNAKIARINELAAKAKAGVITEEEKAEQQKLRQEYLK",178,None,'A' deleted in '5',0,1
104,0.113791476,1,MSNAKIARINELAAKAKAGVITEEEKAEQQKLRQEYLK,"M-SNAKIARINELAAKAKAGVITEEEKAEQQKLRQEYLK
MISNAKIARINELAAKAKAGVITEEEKAEQQKLRQEYLK",178,None,'I' deleted in '2',0,1
